position.x,id,avg_type,pass_yds,pass_yds_sd,pass_tds,pass_tds_sd,pass_int,pass_int_sd,rush_yds,rush_yds_sd,rush_tds,rush_tds_sd,fumbles_lost,fumbles_lost_sd,rec,rec_sd,rec_yds,rec_yds_sd,rec_tds,rec_tds_sd,return_tds,return_tds_sd,dst_int,dst_int_sd,dst_fum_rec,dst_fum_rec_sd,dst_sacks,dst_sacks_sd,fg_0019,fg_0019_sd,fg_2029,fg_2029_sd,fg_3039,fg_3039_sd,fg_4049,fg_4049_sd,fg_50,fg_50_sd,xp,xp_sd,dst_safety,dst_safety_sd,dst_td,dst_td_sd,idp_solo,idp_solo_sd,idp_asst,idp_asst_sd,idp_pd,idp_pd_sd,idp_int,idp_int_sd,idp_fum_force,idp_fum_force_sd,idp_fum_rec,idp_fum_rec_sd,idp_td,idp_td_sd,first_name,last_name,team,position.y,age,exp
QB,13589,average,3646.5125,665.7096652391771,27.725,4.663459782485225,9.725,2.2397385051448686,524.5625,93.75630931150333,10.725,2.264477233901269,2.175,0.7862660400362499,NA,NA,NA,NA,NA,NA,NA,NA,NA,NA,NA,NA,NA,NA,NA,NA,NA,NA,NA,NA,NA,NA,NA,NA,NA,NA,NA,NA,NA,NA,NA,NA,NA,NA,NA,NA,NA,NA,NA,NA,NA,NA,NA,NA,Josh,Allen,BUF,QB,29,2
QB,13589,robust,3816.75,157.97102999999993,28.9,2.8169400000000002,10,1.186080000000001,546.375,43.366049999999994,11,1.4826,2.175,0.6115725000000001,NA,NA,NA,NA,NA,NA,NA,NA,NA,NA,NA,NA,NA,NA,NA,NA,NA,NA,NA,NA,NA,NA,NA,NA,NA,NA,NA,NA,NA,NA,NA,NA,NA,NA,NA,NA,NA,NA,NA,NA,NA,NA,NA,NA,Josh,Allen,BUF,QB,29,2
QB,13589,weighted,3597.906882591093,714.125629371751,27.401417004048586,5.01057587345757,9.628340080971661,2.4171571760932116,516.753036437247,100.16851866987582,10.661133603238868,2.4484273037291637,1.9936993927125504,0.662851630109233,NA,NA,NA,NA,NA,NA,NA,NA,NA,NA,NA,NA,NA,NA,NA,NA,NA,NA,NA,NA,NA,NA,NA,NA,NA,NA,NA,NA,NA,NA,NA,NA,NA,NA,NA,NA,NA,NA,NA,NA,NA,NA,NA,NA,Josh,Allen,BUF,QB,29,2
QB,14783,average,3241.85,600.7858258742699,21.8375,2.671509739026659,7.3625,1.8745951943972177,599.95,130.29688078713605,12.4125,2.722623472209951,3.275,0.6489001684168595,NA,NA,NA,NA,NA,NA,NA,NA,NA,NA,NA,NA,NA,NA,NA,NA,NA,NA,NA,NA,NA,NA,NA,NA,NA,NA,NA,NA,NA,NA,NA,NA,NA,NA,NA,NA,NA,NA,NA,NA,NA,NA,NA,NA,Jalen,Hurts,PHI,QB,27,0
QB,14783,robust,3401.45,232.76819999999998,22,1.4826,7.3,1.9273799999999996,623.3,84.80472000000006,13,1.4826,3.275,0.2038574999999999,NA,NA,NA,NA,NA,NA,NA,NA,NA,NA,NA,NA,NA,NA,NA,NA,NA,NA,NA,NA,NA,NA,NA,NA,NA,NA,NA,NA,NA,NA,NA,NA,NA,NA,NA,NA,NA,NA,NA,NA,NA,NA,NA,NA,Jalen,Hurts,PHI,QB,27,0
QB,14783,weighted,3196.580971659919,644.5617973358517,21.557894736842105,2.8024570958126667,7.210121457489878,2.004146102756592,593.9919028340081,141.01131024368826,12.350404858299594,2.9773293556191938,3.1818572874493927,0.6516195349010577,NA,NA,NA,NA,NA,NA,NA,NA,NA,NA,NA,NA,NA,NA,NA,NA,NA,NA,NA,NA,NA,NA,NA,NA,NA,NA,NA,NA,NA,NA,NA,NA,NA,NA,NA,NA,NA,NA,NA,NA,NA,NA,NA,NA,Jalen,Hurts,PHI,QB,27,0
QB,13593,average,3579.4125,644.4847032153451,31.2875,6.233879209609374,7.4625,1.889019019793834,792.3875,191.34001476429336,3.7,0.9242757782641035,3.925,0.8998015654258761,NA,NA,NA,NA,NA,NA,NA,NA,NA,NA,NA,NA,NA,NA,NA,NA,NA,NA,NA,NA,NA,NA,NA,NA,NA,NA,NA,NA,NA,NA,NA,NA,NA,NA,NA,NA,NA,NA,NA,NA,NA,NA,NA,NA,Lamar,Jackson,BAL,QB,28,2
QB,13593,robust,3758,152.18889000000013,32,2.9652,7.6,1.7049900000000004,839.275,16.234469999999984,3.95,0.07413000000000006,3.9437499999999996,0.055597500000000126,NA,NA,NA,NA,NA,NA,NA,NA,NA,NA,NA,NA,NA,NA,NA,NA,NA,NA,NA,NA,NA,NA,NA,NA,NA,NA,NA,NA,NA,NA,NA,NA,NA,NA,NA,NA,NA,NA,NA,NA,NA,NA,NA,NA,Lamar,Jackson,BAL,QB,28,2
QB,13593,weighted,3527.5364372469635,690.1664054549327,30.965587044534413,6.707812283608363,7.403846153846154,2.053148973731504,786.3370445344129,208.90951221541326,3.6441295546558705,0.9832092451149317,3.8363613360323883,0.948529935233018,NA,NA,NA,NA,NA,NA,NA,NA,NA,NA,NA,NA,NA,NA,NA,NA,NA,NA,NA,NA,NA,NA,NA,NA,NA,NA,NA,NA,NA,NA,NA,NA,NA,NA,NA,NA,NA,NA,NA,NA,NA,NA,NA,NA,Lamar,Jackson,BAL,QB,28,2
QB,13590,average,3936.75,685.3682534646194,31.1,6.0121305945325485,13.1125,3.0130371483177663,263.3125,47.09635829112177,2.0875,0.5743008171432709,3.15,0.9418826132501105,NA,NA,NA,NA,NA,NA,NA,NA,NA,NA,NA,NA,NA,NA,NA,NA,NA,NA,NA,NA,NA,NA,NA,NA,NA,NA,NA,NA,NA,NA,NA,NA,NA,NA,NA,NA,NA,NA,NA,NA,NA,NA,NA,NA,Baker,Mayfield,TBB,QB,30,2
QB,13590,robust,4150,44.477999999999994,31.925,2.9652,13.875,0.9636899999999992,266.875,41.5128,2.025,0.07413000000000006,3.2874999999999996,0.40771500000000016,NA,NA,NA,NA,NA,NA,NA,NA,NA,NA,NA,NA,NA,NA,NA,NA,NA,NA,NA,NA,NA,NA,NA,NA,NA,NA,NA,NA,NA,NA,NA,NA,NA,NA,NA,NA,NA,NA,NA,NA,NA,NA,NA,NA,Baker,Mayfield,TBB,QB,30,2
QB,13590,weighted,3893.47064777328,739.5980522757807,30.727935222672066,6.466361766263732,12.84676113360324,3.205950501873857,260.43218623481783,50.61239464659254,2.009311740890688,0.5817605346194534,3.0339574898785426,0.9730629617958588,NA,NA,NA,NA,NA,NA,NA,NA,NA,NA,NA,NA,NA,NA,NA,NA,NA,NA,NA,NA,NA,NA,NA,NA,NA,NA,NA,NA,NA,NA,NA,NA,NA,NA,NA,NA,NA,NA,NA,NA,NA,NA,NA,NA,Baker,Mayfield,TBB,QB,30,2
QB,12620,average,3956.6125,683.9958237915533,27.4875,4.36133580454429,11.4375,2.646797255984242,157.2625,32.583209413964816,1.65,0.465985898008574,2.05,0.9418826132501105,NA,NA,NA,NA,NA,NA,NA,NA,NA,NA,NA,NA,NA,NA,NA,NA,NA,NA,NA,NA,NA,NA,NA,NA,NA,NA,NA,NA,NA,NA,NA,NA,NA,NA,NA,NA,NA,NA,NA,NA,NA,NA,NA,NA,Dak,Prescott,DAL,QB,32,4
QB,12620,robust,4171.475,167.53379999999999,28,1.4826,12,2.6686799999999997,157.525,33.3585,1.65,0.07413000000000006,2.0625,0.037065000000000195,NA,NA,NA,NA,NA,NA,NA,NA,NA,NA,NA,NA,NA,NA,NA,NA,NA,NA,NA,NA,NA,NA,NA,NA,NA,NA,NA,NA,NA,NA,NA,NA,NA,NA,NA,NA,NA,NA,NA,NA,NA,NA,NA,NA,Dak,Prescott,DAL,QB,32,4
QB,12620,weighted,3908.4574898785427,736.3726925023811,27.405465587044535,4.7476399136215655,11.306477732793523,2.8765136928539,154.45344129554655,34.225397737691154,1.5997975708502024,0.4950499820545246,1.8909412955465585,0.9167779463550164,NA,NA,NA,NA,NA,NA,NA,NA,NA,NA,NA,NA,NA,NA,NA,NA,NA,NA,NA,NA,NA,NA,NA,NA,NA,NA,NA,NA,NA,NA,NA,NA,NA,NA,NA,NA,NA,NA,NA,NA,NA,NA,NA,NA,Dak,Prescott,DAL,QB,32,4
QB,13116,average,3900.3125,788.7705142227002,29.7875,6.161270161257336,10.9125,2.4723831764976425,329.7,47.513366540374726,2.25,0.4105745103771404,1.6,0.7191264542087553,NA,NA,NA,NA,NA,NA,NA,NA,NA,NA,NA,NA,NA,NA,NA,NA,NA,NA,NA,NA,NA,NA,NA,NA,NA,NA,NA,NA,NA,NA,NA,NA,NA,NA,NA,NA,NA,NA,NA,NA,NA,NA,NA,NA,Patrick,Mahomes,KCC,QB,30,3
QB,13116,robust,4216.75,91.55055,30.825,2.9652,12,0,341.25,24.166380000000014,2.1,0,1.675,0.22238999999999987,NA,NA,NA,NA,NA,NA,NA,NA,NA,NA,NA,NA,NA,NA,NA,NA,NA,NA,NA,NA,NA,NA,NA,NA,NA,NA,NA,NA,NA,NA,NA,NA,NA,NA,NA,NA,NA,NA,NA,NA,NA,NA,NA,NA,Patrick,Mahomes,KCC,QB,30,3
QB,13116,weighted,3840.6204453441296,846.6821007812584,29.54757085020243,6.659171978828242,10.713967611336033,2.6477271956483697,324.19534412955466,49.64106939437036,2.187651821862348,0.38879864098769273,1.4649797570850203,0.6775314061224553,NA,NA,NA,NA,NA,NA,NA,NA,NA,NA,NA,NA,NA,NA,NA,NA,NA,NA,NA,NA,NA,NA,NA,NA,NA,NA,NA,NA,NA,NA,NA,NA,NA,NA,NA,NA,NA,NA,NA,NA,NA,NA,NA,NA,Patrick,Mahomes,KCC,QB,30,3
QB,14056,average,3562.175,610.2533098172079,23.6,5.620371111285396,10.5625,1.9798538907130063,522.8375,80.32743593745361,4.35,1.0501700542565202,2.925,0.4821825380496477,NA,NA,NA,NA,NA,NA,NA,NA,NA,NA,NA,NA,NA,NA,NA,NA,NA,NA,NA,NA,NA,NA,NA,NA,NA,NA,NA,NA,NA,NA,NA,NA,NA,NA,NA,NA,NA,NA,NA,NA,NA,NA,NA,NA,Kyler,Murray,ARI,QB,28,1
QB,14056,robust,3710.6,154.48692000000005,23.5,2.2239,11,0.8154299999999997,544.5,26.686799999999998,4.5,0.29652000000000023,2.925,0.018532499999999934,NA,NA,NA,NA,NA,NA,NA,NA,NA,NA,NA,NA,NA,NA,NA,NA,NA,NA,NA,NA,NA,NA,NA,NA,NA,NA,NA,NA,NA,NA,NA,NA,NA,NA,NA,NA,NA,NA,NA,NA,NA,NA,NA,NA,Kyler,Murray,ARI,QB,28,1
QB,14056,weighted,3518.18016194332,654.5870160117264,23.45263157894737,6.107976982401547,10.501821862348178,2.1575051266850687,518.3481781376519,87.30761491992712,4.2392712550607285,1.0980221349135686,2.7962803643724694,0.358233646728163,NA,NA,NA,NA,NA,NA,NA,NA,NA,NA,NA,NA,NA,NA,NA,NA,NA,NA,NA,NA,NA,NA,NA,NA,NA,NA,NA,NA,NA,NA,NA,NA,NA,NA,NA,NA,NA,NA,NA,NA,NA,NA,NA,NA,Kyler,Murray,ARI,QB,28,1
QB,16580,average,3318.85,611.5045683744784,23.05,4.717141991866321,11.5375,3.165410151713586,503.8125,116.24909753873976,3.2,0.9211793682944861,4.075,1.5055848412778716,NA,NA,NA,NA,NA,NA,NA,NA,NA,NA,NA,NA,NA,NA,NA,NA,NA,NA,NA,NA,NA,NA,NA,NA,NA,NA,NA,NA,NA,NA,NA,NA,NA,NA,NA,NA,NA,NA,NA,NA,NA,NA,NA,NA,Drake,Maye,NEP,QB,23,-4
QB,16580,robust,3490.95,199.4097,23.175,2.2239,12.5,0.7413,494.375,42.62475,3.025,0.44478000000000006,4.075,0.055597500000000126,NA,NA,NA,NA,NA,NA,NA,NA,NA,NA,NA,NA,NA,NA,NA,NA,NA,NA,NA,NA,NA,NA,NA,NA,NA,NA,NA,NA,NA,NA,NA,NA,NA,NA,NA,NA,NA,NA,NA,NA,NA,NA,NA,NA,Drake,Maye,NEP,QB,23,-4
QB,16580,weighted,3275.298582995951,658.2320543579241,23.053036437246963,5.1402840565886425,11.351417004048583,3.413084591453545,503.915991902834,125.40388814702878,3.1862348178137654,0.976197686220275,3.9616143724696355,1.6104440268525284,NA,NA,NA,NA,NA,NA,NA,NA,NA,NA,NA,NA,NA,NA,NA,NA,NA,NA,NA,NA,NA,NA,NA,NA,NA,NA,NA,NA,NA,NA,NA,NA,NA,NA,NA,NA,NA,NA,NA,NA,NA,NA,NA,NA,Drake,Maye,NEP,QB,23,-4
QB,12611,average,4092.325,726.1877280900383,29.45,6.229881906700045,10.925,2.594362019016291,69.4375,52.21619719971955,0.5625,0.49551560448255744,2.6,0.29760952365713794,NA,NA,NA,NA,NA,NA,NA,NA,NA,NA,NA,NA,NA,NA,NA,NA,NA,NA,NA,NA,NA,NA,NA,NA,NA,NA,NA,NA,NA,NA,NA,NA,NA,NA,NA,NA,NA,NA,NA,NA,NA,NA,NA,NA,Jared,Goff,DET,QB,31,4
QB,12611,robust,4311.75,110.4537,29.924999999999997,4.373669999999999,11.45,0.7413000000000013,57.75,14.0847,0.5,0.37065,2.6,0.07413000000000006,NA,NA,NA,NA,NA,NA,NA,NA,NA,NA,NA,NA,NA,NA,NA,NA,NA,NA,NA,NA,NA,NA,NA,NA,NA,NA,NA,NA,NA,NA,NA,NA,NA,NA,NA,NA,NA,NA,NA,NA,NA,NA,NA,NA,Jared,Goff,DET,QB,31,4
QB,12611,weighted,4043.8704453441296,782.9100549595953,29.211943319838056,6.760501314088484,10.841093117408906,2.826718430174971,70.7580971659919,56.46703281115303,0.5566801619433199,0.536843219385807,2.554251012145749,0.2956534384917459,NA,NA,NA,NA,NA,NA,NA,NA,NA,NA,NA,NA,NA,NA,NA,NA,NA,NA,NA,NA,NA,NA,NA,NA,NA,NA,NA,NA,NA,NA,NA,NA,NA,NA,NA,NA,NA,NA,NA,NA,NA,NA,NA,NA,Jared,Goff,DET,QB,31,4
QB,16579,average,3550.825,689.98208206549,25.0625,5.82480839660352,9.2875,2.204824256034934,429.4875,100.17264293636832,2.075,1.089888591947426,3.75,1.267731382092775,NA,NA,NA,NA,NA,NA,NA,NA,NA,NA,NA,NA,NA,NA,NA,NA,NA,NA,NA,NA,NA,NA,NA,NA,NA,NA,NA,NA,NA,NA,NA,NA,NA,NA,NA,NA,NA,NA,NA,NA,NA,NA,NA,NA,Caleb,Williams,CHI,QB,24,-4
QB,16579,robust,3752.8,125.27969999999999,24.2,1.4826,9.5,2.2239,453.75,47.4432,2,1.4826,3.8125,0.185325,NA,NA,NA,NA,NA,NA,NA,NA,NA,NA,NA,NA,NA,NA,NA,NA,NA,NA,NA,NA,NA,NA,NA,NA,NA,NA,NA,NA,NA,NA,NA,NA,NA,NA,NA,NA,NA,NA,NA,NA,NA,NA,NA,NA,Caleb,Williams,CHI,QB,24,-4
QB,16579,weighted,3508.571862348178,742.6169136992378,25.094534412955465,6.260012301979233,9.139676113360323,2.3656740735244717,421.61032388663966,107.10006093361379,1.965587044534413,1.1571506601861288,3.63335020242915,1.3433543934302687,NA,NA,NA,NA,NA,NA,NA,NA,NA,NA,NA,NA,NA,NA,NA,NA,NA,NA,NA,NA,NA,NA,NA,NA,NA,NA,NA,NA,NA,NA,NA,NA,NA,NA,NA,NA,NA,NA,NA,NA,NA,NA,NA,NA,Caleb,Williams,CHI,QB,24,-4
QB,14782,average,3622.7875,621.8808715444278,26.1625,4.832017472768787,11.2625,2.380238583479756,152.6125,25.028580092138096,1.825,0.3494894235064305,1.975,0.6103277807866851,NA,NA,NA,NA,NA,NA,NA,NA,NA,NA,NA,NA,NA,NA,NA,NA,NA,NA,NA,NA,NA,NA,NA,NA,NA,NA,NA,NA,NA,NA,NA,NA,NA,NA,NA,NA,NA,NA,NA,NA,NA,NA,NA,NA,Jordan,Love,GBP,QB,27,0
QB,14782,robust,3766,168.05270999999985,27.5,2.2239,12,0.07412999999999974,153,30.3933,1.95,0,1.975,0.38918249999999993,NA,NA,NA,NA,NA,NA,NA,NA,NA,NA,NA,NA,NA,NA,NA,NA,NA,NA,NA,NA,NA,NA,NA,NA,NA,NA,NA,NA,NA,NA,NA,NA,NA,NA,NA,NA,NA,NA,NA,NA,NA,NA,NA,NA,Jordan,Love,GBP,QB,27,0
QB,14782,weighted,3575.1923076923076,668.0968487093708,25.829352226720648,5.206065824792224,11.149797570850202,2.5960596985423394,150.24392712550608,26.178844598129437,1.8101214574898785,0.37998801364630047,1.8945091093117408,0.6202502108899911,NA,NA,NA,NA,NA,NA,NA,NA,NA,NA,NA,NA,NA,NA,NA,NA,NA,NA,NA,NA,NA,NA,NA,NA,NA,NA,NA,NA,NA,NA,NA,NA,NA,NA,NA,NA,NA,NA,NA,NA,NA,NA,NA,NA,Jordan,Love,GBP,QB,27,0
QB,15238,average,2984.1125,600.5734294048838,19.7375,6.666534224874915,9.7625,2.7065726877890635,662.0375,237.39035927891308,5.4,2.047297870713632,2.55,1.0274795792200864,NA,NA,NA,NA,NA,NA,NA,NA,NA,NA,NA,NA,NA,NA,NA,NA,NA,NA,NA,NA,NA,NA,NA,NA,NA,NA,NA,NA,NA,NA,NA,NA,NA,NA,NA,NA,NA,NA,NA,NA,NA,NA,NA,NA,Justin,Fields,NYJ,QB,26,-1
QB,15238,robust,3131.475,308.38079999999997,18.575,2.9652,10.075,1.7049900000000004,748.15,77.8365,5.525,2.14977,2.55,0.8524949999999999,NA,NA,NA,NA,NA,NA,NA,NA,NA,NA,NA,NA,NA,NA,NA,NA,NA,NA,NA,NA,NA,NA,NA,NA,NA,NA,NA,NA,NA,NA,NA,NA,NA,NA,NA,NA,NA,NA,NA,NA,NA,NA,NA,NA,Justin,Fields,NYJ,QB,26,-1
QB,15238,weighted,2946.775303643725,644.9150630755954,19.74109311740891,7.225023189897696,9.580566801619433,2.8895610305941624,649.0779352226721,255.4828395876812,5.312955465587045,2.2202364124103986,2.362702429149797,0.9698903360793023,NA,NA,NA,NA,NA,NA,NA,NA,NA,NA,NA,NA,NA,NA,NA,NA,NA,NA,NA,NA,NA,NA,NA,NA,NA,NA,NA,NA,NA,NA,NA,NA,NA,NA,NA,NA,NA,NA,NA,NA,NA,NA,NA,NA,Justin,Fields,NYJ,QB,26,-1
QB,7836,average,3565.35,633.7372664260347,24.175,5.570521904248675,10.175,2.3885141824992373,95.9375,54.82337711753471,1.0375,0.8584662402880416,2.075,0.9904904989808981,NA,NA,NA,NA,NA,NA,NA,NA,NA,NA,NA,NA,NA,NA,NA,NA,NA,NA,NA,NA,NA,NA,NA,NA,NA,NA,NA,NA,NA,NA,NA,NA,NA,NA,NA,NA,NA,NA,NA,NA,NA,NA,NA,NA,Aaron,Rodgers,PIT,QB,42,15
QB,7836,robust,3743.3500000000004,218.09045999999987,24.25,4.4478,10.425,1.186080000000001,88.25,23.350949999999997,1,1.4084699999999999,2.075,0.055597500000000126,NA,NA,NA,NA,NA,NA,NA,NA,NA,NA,NA,NA,NA,NA,NA,NA,NA,NA,NA,NA,NA,NA,NA,NA,NA,NA,NA,NA,NA,NA,NA,NA,NA,NA,NA,NA,NA,NA,NA,NA,NA,NA,NA,NA,Aaron,Rodgers,PIT,QB,42,15
QB,7836,weighted,3530.7338056680164,686.3954129962615,24.161943319838056,6.016482798385508,10.16740890688259,2.565663434440681,98.87449392712551,58.87473383000572,1.08582995951417,0.8810586395283977,1.9646508097165993,1.0322179171591952,NA,NA,NA,NA,NA,NA,NA,NA,NA,NA,NA,NA,NA,NA,NA,NA,NA,NA,NA,NA,NA,NA,NA,NA,NA,NA,NA,NA,NA,NA,NA,NA,NA,NA,NA,NA,NA,NA,NA,NA,NA,NA,NA,NA,Aaron,Rodgers,PIT,QB,42,15
QB,14779,average,3713.1125,693.0084217948375,24.7125,5.23598469385518,7.7875,1.8333712117299104,269.875,33.32711251475934,2.4875,0.7120142454433659,1.9,0.4174754056057845,NA,NA,NA,NA,NA,NA,NA,NA,NA,NA,NA,NA,NA,NA,NA,NA,NA,NA,NA,NA,NA,NA,NA,NA,NA,NA,NA,NA,NA,NA,NA,NA,NA,NA,NA,NA,NA,NA,NA,NA,NA,NA,NA,NA,Justin,Herbert,LAC,QB,27,0
QB,14779,robust,3917.25,169.7577,25.4,1.4826,7.825,2.0756400000000004,272.75,26.686799999999998,2.625,0.29652000000000023,1.9249999999999998,0.07413000000000006,NA,NA,NA,NA,NA,NA,NA,NA,NA,NA,NA,NA,NA,NA,NA,NA,NA,NA,NA,NA,NA,NA,NA,NA,NA,NA,NA,NA,NA,NA,NA,NA,NA,NA,NA,NA,NA,NA,NA,NA,NA,NA,NA,NA,Justin,Herbert,LAC,QB,27,0
QB,14779,weighted,3673.1983805668015,750.5462333894121,24.477935222672066,5.679753843356779,7.744534412955466,1.9618981146582082,268.83906882591094,35.9886163119125,2.4530364372469635,0.7725980656260388,1.81082995951417,0.3713597325436972,NA,NA,NA,NA,NA,NA,NA,NA,NA,NA,NA,NA,NA,NA,NA,NA,NA,NA,NA,NA,NA,NA,NA,NA,NA,NA,NA,NA,NA,NA,NA,NA,NA,NA,NA,NA,NA,NA,NA,NA,NA,NA,NA,NA,Justin,Herbert,LAC,QB,27,0
QB,16582,average,3550.6125,760.6837158344553,26.475,6.032234838172096,11.425,2.7390039899830114,406.0375,95.3372051120203,3.0625,0.7763237542601484,1.725,0.6444820733404016,NA,NA,NA,NA,NA,NA,NA,NA,NA,NA,NA,NA,NA,NA,NA,NA,NA,NA,NA,NA,NA,NA,NA,NA,NA,NA,NA,NA,NA,NA,NA,NA,NA,NA,NA,NA,NA,NA,NA,NA,NA,NA,NA,NA,Bo,Nix,DEN,QB,25,-4
QB,16582,robust,3795.225,181.61849999999998,27,2.9652,12,1.0378200000000002,427.15,42.9954,3,1.11195,1.725,0.2038574999999999,NA,NA,NA,NA,NA,NA,NA,NA,NA,NA,NA,NA,NA,NA,NA,NA,NA,NA,NA,NA,NA,NA,NA,NA,NA,NA,NA,NA,NA,NA,NA,NA,NA,NA,NA,NA,NA,NA,NA,NA,NA,NA,NA,NA,Bo,Nix,DEN,QB,25,-4
QB,16582,weighted,3506.5303643724696,823.5417438373572,26.209311740890687,6.51067799289051,11.32165991902834,2.9708684776037066,400.80364372469637,102.86985975110711,2.9736842105263155,0.8174347615637493,1.6806933198380567,0.6863228161941746,NA,NA,NA,NA,NA,NA,NA,NA,NA,NA,NA,NA,NA,NA,NA,NA,NA,NA,NA,NA,NA,NA,NA,NA,NA,NA,NA,NA,NA,NA,NA,NA,NA,NA,NA,NA,NA,NA,NA,NA,NA,NA,NA,NA,Bo,Nix,DEN,QB,25,-4
QB,9431,average,3770.75,714.6411187242367,24.8625,4.732543109757616,9.3125,2.693610163755274,57.95,45.349657425072444,0.4875,0.4823676724538777,1.8,0.4105745103771404,NA,NA,NA,NA,NA,NA,NA,NA,NA,NA,NA,NA,NA,NA,NA,NA,NA,NA,NA,NA,NA,NA,NA,NA,NA,NA,NA,NA,NA,NA,NA,NA,NA,NA,NA,NA,NA,NA,NA,NA,NA,NA,NA,NA,Matthew,Stafford,LAR,QB,37,11
QB,9431,robust,3955.5,255.74849999999998,25,1.4826,9.8,2.9652,48,21.4977,0.5,0.6671699999999999,1.8,0.07413000000000006,NA,NA,NA,NA,NA,NA,NA,NA,NA,NA,NA,NA,NA,NA,NA,NA,NA,NA,NA,NA,NA,NA,NA,NA,NA,NA,NA,NA,NA,NA,NA,NA,NA,NA,NA,NA,NA,NA,NA,NA,NA,NA,NA,NA,Matthew,Stafford,LAR,QB,37,11
QB,9431,weighted,3730.3056680161944,775.3362064576474,24.774696356275303,5.18004068238149,9.11255060728745,2.8698256893901744,56.31072874493927,48.64471166235499,0.46093117408906886,0.5131422700427569,1.6965587044534414,0.3247936423869718,NA,NA,NA,NA,NA,NA,NA,NA,NA,NA,NA,NA,NA,NA,NA,NA,NA,NA,NA,NA,NA,NA,NA,NA,NA,NA,NA,NA,NA,NA,NA,NA,NA,NA,NA,NA,NA,NA,NA,NA,NA,NA,NA,NA,Matthew,Stafford,LAR,QB,37,11
QB,14059,average,2301.6125,736.7806233637565,14.15,6.568974697121962,7.9625,3.1084849318323187,297.05,140.77588064518926,2.8625,0.9455723890095051,3.2,0.5554920598635309,NA,NA,NA,NA,NA,NA,NA,NA,NA,NA,NA,NA,NA,NA,NA,NA,NA,NA,NA,NA,NA,NA,NA,NA,NA,NA,NA,NA,NA,NA,NA,NA,NA,NA,NA,NA,NA,NA,NA,NA,NA,NA,NA,NA,Daniel,Jones,IND,QB,28,1
QB,14059,robust,2438,357.97377000000006,14,1.4826,8,2.14977,324.5,87.76991999999998,3,0.6671699999999999,3.25,0.14825999999999978,NA,NA,NA,NA,NA,NA,NA,NA,NA,NA,NA,NA,NA,NA,NA,NA,NA,NA,NA,NA,NA,NA,NA,NA,NA,NA,NA,NA,NA,NA,NA,NA,NA,NA,NA,NA,NA,NA,NA,NA,NA,NA,NA,NA,Daniel,Jones,IND,QB,28,1
QB,14059,weighted,2252.2955465587047,720.8166507775128,13.969635627530364,6.76608421338357,7.8082995951417,3.1510609398400815,288.28036437246965,141.9025681856303,2.8289473684210527,0.97641519177271,3.1659919028340084,0.5983894659496688,NA,NA,NA,NA,NA,NA,NA,NA,NA,NA,NA,NA,NA,NA,NA,NA,NA,NA,NA,NA,NA,NA,NA,NA,NA,NA,NA,NA,NA,NA,NA,NA,NA,NA,NA,NA,NA,NA,NA,NA,NA,NA,NA,NA,Daniel,Jones,IND,QB,28,1
QB,15237,average,3743.175,757.4972809946487,23.6125,4.890351287411336,11.9875,2.1976854708013676,239.15,39.07512910133138,3.2,0.648074069840786,3.425,0.6377975496078001,NA,NA,NA,NA,NA,NA,NA,NA,NA,NA,NA,NA,NA,NA,NA,NA,NA,NA,NA,NA,NA,NA,NA,NA,NA,NA,NA,NA,NA,NA,NA,NA,NA,NA,NA,NA,NA,NA,NA,NA,NA,NA,NA,NA,Trevor,Lawrence,JAC,QB,26,-1
QB,15237,robust,3950.2,302.89518000000027,24.5,2.2239,12.5,0.7413,246,17.7912,3.175,0.3706500000000003,3.46875,0.1297275000000002,NA,NA,NA,NA,NA,NA,NA,NA,NA,NA,NA,NA,NA,NA,NA,NA,NA,NA,NA,NA,NA,NA,NA,NA,NA,NA,NA,NA,NA,NA,NA,NA,NA,NA,NA,NA,NA,NA,NA,NA,NA,NA,NA,NA,Trevor,Lawrence,JAC,QB,26,-1
QB,15237,weighted,3699.4342105263154,819.3929289030191,23.507085020242915,5.3187576411510245,11.8834008097166,2.3741187331317946,237.331983805668,42.57547516099948,3.2095141700404857,0.7130298273741754,3.322494939271255,0.6289738569895389,NA,NA,NA,NA,NA,NA,NA,NA,NA,NA,NA,NA,NA,NA,NA,NA,NA,NA,NA,NA,NA,NA,NA,NA,NA,NA,NA,NA,NA,NA,NA,NA,NA,NA,NA,NA,NA,NA,NA,NA,NA,NA,NA,NA,Trevor,Lawrence,JAC,QB,26,-1
QB,13592,average,3508.1875,587.7353593910881,22.6375,4.411004906562027,11.825,2.694836332162467,185.1625,56.397668074892195,1.4625,0.936463712972524,2.45,0.7955231881329059,NA,NA,NA,NA,NA,NA,NA,NA,NA,NA,NA,NA,NA,NA,NA,NA,NA,NA,NA,NA,NA,NA,NA,NA,NA,NA,NA,NA,NA,NA,NA,NA,NA,NA,NA,NA,NA,NA,NA,NA,NA,NA,NA,NA,Sam,Darnold,SEA,QB,28,2
QB,13592,robust,3642.875,292.44284999999996,22.925,2.9652,11.95,2.9652,195.4,15.789690000000007,1.475,0.81543,2.45,0.33358500000000013,NA,NA,NA,NA,NA,NA,NA,NA,NA,NA,NA,NA,NA,NA,NA,NA,NA,NA,NA,NA,NA,NA,NA,NA,NA,NA,NA,NA,NA,NA,NA,NA,NA,NA,NA,NA,NA,NA,NA,NA,NA,NA,NA,NA,Sam,Darnold,SEA,QB,28,2
QB,13592,weighted,3461.567813765182,627.194460700152,22.522064777327934,4.763359459122387,11.481376518218624,2.7870260881473388,181.42510121457488,60.7345006934472,1.388259109311741,0.9837427802197005,2.2534919028340084,0.6265447367055258,NA,NA,NA,NA,NA,NA,NA,NA,NA,NA,NA,NA,NA,NA,NA,NA,NA,NA,NA,NA,NA,NA,NA,NA,NA,NA,NA,NA,NA,NA,NA,NA,NA,NA,NA,NA,NA,NA,NA,NA,NA,NA,NA,NA,Sam,Darnold,SEA,QB,28,2
QB,17032,average,1095.2,541.4945490645928,6.514285714285714,3.330379643738619,3.9571428571428573,2.0362196532276364,110.04285714285714,86.36480489070489,0.9285714285714286,0.8380817098475257,1.025,0.5784317879692759,NA,NA,NA,NA,NA,NA,NA,NA,NA,NA,NA,NA,NA,NA,NA,NA,NA,NA,NA,NA,NA,NA,NA,NA,NA,NA,NA,NA,NA,NA,NA,NA,NA,NA,NA,NA,NA,NA,NA,NA,NA,NA,NA,NA,Jaxson,Dart,NYG,QB,22,-5
QB,17032,robust,981,189.7728,6.4,3.2617199999999986,3.55,1.1860799999999996,92,53.373599999999996,1,1.4826,1.025,0.03706499999999987,NA,NA,NA,NA,NA,NA,NA,NA,NA,NA,NA,NA,NA,NA,NA,NA,NA,NA,NA,NA,NA,NA,NA,NA,NA,NA,NA,NA,NA,NA,NA,NA,NA,NA,NA,NA,NA,NA,NA,NA,NA,NA,NA,NA,Jaxson,Dart,NYG,QB,22,-5
QB,17032,weighted,1174.3135198135196,576.7465376121831,7.041258741258741,3.433948699155428,4.18997668997669,2.241528182514439,120.51748251748252,92.12906561362858,1.0104895104895104,0.9126614559079865,1.0160547785547784,0.6339618329768613,NA,NA,NA,NA,NA,NA,NA,NA,NA,NA,NA,NA,NA,NA,NA,NA,NA,NA,NA,NA,NA,NA,NA,NA,NA,NA,NA,NA,NA,NA,NA,NA,NA,NA,NA,NA,NA,NA,NA,NA,NA,NA,NA,NA,Jaxson,Dart,NYG,QB,22,-5
QB,16150,average,3805.3375,768.0225981375808,23.9,5.305253461024675,10.125,2.1110254786308413,225.35,38.76165262583259,1.65,1.1563489339913178,2.8,0.8088792952509752,NA,NA,NA,NA,NA,NA,NA,NA,NA,NA,NA,NA,NA,NA,NA,NA,NA,NA,NA,NA,NA,NA,NA,NA,NA,NA,NA,NA,NA,NA,NA,NA,NA,NA,NA,NA,NA,NA,NA,NA,NA,NA,NA,NA,C.J.,Stroud,HOU,QB,24,-3
QB,16150,robust,3999.175,146.7774,24.5,3.7064999999999997,10.8,0.29652000000000023,225,32.6172,1.5,0.7413,2.8499999999999996,0.14826000000000011,NA,NA,NA,NA,NA,NA,NA,NA,NA,NA,NA,NA,NA,NA,NA,NA,NA,NA,NA,NA,NA,NA,NA,NA,NA,NA,NA,NA,NA,NA,NA,NA,NA,NA,NA,NA,NA,NA,NA,NA,NA,NA,NA,NA,C.J.,Stroud,HOU,QB,24,-3
QB,16150,weighted,3765.8481781376518,835.3003279191729,23.698987854251012,5.758611516844678,10.024089068825912,2.2941485652543263,221.0759109311741,39.87872035305739,1.5860323886639676,1.227224936804141,2.664777327935223,0.7891826281073291,NA,NA,NA,NA,NA,NA,NA,NA,NA,NA,NA,NA,NA,NA,NA,NA,NA,NA,NA,NA,NA,NA,NA,NA,NA,NA,NA,NA,NA,NA,NA,NA,NA,NA,NA,NA,NA,NA,NA,NA,NA,NA,NA,NA,C.J.,Stroud,HOU,QB,24,-3
QB,16583,average,3634.275,691.8785024430641,22.75,5.0426750270636544,12.275,3.303569498068934,145.7,64.71105006102125,2.0125,0.7567552916422663,2.425,0.6510979737555412,NA,NA,NA,NA,NA,NA,NA,NA,NA,NA,NA,NA,NA,NA,NA,NA,NA,NA,NA,NA,NA,NA,NA,NA,NA,NA,NA,NA,NA,NA,NA,NA,NA,NA,NA,NA,NA,NA,NA,NA,NA,NA,NA,NA,Michael,Penix Jr.,ATL,QB,25,-4
QB,16583,robust,3810.05,332.99195999999984,23.125,0.37065,12.7,1.0378200000000002,141.4,53.373599999999996,2,0.81543,2.4437499999999996,0.055597500000000126,NA,NA,NA,NA,NA,NA,NA,NA,NA,NA,NA,NA,NA,NA,NA,NA,NA,NA,NA,NA,NA,NA,NA,NA,NA,NA,NA,NA,NA,NA,NA,NA,NA,NA,NA,NA,NA,NA,NA,NA,NA,NA,NA,NA,Michael,Penix Jr.,ATL,QB,25,-4
QB,16583,weighted,3593.5789473684213,747.2505839655165,22.588056680161944,5.488757613960209,12.105870445344129,3.5734845776312696,137.83906882591094,65.43329009952843,2.0030364372469633,0.8386151478495022,2.3081224696356273,0.6226795732387934,NA,NA,NA,NA,NA,NA,NA,NA,NA,NA,NA,NA,NA,NA,NA,NA,NA,NA,NA,NA,NA,NA,NA,NA,NA,NA,NA,NA,NA,NA,NA,NA,NA,NA,NA,NA,NA,NA,NA,NA,NA,NA,NA,NA,Michael,Penix Jr.,ATL,QB,25,-4
QB,15698,average,3888.3875,814.8050957788266,25.4875,5.888351091046506,11.375,2.348099535490655,254,65.7875368135941,3,1.0364775512695459,2.4,0.3070597894314954,NA,NA,NA,NA,NA,NA,NA,NA,NA,NA,NA,NA,NA,NA,NA,NA,NA,NA,NA,NA,NA,NA,NA,NA,NA,NA,NA,NA,NA,NA,NA,NA,NA,NA,NA,NA,NA,NA,NA,NA,NA,NA,NA,NA,Brock,Purdy,SFO,QB,26,-2
QB,15698,robust,4091.3,238.03143000000026,27,2.9652,12,1.4826,266.75,25.2042,3.1,0.8895599999999998,2.4,0.2223900000000002,NA,NA,NA,NA,NA,NA,NA,NA,NA,NA,NA,NA,NA,NA,NA,NA,NA,NA,NA,NA,NA,NA,NA,NA,NA,NA,NA,NA,NA,NA,NA,NA,NA,NA,NA,NA,NA,NA,NA,NA,NA,NA,NA,NA,Brock,Purdy,SFO,QB,26,-2
QB,15698,weighted,3828.643724696356,877.2911731721307,25.142510121457487,6.374483987157858,11.252226720647775,2.5360014965462288,250.71862348178138,71.36818454545745,2.9329959514170043,1.1008539492236284,2.327732793522267,0.2508103620426903,NA,NA,NA,NA,NA,NA,NA,NA,NA,NA,NA,NA,NA,NA,NA,NA,NA,NA,NA,NA,NA,NA,NA,NA,NA,NA,NA,NA,NA,NA,NA,NA,NA,NA,NA,NA,NA,NA,NA,NA,NA,NA,NA,NA,Brock,Purdy,SFO,QB,26,-2
QB,16584,average,3698.075,739.7027120018265,26.0625,5.480077554195743,13.2,1.4966629547095767,252.275,68.74573753020204,1.9625,0.7707834604200734,3.25,0.6358346595505111,NA,NA,NA,NA,NA,NA,NA,NA,NA,NA,NA,NA,NA,NA,NA,NA,NA,NA,NA,NA,NA,NA,NA,NA,NA,NA,NA,NA,NA,NA,NA,NA,NA,NA,NA,NA,NA,NA,NA,NA,NA,NA,NA,NA,J.J.,McCarthy,MIN,QB,22,-4
QB,16584,robust,3963.9,118.60799999999999,27.125,1.8532499999999998,13.35,1.0378200000000002,250.5,68.19959999999999,2,1.03782,3.25,0.185325,NA,NA,NA,NA,NA,NA,NA,NA,NA,NA,NA,NA,NA,NA,NA,NA,NA,NA,NA,NA,NA,NA,NA,NA,NA,NA,NA,NA,NA,NA,NA,NA,NA,NA,NA,NA,NA,NA,NA,NA,NA,NA,NA,NA,J.J.,McCarthy,MIN,QB,22,-4
QB,16584,weighted,3643.4615384615386,794.9274192370146,25.72874493927126,5.918707655117294,13.088461538461539,1.5294130315909675,247.60323886639677,72.72319185906666,1.9161943319838057,0.8292534184727687,3.167661943319838,0.6493835484769069,NA,NA,NA,NA,NA,NA,NA,NA,NA,NA,NA,NA,NA,NA,NA,NA,NA,NA,NA,NA,NA,NA,NA,NA,NA,NA,NA,NA,NA,NA,NA,NA,NA,NA,NA,NA,NA,NA,NA,NA,NA,NA,NA,NA,J.J.,McCarthy,MIN,QB,22,-4
QB,14778,average,3778.55,872.0335625913227,24.875,5.166858675387646,10.925,1.310125402939952,82.6375,33.2921242295274,0.65,0.4407785320154718,2.9,0.8668497975016037,NA,NA,NA,NA,NA,NA,NA,NA,NA,NA,NA,NA,NA,NA,NA,NA,NA,NA,NA,NA,NA,NA,NA,NA,NA,NA,NA,NA,NA,NA,NA,NA,NA,NA,NA,NA,NA,NA,NA,NA,NA,NA,NA,NA,Tua,Tagovailoa,MIA,QB,27,0
QB,14778,robust,3923.6,409.19759999999997,26,4.4478,10.975,1.4084700000000001,81.525,29.651999999999997,0.725,0.22239000000000003,2.925,0.07413000000000006,NA,NA,NA,NA,NA,NA,NA,NA,NA,NA,NA,NA,NA,NA,NA,NA,NA,NA,NA,NA,NA,NA,NA,NA,NA,NA,NA,NA,NA,NA,NA,NA,NA,NA,NA,NA,NA,NA,NA,NA,NA,NA,NA,NA,Tua,Tagovailoa,MIA,QB,27,0
QB,14778,weighted,3720.8451417004044,938.5839299811763,24.63663967611336,5.584687541123097,10.838056680161944,1.3797484599824388,82.40688259109311,36.29894742045572,0.6572874493927126,0.4772991811977632,2.7503036437246964,0.8376272529242561,NA,NA,NA,NA,NA,NA,NA,NA,NA,NA,NA,NA,NA,NA,NA,NA,NA,NA,NA,NA,NA,NA,NA,NA,NA,NA,NA,NA,NA,NA,NA,NA,NA,NA,NA,NA,NA,NA,NA,NA,NA,NA,NA,NA,Tua,Tagovailoa,MIA,QB,27,0
QB,17037,average,963.4571428571429,478.76674507580015,5.428571428571429,2.9477190536154594,3.2,1.77857620959388,55.31428571428572,30.798670348540945,0.36926754108723137,0.4545452543100358,0.9,0.08164965809277258,NA,NA,NA,NA,NA,NA,NA,NA,NA,NA,NA,NA,NA,NA,NA,NA,NA,NA,NA,NA,NA,NA,NA,NA,NA,NA,NA,NA,NA,NA,NA,NA,NA,NA,NA,NA,NA,NA,NA,NA,NA,NA,NA,NA,Dillon,Gabriel,CLE,QB,25,-5
QB,17037,robust,954.5,515.6482799999999,4.975,3.11346,3,2.2239,54.8,25.2042,0.3462181969026549,0.2740923949115044,0.9,0.14825999999999995,NA,NA,NA,NA,NA,NA,NA,NA,NA,NA,NA,NA,NA,NA,NA,NA,NA,NA,NA,NA,NA,NA,NA,NA,NA,NA,NA,NA,NA,NA,NA,NA,NA,NA,NA,NA,NA,NA,NA,NA,NA,NA,NA,NA,Dillon,Gabriel,CLE,QB,25,-5
QB,17037,weighted,1015.4382284382284,508.6560033060458,5.798601398601399,3.0900514989944377,3.3379953379953378,1.9249528756287704,58.63986013986015,32.82434913498046,0.38914008189450666,0.5059908108961425,0.9166666666666666,0.07513252629292692,NA,NA,NA,NA,NA,NA,NA,NA,NA,NA,NA,NA,NA,NA,NA,NA,NA,NA,NA,NA,NA,NA,NA,NA,NA,NA,NA,NA,NA,NA,NA,NA,NA,NA,NA,NA,NA,NA,NA,NA,NA,NA,NA,NA,Dillon,Gabriel,CLE,QB,25,-5
QB,11150,average,3636.9875,788.4544382841661,21.825,5.540951439702649,12.65,1.8134418735022715,220.8,58.75936399539104,1.4625,0.7347254103210454,1.85,0.9031690238899281,NA,NA,NA,NA,NA,NA,NA,NA,NA,NA,NA,NA,NA,NA,NA,NA,NA,NA,NA,NA,NA,NA,NA,NA,NA,NA,NA,NA,NA,NA,NA,NA,NA,NA,NA,NA,NA,NA,NA,NA,NA,NA,NA,NA,Geno,Smith,LVR,QB,35,7
QB,11150,robust,3812.225,378.80429999999996,22,0.7413,12.5,2.2239,234.35,18.5325,1.5,0.22239000000000003,1.85,0.185325,NA,NA,NA,NA,NA,NA,NA,NA,NA,NA,NA,NA,NA,NA,NA,NA,NA,NA,NA,NA,NA,NA,NA,NA,NA,NA,NA,NA,NA,NA,NA,NA,NA,NA,NA,NA,NA,NA,NA,NA,NA,NA,NA,NA,Geno,Smith,LVR,QB,35,7
QB,11150,weighted,3580.7145748987855,847.6797935694009,21.730971659919028,6.037626229116188,12.589676113360325,1.9514881175963987,217.80566801619435,63.937347754525526,1.409919028340081,0.7907301842669109,1.705516194331984,0.8896834540320887,NA,NA,NA,NA,NA,NA,NA,NA,NA,NA,NA,NA,NA,NA,NA,NA,NA,NA,NA,NA,NA,NA,NA,NA,NA,NA,NA,NA,NA,NA,NA,NA,NA,NA,NA,NA,NA,NA,NA,NA,NA,NA,NA,NA,Geno,Smith,LVR,QB,35,7
QB,17039,average,1563.35,626.5444072735103,8.5375,4.129661867860024,6.4375,4.578189754539607,110.5375,37.034306007114154,0.6,0.565685424949238,1.325,0.6173098319089277,NA,NA,NA,NA,NA,NA,NA,NA,NA,NA,NA,NA,NA,NA,NA,NA,NA,NA,NA,NA,NA,NA,NA,NA,NA,NA,NA,NA,NA,NA,NA,NA,NA,NA,NA,NA,NA,NA,NA,NA,NA,NA,NA,NA,Tyler,Shough,NOS,QB,26,-5
QB,17039,robust,1527.25,337.2915,8.25,4.96671,5.25,1.8532499999999998,112.75,27.428099999999997,0.5,0.7413,1.325,0.018532499999999934,NA,NA,NA,NA,NA,NA,NA,NA,NA,NA,NA,NA,NA,NA,NA,NA,NA,NA,NA,NA,NA,NA,NA,NA,NA,NA,NA,NA,NA,NA,NA,NA,NA,NA,NA,NA,NA,NA,NA,NA,NA,NA,NA,NA,Tyler,Shough,NOS,QB,26,-5
QB,17039,weighted,1646.8704453441296,593.5152923722892,9.09514170040486,4.003928677618649,6.7742914979757085,4.61215171543143,116.62955465587044,36.11505539112907,0.6263157894736843,0.6060621450719057,1.3292763157894736,0.669427887613434,NA,NA,NA,NA,NA,NA,NA,NA,NA,NA,NA,NA,NA,NA,NA,NA,NA,NA,NA,NA,NA,NA,NA,NA,NA,NA,NA,NA,NA,NA,NA,NA,NA,NA,NA,NA,NA,NA,NA,NA,NA,NA,NA,NA,Tyler,Shough,NOS,QB,26,-5
QB,16148,average,3279.825,798.5139514838082,21.575,6.363455934362351,10.975,1.5135105832845324,275.725,73.83750015115238,3.675,1.265757819309388,3.15,0.9539392014169457,NA,NA,NA,NA,NA,NA,NA,NA,NA,NA,NA,NA,NA,NA,NA,NA,NA,NA,NA,NA,NA,NA,NA,NA,NA,NA,NA,NA,NA,NA,NA,NA,NA,NA,NA,NA,NA,NA,NA,NA,NA,NA,NA,NA,Bryce,Young,CAR,QB,24,-3
QB,16148,robust,3441.5,296.81651999999974,21.775,3.484110000000002,11,1.4826,294.6,14.825999999999999,3.975,1.0378200000000002,3.2375,0.25945500000000005,NA,NA,NA,NA,NA,NA,NA,NA,NA,NA,NA,NA,NA,NA,NA,NA,NA,NA,NA,NA,NA,NA,NA,NA,NA,NA,NA,NA,NA,NA,NA,NA,NA,NA,NA,NA,NA,NA,NA,NA,NA,NA,NA,NA,Bryce,Young,CAR,QB,24,-3
QB,16148,weighted,3227.896761133603,860.7786850563228,21.478542510121457,6.907187216618583,10.837651821862348,1.6139043942637878,271.81983805668017,80.05636533095002,3.6607287449392714,1.3667113549467855,3.0914473684210524,1.0292129071672667,NA,NA,NA,NA,NA,NA,NA,NA,NA,NA,NA,NA,NA,NA,NA,NA,NA,NA,NA,NA,NA,NA,NA,NA,NA,NA,NA,NA,NA,NA,NA,NA,NA,NA,NA,NA,NA,NA,NA,NA,NA,NA,NA,NA,Bryce,Young,CAR,QB,24,-3
QB,16581,average,3431.7125,1048.9947724743777,24.825,7.672352963726317,9.2375,2.7969051774110203,742.1375,233.5356989382382,5.5375,2.0542203943519373,1.675,0.8508399211535455,NA,NA,NA,NA,NA,NA,NA,NA,NA,NA,NA,NA,NA,NA,NA,NA,NA,NA,NA,NA,NA,NA,NA,NA,NA,NA,NA,NA,NA,NA,NA,NA,NA,NA,NA,NA,NA,NA,NA,NA,NA,NA,NA,NA,Jayden,Daniels,WAS,QB,25,-4
QB,16581,robust,3740.75,138.6231,26.425,2.2239,9.875,1.4826,806.75,84.43406999999998,5.824999999999999,0.8154299999999997,1.675,0.5003775,NA,NA,NA,NA,NA,NA,NA,NA,NA,NA,NA,NA,NA,NA,NA,NA,NA,NA,NA,NA,NA,NA,NA,NA,NA,NA,NA,NA,NA,NA,NA,NA,NA,NA,NA,NA,NA,NA,NA,NA,NA,NA,NA,NA,Jayden,Daniels,WAS,QB,25,-4
QB,16581,weighted,3363.818825910931,1133.4326671784406,24.42995951417004,8.318157266244635,9.05242914979757,3.0251789720809255,735.7064777327936,253.3528076582603,5.463765182186235,2.218417247575995,1.551695344129555,0.8461776058141566,NA,NA,NA,NA,NA,NA,NA,NA,NA,NA,NA,NA,NA,NA,NA,NA,NA,NA,NA,NA,NA,NA,NA,NA,NA,NA,NA,NA,NA,NA,NA,NA,NA,NA,NA,NA,NA,NA,NA,NA,NA,NA,NA,NA,Jayden,Daniels,WAS,QB,25,-4
QB,17030,average,3264.575,804.9810392620615,20.2,5.228493363976171,12.1,2.4541510024562756,286.0125,147.3590409994776,2.275,1.5116216457830975,3.75,0.3316624790355399,NA,NA,NA,NA,NA,NA,NA,NA,NA,NA,NA,NA,NA,NA,NA,NA,NA,NA,NA,NA,NA,NA,NA,NA,NA,NA,NA,NA,NA,NA,NA,NA,NA,NA,NA,NA,NA,NA,NA,NA,NA,NA,NA,NA,Cam,Ward,TEN,QB,23,-5
QB,17030,robust,3425.9,410.9767199999997,21.5,2.8169400000000002,12.5,1.6308599999999993,286.5,124.5384,2.3,1.1860799999999996,3.7875,0.11119499999999993,NA,NA,NA,NA,NA,NA,NA,NA,NA,NA,NA,NA,NA,NA,NA,NA,NA,NA,NA,NA,NA,NA,NA,NA,NA,NA,NA,NA,NA,NA,NA,NA,NA,NA,NA,NA,NA,NA,NA,NA,NA,NA,NA,NA,Cam,Ward,TEN,QB,23,-5
QB,17030,weighted,3204.8947368421054,862.4827798542026,19.933805668016195,5.653535586156634,11.904858299595142,2.5895011351970143,277.1012145748988,155.33877425016058,2.2293522267206476,1.612391109720974,3.6969129554655873,0.3274661758491894,NA,NA,NA,NA,NA,NA,NA,NA,NA,NA,NA,NA,NA,NA,NA,NA,NA,NA,NA,NA,NA,NA,NA,NA,NA,NA,NA,NA,NA,NA,NA,NA,NA,NA,NA,NA,NA,NA,NA,NA,NA,NA,NA,NA,Cam,Ward,TEN,QB,23,-5
QB,14777,average,4131.825,1287.604182470019,34.05,11.105725678997427,9.3875,2.9043993723807535,169.8375,57.9148127486767,1.7125,0.8871100753087441,3.025,0.9507515823960385,NA,NA,NA,NA,NA,NA,NA,NA,NA,NA,NA,NA,NA,NA,NA,NA,NA,NA,NA,NA,NA,NA,NA,NA,NA,NA,NA,NA,NA,NA,NA,NA,NA,NA,NA,NA,NA,NA,NA,NA,NA,NA,NA,NA,Joe,Burrow,CIN,QB,29,0
QB,14777,robust,4556.9,170.499,36,2.9652,10,2.0015099999999992,179.925,29.651999999999997,1.8250000000000002,0.37065,3.025,0.018532499999999934,NA,NA,NA,NA,NA,NA,NA,NA,NA,NA,NA,NA,NA,NA,NA,NA,NA,NA,NA,NA,NA,NA,NA,NA,NA,NA,NA,NA,NA,NA,NA,NA,NA,NA,NA,NA,NA,NA,NA,NA,NA,NA,NA,NA,Joe,Burrow,CIN,QB,29,0
QB,14777,weighted,4042.936234817814,1387.8911256849956,33.58441295546559,12.05635018862253,9.239271255060729,3.159535338141858,167.40384615384613,62.71018950475279,1.6550607287449393,0.9682538492851864,2.9075151821862346,0.9796104719844932,NA,NA,NA,NA,NA,NA,NA,NA,NA,NA,NA,NA,NA,NA,NA,NA,NA,NA,NA,NA,NA,NA,NA,NA,NA,NA,NA,NA,NA,NA,NA,NA,NA,NA,NA,NA,NA,NA,NA,NA,NA,NA,NA,NA,Joe,Burrow,CIN,QB,29,0
QB,12141,average,449.1,275.1623157338228,3.7600000000000002,2.4704250646396866,1.1,1.1704699910719625,80.06,47.674081008447345,0.6,0.5477225575051661,0.3333333333333333,0.408248290463863,NA,NA,NA,NA,NA,NA,NA,NA,NA,NA,NA,NA,NA,NA,NA,NA,NA,NA,NA,NA,NA,NA,NA,NA,NA,NA,NA,NA,NA,NA,NA,NA,NA,NA,NA,NA,NA,NA,NA,NA,NA,NA,NA,NA,Marcus,Mariota,WAS,QB,32,5
QB,12141,robust,413,195.70319999999998,3.9000000000000004,2.8169399999999998,1,1.03782,77.65,53.373599999999996,0.5,0,0.3333333333333333,0.4942,NA,NA,NA,NA,NA,NA,NA,NA,NA,NA,NA,NA,NA,NA,NA,NA,NA,NA,NA,NA,NA,NA,NA,NA,NA,NA,NA,NA,NA,NA,NA,NA,NA,NA,NA,NA,NA,NA,NA,NA,NA,NA,NA,NA,Marcus,Mariota,WAS,QB,32,5
QB,12141,weighted,520.0017825311944,267.8803635534177,4.442780748663102,2.305461322323025,1.2983957219251336,1.2787466168389907,93.59180035650624,41.62494429798016,0.7308377896613191,0.5126145341921353,0.42127153891859775,0.4250762815253802,NA,NA,NA,NA,NA,NA,NA,NA,NA,NA,NA,NA,NA,NA,NA,NA,NA,NA,NA,NA,NA,NA,NA,NA,NA,NA,NA,NA,NA,NA,NA,NA,NA,NA,NA,NA,NA,NA,NA,NA,NA,NA,NA,NA,Marcus,Mariota,WAS,QB,32,5
QB,9064,average,1978.2625,771.18026971186,12.7875,8.168657434714365,8.95,5.159734212423848,39.5625,49.41618987162579,0.4,0.465985898008574,3.2249999999999996,0.6149912891369158,NA,NA,NA,NA,NA,NA,NA,NA,NA,NA,NA,NA,NA,NA,NA,NA,NA,NA,NA,NA,NA,NA,NA,NA,NA,NA,NA,NA,NA,NA,NA,NA,NA,NA,NA,NA,NA,NA,NA,NA,NA,NA,NA,NA,Joe,Flacco,CIN,QB,40,12
QB,9064,robust,1974.75,762.8718299999999,11.025,4.521929999999999,8.5,3.9288900000000004,31.625,31.1346,0.4,0.29652,3.2249999999999996,0.16679249999999973,NA,NA,NA,NA,NA,NA,NA,NA,NA,NA,NA,NA,NA,NA,NA,NA,NA,NA,NA,NA,NA,NA,NA,NA,NA,NA,NA,NA,NA,NA,NA,NA,NA,NA,NA,NA,NA,NA,NA,NA,NA,NA,NA,NA,Joe,Flacco,CIN,QB,40,12
QB,9064,weighted,1879.3026315789473,748.771743972958,12.627935222672065,8.793205906697354,8.645344129554656,5.439183439547577,40.14676113360324,53.38540178150172,0.415587044534413,0.506730915177204,3.139094129554656,0.6208499954240513,NA,NA,NA,NA,NA,NA,NA,NA,NA,NA,NA,NA,NA,NA,NA,NA,NA,NA,NA,NA,NA,NA,NA,NA,NA,NA,NA,NA,NA,NA,NA,NA,NA,NA,NA,NA,NA,NA,NA,NA,NA,NA,NA,NA,Joe,Flacco,CIN,QB,40,12
QB,12616,average,270.58,90.27143512761941,1.8599999999999999,1.6087262041752162,0.98,0.3193743884534262,20.1,11.502173707608488,0,0,0.09999999999999999,0.1224744871391589,NA,NA,NA,NA,NA,NA,NA,NA,NA,NA,NA,NA,NA,NA,NA,NA,NA,NA,NA,NA,NA,NA,NA,NA,NA,NA,NA,NA,NA,NA,NA,NA,NA,NA,NA,NA,NA,NA,NA,NA,NA,NA,NA,NA,Jacoby,Brissett,ARI,QB,33,4
QB,12616,robust,265.95,91.9212,1.5,0.44478000000000006,1,0,21.25,8.1543,0,0,0.09999999999999999,0.14825999999999998,NA,NA,NA,NA,NA,NA,NA,NA,NA,NA,NA,NA,NA,NA,NA,NA,NA,NA,NA,NA,NA,NA,NA,NA,NA,NA,NA,NA,NA,NA,NA,NA,NA,NA,NA,NA,NA,NA,NA,NA,NA,NA,NA,NA,Jacoby,Brissett,ARI,QB,33,4
QB,12616,weighted,303.16399286987524,66.82953105349495,2.1696969696969695,1.7028392856501584,1.101247771836007,0.2010118629613598,22.873440285204993,11.50116541049694,0,0,0.12477718360071301,0.12711183272426987,NA,NA,NA,NA,NA,NA,NA,NA,NA,NA,NA,NA,NA,NA,NA,NA,NA,NA,NA,NA,NA,NA,NA,NA,NA,NA,NA,NA,NA,NA,NA,NA,NA,NA,NA,NA,NA,NA,NA,NA,NA,NA,NA,NA,Jacoby,Brissett,ARI,QB,33,4
QB,15241,average,246.66,81.17960334960993,1.54,0.5458937625582472,1.12,0.5069516742254631,11.5,3.905124837953327,0.04,0.08944271909999159,0.06666666666666667,0.08164965809277261,NA,NA,NA,NA,NA,NA,NA,NA,NA,NA,NA,NA,NA,NA,NA,NA,NA,NA,NA,NA,NA,NA,NA,NA,NA,NA,NA,NA,NA,NA,NA,NA,NA,NA,NA,NA,NA,NA,NA,NA,NA,NA,NA,NA,Mac,Jones,SFO,QB,27,-1
QB,15241,robust,235,91.9212,1.5,0.2965199999999999,1,0.14825999999999995,11.5,5.1891,0,0,0.06666666666666667,0.09884,NA,NA,NA,NA,NA,NA,NA,NA,NA,NA,NA,NA,NA,NA,NA,NA,NA,NA,NA,NA,NA,NA,NA,NA,NA,NA,NA,NA,NA,NA,NA,NA,NA,NA,NA,NA,NA,NA,NA,NA,NA,NA,NA,NA,Mac,Jones,SFO,QB,27,-1
QB,15241,weighted,265.7682709447416,82.17548793007894,1.6909090909090911,0.4808005565037719,1.193939393939394,0.4960013621915059,12.322638146167558,3.7074710680407086,0.05062388591800357,0.10050593148067993,0.08318478906714201,0.08474122181617992,NA,NA,NA,NA,NA,NA,NA,NA,NA,NA,NA,NA,NA,NA,NA,NA,NA,NA,NA,NA,NA,NA,NA,NA,NA,NA,NA,NA,NA,NA,NA,NA,NA,NA,NA,NA,NA,NA,NA,NA,NA,NA,NA,NA,Mac,Jones,SFO,QB,27,-1
QB,15694,average,254.94,136.01863107677565,2.06,1.1349008767288886,0.46,0.5079370039680118,37.84,25.35208078245255,0.24,0.433589667773576,0.7333333333333334,0.8981462390204987,NA,NA,NA,NA,NA,NA,NA,NA,NA,NA,NA,NA,NA,NA,NA,NA,NA,NA,NA,NA,NA,NA,NA,NA,NA,NA,NA,NA,NA,NA,NA,NA,NA,NA,NA,NA,NA,NA,NA,NA,NA,NA,NA,NA,Malik,Willis,GBP,QB,26,-2
QB,15694,robust,250.85,182.80458000000002,2,1.4826,0.5,0.44477999999999995,36.5,25.500719999999998,0.1,0,0.7333333333333334,1.08724,NA,NA,NA,NA,NA,NA,NA,NA,NA,NA,NA,NA,NA,NA,NA,NA,NA,NA,NA,NA,NA,NA,NA,NA,NA,NA,NA,NA,NA,NA,NA,NA,NA,NA,NA,NA,NA,NA,NA,NA,NA,NA,NA,NA,Malik,Willis,GBP,QB,26,-2
QB,15694,weighted,279.15864527629236,146.29464381447696,2.3151515151515154,1.080827167881388,0.47237076648841364,0.5770046407057438,41.16577540106952,29.236108138738434,0.26916221033868093,0.5126145341921353,0.9150326797385622,0.9321534399779791,NA,NA,NA,NA,NA,NA,NA,NA,NA,NA,NA,NA,NA,NA,NA,NA,NA,NA,NA,NA,NA,NA,NA,NA,NA,NA,NA,NA,NA,NA,NA,NA,NA,NA,NA,NA,NA,NA,NA,NA,NA,NA,NA,NA,Malik,Willis,GBP,QB,26,-2
QB,13115,average,160.025,92.63478018541416,1.75,1.705872210923198,0.35,0.47258156262526085,15.725,10.365125823323774,0,0,0.16666666666666666,0.23570226039551584,NA,NA,NA,NA,NA,NA,NA,NA,NA,NA,NA,NA,NA,NA,NA,NA,NA,NA,NA,NA,NA,NA,NA,NA,NA,NA,NA,NA,NA,NA,NA,NA,NA,NA,NA,NA,NA,NA,NA,NA,NA,NA,NA,NA,Mitchell,Trubisky,BUF,QB,31,3
QB,13115,robust,137.525,44.478000000000016,1,0.22239000000000003,0.30000000000000004,0.29652,12,3.0393299999999996,0,0,0.125,0.12355,NA,NA,NA,NA,NA,NA,NA,NA,NA,NA,NA,NA,NA,NA,NA,NA,NA,NA,NA,NA,NA,NA,NA,NA,NA,NA,NA,NA,NA,NA,NA,NA,NA,NA,NA,NA,NA,NA,NA,NA,NA,NA,NA,NA,Mitchell,Trubisky,BUF,QB,31,3
QB,13115,weighted,174.7317073170732,110.51310790265326,2.142926829268293,1.9254824795309136,0.3463414634146341,0.583479539251792,17.7,10.67729316305719,0,0,0.22317073170731708,0.26046615189479794,NA,NA,NA,NA,NA,NA,NA,NA,NA,NA,NA,NA,NA,NA,NA,NA,NA,NA,NA,NA,NA,NA,NA,NA,NA,NA,NA,NA,NA,NA,NA,NA,NA,NA,NA,NA,NA,NA,NA,NA,NA,NA,NA,NA,Mitchell,Trubisky,BUF,QB,31,3
QB,14067,average,308.14,221.49638371765803,2.52,2.334951819631403,1.6,1.7818529681205462,13.56,8.594649498379791,0,0,1.1,0.9513148795220224,NA,NA,NA,NA,NA,NA,NA,NA,NA,NA,NA,NA,NA,NA,NA,NA,NA,NA,NA,NA,NA,NA,NA,NA,NA,NA,NA,NA,NA,NA,NA,NA,NA,NA,NA,NA,NA,NA,NA,NA,NA,NA,NA,NA,Gardner,Minshew,KCC,QB,29,1
QB,14067,robust,291.85,246.11159999999998,2,1.4826,1.25,1.4826,11.5,1.7791200000000003,0,0,1.1,0.5930400000000001,NA,NA,NA,NA,NA,NA,NA,NA,NA,NA,NA,NA,NA,NA,NA,NA,NA,NA,NA,NA,NA,NA,NA,NA,NA,NA,NA,NA,NA,NA,NA,NA,NA,NA,NA,NA,NA,NA,NA,NA,NA,NA,NA,NA,Gardner,Minshew,KCC,QB,29,1
QB,14067,weighted,341.36898395721926,237.38691906186915,2.9058823529411764,2.5305542657980333,1.8467023172905523,1.9551148093854887,14.855614973262034,9.336066962673586,0,0,1.1953654188948308,1.0799971059126603,NA,NA,NA,NA,NA,NA,NA,NA,NA,NA,NA,NA,NA,NA,NA,NA,NA,NA,NA,NA,NA,NA,NA,NA,NA,NA,NA,NA,NA,NA,NA,NA,NA,NA,NA,NA,NA,NA,NA,NA,NA,NA,NA,NA,Gardner,Minshew,KCC,QB,29,1
QB,15702,average,122.36666666666666,49.0571435504895,1.9666666666666668,1.939931270260195,0.3333333333333333,0.30550504633038933,12.666666666666666,12.662279942148386,0.06666666666666667,0.11547005383792516,0,0,NA,NA,NA,NA,NA,NA,NA,NA,NA,NA,NA,NA,NA,NA,NA,NA,NA,NA,NA,NA,NA,NA,NA,NA,NA,NA,NA,NA,NA,NA,NA,NA,NA,NA,NA,NA,NA,NA,NA,NA,NA,NA,NA,NA,Tanner,McKee,PHI,QB,25,-3
QB,15702,robust,123.05,66.56874,1.725,0.44478000000000006,0.35,0.2965199999999999,11.5,7.412999999999999,0.05,0,0,0,NA,NA,NA,NA,NA,NA,NA,NA,NA,NA,NA,NA,NA,NA,NA,NA,NA,NA,NA,NA,NA,NA,NA,NA,NA,NA,NA,NA,NA,NA,NA,NA,NA,NA,NA,NA,NA,NA,NA,NA,NA,NA,NA,NA,Tanner,McKee,PHI,QB,25,-3
QB,15702,weighted,120.48780487804878,69.29646455628166,2.583275261324042,2.2627416997969525,0.2968641114982578,0.42426406871192857,14.874564459930312,16.970562748477143,0.09895470383275261,0.14142135623730953,0,0,NA,NA,NA,NA,NA,NA,NA,NA,NA,NA,NA,NA,NA,NA,NA,NA,NA,NA,NA,NA,NA,NA,NA,NA,NA,NA,NA,NA,NA,NA,NA,NA,NA,NA,NA,NA,NA,NA,NA,NA,NA,NA,NA,NA,Tanner,McKee,PHI,QB,25,-3
QB,14789,average,163,118.79393923933998,1.5,0.7071067811865476,0.5,0.7071067811865476,31,24.041630560342615,0,0,0,0,NA,NA,NA,NA,NA,NA,NA,NA,NA,NA,NA,NA,NA,NA,NA,NA,NA,NA,NA,NA,NA,NA,NA,NA,NA,NA,NA,NA,NA,NA,NA,NA,NA,NA,NA,NA,NA,NA,NA,NA,NA,NA,NA,NA,Tyler,Huntley,BAL,QB,27,0
QB,14789,robust,163,124.5384,1.5,0.7413,0.5,0.7413,31,25.2042,0,0,0,0,NA,NA,NA,NA,NA,NA,NA,NA,NA,NA,NA,NA,NA,NA,NA,NA,NA,NA,NA,NA,NA,NA,NA,NA,NA,NA,NA,NA,NA,NA,NA,NA,NA,NA,NA,NA,NA,NA,NA,NA,NA,NA,NA,NA,Tyler,Huntley,BAL,QB,27,0
QB,14789,weighted,156.1044776119403,118.79393923933996,1.458955223880597,0.7071067811865474,0.458955223880597,0.7071067811865474,29.604477611940293,24.04163056034261,0,0,0,0,NA,NA,NA,NA,NA,NA,NA,NA,NA,NA,NA,NA,NA,NA,NA,NA,NA,NA,NA,NA,NA,NA,NA,NA,NA,NA,NA,NA,NA,NA,NA,NA,NA,NA,NA,NA,NA,NA,NA,NA,NA,NA,NA,NA,Tyler,Huntley,BAL,QB,27,0
QB,14358,average,276.425,230.45271930123397,2.625,2.1360009363293826,0.9,0.9591663046625439,17.1,16.62247474555659,0.225,0.45,0,0,NA,NA,NA,NA,NA,NA,NA,NA,NA,NA,NA,NA,NA,NA,NA,NA,NA,NA,NA,NA,NA,NA,NA,NA,NA,NA,NA,NA,NA,NA,NA,NA,NA,NA,NA,NA,NA,NA,NA,NA,NA,NA,NA,NA,Jake,Browning,CIN,QB,29,1
QB,14358,robust,265.675,174.9468,2.5,1.4826,0.85,0.7413,9.6,1.4826,0,0,0,0,NA,NA,NA,NA,NA,NA,NA,NA,NA,NA,NA,NA,NA,NA,NA,NA,NA,NA,NA,NA,NA,NA,NA,NA,NA,NA,NA,NA,NA,NA,NA,NA,NA,NA,NA,NA,NA,NA,NA,NA,NA,NA,NA,NA,Jake,Browning,CIN,QB,29,1
QB,14358,weighted,322.1658536585366,264.3916646150262,3.158536585365854,2.311877641453582,1.0619512195121952,1.12963261737798,20.37560975609756,19.327996574280217,0.31170731707317073,0.5251315853266129,0,0,NA,NA,NA,NA,NA,NA,NA,NA,NA,NA,NA,NA,NA,NA,NA,NA,NA,NA,NA,NA,NA,NA,NA,NA,NA,NA,NA,NA,NA,NA,NA,NA,NA,NA,NA,NA,NA,NA,NA,NA,NA,NA,NA,NA,Jake,Browning,CIN,QB,29,1
QB,13968,average,164.36666666666667,106.98412654844331,1.3333333333333333,0.8504900548115382,0.8,0.9165151389911681,9.833333333333334,3.253203549323856,0,0,0,0,NA,NA,NA,NA,NA,NA,NA,NA,NA,NA,NA,NA,NA,NA,NA,NA,NA,NA,NA,NA,NA,NA,NA,NA,NA,NA,NA,NA,NA,NA,NA,NA,NA,NA,NA,NA,NA,NA,NA,NA,NA,NA,NA,NA,Nick,Mullens,JAC,QB,30,3
QB,13968,robust,155.05,68.34785999999998,1.25,0.44478000000000006,0.75,0.8895599999999999,9.875,4.4478,0,0,0,0,NA,NA,NA,NA,NA,NA,NA,NA,NA,NA,NA,NA,NA,NA,NA,NA,NA,NA,NA,NA,NA,NA,NA,NA,NA,NA,NA,NA,NA,NA,NA,NA,NA,NA,NA,NA,NA,NA,NA,NA,NA,NA,NA,NA,Nick,Mullens,JAC,QB,30,3
QB,13968,weighted,181.93379790940767,144.2497833620557,1.6432055749128918,0.9192388155425117,0.8905923344947736,1.2727922061357857,11.484320557491289,2.121320343559643,0,0,0,0,NA,NA,NA,NA,NA,NA,NA,NA,NA,NA,NA,NA,NA,NA,NA,NA,NA,NA,NA,NA,NA,NA,NA,NA,NA,NA,NA,NA,NA,NA,NA,NA,NA,NA,NA,NA,NA,NA,NA,NA,NA,NA,NA,NA,Nick,Mullens,JAC,QB,30,3
QB,15252,average,225.7,157.3511042223727,2.1666666666666665,2.2854612955229263,0.6333333333333333,0.7767453465154028,13.133333333333333,8.01581769586443,0,0,0,0,NA,NA,NA,NA,NA,NA,NA,NA,NA,NA,NA,NA,NA,NA,NA,NA,NA,NA,NA,NA,NA,NA,NA,NA,NA,NA,NA,NA,NA,NA,NA,NA,NA,NA,NA,NA,NA,NA,NA,NA,NA,NA,NA,NA,Davis,Mills,HOU,QB,27,-1
QB,15252,robust,208.025,57.673140000000004,1.875,0.44478000000000006,0.575,0.59304,12.6,6.819959999999999,0,0,0,0,NA,NA,NA,NA,NA,NA,NA,NA,NA,NA,NA,NA,NA,NA,NA,NA,NA,NA,NA,NA,NA,NA,NA,NA,NA,NA,NA,NA,NA,NA,NA,NA,NA,NA,NA,NA,NA,NA,NA,NA,NA,NA,NA,NA,Davis,Mills,HOU,QB,27,-1
QB,15252,weighted,279.18815331010455,177.48380207782344,2.8801393728222995,2.687005768508881,0.7421602787456445,1.0606601717798214,16.442508710801395,7.778174593052023,0,0,0,0,NA,NA,NA,NA,NA,NA,NA,NA,NA,NA,NA,NA,NA,NA,NA,NA,NA,NA,NA,NA,NA,NA,NA,NA,NA,NA,NA,NA,NA,NA,NA,NA,NA,NA,NA,NA,NA,NA,NA,NA,NA,NA,NA,NA,Davis,Mills,HOU,QB,27,-1
QB,15239,average,154.675,95.44154842974136,1.275,0.4991659710623979,0.6,0.4546060565661952,8.575,3.053276928154405,0,0,0.09999999999999999,0.1414213562373095,NA,NA,NA,NA,NA,NA,NA,NA,NA,NA,NA,NA,NA,NA,NA,NA,NA,NA,NA,NA,NA,NA,NA,NA,NA,NA,NA,NA,NA,NA,NA,NA,NA,NA,NA,NA,NA,NA,NA,NA,NA,NA,NA,NA,Zach,Wilson,MIA,QB,26,-1
QB,15239,robust,140.77499999999998,59.08160999999999,1.15,0.22239000000000012,0.6,0.37065000000000003,10,0.2223900000000005,0,0,0.075,0.07412999999999999,NA,NA,NA,NA,NA,NA,NA,NA,NA,NA,NA,NA,NA,NA,NA,NA,NA,NA,NA,NA,NA,NA,NA,NA,NA,NA,NA,NA,NA,NA,NA,NA,NA,NA,NA,NA,NA,NA,NA,NA,NA,NA,NA,NA,Zach,Wilson,MIA,QB,26,-1
QB,15239,weighted,157.1986301369863,117.92723625932292,1.4095890410958904,0.5338765477072802,0.6365296803652969,0.5507921306215242,8.054794520547945,3.4402033800448604,0,0,0.1317351598173516,0.15137586548284268,NA,NA,NA,NA,NA,NA,NA,NA,NA,NA,NA,NA,NA,NA,NA,NA,NA,NA,NA,NA,NA,NA,NA,NA,NA,NA,NA,NA,NA,NA,NA,NA,NA,NA,NA,NA,NA,NA,NA,NA,NA,NA,NA,NA,Zach,Wilson,MIA,QB,26,-1
QB,17036,average,53.25,12.374368670764582,0.75,0.3535533905932738,0,0,4,1.4142135623730951,0,0,0,0,NA,NA,NA,NA,NA,NA,NA,NA,NA,NA,NA,NA,NA,NA,NA,NA,NA,NA,NA,NA,NA,NA,NA,NA,NA,NA,NA,NA,NA,NA,NA,NA,NA,NA,NA,NA,NA,NA,NA,NA,NA,NA,NA,NA,Will,Howard,PIT,QB,24,-5
QB,17036,robust,53.25,12.97275,0.75,0.37065,0,0,4,1.4826,0,0,0,0,NA,NA,NA,NA,NA,NA,NA,NA,NA,NA,NA,NA,NA,NA,NA,NA,NA,NA,NA,NA,NA,NA,NA,NA,NA,NA,NA,NA,NA,NA,NA,NA,NA,NA,NA,NA,NA,NA,NA,NA,NA,NA,NA,NA,Will,Howard,PIT,QB,24,-5
QB,17036,weighted,62.00000000000001,NA,1,NA,0,NA,5,NA,0,NA,0,NA,NA,NA,NA,NA,NA,NA,NA,NA,NA,NA,NA,NA,NA,NA,NA,NA,NA,NA,NA,NA,NA,NA,NA,NA,NA,NA,NA,NA,NA,NA,NA,NA,NA,NA,NA,NA,NA,NA,NA,NA,NA,NA,NA,NA,Will,Howard,PIT,QB,24,-5
QB,13595,average,346.5833333333333,332.9727341189766,2.466666666666667,2.8535358183605593,1,0.9777525249264253,34.95,30.306022503786274,0.13333333333333333,0.21602468994692867,0.3333333333333333,0.3651483716701107,NA,NA,NA,NA,NA,NA,NA,NA,NA,NA,NA,NA,NA,NA,NA,NA,NA,NA,NA,NA,NA,NA,NA,NA,NA,NA,NA,NA,NA,NA,NA,NA,NA,NA,NA,NA,NA,NA,NA,NA,NA,NA,NA,NA,Mason,Rudolph,PIT,QB,30,2
QB,13595,robust,380.5,234.62144999999998,1.95,1.55673,1,1.2602099999999998,36.5,35.5824,0.15,0,0.3333333333333333,0.2471,NA,NA,NA,NA,NA,NA,NA,NA,NA,NA,NA,NA,NA,NA,NA,NA,NA,NA,NA,NA,NA,NA,NA,NA,NA,NA,NA,NA,NA,NA,NA,NA,NA,NA,NA,NA,NA,NA,NA,NA,NA,NA,NA,NA,Mason,Rudolph,PIT,QB,30,2
QB,13595,weighted,366.88022284122565,354.3273753118226,2.6988857938718662,3.0935841312277943,1.0467966573816156,1.0980176940509496,27.247910863509752,28.880224044358613,0.05933147632311977,0.13370778688206414,0.39786443825441037,0.3645958419716596,NA,NA,NA,NA,NA,NA,NA,NA,NA,NA,NA,NA,NA,NA,NA,NA,NA,NA,NA,NA,NA,NA,NA,NA,NA,NA,NA,NA,NA,NA,NA,NA,NA,NA,NA,NA,NA,NA,NA,NA,NA,NA,NA,NA,Mason,Rudolph,PIT,QB,30,2
QB,16586,average,1994.057142857143,1240.1603214331376,11.82857142857143,9.857267079962595,6.571428571428571,3.9028682981085785,154.45714285714286,93.29163694463466,0.7999999999999999,0.565685424949238,2.5,1.224744871391589,NA,NA,NA,NA,NA,NA,NA,NA,NA,NA,NA,NA,NA,NA,NA,NA,NA,NA,NA,NA,NA,NA,NA,NA,NA,NA,NA,NA,NA,NA,NA,NA,NA,NA,NA,NA,NA,NA,NA,NA,NA,NA,NA,NA,Spencer,Rattler,NOS,QB,25,-4
QB,16586,robust,2266.25,762.0563999999999,11.25,6.226919999999999,8,1.779119999999999,185.25,69.6822,1,0.2965199999999999,2.75,0.7413,NA,NA,NA,NA,NA,NA,NA,NA,NA,NA,NA,NA,NA,NA,NA,NA,NA,NA,NA,NA,NA,NA,NA,NA,NA,NA,NA,NA,NA,NA,NA,NA,NA,NA,NA,NA,NA,NA,NA,NA,NA,NA,NA,NA,Spencer,Rattler,NOS,QB,25,-4
QB,16586,weighted,1901.9522144522145,1283.260382977154,11.432634032634034,10.5579779243856,6.162470862470863,3.954056650891527,144.2062937062937,93.25753776499373,0.7538461538461539,0.5781509999224678,2.241841491841492,1.1346909265733571,NA,NA,NA,NA,NA,NA,NA,NA,NA,NA,NA,NA,NA,NA,NA,NA,NA,NA,NA,NA,NA,NA,NA,NA,NA,NA,NA,NA,NA,NA,NA,NA,NA,NA,NA,NA,NA,NA,NA,NA,NA,NA,NA,NA,Spencer,Rattler,NOS,QB,25,-4
QB,16384,average,118.66666666666667,41.62130864513192,1.1333333333333333,0.6110100926607787,0.5333333333333333,0.6110100926607787,9.7,2.3388031127052997,0.3333333333333333,0.5773502691896257,0.3666666666666667,0.6350852961085883,NA,NA,NA,NA,NA,NA,NA,NA,NA,NA,NA,NA,NA,NA,NA,NA,NA,NA,NA,NA,NA,NA,NA,NA,NA,NA,NA,NA,NA,NA,NA,NA,NA,NA,NA,NA,NA,NA,NA,NA,NA,NA,NA,NA,Tyson,Bagent,CHI,QB,25,-3
QB,16384,robust,117.75,53.373599999999996,1.1,0.59304,0.5,0.59304,10.025,0.14825999999999948,0.25,0,0.275,0,NA,NA,NA,NA,NA,NA,NA,NA,NA,NA,NA,NA,NA,NA,NA,NA,NA,NA,NA,NA,NA,NA,NA,NA,NA,NA,NA,NA,NA,NA,NA,NA,NA,NA,NA,NA,NA,NA,NA,NA,NA,NA,NA,NA,Tyson,Bagent,CHI,QB,25,-3
QB,16384,weighted,120.06620209059233,58.68986283848345,1.3958188153310105,0.5656854249492381,0.5937282229965156,0.8485281374238571,9.020905923344948,2.8284271247461903,0.49477351916376305,0.7071067811865476,0.5442508710801395,0.7778174593052024,NA,NA,NA,NA,NA,NA,NA,NA,NA,NA,NA,NA,NA,NA,NA,NA,NA,NA,NA,NA,NA,NA,NA,NA,NA,NA,NA,NA,NA,NA,NA,NA,NA,NA,NA,NA,NA,NA,NA,NA,NA,NA,NA,NA,Tyson,Bagent,CHI,QB,25,-3
QB,14057,average,204.55,151.59906552042682,1.825,1.3817259737975063,1.15,1.011599393699568,14.5,8.426149773176359,0.025,0.05,0,0,NA,NA,NA,NA,NA,NA,NA,NA,NA,NA,NA,NA,NA,NA,NA,NA,NA,NA,NA,NA,NA,NA,NA,NA,NA,NA,NA,NA,NA,NA,NA,NA,NA,NA,NA,NA,NA,NA,NA,NA,NA,NA,NA,NA,Drew,Lock,SEA,QB,29,1
QB,14057,robust,181.8,89.6973,1.75,1.03782,1.15,1.03782,14.5,9.636899999999999,0,0,0,0,NA,NA,NA,NA,NA,NA,NA,NA,NA,NA,NA,NA,NA,NA,NA,NA,NA,NA,NA,NA,NA,NA,NA,NA,NA,NA,NA,NA,NA,NA,NA,NA,NA,NA,NA,NA,NA,NA,NA,NA,NA,NA,NA,NA,Drew,Lock,SEA,QB,29,1
QB,14057,weighted,226.80731707317074,165.56535179515222,2.2351219512195124,1.3978260994478715,1.2926829268292683,1.1726029863103553,17.195121951219512,7.829810646872859,0.03463414634146342,0.058347953925179205,0,0,NA,NA,NA,NA,NA,NA,NA,NA,NA,NA,NA,NA,NA,NA,NA,NA,NA,NA,NA,NA,NA,NA,NA,NA,NA,NA,NA,NA,NA,NA,NA,NA,NA,NA,NA,NA,NA,NA,NA,NA,NA,NA,NA,NA,Drew,Lock,SEA,QB,29,1
QB,16585,average,159.075,88.01603547081633,1.35,0.660807586719967,0.5,0.7571877794400365,9.2,3.1453669632227865,0,0,0.03333333333333333,0.047140452079103175,NA,NA,NA,NA,NA,NA,NA,NA,NA,NA,NA,NA,NA,NA,NA,NA,NA,NA,NA,NA,NA,NA,NA,NA,NA,NA,NA,NA,NA,NA,NA,NA,NA,NA,NA,NA,NA,NA,NA,NA,NA,NA,NA,NA,Joe,Milton,DAL,QB,25,-4
QB,16585,robust,128.325,26.68680000000001,1.35,0.7413000000000001,0.30000000000000004,0.29652,9.2,3.7064999999999997,0,0,0.025,0.02471,NA,NA,NA,NA,NA,NA,NA,NA,NA,NA,NA,NA,NA,NA,NA,NA,NA,NA,NA,NA,NA,NA,NA,NA,NA,NA,NA,NA,NA,NA,NA,NA,NA,NA,NA,NA,NA,NA,NA,NA,NA,NA,NA,NA,Joe,Milton,DAL,QB,25,-4
QB,16585,weighted,164.96829268292683,101.2711280610376,1.5770731707317074,0.5326239295642099,0.5541463414634147,0.9335672628028673,8.153658536585366,3.13017709146443,0,0,0.04463414634146341,0.05209323037895959,NA,NA,NA,NA,NA,NA,NA,NA,NA,NA,NA,NA,NA,NA,NA,NA,NA,NA,NA,NA,NA,NA,NA,NA,NA,NA,NA,NA,NA,NA,NA,NA,NA,NA,NA,NA,NA,NA,NA,NA,NA,NA,NA,NA,Joe,Milton,DAL,QB,25,-4
QB,13119,average,248.68,133.47588546250591,1.8599999999999999,1.0089598604503551,1.26,1.0382677881933928,19.32,10.252414349800734,0.12,0.2683281572999748,0.16666666666666666,0.2041241452319315,NA,NA,NA,NA,NA,NA,NA,NA,NA,NA,NA,NA,NA,NA,NA,NA,NA,NA,NA,NA,NA,NA,NA,NA,NA,NA,NA,NA,NA,NA,NA,NA,NA,NA,NA,NA,NA,NA,NA,NA,NA,NA,NA,NA,Joshua,Dobbs,NEP,QB,30,3
QB,13119,robust,245.7,166.94075999999998,2,1.4826,1.3,1.4826,19.3,5.9304,0,0,0.16666666666666666,0.2471,NA,NA,NA,NA,NA,NA,NA,NA,NA,NA,NA,NA,NA,NA,NA,NA,NA,NA,NA,NA,NA,NA,NA,NA,NA,NA,NA,NA,NA,NA,NA,NA,NA,NA,NA,NA,NA,NA,NA,NA,NA,NA,NA,NA,Joshua,Dobbs,NEP,QB,30,3
QB,13119,weighted,267.13725490196083,141.42108804297382,2.0959001782531197,0.9978459155438164,1.365775401069519,1.1510920296274365,20.659536541889484,11.122257886961192,0.15187165775401068,0.3015177944420398,0.20796197266785502,0.2118530545404498,NA,NA,NA,NA,NA,NA,NA,NA,NA,NA,NA,NA,NA,NA,NA,NA,NA,NA,NA,NA,NA,NA,NA,NA,NA,NA,NA,NA,NA,NA,NA,NA,NA,NA,NA,NA,NA,NA,NA,NA,NA,NA,NA,NA,Joshua,Dobbs,NEP,QB,30,3
QB,11760,average,179.2,144.25375789443638,1.4,1.0708252269472673,0.5428571428571428,0.48941169737125156,2.5714285714285716,2.6812399405960705,0,0,0,0,NA,NA,NA,NA,NA,NA,NA,NA,NA,NA,NA,NA,NA,NA,NA,NA,NA,NA,NA,NA,NA,NA,NA,NA,NA,NA,NA,NA,NA,NA,NA,NA,NA,NA,NA,NA,NA,NA,NA,NA,NA,NA,NA,NA,Jimmy,Garoppolo,LAR,QB,34,6
QB,11760,robust,173.5,182.95284,1.5,0.8895600000000001,0.5,0.44478000000000006,2.975,4.2995399999999995,0,0,0,0,NA,NA,NA,NA,NA,NA,NA,NA,NA,NA,NA,NA,NA,NA,NA,NA,NA,NA,NA,NA,NA,NA,NA,NA,NA,NA,NA,NA,NA,NA,NA,NA,NA,NA,NA,NA,NA,NA,NA,NA,NA,NA,NA,NA,Jimmy,Garoppolo,LAR,QB,34,6
QB,11760,weighted,167.3869463869464,153.5587766314074,1.3104895104895107,1.1521997566134978,0.4990675990675991,0.5314462657584482,2.362703962703963,2.894733343916737,0,0,0,0,NA,NA,NA,NA,NA,NA,NA,NA,NA,NA,NA,NA,NA,NA,NA,NA,NA,NA,NA,NA,NA,NA,NA,NA,NA,NA,NA,NA,NA,NA,NA,NA,NA,NA,NA,NA,NA,NA,NA,NA,NA,NA,NA,NA,Jimmy,Garoppolo,LAR,QB,34,6
QB,10413,average,231.87142857142857,159.38930029214336,2.0142857142857142,2.788326004032151,1.1142857142857143,1.058975245899814,36.285714285714285,31.988093022843596,0,0,0.475,0.29083213944358577,NA,NA,NA,NA,NA,NA,NA,NA,NA,NA,NA,NA,NA,NA,NA,NA,NA,NA,NA,NA,NA,NA,NA,NA,NA,NA,NA,NA,NA,NA,NA,NA,NA,NA,NA,NA,NA,NA,NA,NA,NA,NA,NA,NA,Tyrod,Taylor,NYJ,QB,36,9
QB,10413,robust,224.025,148.40825999999998,1,0.14825999999999995,0.975,1.3343399999999999,29.5,19.273799999999998,0,0,0.475,0.03706500000000003,NA,NA,NA,NA,NA,NA,NA,NA,NA,NA,NA,NA,NA,NA,NA,NA,NA,NA,NA,NA,NA,NA,NA,NA,NA,NA,NA,NA,NA,NA,NA,NA,NA,NA,NA,NA,NA,NA,NA,NA,NA,NA,NA,NA,Tyrod,Taylor,NYJ,QB,36,9
QB,10413,weighted,236.66433566433565,174.94924249430352,2.1717948717948716,3.0121629451059757,1.148951048951049,1.1844482441481161,38.293706293706286,34.900193392700615,0,0,0.48452797202797204,0.31598977679522,NA,NA,NA,NA,NA,NA,NA,NA,NA,NA,NA,NA,NA,NA,NA,NA,NA,NA,NA,NA,NA,NA,NA,NA,NA,NA,NA,NA,NA,NA,NA,NA,NA,NA,NA,NA,NA,NA,NA,NA,NA,NA,NA,NA,Tyrod,Taylor,NYJ,QB,36,9
QB,14063,average,71.06666666666666,43.68081195826531,0.6666666666666666,0.3511884584284246,0.16666666666666669,0.20816659994661327,6.2,1.3114877048604,0,0,0,0,NA,NA,NA,NA,NA,NA,NA,NA,NA,NA,NA,NA,NA,NA,NA,NA,NA,NA,NA,NA,NA,NA,NA,NA,NA,NA,NA,NA,NA,NA,NA,NA,NA,NA,NA,NA,NA,NA,NA,NA,NA,NA,NA,NA,Jarrett,Stidham,DEN,QB,29,1
QB,14063,robust,70.3,57.8214,0.675,0.44478000000000006,0.15000000000000002,0.14826,6.15,1.4826,0,0,0,0,NA,NA,NA,NA,NA,NA,NA,NA,NA,NA,NA,NA,NA,NA,NA,NA,NA,NA,NA,NA,NA,NA,NA,NA,NA,NA,NA,NA,NA,NA,NA,NA,NA,NA,NA,NA,NA,NA,NA,NA,NA,NA,NA,NA,Jarrett,Stidham,DEN,QB,29,1
QB,14063,weighted,48.70383275261324,27.577164466275356,0.6536585365853659,0.4949747468305833,0.049477351916376304,0.07071067811865477,5.494773519163763,0.7071067811865476,0,0,0,0,NA,NA,NA,NA,NA,NA,NA,NA,NA,NA,NA,NA,NA,NA,NA,NA,NA,NA,NA,NA,NA,NA,NA,NA,NA,NA,NA,NA,NA,NA,NA,NA,NA,NA,NA,NA,NA,NA,NA,NA,NA,NA,NA,NA,Jarrett,Stidham,DEN,QB,29,1
QB,10703,average,2698.785714285714,489.9396099812419,17.142857142857142,6.974682105744352,7.485714285714286,2.165970584155882,186.44285714285715,64.60242144953126,1.7142857142857142,0.4913538149119954,3.2,0.916515138991168,NA,NA,NA,NA,NA,NA,NA,NA,NA,NA,NA,NA,NA,NA,NA,NA,NA,NA,NA,NA,NA,NA,NA,NA,NA,NA,NA,NA,NA,NA,NA,NA,NA,NA,NA,NA,NA,NA,NA,NA,NA,NA,NA,NA,Russell,Wilson,NYG,QB,37,8
QB,10703,robust,2695.875,302.4504,15.075,1.4826,7.4,1.4826,177.525,50.4084,1.9249999999999998,0.14826000000000011,3.2,0,NA,NA,NA,NA,NA,NA,NA,NA,NA,NA,NA,NA,NA,NA,NA,NA,NA,NA,NA,NA,NA,NA,NA,NA,NA,NA,NA,NA,NA,NA,NA,NA,NA,NA,NA,NA,NA,NA,NA,NA,NA,NA,NA,NA,Russell,Wilson,NYG,QB,37,8
QB,10703,weighted,2647.02965599051,528.537440657652,17.21447212336892,7.6639646007724425,7.372004744958482,2.3727912852895408,181.38671411625148,70.68448530621914,1.6514827995255041,0.5432290656277541,3.3039145907473313,0.9644658017664366,NA,NA,NA,NA,NA,NA,NA,NA,NA,NA,NA,NA,NA,NA,NA,NA,NA,NA,NA,NA,NA,NA,NA,NA,NA,NA,NA,NA,NA,NA,NA,NA,NA,NA,NA,NA,NA,NA,NA,NA,NA,NA,NA,NA,Russell,Wilson,NYG,QB,37,8
QB,16152,average,1522.057142857143,888.4014986801536,9.871428571428572,6.977276041004896,6.242857142857143,2.963026123665434,353.48571428571427,209.36885655521476,3.442857142857143,2.1709115925935683,1.2333333333333334,0.4333333333333333,NA,NA,NA,NA,NA,NA,NA,NA,NA,NA,NA,NA,NA,NA,NA,NA,NA,NA,NA,NA,NA,NA,NA,NA,NA,NA,NA,NA,NA,NA,NA,NA,NA,NA,NA,NA,NA,NA,NA,NA,NA,NA,NA,NA,Anthony,Richardson,IND,QB,23,-3
QB,16152,robust,1470,822.843,8.5,2.9652,5.675,2.2239,378.85,286.1418,2.925,1.0378200000000002,1.2333333333333334,0,NA,NA,NA,NA,NA,NA,NA,NA,NA,NA,NA,NA,NA,NA,NA,NA,NA,NA,NA,NA,NA,NA,NA,NA,NA,NA,NA,NA,NA,NA,NA,NA,NA,NA,NA,NA,NA,NA,NA,NA,NA,NA,NA,NA,Anthony,Richardson,IND,QB,23,-3
QB,16152,weighted,1614.0521945432977,866.0767420903428,10.602609727164886,7.002693727038407,6.548042704626334,2.802330176136711,373.0818505338078,205.16138058763752,3.6386714116251486,2.1236533342895805,1.237129300118624,0.4755310706532078,NA,NA,NA,NA,NA,NA,NA,NA,NA,NA,NA,NA,NA,NA,NA,NA,NA,NA,NA,NA,NA,NA,NA,NA,NA,NA,NA,NA,NA,NA,NA,NA,NA,NA,NA,NA,NA,NA,NA,NA,NA,NA,NA,NA,Anthony,Richardson,IND,QB,23,-3
QB,17031,average,772.3142857142857,515.2827942938112,3.7285714285714286,2.425362025014194,3.0714285714285716,2.1297216451250818,35,22.93468988235943,0.5166666666666667,0.4844813951249544,0.6666666666666666,0.3333333333333333,NA,NA,NA,NA,NA,NA,NA,NA,NA,NA,NA,NA,NA,NA,NA,NA,NA,NA,NA,NA,NA,NA,NA,NA,NA,NA,NA,NA,NA,NA,NA,NA,NA,NA,NA,NA,NA,NA,NA,NA,NA,NA,NA,NA,Shedeur,Sanders,CLE,QB,23,-5
QB,17031,robust,763.3,421.05839999999995,3.525,1.3343399999999999,3,1.4826,35.75,25.2042,0.5,0.7165899999999998,0.6666666666666666,0,NA,NA,NA,NA,NA,NA,NA,NA,NA,NA,NA,NA,NA,NA,NA,NA,NA,NA,NA,NA,NA,NA,NA,NA,NA,NA,NA,NA,NA,NA,NA,NA,NA,NA,NA,NA,NA,NA,NA,NA,NA,NA,NA,NA,Shedeur,Sanders,CLE,QB,23,-5
QB,17031,weighted,790.1660735468565,550.9985322754253,3.8102016607354687,2.5981242090503764,3.151838671411625,2.271114825424197,35.774614472123375,25.69542180054517,0.572162910241202,0.4942822772082538,0.6097271648873073,0.32899389207837837,NA,NA,NA,NA,NA,NA,NA,NA,NA,NA,NA,NA,NA,NA,NA,NA,NA,NA,NA,NA,NA,NA,NA,NA,NA,NA,NA,NA,NA,NA,NA,NA,NA,NA,NA,NA,NA,NA,NA,NA,NA,NA,NA,NA,Shedeur,Sanders,CLE,QB,23,-5
QB,17033,average,143.68,62.822066186969685,0.76,0.433589667773576,0.76,0.433589667773576,66.58,36.346691733911634,0.6,0.5477225575051661,0.7,0.21213203435596426,NA,NA,NA,NA,NA,NA,NA,NA,NA,NA,NA,NA,NA,NA,NA,NA,NA,NA,NA,NA,NA,NA,NA,NA,NA,NA,NA,NA,NA,NA,NA,NA,NA,NA,NA,NA,NA,NA,NA,NA,NA,NA,NA,NA,Jalen,Milroe,SEA,QB,23,-5
QB,17033,robust,157.2,7.412999999999999,0.9,0,0.9,0,65.45,50.4084,0.5,0,0.7,0,NA,NA,NA,NA,NA,NA,NA,NA,NA,NA,NA,NA,NA,NA,NA,NA,NA,NA,NA,NA,NA,NA,NA,NA,NA,NA,NA,NA,NA,NA,NA,NA,NA,NA,NA,NA,NA,NA,NA,NA,NA,NA,NA,NA,Jalen,Milroe,SEA,QB,23,-5
QB,17033,weighted,143.3660245183888,74.34433018172618,0.725043782837128,0.5162712384661947,0.725043782837128,0.5162712384661947,55.24868651488617,31.89900979127244,0.5096322241681261,0.578034080015471,0.7735551663747812,0.14922852349815363,NA,NA,NA,NA,NA,NA,NA,NA,NA,NA,NA,NA,NA,NA,NA,NA,NA,NA,NA,NA,NA,NA,NA,NA,NA,NA,NA,NA,NA,NA,NA,NA,NA,NA,NA,NA,NA,NA,NA,NA,NA,NA,NA,NA,Jalen,Milroe,SEA,QB,23,-5
QB,10700,average,1680.78,1851.1294503626698,10.26,10.734430585736721,5.88,5.884895920914829,21.86,19.360991710137164,0,0,0.5,0.07071067811865474,NA,NA,NA,NA,NA,NA,NA,NA,NA,NA,NA,NA,NA,NA,NA,NA,NA,NA,NA,NA,NA,NA,NA,NA,NA,NA,NA,NA,NA,NA,NA,NA,NA,NA,NA,NA,NA,NA,NA,NA,NA,NA,NA,NA,Kirk,Cousins,ATL,QB,37,8
QB,10700,robust,1814.95,1251.3144,10.35,11.267759999999999,6,7.116479999999999,21.5,29.651999999999997,0,0,0.5,0,NA,NA,NA,NA,NA,NA,NA,NA,NA,NA,NA,NA,NA,NA,NA,NA,NA,NA,NA,NA,NA,NA,NA,NA,NA,NA,NA,NA,NA,NA,NA,NA,NA,NA,NA,NA,NA,NA,NA,NA,NA,NA,NA,NA,Kirk,Cousins,ATL,QB,37,8
QB,10700,weighted,1921.2264492753623,1896.377464175384,11.790217391304346,10.843383158261815,6.734782608695651,5.960684313465479,24.58152173913043,20.47658108963928,0,0,0.5257246376811594,0.050547554369531,NA,NA,NA,NA,NA,NA,NA,NA,NA,NA,NA,NA,NA,NA,NA,NA,NA,NA,NA,NA,NA,NA,NA,NA,NA,NA,NA,NA,NA,NA,NA,NA,NA,NA,NA,NA,NA,NA,NA,NA,NA,NA,NA,NA,Kirk,Cousins,ATL,QB,37,8
QB,12140,average,400.825,379.1867470873246,2.425,2.0271079563424013,1.775,1.63783393541592,16.075,13.893253758569301,0,0,0.05,0.040824829046386304,NA,NA,NA,NA,NA,NA,NA,NA,NA,NA,NA,NA,NA,NA,NA,NA,NA,NA,NA,NA,NA,NA,NA,NA,NA,NA,NA,NA,NA,NA,NA,NA,NA,NA,NA,NA,NA,NA,NA,NA,NA,NA,NA,NA,Jameis,Winston,NYG,QB,31,5
QB,12140,robust,387.325,301.7091,2.425,1.9273799999999999,1.675,1.18608,14.825,10.3782,0,0,0.05,0.037065,NA,NA,NA,NA,NA,NA,NA,NA,NA,NA,NA,NA,NA,NA,NA,NA,NA,NA,NA,NA,NA,NA,NA,NA,NA,NA,NA,NA,NA,NA,NA,NA,NA,NA,NA,NA,NA,NA,NA,NA,NA,NA,NA,NA,Jameis,Winston,NYG,QB,31,5
QB,12140,weighted,447.30617283950613,429.29097663893623,2.6958024691358027,2.291100599390979,2.0464197530864197,1.7809220830498207,16.861728395061725,16.338769082829643,0,0,0.06753086419753086,0.029249334797835935,NA,NA,NA,NA,NA,NA,NA,NA,NA,NA,NA,NA,NA,NA,NA,NA,NA,NA,NA,NA,NA,NA,NA,NA,NA,NA,NA,NA,NA,NA,NA,NA,NA,NA,NA,NA,NA,NA,NA,NA,NA,NA,NA,NA,Jameis,Winston,NYG,QB,31,5
QB,16159,average,379.875,384.91608934069427,2.525,2.359908190304586,1.225,1.212091855705114,5.75,2.5,0,0,0,0,NA,NA,NA,NA,NA,NA,NA,NA,NA,NA,NA,NA,NA,NA,NA,NA,NA,NA,NA,NA,NA,NA,NA,NA,NA,NA,NA,NA,NA,NA,NA,NA,NA,NA,NA,NA,NA,NA,NA,NA,NA,NA,NA,NA,Aidan,O'Connell,LVR,QB,27,-3
QB,16159,robust,277.375,158.63819999999998,1.775,0.7413,0.875,0.44477999999999995,5.75,2.2239,0,0,0,0,NA,NA,NA,NA,NA,NA,NA,NA,NA,NA,NA,NA,NA,NA,NA,NA,NA,NA,NA,NA,NA,NA,NA,NA,NA,NA,NA,NA,NA,NA,NA,NA,NA,NA,NA,NA,NA,NA,NA,NA,NA,NA,NA,NA,Aidan,O'Connell,LVR,QB,27,-3
QB,16159,weighted,428.4519230769231,422.0653284625871,2.8754807692307693,2.526618748424542,1.3865384615384615,1.3192468723308233,6.545673076923077,2.0177682737956157,0,0,0,0,NA,NA,NA,NA,NA,NA,NA,NA,NA,NA,NA,NA,NA,NA,NA,NA,NA,NA,NA,NA,NA,NA,NA,NA,NA,NA,NA,NA,NA,NA,NA,NA,NA,NA,NA,NA,NA,NA,NA,NA,NA,NA,NA,NA,Aidan,O'Connell,LVR,QB,27,-3
QB,10313,average,240.15,147.08622187909603,2.35,1.2871156384205216,1.225,0.5560275772537426,7.5,3.1091263510296048,0,0,0,0,NA,NA,NA,NA,NA,NA,NA,NA,NA,NA,NA,NA,NA,NA,NA,NA,NA,NA,NA,NA,NA,NA,NA,NA,NA,NA,NA,NA,NA,NA,NA,NA,NA,NA,NA,NA,NA,NA,NA,NA,NA,NA,NA,NA,Andy,Dalton,CAR,QB,38,9
QB,10313,robust,188,44.03322,2.35,1.18608,1.15,0.37065000000000015,7.5,3.7064999999999997,0,0,0,0,NA,NA,NA,NA,NA,NA,NA,NA,NA,NA,NA,NA,NA,NA,NA,NA,NA,NA,NA,NA,NA,NA,NA,NA,NA,NA,NA,NA,NA,NA,NA,NA,NA,NA,NA,NA,NA,NA,NA,NA,NA,NA,NA,NA,Andy,Dalton,CAR,QB,38,9
QB,10313,weighted,266.78846153846155,151.2209688615533,2.762019230769231,1.0172012692123906,1.3639423076923076,0.515996609316728,7.867788461538461,3.7129278985447027,0,0,0,0,NA,NA,NA,NA,NA,NA,NA,NA,NA,NA,NA,NA,NA,NA,NA,NA,NA,NA,NA,NA,NA,NA,NA,NA,NA,NA,NA,NA,NA,NA,NA,NA,NA,NA,NA,NA,NA,NA,NA,NA,NA,NA,NA,NA,Andy,Dalton,CAR,QB,38,9
QB,15692,average,292.4,236.00101694696147,2.533333333333333,3.0088757590391353,1.1333333333333333,0.9073771725877467,14.833333333333334,8.1291655988381315,0.16666666666666666,0.28867513459481287,0.8,0.8,NA,NA,NA,NA,NA,NA,NA,NA,NA,NA,NA,NA,NA,NA,NA,NA,NA,NA,NA,NA,NA,NA,NA,NA,NA,NA,NA,NA,NA,NA,NA,NA,NA,NA,NA,NA,NA,NA,NA,NA,NA,NA,NA,NA,Kenny,Pickett,LVR,QB,27,-2
QB,15692,robust,267.3,102.00287999999999,2.15,0.59304,1.1,1.03782,14.125,5.1891,0.125,0,0.8,1.18608,NA,NA,NA,NA,NA,NA,NA,NA,NA,NA,NA,NA,NA,NA,NA,NA,NA,NA,NA,NA,NA,NA,NA,NA,NA,NA,NA,NA,NA,NA,NA,NA,NA,NA,NA,NA,NA,NA,NA,NA,NA,NA,NA,NA,Kenny,Pickett,LVR,QB,27,-2
QB,15692,weighted,390.26415094339615,261.62950903902254,3.6792452830188673,3.535533905932737,1.5894339622641507,0.7778174593052021,18.43018867924528,8.485281374238568,0.26792452830188673,0.3535533905932737,1.2286792452830189,0.5656854249492379,NA,NA,NA,NA,NA,NA,NA,NA,NA,NA,NA,NA,NA,NA,NA,NA,NA,NA,NA,NA,NA,NA,NA,NA,NA,NA,NA,NA,NA,NA,NA,NA,NA,NA,NA,NA,NA,NA,NA,NA,NA,NA,NA,NA,Kenny,Pickett,LVR,QB,27,-2
QB,11640,average,62.8,81.74154390516489,0.39999999999999997,0.42426406871192845,0.3,0.4242640687119285,4,5.656854249492381,0,0,0,0,NA,NA,NA,NA,NA,NA,NA,NA,NA,NA,NA,NA,NA,NA,NA,NA,NA,NA,NA,NA,NA,NA,NA,NA,NA,NA,NA,NA,NA,NA,NA,NA,NA,NA,NA,NA,NA,NA,NA,NA,NA,NA,NA,NA,Teddy,Bridgewater,TBB,QB,33,6
QB,11640,robust,62.8,85.69427999999999,0.39999999999999997,0.4447799999999999,0.3,0.44477999999999995,4,5.9304,0,0,0,0,NA,NA,NA,NA,NA,NA,NA,NA,NA,NA,NA,NA,NA,NA,NA,NA,NA,NA,NA,NA,NA,NA,NA,NA,NA,NA,NA,NA,NA,NA,NA,NA,NA,NA,NA,NA,NA,NA,NA,NA,NA,NA,NA,NA,Teddy,Bridgewater,TBB,QB,33,6
QB,11640,weighted,5,NA,0.1,NA,0,NA,0,NA,0,NA,0,NA,NA,NA,NA,NA,NA,NA,NA,NA,NA,NA,NA,NA,NA,NA,NA,NA,NA,NA,NA,NA,NA,NA,NA,NA,NA,NA,NA,NA,NA,NA,NA,NA,NA,NA,NA,NA,NA,NA,NA,NA,NA,NA,NA,NA,Teddy,Bridgewater,TBB,QB,33,6
QB,12610,average,176.1,94.61088732276005,1.35,0.9192388155425119,0.6499999999999999,0.07071067811865474,11.3,0.4242640687119283,0,0,0.3,0.4242640687119285,NA,NA,NA,NA,NA,NA,NA,NA,NA,NA,NA,NA,NA,NA,NA,NA,NA,NA,NA,NA,NA,NA,NA,NA,NA,NA,NA,NA,NA,NA,NA,NA,NA,NA,NA,NA,NA,NA,NA,NA,NA,NA,NA,NA,Carson,Wentz,MIN,QB,33,4
QB,12610,robust,176.1,99.18594,1.35,0.9636899999999999,0.6499999999999999,0.07412999999999997,11.3,0.44477999999999973,0,0,0.3,0.44477999999999995,NA,NA,NA,NA,NA,NA,NA,NA,NA,NA,NA,NA,NA,NA,NA,NA,NA,NA,NA,NA,NA,NA,NA,NA,NA,NA,NA,NA,NA,NA,NA,NA,NA,NA,NA,NA,NA,NA,NA,NA,NA,NA,NA,NA,Carson,Wentz,MIN,QB,33,4
QB,12610,weighted,243.00000000000003,NA,2,NA,0.7,NA,11,NA,0,NA,0.6,NA,NA,NA,NA,NA,NA,NA,NA,NA,NA,NA,NA,NA,NA,NA,NA,NA,NA,NA,NA,NA,NA,NA,NA,NA,NA,NA,NA,NA,NA,NA,NA,NA,NA,NA,NA,NA,NA,NA,NA,NA,NA,NA,NA,NA,Carson,Wentz,MIN,QB,33,4
QB,13124,average,263.1666666666667,213.30279729373765,2.4,2.6888659319497505,1.0666666666666667,0.8020806277010643,13.366666666666667,8.48547779051559,0,0,0.35,0.05000000000000002,NA,NA,NA,NA,NA,NA,NA,NA,NA,NA,NA,NA,NA,NA,NA,NA,NA,NA,NA,NA,NA,NA,NA,NA,NA,NA,NA,NA,NA,NA,NA,NA,NA,NA,NA,NA,NA,NA,NA,NA,NA,NA,NA,NA,Cooper,Rush,BAL,QB,32,3
QB,13124,robust,238.375,68.9409,2.05,0.44478000000000006,1.0499999999999998,1.03782,12.55,4.59606,0,0,0.35,0.07412999999999997,NA,NA,NA,NA,NA,NA,NA,NA,NA,NA,NA,NA,NA,NA,NA,NA,NA,NA,NA,NA,NA,NA,NA,NA,NA,NA,NA,NA,NA,NA,NA,NA,NA,NA,NA,NA,NA,NA,NA,NA,NA,NA,NA,NA,Cooper,Rush,BAL,QB,32,3
QB,13124,weighted,348.3320754716981,243.2447327281723,3.411320754716981,3.1819805153394634,1.482264150943396,0.6363961030678926,15.573584905660375,11.313708498984758,0,0,0.32320754716981126,0.03535533905932736,NA,NA,NA,NA,NA,NA,NA,NA,NA,NA,NA,NA,NA,NA,NA,NA,NA,NA,NA,NA,NA,NA,NA,NA,NA,NA,NA,NA,NA,NA,NA,NA,NA,NA,NA,NA,NA,NA,NA,NA,NA,NA,NA,NA,Cooper,Rush,BAL,QB,32,3
QB,15240,average,62.45,68.51864709697645,0.30000000000000004,0.14142135623730953,0.25,0.21213203435596428,6.75,8.131727983645296,0,0,0,0,NA,NA,NA,NA,NA,NA,NA,NA,NA,NA,NA,NA,NA,NA,NA,NA,NA,NA,NA,NA,NA,NA,NA,NA,NA,NA,NA,NA,NA,NA,NA,NA,NA,NA,NA,NA,NA,NA,NA,NA,NA,NA,NA,NA,Trey,Lance,LAC,QB,25,-1
QB,15240,robust,62.45,71.83197,0.30000000000000004,0.14826,0.25,0.22239000000000003,6.75,8.524949999999999,0,0,0,0,NA,NA,NA,NA,NA,NA,NA,NA,NA,NA,NA,NA,NA,NA,NA,NA,NA,NA,NA,NA,NA,NA,NA,NA,NA,NA,NA,NA,NA,NA,NA,NA,NA,NA,NA,NA,NA,NA,NA,NA,NA,NA,NA,NA,Trey,Lance,LAC,QB,25,-1
QB,15240,weighted,14,NA,0.2,NA,0.1,NA,1,NA,0,NA,0,NA,NA,NA,NA,NA,NA,NA,NA,NA,NA,NA,NA,NA,NA,NA,NA,NA,NA,NA,NA,NA,NA,NA,NA,NA,NA,NA,NA,NA,NA,NA,NA,NA,NA,NA,NA,NA,NA,NA,NA,NA,NA,NA,NA,NA,Trey,Lance,LAC,QB,25,-1
QB,12621,average,84.1,36.91097397793778,0.75,0.21213203435596428,1.55,1.3435028842544403,6,1.4142135623730951,0,0,0.4,0.5656854249492381,NA,NA,NA,NA,NA,NA,NA,NA,NA,NA,NA,NA,NA,NA,NA,NA,NA,NA,NA,NA,NA,NA,NA,NA,NA,NA,NA,NA,NA,NA,NA,NA,NA,NA,NA,NA,NA,NA,NA,NA,NA,NA,NA,NA,Brandon,Allen,TEN,QB,33,4
QB,12621,robust,84.1,38.69586,0.75,0.22239000000000003,1.55,1.4084699999999999,6,1.4826,0,0,0.4,0.59304,NA,NA,NA,NA,NA,NA,NA,NA,NA,NA,NA,NA,NA,NA,NA,NA,NA,NA,NA,NA,NA,NA,NA,NA,NA,NA,NA,NA,NA,NA,NA,NA,NA,NA,NA,NA,NA,NA,NA,NA,NA,NA,NA,NA,Brandon,Allen,TEN,QB,33,4
QB,12621,weighted,58,NA,0.9,NA,2.5,NA,7,NA,0,NA,0.8,NA,NA,NA,NA,NA,NA,NA,NA,NA,NA,NA,NA,NA,NA,NA,NA,NA,NA,NA,NA,NA,NA,NA,NA,NA,NA,NA,NA,NA,NA,NA,NA,NA,NA,NA,NA,NA,NA,NA,NA,NA,NA,NA,NA,NA,Brandon,Allen,TEN,QB,33,4
QB,15693,average,107.43333333333334,95.52729103943717,1.0666666666666667,0.8326663997864531,0.6,0.34641016151377546,6.9,6.295236294214857,0.15000000000000002,0.18027756377319948,0,0,NA,NA,NA,NA,NA,NA,NA,NA,NA,NA,NA,NA,NA,NA,NA,NA,NA,NA,NA,NA,NA,NA,NA,NA,NA,NA,NA,NA,NA,NA,NA,NA,NA,NA,NA,NA,NA,NA,NA,NA,NA,NA,NA,NA,Sam,Howell,PHI,QB,25,-2
QB,15693,robust,103.4,104.22677999999999,1,0.59304,0.55,0,6.35,4.00302,0.1375,0.14826,0,0,NA,NA,NA,NA,NA,NA,NA,NA,NA,NA,NA,NA,NA,NA,NA,NA,NA,NA,NA,NA,NA,NA,NA,NA,NA,NA,NA,NA,NA,NA,NA,NA,NA,NA,NA,NA,NA,NA,NA,NA,NA,NA,NA,NA,Sam,Howell,PHI,QB,25,-2
QB,15693,weighted,114.82978723404256,133.64318164425748,1.1943262411347517,1.131370849898476,0.6978723404255318,0.42426406871192845,7.957446808510638,8.48528137423857,0.22411347517730495,0.1767766952966369,0,0,NA,NA,NA,NA,NA,NA,NA,NA,NA,NA,NA,NA,NA,NA,NA,NA,NA,NA,NA,NA,NA,NA,NA,NA,NA,NA,NA,NA,NA,NA,NA,NA,NA,NA,NA,NA,NA,NA,NA,NA,NA,NA,NA,NA,Sam,Howell,PHI,QB,25,-2
QB,13879,average,62.8,63.356767594314654,0.44999999999999996,0.21213203435596426,0.1,0,1.15,0.21213203435596428,0,0,0,0,NA,NA,NA,NA,NA,NA,NA,NA,NA,NA,NA,NA,NA,NA,NA,NA,NA,NA,NA,NA,NA,NA,NA,NA,NA,NA,NA,NA,NA,NA,NA,NA,NA,NA,NA,NA,NA,NA,NA,NA,NA,NA,NA,NA,Kyle,Allen,DET,QB,29,2
QB,13879,robust,62.8,66.42048,0.44999999999999996,0.22238999999999998,0.1,0,1.15,0.22239000000000003,0,0,0,0,NA,NA,NA,NA,NA,NA,NA,NA,NA,NA,NA,NA,NA,NA,NA,NA,NA,NA,NA,NA,NA,NA,NA,NA,NA,NA,NA,NA,NA,NA,NA,NA,NA,NA,NA,NA,NA,NA,NA,NA,NA,NA,NA,NA,Kyle,Allen,DET,QB,29,2
QB,13879,weighted,18,NA,0.3,NA,0.1,NA,1,NA,0,NA,0,NA,NA,NA,NA,NA,NA,NA,NA,NA,NA,NA,NA,NA,NA,NA,NA,NA,NA,NA,NA,NA,NA,NA,NA,NA,NA,NA,NA,NA,NA,NA,NA,NA,NA,NA,NA,NA,NA,NA,NA,NA,NA,NA,NA,NA,Kyle,Allen,DET,QB,29,2
QB,13113,average,676,533.0168852860104,5.3999999999999995,6.4443773942872085,4.566666666666666,5.79338703465713,52.333333333333336,54.24327915358117,0.16666666666666666,0.28867513459481287,1.55,1.55,NA,NA,NA,NA,NA,NA,NA,NA,NA,NA,NA,NA,NA,NA,NA,NA,NA,NA,NA,NA,NA,NA,NA,NA,NA,NA,NA,NA,NA,NA,NA,NA,NA,NA,NA,NA,NA,NA,NA,NA,NA,NA,NA,NA,Deshaun,Watson,CLE,QB,30,3
QB,13113,robust,701.75,550.0446,4.8,3.7064999999999997,3.925,2.2239,47,28.1694,0.125,0,1.55,2.29803,NA,NA,NA,NA,NA,NA,NA,NA,NA,NA,NA,NA,NA,NA,NA,NA,NA,NA,NA,NA,NA,NA,NA,NA,NA,NA,NA,NA,NA,NA,NA,NA,NA,NA,NA,NA,NA,NA,NA,NA,NA,NA,NA,NA,Deshaun,Watson,CLE,QB,30,3
QB,13113,weighted,977.7999999999998,262.3366158202091,8.197735849056603,6.858935777509509,6.929811320754716,6.505382386916236,75.4754716981132,58.689862838483435,0.26792452830188673,0.3535533905932737,2.380566037735849,1.0960155108391485,NA,NA,NA,NA,NA,NA,NA,NA,NA,NA,NA,NA,NA,NA,NA,NA,NA,NA,NA,NA,NA,NA,NA,NA,NA,NA,NA,NA,NA,NA,NA,NA,NA,NA,NA,NA,NA,NA,NA,NA,NA,NA,NA,NA,Deshaun,Watson,CLE,QB,30,3
QB,16149,average,258.5,239.7091988222396,1.95,1.4849242404917498,1.5,0.7071067811865476,21,16.97056274847714,0,0,0.6,0,NA,NA,NA,NA,NA,NA,NA,NA,NA,NA,NA,NA,NA,NA,NA,NA,NA,NA,NA,NA,NA,NA,NA,NA,NA,NA,NA,NA,NA,NA,NA,NA,NA,NA,NA,NA,NA,NA,NA,NA,NA,NA,NA,NA,Will,Levis,TEN,QB,26,-3
QB,16149,robust,258.5,251.30069999999998,1.95,1.5567299999999997,1.5,0.7413,21,17.7912,0,0,0.6,0,NA,NA,NA,NA,NA,NA,NA,NA,NA,NA,NA,NA,NA,NA,NA,NA,NA,NA,NA,NA,NA,NA,NA,NA,NA,NA,NA,NA,NA,NA,NA,NA,NA,NA,NA,NA,NA,NA,NA,NA,NA,NA,NA,NA,Will,Levis,TEN,QB,26,-3
QB,16149,weighted,246.34716981132073,239.70919882223956,1.8747169811320754,1.4849242404917495,1.4641509433962263,0.7071067811865474,20.139622641509433,16.970562748477136,0,0,0.5999999999999999,1.5741437087491992e-16,NA,NA,NA,NA,NA,NA,NA,NA,NA,NA,NA,NA,NA,NA,NA,NA,NA,NA,NA,NA,NA,NA,NA,NA,NA,NA,NA,NA,NA,NA,NA,NA,NA,NA,NA,NA,NA,NA,NA,NA,NA,NA,NA,NA,Will,Levis,TEN,QB,26,-3
RB,13130,average,NA,NA,NA,NA,NA,NA,1013.9875,207.17577380089594,8.00625,1.4373680063624228,1.75,0.3443420226626843,60,8.618253054667502,513.7375,59.14975999226757,3.55625,0.7871456118696936,NA,NA,NA,NA,NA,NA,NA,NA,NA,NA,NA,NA,NA,NA,NA,NA,NA,NA,NA,NA,NA,NA,NA,NA,NA,NA,NA,NA,NA,NA,NA,NA,NA,NA,NA,NA,NA,NA,Christian,McCaffrey,SFO,RB,29,3
RB,13130,robust,NA,NA,NA,NA,NA,NA,1046.5,146.0361,8.075,0.7042350000000007,1.7625,0.03706500000000003,61,5.6338800000000004,515.25,54.78206999999998,3.325,0.29652000000000023,0,NA,NA,NA,NA,NA,NA,NA,NA,NA,NA,NA,NA,NA,NA,NA,NA,NA,NA,NA,NA,NA,NA,NA,NA,NA,NA,NA,NA,NA,NA,NA,NA,NA,NA,NA,NA,NA,Christian,McCaffrey,SFO,RB,29,3
RB,13130,weighted,NA,NA,NA,NA,NA,NA,1003.3987854251012,223.63622284258324,7.948886639676114,1.5403081179399132,1.7400303643724697,0.37499458448459755,59.253846153846155,9.303739955639497,507.7651821862348,63.16995007092693,3.5104251012145746,0.8205534514776642,NA,NA,NA,NA,NA,NA,NA,NA,NA,NA,NA,NA,NA,NA,NA,NA,NA,NA,NA,NA,NA,NA,NA,NA,NA,NA,NA,NA,NA,NA,NA,NA,NA,NA,NA,NA,NA,NA,Christian,McCaffrey,SFO,RB,29,3
RB,15715,average,NA,NA,NA,NA,NA,NA,1050.5,121.4719250338471,9.439772727272727,2.2760595700617974,1.35,0.30937725468153876,33.3,7.754077268490061,276.8375,64.49770621613499,1.9227272727272726,0.3937528695946857,NA,NA,NA,NA,NA,NA,NA,NA,NA,NA,NA,NA,NA,NA,NA,NA,NA,NA,NA,NA,NA,NA,NA,NA,NA,NA,NA,NA,NA,NA,NA,NA,NA,NA,NA,NA,NA,NA,James,Cook,BUF,RB,26,-2
RB,15715,robust,NA,NA,NA,NA,NA,NA,1054.25,71.9061,9.454545454545455,2.89107,1.35,0.03706499999999987,34.05,4.0030199999999985,281.925,36.323699999999995,2,0.07413000000000006,0,NA,NA,NA,NA,NA,NA,NA,NA,NA,NA,NA,NA,NA,NA,NA,NA,NA,NA,NA,NA,NA,NA,NA,NA,NA,NA,NA,NA,NA,NA,NA,NA,NA,NA,NA,NA,NA,James,Cook,BUF,RB,26,-2
RB,15715,weighted,NA,NA,NA,NA,NA,NA,1045.8178137651823,133.13049693223564,9.426278984173722,2.4635301538273353,1.3404352226720648,0.33371247372112833,33.276923076923076,8.274913902673855,276.70141700404855,68.20483578943654,1.9202797202797204,0.42913024721057647,NA,NA,NA,NA,NA,NA,NA,NA,NA,NA,NA,NA,NA,NA,NA,NA,NA,NA,NA,NA,NA,NA,NA,NA,NA,NA,NA,NA,NA,NA,NA,NA,NA,NA,NA,NA,NA,NA,James,Cook,BUF,RB,26,-2
RB,14802,average,NA,NA,NA,NA,NA,NA,1328.5125,254.3532158099385,10.368664383561644,2.0029987755475336,1.375,0.33964266937053544,25.575,6.173850384600243,191.525,44.36059222843111,1.268835616438356,0.38257123319098485,NA,NA,NA,NA,NA,NA,NA,NA,NA,NA,NA,NA,NA,NA,NA,NA,NA,NA,NA,NA,NA,NA,NA,NA,NA,NA,NA,NA,NA,NA,NA,NA,NA,NA,NA,NA,NA,NA,Jonathan,Taylor,IND,RB,26,0
RB,14802,robust,NA,NA,NA,NA,NA,NA,1378.775,95.70182999999993,10.7,1.0378200000000002,1.375,0.16679250000000007,26,9.636899999999999,194.3,62.2692,1.1503424657534245,0.11170273972602751,0,NA,NA,NA,NA,NA,NA,NA,NA,NA,NA,NA,NA,NA,NA,NA,NA,NA,NA,NA,NA,NA,NA,NA,NA,NA,NA,NA,NA,NA,NA,NA,NA,NA,NA,NA,NA,NA,Jonathan,Taylor,IND,RB,26,0
RB,14802,weighted,NA,NA,NA,NA,NA,NA,1316.903846153846,277.1749594924347,10.258310687149908,2.1443310442868535,1.340258097165992,0.35383881104240844,25.26336032388664,6.611299779490919,190.37550607287451,48.17746827250224,1.2671953857245852,0.4168300327132232,NA,NA,NA,NA,NA,NA,NA,NA,NA,NA,NA,NA,NA,NA,NA,NA,NA,NA,NA,NA,NA,NA,NA,NA,NA,NA,NA,NA,NA,NA,NA,NA,NA,NA,NA,NA,NA,NA,Jonathan,Taylor,IND,RB,26,0
RB,16162,average,NA,NA,NA,NA,NA,NA,1182.425,215.45503839880044,11.263302139037433,2.991942705333766,1.55,0.3139608710833701,54.5125,10.19908084093856,472.2375,102.09768344230791,2.424197860962567,0.8228830691113008,NA,NA,NA,NA,NA,NA,NA,NA,NA,NA,NA,NA,NA,NA,NA,NA,NA,NA,NA,NA,NA,NA,NA,NA,NA,NA,NA,NA,NA,NA,NA,NA,NA,NA,NA,NA,NA,NA,Jahmyr,Gibbs,DET,RB,23,-3
RB,16162,robust,NA,NA,NA,NA,NA,NA,1236.35,88.65947999999993,11.6,1.4826,1.55,0.185325,57.025000000000006,5.0408399999999975,487.75,49.59296999999998,2.5,0.7413,0,NA,NA,NA,NA,NA,NA,NA,NA,NA,NA,NA,NA,NA,NA,NA,NA,NA,NA,NA,NA,NA,NA,NA,NA,NA,NA,NA,NA,NA,NA,NA,NA,NA,NA,NA,NA,NA,Jahmyr,Gibbs,DET,RB,23,-3
RB,16162,weighted,NA,NA,NA,NA,NA,NA,1168.0445344129555,232.05531952461124,11.187079174695274,3.2247553907567625,1.58335020242915,0.3234448992045958,53.77712550607287,10.947443032775912,466.09412955465586,110.33378996870691,2.3655524042520946,0.8711893094888427,NA,NA,NA,NA,NA,NA,NA,NA,NA,NA,NA,NA,NA,NA,NA,NA,NA,NA,NA,NA,NA,NA,NA,NA,NA,NA,NA,NA,NA,NA,NA,NA,NA,NA,NA,NA,NA,NA,Jahmyr,Gibbs,DET,RB,23,-3
RB,16161,average,NA,NA,NA,NA,NA,NA,1343.475,306.4978757791689,10.982523696682465,3.3427463539159223,1.35,0.30937725468153876,58.0625,8.71565709349723,450.775,35.160925958878195,2.2424763033175354,0.5692877973681463,NA,NA,NA,NA,NA,NA,NA,NA,NA,NA,NA,NA,NA,NA,NA,NA,NA,NA,NA,NA,NA,NA,NA,NA,NA,NA,NA,NA,NA,NA,NA,NA,NA,NA,NA,NA,NA,NA,Bijan,Robinson,ATL,RB,23,-3
RB,16161,robust,NA,NA,NA,NA,NA,NA,1401.95,79.17084000000013,11.815047393364928,0.7117885308056867,1.35,0.03706499999999987,59.875,4.8184499999999995,455.25,32.6172,2.05,0,0,NA,NA,NA,NA,NA,NA,NA,NA,NA,NA,NA,NA,NA,NA,NA,NA,NA,NA,NA,NA,NA,NA,NA,NA,NA,NA,NA,NA,NA,NA,NA,NA,NA,NA,NA,NA,NA,Bijan,Robinson,ATL,RB,23,-3
RB,16161,weighted,NA,NA,NA,NA,NA,NA,1324.6973684210525,330.06698765841094,10.8482030815281,3.6196531338025597,1.3404352226720648,0.33371247372112833,57.70870445344129,9.422382252919313,450.7105263157895,38.40067196629908,2.23013699944356,0.5941496536591416,NA,NA,NA,NA,NA,NA,NA,NA,NA,NA,NA,NA,NA,NA,NA,NA,NA,NA,NA,NA,NA,NA,NA,NA,NA,NA,NA,NA,NA,NA,NA,NA,NA,NA,NA,NA,NA,NA,Bijan,Robinson,ATL,RB,23,-3
RB,12626,average,NA,NA,NA,NA,NA,NA,1450.3,272.88004690706134,13.074183006535948,2.668761557912551,1.275,0.3679091502764546,16.7375,3.7090381887646138,148.125,37.36093261301551,0.8508169934640523,0.34682193107036985,NA,NA,NA,NA,NA,NA,NA,NA,NA,NA,NA,NA,NA,NA,NA,NA,NA,NA,NA,NA,NA,NA,NA,NA,NA,NA,NA,NA,NA,NA,NA,NA,NA,NA,NA,NA,NA,NA,Derrick,Henry,BAL,RB,31,4
RB,12626,robust,NA,NA,NA,NA,NA,NA,1525.1,51.891,13.498366013071895,0.7461450980392156,1.275,0.0926625,17.15,1.2602099999999994,151.5,32.6172,0.95,0.004845098039215669,0,NA,NA,NA,NA,NA,NA,NA,NA,NA,NA,NA,NA,NA,NA,NA,NA,NA,NA,NA,NA,NA,NA,NA,NA,NA,NA,NA,NA,NA,NA,NA,NA,NA,NA,NA,NA,NA,Derrick,Henry,BAL,RB,31,4
RB,12626,weighted,NA,NA,NA,NA,NA,NA,1434.8886639676114,295.01817701251645,12.977682517001401,2.9100976597768056,1.2547317813765182,0.39364276279276117,16.80789473684211,4.073669723475297,147.75506072874495,40.49084566433173,0.8397263898811886,0.37825360815371245,NA,NA,NA,NA,NA,NA,NA,NA,NA,NA,NA,NA,NA,NA,NA,NA,NA,NA,NA,NA,NA,NA,NA,NA,NA,NA,NA,NA,NA,NA,NA,NA,NA,NA,NA,NA,NA,NA,Derrick,Henry,BAL,RB,31,4
RB,15742,average,NA,NA,NA,NA,NA,NA,715.875,128.93900828354023,3.8112500000000002,1.272067355584152,1,0.05345224838248489,47.05,7.498380777588871,353.4125,45.15454216987953,1.03875,0.5398528238590323,NA,NA,NA,NA,NA,NA,NA,NA,NA,NA,NA,NA,NA,NA,NA,NA,NA,NA,NA,NA,NA,NA,NA,NA,NA,NA,NA,NA,NA,NA,NA,NA,NA,NA,NA,NA,NA,NA,Jaylen,Warren,PIT,RB,27,-2
RB,15742,robust,NA,NA,NA,NA,NA,NA,676.5,44.477999999999994,3.8,1.1860799999999996,1,0,47.15,3.558239999999998,354.075,24.98181000000003,1.0274999999999999,0.08154299999999991,0,NA,NA,NA,NA,NA,NA,NA,NA,NA,NA,NA,NA,NA,NA,NA,NA,NA,NA,NA,NA,NA,NA,NA,NA,NA,NA,NA,NA,NA,NA,NA,NA,NA,NA,NA,NA,NA,Jaylen,Warren,PIT,RB,27,-2
RB,15742,weighted,NA,NA,NA,NA,NA,NA,727.9220647773279,142.5669805549531,3.906578947368421,1.3812729962887669,0.9856275303643725,0.0379104051543053,46.859514170040484,8.263715245502667,353.5161943319838,50.103009711001334,1.0296558704453442,0.5951875993775281,NA,NA,NA,NA,NA,NA,NA,NA,NA,NA,NA,NA,NA,NA,NA,NA,NA,NA,NA,NA,NA,NA,NA,NA,NA,NA,NA,NA,NA,NA,NA,NA,NA,NA,NA,NA,NA,NA,Jaylen,Warren,PIT,RB,27,-2
RB,15256,average,NA,NA,NA,NA,NA,NA,680.325,131.38640666805244,4.7,1.9361227824111333,1.1666666666666665,0.3559026084010437,34.275,7.331877561131839,225.9875,61.705763507147374,0.9875,0.1125991626459603,NA,NA,NA,NA,NA,NA,NA,NA,NA,NA,NA,NA,NA,NA,NA,NA,NA,NA,NA,NA,NA,NA,NA,NA,NA,NA,NA,NA,NA,NA,NA,NA,NA,NA,NA,NA,NA,NA,Javonte,Williams,DAL,RB,25,-1
RB,15256,robust,NA,NA,NA,NA,NA,NA,654.25,108.2298,4.5,1.63086,1.1666666666666665,0,34.625,7.338869999999998,231.25,60.0453,1,0,0,NA,NA,NA,NA,NA,NA,NA,NA,NA,NA,NA,NA,NA,NA,NA,NA,NA,NA,NA,NA,NA,NA,NA,NA,NA,NA,NA,NA,NA,NA,NA,NA,NA,NA,NA,NA,NA,Javonte,Williams,DAL,RB,25,-1
RB,15256,weighted,NA,NA,NA,NA,NA,NA,691.8724696356275,145.0430511091692,4.840890688259109,2.124933610703261,1.247604588394062,0.2955889466278615,34.13947368421052,7.908760733009427,225.41902834008098,67.10037048262606,0.9975708502024292,0.11337194680026491,NA,NA,NA,NA,NA,NA,NA,NA,NA,NA,NA,NA,NA,NA,NA,NA,NA,NA,NA,NA,NA,NA,NA,NA,NA,NA,NA,NA,NA,NA,NA,NA,NA,NA,NA,NA,NA,NA,Javonte,Williams,DAL,RB,25,-1
RB,17051,average,NA,NA,NA,NA,NA,NA,623.7125,239.06706433551236,4.203703703703704,2.062746846848593,1.1,0.07559289460184543,18.3,6.935004377380429,134.4125,58.8219210231793,0.5337962962962963,0.4880963493484719,NA,NA,NA,NA,NA,NA,NA,NA,NA,NA,NA,NA,NA,NA,NA,NA,NA,NA,NA,NA,NA,NA,NA,NA,NA,NA,NA,NA,NA,NA,NA,NA,NA,NA,NA,NA,NA,NA,Quinshon,Judkins,CLE,RB,22,-5
RB,17051,robust,NA,NA,NA,NA,NA,NA,614.175,92.88488999999996,4,1.6528244444444444,1.1,0.07412999999999989,17.425,7.1906099999999995,128.575,61.75029000000001,0.5,0.5408744444444444,0,NA,NA,NA,NA,NA,NA,NA,NA,NA,NA,NA,NA,NA,NA,NA,NA,NA,NA,NA,NA,NA,NA,NA,NA,NA,NA,NA,NA,NA,NA,NA,NA,NA,NA,NA,NA,NA,Quinshon,Judkins,CLE,RB,22,-5
RB,17051,weighted,NA,NA,NA,NA,NA,NA,618.8957489878542,254.86040648028168,4.189931024141551,2.2292581121641595,1.0855263157894737,0.06929986076029229,17.628947368421052,7.102967971468257,127.96862348178138,59.469997576236096,0.46776128355075725,0.5048820900657891,NA,NA,NA,NA,NA,NA,NA,NA,NA,NA,NA,NA,NA,NA,NA,NA,NA,NA,NA,NA,NA,NA,NA,NA,NA,NA,NA,NA,NA,NA,NA,NA,NA,NA,NA,NA,NA,NA,Quinshon,Judkins,CLE,RB,22,-5
RB,14073,average,NA,NA,NA,NA,NA,NA,1168.275,247.18062655244069,11.34698275862069,1.9571830371229377,1.775,0.4484098890205574,37.275,7.381782595397556,301,63.18905872741849,1.2780172413793103,0.7611398778859051,NA,NA,NA,NA,NA,NA,NA,NA,NA,NA,NA,NA,NA,NA,NA,NA,NA,NA,NA,NA,NA,NA,NA,NA,NA,NA,NA,NA,NA,NA,NA,NA,NA,NA,NA,NA,NA,NA,Josh,Jacobs,GBP,RB,27,1
RB,14073,robust,NA,NA,NA,NA,NA,NA,1227.75,55.00446000000003,11.59396551724138,1.019926551724138,1.775,0.16679250000000007,38.3,2.8169399999999976,308,50.4084,1.3,1.03782,0,NA,NA,NA,NA,NA,NA,NA,NA,NA,NA,NA,NA,NA,NA,NA,NA,NA,NA,NA,NA,NA,NA,NA,NA,NA,NA,NA,NA,NA,NA,NA,NA,NA,NA,NA,NA,NA,Josh,Jacobs,GBP,RB,27,1
RB,14073,weighted,NA,NA,NA,NA,NA,NA,1154.3441295546559,266.70622291588086,11.28103448275862,2.121734668557815,1.8117155870445343,0.47326723818745753,37.018623481781376,7.9321557469558455,298.74797570850205,66.97272945302831,1.2442691609660756,0.8208488097861029,NA,NA,NA,NA,NA,NA,NA,NA,NA,NA,NA,NA,NA,NA,NA,NA,NA,NA,NA,NA,NA,NA,NA,NA,NA,NA,NA,NA,NA,NA,NA,NA,NA,NA,NA,NA,NA,NA,Josh,Jacobs,GBP,RB,27,1
RB,13604,average,NA,NA,NA,NA,NA,NA,1548.2,356.6741289829055,11.202205882352942,3.232924934671078,1.325,0.32678083524851065,37.325,8.051219960797424,286.5125,63.89154733944524,1.8852941176470588,0.36811902478854636,NA,NA,NA,NA,NA,NA,NA,NA,NA,NA,NA,NA,NA,NA,NA,NA,NA,NA,NA,NA,NA,NA,NA,NA,NA,NA,NA,NA,NA,NA,NA,NA,NA,NA,NA,NA,NA,NA,Saquon,Barkley,PHI,RB,28,2
RB,13604,robust,NA,NA,NA,NA,NA,NA,1648.9,83.0256,11.649999999999999,1.7791200000000003,1.325,0.055597499999999966,38.35,5.337360000000002,292.25,43.81083000000002,2,0,0,NA,NA,NA,NA,NA,NA,NA,NA,NA,NA,NA,NA,NA,NA,NA,NA,NA,NA,NA,NA,NA,NA,NA,NA,NA,NA,NA,NA,NA,NA,NA,NA,NA,NA,NA,NA,NA,Saquon,Barkley,PHI,RB,28,2
RB,13604,weighted,NA,NA,NA,NA,NA,NA,1523.171052631579,383.9871166351297,11.101309835675162,3.4863799540954,1.3118674089068825,0.35158872179451506,36.61720647773279,8.459814563651404,281.331983805668,67.76833500605846,1.840795427482734,0.3746604248008836,NA,NA,NA,NA,NA,NA,NA,NA,NA,NA,NA,NA,NA,NA,NA,NA,NA,NA,NA,NA,NA,NA,NA,NA,NA,NA,NA,NA,NA,NA,NA,NA,NA,NA,NA,NA,NA,NA,Saquon,Barkley,PHI,RB,28,2
RB,16167,average,NA,NA,NA,NA,NA,NA,928.95,173.58708806491668,6.88343023255814,1.4054960152582237,1.075,0.5434677017607789,66.6875,13.791657675151722,514.5875,135.0265205431881,4.04156976744186,0.7580818899675537,NA,NA,NA,NA,NA,NA,NA,NA,NA,NA,NA,NA,NA,NA,NA,NA,NA,NA,NA,NA,NA,NA,NA,NA,NA,NA,NA,NA,NA,NA,NA,NA,NA,NA,NA,NA,NA,NA,De'Von,Achane,MIA,RB,24,-3
RB,16167,robust,NA,NA,NA,NA,NA,NA,971.9,61.97268000000001,7,0.5930399999999998,1.075,0.055597499999999966,69.375,5.559749999999999,520.925,45.9606,4,1.061955348837209,0,NA,NA,NA,NA,NA,NA,NA,NA,NA,NA,NA,NA,NA,NA,NA,NA,NA,NA,NA,NA,NA,NA,NA,NA,NA,NA,NA,NA,NA,NA,NA,NA,NA,NA,NA,NA,NA,De'Von,Achane,MIA,RB,24,-3
RB,16167,weighted,NA,NA,NA,NA,NA,NA,914.1194331983805,185.0430705595053,6.809886074757556,1.5270096700652565,1.0405617408906882,0.5789047860413908,66.2419028340081,14.976767999724299,513.006072874494,144.85158024168453,4.033028904999529,0.8035436213251844,NA,NA,NA,NA,NA,NA,NA,NA,NA,NA,NA,NA,NA,NA,NA,NA,NA,NA,NA,NA,NA,NA,NA,NA,NA,NA,NA,NA,NA,NA,NA,NA,NA,NA,NA,NA,NA,NA,De'Von,Achane,MIA,RB,24,-3
RB,15710,average,NA,NA,NA,NA,NA,NA,1192.6625,266.38151446750203,11.219021739130435,2.6079025062378363,2.425,0.4354800307050337,31.3875,5.940283182283003,196.9875,34.215303071662454,1.7184782608695652,0.46585113854516225,NA,NA,NA,NA,NA,NA,NA,NA,NA,NA,NA,NA,NA,NA,NA,NA,NA,NA,NA,NA,NA,NA,NA,NA,NA,NA,NA,NA,NA,NA,NA,NA,NA,NA,NA,NA,NA,NA,Kyren,Williams,LAR,RB,25,-2
RB,15710,robust,NA,NA,NA,NA,NA,NA,1249.15,117.1254,12,1.0378200000000002,2.39375,0.0926625,32.15,4.4478,200.475,36.323699999999995,1.848913043478261,0.22239000000000003,0,NA,NA,NA,NA,NA,NA,NA,NA,NA,NA,NA,NA,NA,NA,NA,NA,NA,NA,NA,NA,NA,NA,NA,NA,NA,NA,NA,NA,NA,NA,NA,NA,NA,NA,NA,NA,NA,Kyren,Williams,LAR,RB,25,-2
RB,15710,weighted,NA,NA,NA,NA,NA,NA,1183.5435222672063,290.85523530953037,11.10706741770815,2.825205019154983,2.442535425101214,0.4690879910959213,31.038663967611335,6.351662511566907,194.6184210526316,36.37306128523353,1.714187643020595,0.5087585392922414,NA,NA,NA,NA,NA,NA,NA,NA,NA,NA,NA,NA,NA,NA,NA,NA,NA,NA,NA,NA,NA,NA,NA,NA,NA,NA,NA,NA,NA,NA,NA,NA,NA,NA,NA,NA,NA,NA,Kyren,Williams,LAR,RB,25,-2
RB,17042,average,NA,NA,NA,NA,NA,NA,1175.5875,270.6258695136147,8.820518867924529,1.8681683081686813,1.45,0.5988083404324196,47.05,15.925899840018012,357.0625,120.3306271130861,2.1169811320754715,0.4870170191810321,NA,NA,NA,NA,NA,NA,NA,NA,NA,NA,NA,NA,NA,NA,NA,NA,NA,NA,NA,NA,NA,NA,NA,NA,NA,NA,NA,NA,NA,NA,NA,NA,NA,NA,NA,NA,NA,NA,Ashton,Jeanty,LVR,RB,22,-5
RB,17042,robust,NA,NA,NA,NA,NA,NA,1248.175,111.195,9.4,0.7147250943396231,1.45,0.33358499999999996,46.975,20.089229999999993,358.75,152.33714999999998,2,0,0,NA,NA,NA,NA,NA,NA,NA,NA,NA,NA,NA,NA,NA,NA,NA,NA,NA,NA,NA,NA,NA,NA,NA,NA,NA,NA,NA,NA,NA,NA,NA,NA,NA,NA,NA,NA,NA,Ashton,Jeanty,LVR,RB,22,-5
RB,17042,weighted,NA,NA,NA,NA,NA,NA,1164.1032388663969,294.06457612112297,8.710870063402337,2.012679171358695,1.3109817813765183,0.49723388623505194,47.30566801619433,17.249516243148044,356.4706477732793,129.90673090087668,2.152085402184707,0.517073571919283,NA,NA,NA,NA,NA,NA,NA,NA,NA,NA,NA,NA,NA,NA,NA,NA,NA,NA,NA,NA,NA,NA,NA,NA,NA,NA,NA,NA,NA,NA,NA,NA,NA,NA,NA,NA,NA,NA,Ashton,Jeanty,LVR,RB,22,-5
RB,16598,average,NA,NA,NA,NA,NA,NA,1119.9875,285.45793003773525,7.95548245614035,2.163913390216215,1.25,0.39096949095440026,47.5125,8.64893676372172,377.8375,53.32900410256532,1.8820175438596491,0.6757752310223412,NA,NA,NA,NA,NA,NA,NA,NA,NA,NA,NA,NA,NA,NA,NA,NA,NA,NA,NA,NA,NA,NA,NA,NA,NA,NA,NA,NA,NA,NA,NA,NA,NA,NA,NA,NA,NA,NA,Bucky,Irving,TBB,RB,23,-4
RB,16598,robust,NA,NA,NA,NA,NA,NA,1187,139.3644,8.4,1.0378200000000002,1.25,0.11119499999999993,48.575,5.708010000000002,377.75,45.2193,1.9249999999999998,0.5605268421052629,0,NA,NA,NA,NA,NA,NA,NA,NA,NA,NA,NA,NA,NA,NA,NA,NA,NA,NA,NA,NA,NA,NA,NA,NA,NA,NA,NA,NA,NA,NA,NA,NA,NA,NA,NA,NA,NA,Bucky,Irving,TBB,RB,23,-4
RB,16598,weighted,NA,NA,NA,NA,NA,NA,1107.4129554655872,309.2060563785404,7.8136657433056325,2.323209692350374,1.226163967611336,0.4171858170277474,47.69898785425101,9.312483123545213,380.7439271255061,56.21705916233154,1.9272249449534766,0.7327370662101107,NA,NA,NA,NA,NA,NA,NA,NA,NA,NA,NA,NA,NA,NA,NA,NA,NA,NA,NA,NA,NA,NA,NA,NA,NA,NA,NA,NA,NA,NA,NA,NA,NA,NA,NA,NA,NA,NA,Bucky,Irving,TBB,RB,23,-4
RB,15708,average,NA,NA,NA,NA,NA,NA,918.4875,167.29533711800985,5.181714876033058,1.1143506995260708,1.45,0.29032002047002253,48.5,12.09486313629527,392.8125,94.38898902944135,2.2807851239669423,0.8609334167763503,NA,NA,NA,NA,NA,NA,NA,NA,NA,NA,NA,NA,NA,NA,NA,NA,NA,NA,NA,NA,NA,NA,NA,NA,NA,NA,NA,NA,NA,NA,NA,NA,NA,NA,NA,NA,NA,NA,Breece,Hall,NYJ,RB,24,-2
RB,15708,robust,NA,NA,NA,NA,NA,NA,955.725,73.3887,5.188429752066115,0.41047190082644636,1.45,0.1111950000000001,47.25,5.1891,385.875,56.3388,2.1981404958677686,0.40495809917355363,0,NA,NA,NA,NA,NA,NA,NA,NA,NA,NA,NA,NA,NA,NA,NA,NA,NA,NA,NA,NA,NA,NA,NA,NA,NA,NA,NA,NA,NA,NA,NA,NA,NA,NA,NA,NA,NA,Breece,Hall,NYJ,RB,24,-2
RB,15708,weighted,NA,NA,NA,NA,NA,NA,908.0759109311741,179.0756489725133,5.042695820925486,1.1461933741213353,1.4259615384615385,0.30753712831940805,48.452429149797574,12.930895867769255,392.7580971659919,100.73631752523089,2.3095308997222874,0.9172810083519042,NA,NA,NA,NA,NA,NA,NA,NA,NA,NA,NA,NA,NA,NA,NA,NA,NA,NA,NA,NA,NA,NA,NA,NA,NA,NA,NA,NA,NA,NA,NA,NA,NA,NA,NA,NA,NA,NA,Breece,Hall,NYJ,RB,24,-2
RB,14823,average,NA,NA,NA,NA,NA,NA,496.65,159.39692594275462,2.544078947368421,0.7372337170944465,1.175,0.3223795456113359,23.4,6.602164147351338,161.725,43.03725130628116,1.055921052631579,0.1452843370198603,NA,NA,NA,NA,NA,NA,NA,NA,NA,NA,NA,NA,NA,NA,NA,NA,NA,NA,NA,NA,NA,NA,NA,NA,NA,NA,NA,NA,NA,NA,NA,NA,NA,NA,NA,NA,NA,NA,Rico,Dowdle,CAR,RB,27,0
RB,14823,robust,NA,NA,NA,NA,NA,NA,469.05,126.16926000000002,2.5,0.4096657894736843,1.13125,0.12972750000000002,22.85,7.709520000000001,158,39.2889,1,0,0,NA,NA,NA,NA,NA,NA,NA,NA,NA,NA,NA,NA,NA,NA,NA,NA,NA,NA,NA,NA,NA,NA,NA,NA,NA,NA,NA,NA,NA,NA,NA,NA,NA,NA,NA,NA,NA,Rico,Dowdle,CAR,RB,27,0
RB,14823,weighted,NA,NA,NA,NA,NA,NA,504.7925101214575,170.9992596013562,2.5806094182825485,0.7987135211629179,1.2287196356275305,0.3084947981307085,23.302226720647774,7.088015665298897,161.48886639676113,45.838463031480984,1.0505646707862772,0.15586757802123374,NA,NA,NA,NA,NA,NA,NA,NA,NA,NA,NA,NA,NA,NA,NA,NA,NA,NA,NA,NA,NA,NA,NA,NA,NA,NA,NA,NA,NA,NA,NA,NA,NA,NA,NA,NA,NA,NA,Rico,Dowdle,CAR,RB,27,0
RB,15253,average,NA,NA,NA,NA,NA,NA,616.2625,100.95462824598837,3.4166095890410957,1.290858867818635,0.8,0.1851640199545103,38.7,8.026563043153295,280.8625,69.22887377594492,1.158390410958904,0.5636021120404524,NA,NA,NA,NA,NA,NA,NA,NA,NA,NA,NA,NA,NA,NA,NA,NA,NA,NA,NA,NA,NA,NA,NA,NA,NA,NA,NA,NA,NA,NA,NA,NA,NA,NA,NA,NA,NA,NA,Travis,Etienne,JAC,RB,26,-1
RB,15253,robust,NA,NA,NA,NA,NA,NA,616.25,106.0059,3.5,0.7413,0.8,0,39.45,7.264740000000002,285.475,66.79113000000001,1.05,0.24676150684931517,0,NA,NA,NA,NA,NA,NA,NA,NA,NA,NA,NA,NA,NA,NA,NA,NA,NA,NA,NA,NA,NA,NA,NA,NA,NA,NA,NA,NA,NA,NA,NA,NA,NA,NA,NA,NA,NA,Travis,Etienne,JAC,RB,26,-1
RB,15253,weighted,NA,NA,NA,NA,NA,NA,624.3674089068826,106.73652832379571,3.4269979479784816,1.3526713949862992,0.8002024291497977,0.20082223585736342,38.88097165991903,8.811526800758484,282.06477732793525,76.48523138893134,1.1493178414952028,0.5946290484423187,NA,NA,NA,NA,NA,NA,NA,NA,NA,NA,NA,NA,NA,NA,NA,NA,NA,NA,NA,NA,NA,NA,NA,NA,NA,NA,NA,NA,NA,NA,NA,NA,NA,NA,NA,NA,NA,NA,Travis,Etienne,JAC,RB,26,-1
RB,14797,average,NA,NA,NA,NA,NA,NA,927.9,195.07835788289205,5.973611111111111,1.8466227097322196,0.775,0.33964266937053544,36.8375,8.233717698758996,294.775,61.19621253453051,1.238888888888889,0.6643079968195836,NA,NA,NA,NA,NA,NA,NA,NA,NA,NA,NA,NA,NA,NA,NA,NA,NA,NA,NA,NA,NA,NA,NA,NA,NA,NA,NA,NA,NA,NA,NA,NA,NA,NA,NA,NA,NA,NA,D'Andre,Swift,CHI,RB,26,0
RB,14797,robust,NA,NA,NA,NA,NA,NA,966.6500000000001,87.32513999999996,5.725,0.823666666666667,0.83125,0.16679249999999998,36.9,2.149769999999999,294.75,51.149699999999996,1.2777777777777777,0.5271466666666665,0,NA,NA,NA,NA,NA,NA,NA,NA,NA,NA,NA,NA,NA,NA,NA,NA,NA,NA,NA,NA,NA,NA,NA,NA,NA,NA,NA,NA,NA,NA,NA,NA,NA,NA,NA,NA,NA,D'Andre,Swift,CHI,RB,26,0
RB,14797,weighted,NA,NA,NA,NA,NA,NA,918.4746963562753,210.00838233316338,5.929509671614935,1.9725775875832054,0.7285172064777329,0.3396195965424416,36.63279352226721,8.812480176505634,294.2854251012145,65.00754407469839,1.227170490328385,0.7135439868402603,NA,NA,NA,NA,NA,NA,NA,NA,NA,NA,NA,NA,NA,NA,NA,NA,NA,NA,NA,NA,NA,NA,NA,NA,NA,NA,NA,NA,NA,NA,NA,NA,NA,NA,NA,NA,NA,NA,D'Andre,Swift,CHI,RB,26,0
RB,15727,average,NA,NA,NA,NA,NA,NA,250.25,326.3297795175917,2.05,2.7577164466275352,0.5,0.7071067811865476,10.05,9.82878425849301,80.25,81.67083322704624,0.55,0.6363961030678927,NA,NA,NA,NA,NA,NA,NA,NA,NA,NA,NA,NA,NA,NA,NA,NA,NA,NA,NA,NA,NA,NA,NA,NA,NA,NA,NA,NA,NA,NA,NA,NA,NA,NA,NA,NA,NA,NA,Bam,Knight,ARI,RB,24,-2
RB,15727,robust,NA,NA,NA,NA,NA,NA,250.25,342.10994999999997,2.05,2.8910699999999996,0.5,0.7413,10.05,10.30407,80.25,85.62015,0.55,0.6671699999999999,NA,NA,NA,NA,NA,NA,NA,NA,NA,NA,NA,NA,NA,NA,NA,NA,NA,NA,NA,NA,NA,NA,NA,NA,NA,NA,NA,NA,NA,NA,NA,NA,NA,NA,NA,NA,NA,NA,Bam,Knight,ARI,RB,24,-2
RB,15727,weighted,NA,NA,NA,NA,NA,NA,480.99999999999994,NA,4,NA,1,NA,17,NA,138,NA,1,NA,NA,NA,NA,NA,NA,NA,NA,NA,NA,NA,NA,NA,NA,NA,NA,NA,NA,NA,NA,NA,NA,NA,NA,NA,NA,NA,NA,NA,NA,NA,NA,NA,NA,NA,NA,NA,NA,NA,Bam,Knight,ARI,RB,24,-2
RB,15711,average,NA,NA,NA,NA,NA,NA,881.1625,163.40618922969665,7.1423828125,1.5770805059867048,1.075,0.5434677017607789,41.35,11.767145545361215,296.3875,81.9984396628549,1.0951171875,0.6710290758063818,NA,NA,NA,NA,NA,NA,NA,NA,NA,NA,NA,NA,NA,NA,NA,NA,NA,NA,NA,NA,NA,NA,NA,NA,NA,NA,NA,NA,NA,NA,NA,NA,NA,NA,NA,NA,NA,NA,Kenneth,Walker III,SEA,RB,25,-2
RB,15711,robust,NA,NA,NA,NA,NA,NA,917,58.5627,7.26953125,1.0378200000000002,1.075,0.055597499999999966,43.45,7.412999999999999,316.775,33.3585,1,0,0,NA,NA,NA,NA,NA,NA,NA,NA,NA,NA,NA,NA,NA,NA,NA,NA,NA,NA,NA,NA,NA,NA,NA,NA,NA,NA,NA,NA,NA,NA,NA,NA,NA,NA,NA,NA,NA,Kenneth,Walker III,SEA,RB,25,-2
RB,15711,weighted,NA,NA,NA,NA,NA,NA,871.678137651822,177.22797719771293,7.004330086032389,1.6572941699636212,1.0405617408906882,0.5789047860413908,40.808299595141705,12.635190805679247,292.91396761133603,88.45873560566197,1.0454674848178138,0.7049365122364522,NA,NA,NA,NA,NA,NA,NA,NA,NA,NA,NA,NA,NA,NA,NA,NA,NA,NA,NA,NA,NA,NA,NA,NA,NA,NA,NA,NA,NA,NA,NA,NA,NA,NA,NA,NA,NA,NA,Kenneth,Walker III,SEA,RB,25,-2
RB,13319,average,NA,NA,NA,NA,NA,NA,831.225,163.46534582508394,4.18047520661157,0.9697326949241363,1.775,0.36400549446402586,42.15,9.674118638334525,320.5125,65.26354128783215,1.9445247933884298,0.668796104383713,NA,NA,NA,NA,NA,NA,NA,NA,NA,NA,NA,NA,NA,NA,NA,NA,NA,NA,NA,NA,NA,NA,NA,NA,NA,NA,NA,NA,NA,NA,NA,NA,NA,NA,NA,NA,NA,NA,Aaron,Jones,MIN,RB,31,3
RB,13319,robust,NA,NA,NA,NA,NA,NA,845.15,67.31003999999996,4.37190082644628,0.5513801652892559,1.78125,0.018532500000000098,43.5,7.264740000000008,329,65.9757,2,0.4123098347107435,0,NA,NA,NA,NA,NA,NA,NA,NA,NA,NA,NA,NA,NA,NA,NA,NA,NA,NA,NA,NA,NA,NA,NA,NA,NA,NA,NA,NA,NA,NA,NA,NA,NA,NA,NA,NA,NA,Aaron,Jones,MIN,RB,31,3
RB,13319,weighted,NA,NA,NA,NA,NA,NA,820.3208502024291,175.95508331098117,4.116492120319872,1.0451751067973107,1.7685981781376516,0.3969027830128792,41.94514170040486,10.542231686808979,320.1872469635627,71.18946130782813,1.902131361461505,0.7236748826607676,NA,NA,NA,NA,NA,NA,NA,NA,NA,NA,NA,NA,NA,NA,NA,NA,NA,NA,NA,NA,NA,NA,NA,NA,NA,NA,NA,NA,NA,NA,NA,NA,NA,NA,NA,NA,NA,NA,Aaron,Jones,MIN,RB,31,3
RB,17053,average,NA,NA,NA,NA,NA,NA,235.575,106.73499559991693,1.5529411764705883,0.8938079959163566,0.03333333333333333,0.030860669992418384,16.4375,8.306957067078518,127.3125,67.2718034224911,0.8720588235294118,0.6480950449938083,NA,NA,NA,NA,NA,NA,NA,NA,NA,NA,NA,NA,NA,NA,NA,NA,NA,NA,NA,NA,NA,NA,NA,NA,NA,NA,NA,NA,NA,NA,NA,NA,NA,NA,NA,NA,NA,NA,Woody,Marks,HOU,RB,25,-5
RB,17053,robust,NA,NA,NA,NA,NA,NA,253.25,81.54299999999999,1.5,0.7413,0.03333333333333333,0,17.35,6.6716999999999995,135,61.527899999999995,0.9941176470588236,0.2790776470588235,0,NA,NA,NA,NA,NA,NA,NA,NA,NA,NA,NA,NA,NA,NA,NA,NA,NA,NA,NA,NA,NA,NA,NA,NA,NA,NA,NA,NA,NA,NA,NA,NA,NA,NA,NA,NA,NA,Woody,Marks,HOU,RB,25,-5
RB,17053,weighted,NA,NA,NA,NA,NA,NA,233.75,115.22409551443076,1.5354846391998096,0.9729414770224499,0.023650472334682864,0.01635338927330099,16.125708502024292,8.812306447456773,125.75708502024293,71.82518752224027,0.9017623243629436,0.6914712270837021,NA,NA,NA,NA,NA,NA,NA,NA,NA,NA,NA,NA,NA,NA,NA,NA,NA,NA,NA,NA,NA,NA,NA,NA,NA,NA,NA,NA,NA,NA,NA,NA,NA,NA,NA,NA,NA,NA,Woody,Marks,HOU,RB,25,-5
RB,16181,average,NA,NA,NA,NA,NA,NA,971.0125,248.73577741106268,7.47941616766467,2.2205014091170887,1.275,0.3679091502764546,54.8,11.46472851837321,384.7,91.88956104243522,2.8955838323353293,0.991720380806966,NA,NA,NA,NA,NA,NA,NA,NA,NA,NA,NA,NA,NA,NA,NA,NA,NA,NA,NA,NA,NA,NA,NA,NA,NA,NA,NA,NA,NA,NA,NA,NA,NA,NA,NA,NA,NA,NA,Chase,Brown,CIN,RB,25,-3
RB,16181,robust,NA,NA,NA,NA,NA,NA,1039.3,92.58837000000007,8.267664670658682,0.9375003592814355,1.275,0.0926625,57.2,7.561259999999996,401.4,23.7216,3,1.0116303592814373,0,NA,NA,NA,NA,NA,NA,NA,NA,NA,NA,NA,NA,NA,NA,NA,NA,NA,NA,NA,NA,NA,NA,NA,NA,NA,NA,NA,NA,NA,NA,NA,NA,NA,NA,NA,NA,NA,Chase,Brown,CIN,RB,25,-3
RB,16181,weighted,NA,NA,NA,NA,NA,NA,957.7580971659919,268.85448859226125,7.329749812116657,2.3871285971093252,1.2547317813765182,0.39364276279276117,54.210728744939274,12.412848890396301,379.87651821862346,98.77590290880204,2.8773352081262575,1.062533122468581,NA,NA,NA,NA,NA,NA,NA,NA,NA,NA,NA,NA,NA,NA,NA,NA,NA,NA,NA,NA,NA,NA,NA,NA,NA,NA,NA,NA,NA,NA,NA,NA,NA,NA,NA,NA,NA,NA,Chase,Brown,CIN,RB,25,-3
RB,14800,average,NA,NA,NA,NA,NA,NA,668.9125,112.12023441059029,4.615097402597403,1.2576613754374943,0.9,0.580640040940045,27.35,12.013207017992443,178.3375,85.57117234042248,0.7974025974025974,0.667658788391428,NA,NA,NA,NA,NA,NA,NA,NA,NA,NA,NA,NA,NA,NA,NA,NA,NA,NA,NA,NA,NA,NA,NA,NA,NA,NA,NA,NA,NA,NA,NA,NA,NA,NA,NA,NA,NA,NA,J.K.,Dobbins,DEN,RB,27,0
RB,14800,robust,NA,NA,NA,NA,NA,NA,653.575,88.43708999999996,4.705194805194806,0.5776363636363642,0.9,0.22238999999999995,28,14.825999999999999,187.1,95.62769999999999,0.7896103896103897,0.5930399999999999,0,NA,NA,NA,NA,NA,NA,NA,NA,NA,NA,NA,NA,NA,NA,NA,NA,NA,NA,NA,NA,NA,NA,NA,NA,NA,NA,NA,NA,NA,NA,NA,NA,NA,NA,NA,NA,NA,J.K.,Dobbins,DEN,RB,27,0
RB,14800,weighted,NA,NA,NA,NA,NA,NA,669.8117408906883,121.69875827881945,4.571357589778642,1.372634932503436,0.8519230769230769,0.615074256638816,27.17651821862348,13.101749043300511,177.8937246963563,93.1942714189351,0.7551606288448395,0.6929363981654828,NA,NA,NA,NA,NA,NA,NA,NA,NA,NA,NA,NA,NA,NA,NA,NA,NA,NA,NA,NA,NA,NA,NA,NA,NA,NA,NA,NA,NA,NA,NA,NA,NA,NA,NA,NA,NA,NA,J.K.,Dobbins,DEN,RB,27,0
RB,17044,average,NA,NA,NA,NA,NA,NA,984.2,261.42364085904705,8.68147810218978,2.0472958236283594,1.675,0.3267808352485107,36.35,8.48713311851703,269.125,57.13752207237752,1.143521897810219,0.7562268182945208,NA,NA,NA,NA,NA,NA,NA,NA,NA,NA,NA,NA,NA,NA,NA,NA,NA,NA,NA,NA,NA,NA,NA,NA,NA,NA,NA,NA,NA,NA,NA,NA,NA,NA,NA,NA,NA,NA,Omarion,Hampton,LAC,RB,22,-5
RB,17044,robust,NA,NA,NA,NA,NA,NA,1047.15,118.90451999999998,9,0.4063622627737234,1.675,0.055597499999999966,38.05,4.4478,276.75,19.273799999999998,1.062043795620438,0.81543,0,NA,NA,NA,NA,NA,NA,NA,NA,NA,NA,NA,NA,NA,NA,NA,NA,NA,NA,NA,NA,NA,NA,NA,NA,NA,NA,NA,NA,NA,NA,NA,NA,NA,NA,NA,NA,NA,Omarion,Hampton,LAC,RB,22,-5
RB,17044,weighted,NA,NA,NA,NA,NA,NA,979.7894736842105,284.28835660850007,8.693053872750376,2.2565316751392066,1.6112095141700407,0.3029189733734161,36.419230769230765,9.211237230103091,266.8623481781376,61.33164386489964,1.090144507816425,0.8045419993604732,NA,NA,NA,NA,NA,NA,NA,NA,NA,NA,NA,NA,NA,NA,NA,NA,NA,NA,NA,NA,NA,NA,NA,NA,NA,NA,NA,NA,NA,NA,NA,NA,NA,NA,NA,NA,NA,NA,Omarion,Hampton,LAC,RB,22,-5
RB,14071,average,NA,NA,NA,NA,NA,NA,756.7625,137.37620856091286,8.351635514018692,2.0846236058708656,0.875,0.16366341767699427,27.95,7.2906985751905635,227.4,55.08040875457833,0.7608644859813084,0.7522616349868853,NA,NA,NA,NA,NA,NA,NA,NA,NA,NA,NA,NA,NA,NA,NA,NA,NA,NA,NA,NA,NA,NA,NA,NA,NA,NA,NA,NA,NA,NA,NA,NA,NA,NA,NA,NA,NA,NA,David,Montgomery,DET,RB,28,1
RB,14071,robust,NA,NA,NA,NA,NA,NA,794.5,57.895530000000015,8.75,1.4826,0.90625,0.0926625,29.225,5.1891,240.05,31.1346,0.7,0.7413,0,NA,NA,NA,NA,NA,NA,NA,NA,NA,NA,NA,NA,NA,NA,NA,NA,NA,NA,NA,NA,NA,NA,NA,NA,NA,NA,NA,NA,NA,NA,NA,NA,NA,NA,NA,NA,NA,David,Montgomery,DET,RB,28,1
RB,14071,weighted,NA,NA,NA,NA,NA,NA,745.0759109311741,146.46982001142402,8.27297665443263,2.253280787251998,0.8571609311740891,0.1688042141797826,27.541295546558704,7.878478335048189,223.17813765182186,58.69777749440445,0.7411933860531992,0.7892190734825714,NA,NA,NA,NA,NA,NA,NA,NA,NA,NA,NA,NA,NA,NA,NA,NA,NA,NA,NA,NA,NA,NA,NA,NA,NA,NA,NA,NA,NA,NA,NA,NA,NA,NA,NA,NA,NA,NA,David,Montgomery,DET,RB,28,1
RB,17256,average,NA,NA,NA,NA,NA,NA,573.45,221.60703315296007,4.269886363636363,2.062650570511898,1.7333333333333334,0.394002658922621,16.8625,8.64687185386385,129.05,70.01238665917829,0.6801136363636364,0.49939714246598144,NA,NA,NA,NA,NA,NA,NA,NA,NA,NA,NA,NA,NA,NA,NA,NA,NA,NA,NA,NA,NA,NA,NA,NA,NA,NA,NA,NA,NA,NA,NA,NA,NA,NA,NA,NA,NA,NA,Jacory,Croskey-Merritt,WAS,RB,24,-5
RB,17256,robust,NA,NA,NA,NA,NA,NA,605.15,178.35678000000001,4.579545454545455,1.5870559090909082,1.7333333333333334,0,16.925,11.119499999999999,129.75,72.94392,0.6704545454545454,0.37065,0,NA,NA,NA,NA,NA,NA,NA,NA,NA,NA,NA,NA,NA,NA,NA,NA,NA,NA,NA,NA,NA,NA,NA,NA,NA,NA,NA,NA,NA,NA,NA,NA,NA,NA,NA,NA,NA,Jacory,Croskey-Merritt,WAS,RB,24,-5
RB,17256,weighted,NA,NA,NA,NA,NA,NA,565.0404858299595,224.62461053673954,4.167086860507913,2.065347387069394,1.8539136302294197,0.22159523874847517,16.526720647773278,8.867033690762273,125.7844129554656,71.26094263424423,0.6132775119617224,0.46431317171918624,NA,NA,NA,NA,NA,NA,NA,NA,NA,NA,NA,NA,NA,NA,NA,NA,NA,NA,NA,NA,NA,NA,NA,NA,NA,NA,NA,NA,NA,NA,NA,NA,NA,NA,NA,NA,NA,NA,Jacory,Croskey-Merritt,WAS,RB,24,-5
RB,13132,average,NA,NA,NA,NA,NA,NA,828.5375,177.1356134031615,4.813671875,1.5149772525070597,1.075,0.5434677017607789,63.3375,15.147742641821491,475.625,122.1555653372254,1.736328125,0.7412735208792341,NA,NA,NA,NA,NA,NA,NA,NA,NA,NA,NA,NA,NA,NA,NA,NA,NA,NA,NA,NA,NA,NA,NA,NA,NA,NA,NA,NA,NA,NA,NA,NA,NA,NA,NA,NA,NA,NA,Alvin,Kamara,NOS,RB,30,3
RB,13132,robust,NA,NA,NA,NA,NA,NA,862.75,74.13,4.975,1.11195,1.075,0.055597499999999966,65.25,8.1543,499,76.3539,2,0,0,NA,NA,NA,NA,NA,NA,NA,NA,NA,NA,NA,NA,NA,NA,NA,NA,NA,NA,NA,NA,NA,NA,NA,NA,NA,NA,NA,NA,NA,NA,NA,NA,NA,NA,NA,NA,NA,Alvin,Kamara,NOS,RB,30,3
RB,13132,weighted,NA,NA,NA,NA,NA,NA,815.578947368421,188.90295939396907,4.71277201417004,1.5976181570100656,1.0405617408906882,0.5789047860413908,63.30971659919028,16.527914813761623,474.3481781376518,133.57831461240193,1.6860134109311742,0.797390750109672,NA,NA,NA,NA,NA,NA,NA,NA,NA,NA,NA,NA,NA,NA,NA,NA,NA,NA,NA,NA,NA,NA,NA,NA,NA,NA,NA,NA,NA,NA,NA,NA,NA,NA,NA,NA,NA,NA,Alvin,Kamara,NOS,RB,30,3
RB,15259,average,NA,NA,NA,NA,NA,NA,637.475,155.6638479912037,4.864473684210527,1.2251220431360135,1.725,0.39776159406645295,27.2,7.267933485032533,177.6,30.96117384264178,0.9730263157894736,0.5421632022472507,NA,NA,NA,NA,NA,NA,NA,NA,NA,NA,NA,NA,NA,NA,NA,NA,NA,NA,NA,NA,NA,NA,NA,NA,NA,NA,NA,NA,NA,NA,NA,NA,NA,NA,NA,NA,NA,NA,Rhamondre,Stevenson,NEP,RB,27,-1
RB,15259,robust,NA,NA,NA,NA,NA,NA,647.2,179.98763999999994,4.95,1.3343399999999999,1.725,0.16679250000000007,26.75,4.4478,175.65,43.7367,0.9960526315789473,0.1599647368421054,0,NA,NA,NA,NA,NA,NA,NA,NA,NA,NA,NA,NA,NA,NA,NA,NA,NA,NA,NA,NA,NA,NA,NA,NA,NA,NA,NA,NA,NA,NA,NA,NA,NA,NA,NA,NA,NA,Rhamondre,Stevenson,NEP,RB,27,-1
RB,15259,weighted,NA,NA,NA,NA,NA,NA,641.6376518218624,167.65996082205595,4.9105795866183675,1.3269675055641055,1.7596406882591094,0.41834603064899645,27.052226720647774,7.857329734562659,177.6578947368421,33.20523472999052,0.9681653526528873,0.6037817398471192,NA,NA,NA,NA,NA,NA,NA,NA,NA,NA,NA,NA,NA,NA,NA,NA,NA,NA,NA,NA,NA,NA,NA,NA,NA,NA,NA,NA,NA,NA,NA,NA,NA,NA,NA,NA,NA,NA,Rhamondre,Stevenson,NEP,RB,27,-1
RB,16169,average,NA,NA,NA,NA,NA,NA,534.4,128.22444607573303,4.468509615384615,0.5596497832220828,0.45,0.34434202266268427,33.05,7.986953647757609,244.025,60.850208357431754,0.9189903846153846,0.5623492918234807,NA,NA,NA,NA,NA,NA,NA,NA,NA,NA,NA,NA,NA,NA,NA,NA,NA,NA,NA,NA,NA,NA,NA,NA,NA,NA,NA,NA,NA,NA,NA,NA,NA,NA,NA,NA,NA,NA,Zach,Charbonnet,SEA,RB,24,-3
RB,16169,robust,NA,NA,NA,NA,NA,NA,535.3,86.73209999999999,4.5,0.7413,0.45,0.259455,34.6,2.9652,256.05,35.434139999999964,1,0,0,NA,NA,NA,NA,NA,NA,NA,NA,NA,NA,NA,NA,NA,NA,NA,NA,NA,NA,NA,NA,NA,NA,NA,NA,NA,NA,NA,NA,NA,NA,NA,NA,NA,NA,NA,NA,NA,Zach,Charbonnet,SEA,RB,24,-3
RB,16169,weighted,NA,NA,NA,NA,NA,NA,524.8076923076923,135.11914911655492,4.397621457489879,0.5724832918967843,0.3972165991902834,0.3398504267302768,32.39352226720648,8.572596110530842,238.53542510121457,65.07807400100526,0.892257085020243,0.5979091979623952,NA,NA,NA,NA,NA,NA,NA,NA,NA,NA,NA,NA,NA,NA,NA,NA,NA,NA,NA,NA,NA,NA,NA,NA,NA,NA,NA,NA,NA,NA,NA,NA,NA,NA,NA,NA,NA,NA,Zach,Charbonnet,SEA,RB,24,-3
RB,13610,average,NA,NA,NA,NA,NA,NA,572.725,159.4509485703989,4.591304347826087,0.8535544654518794,0.16666666666666666,0.1543033499620919,13.1625,5.0307447616772265,94.5875,42.396308380396924,0.596195652173913,0.7093809798416973,NA,NA,NA,NA,NA,NA,NA,NA,NA,NA,NA,NA,NA,NA,NA,NA,NA,NA,NA,NA,NA,NA,NA,NA,NA,NA,NA,NA,NA,NA,NA,NA,NA,NA,NA,NA,NA,NA,Nick,Chubb,HOU,RB,30,2
RB,13610,robust,NA,NA,NA,NA,NA,NA,560.5999999999999,194.36886,4.565217391304348,0.6446086956521747,0.16666666666666666,0,12.5,3.7064999999999997,92.525,22.9803,0.5,0.6446086956521738,0,NA,NA,NA,NA,NA,NA,NA,NA,NA,NA,NA,NA,NA,NA,NA,NA,NA,NA,NA,NA,NA,NA,NA,NA,NA,NA,NA,NA,NA,NA,NA,NA,NA,NA,NA,NA,NA,Nick,Chubb,HOU,RB,30,2
RB,13610,weighted,NA,NA,NA,NA,NA,NA,570.9979757085019,167.52724848347108,4.548134131314909,0.9329922358645587,0.1182523616734143,0.08176694636650494,13.226518218623482,5.474006491386988,94.65485829959513,46.26721953201256,0.5291938039077627,0.7486925261224816,NA,NA,NA,NA,NA,NA,NA,NA,NA,NA,NA,NA,NA,NA,NA,NA,NA,NA,NA,NA,NA,NA,NA,NA,NA,NA,NA,NA,NA,NA,NA,NA,NA,NA,NA,NA,NA,NA,Nick,Chubb,HOU,RB,30,2
RB,16594,average,NA,NA,NA,NA,NA,NA,531.3,72.09065721120079,3.4029761904761906,0.9763545158340637,0.475,0.3600595188893874,19.1125,5.287569655062981,134.475,38.45114711274183,0.4095238095238095,0.4183435643923314,NA,NA,NA,NA,NA,NA,NA,NA,NA,NA,NA,NA,NA,NA,NA,NA,NA,NA,NA,NA,NA,NA,NA,NA,NA,NA,NA,NA,NA,NA,NA,NA,NA,NA,NA,NA,NA,NA,Trey,Benson,ARI,RB,23,-4
RB,16594,robust,NA,NA,NA,NA,NA,NA,526.75,38.84411999999998,3.45,0.53656,0.475,0.3150525,19.6,2.668680000000001,138.25,35.5824,0.4380952380952381,0.5753899999999998,0,NA,NA,NA,NA,NA,NA,NA,NA,NA,NA,NA,NA,NA,NA,NA,NA,NA,NA,NA,NA,NA,NA,NA,NA,NA,NA,NA,NA,NA,NA,NA,NA,NA,NA,NA,NA,NA,Trey,Benson,ARI,RB,23,-4
RB,16594,weighted,NA,NA,NA,NA,NA,NA,525.6508097165993,74.96107170843183,3.3683150183150183,1.0229180407944205,0.4114119433198381,0.34267689679562724,19.56761133603239,5.555685098406147,136.31477732793522,40.679892709782465,0.40638133796028536,0.4562263199406518,NA,NA,NA,NA,NA,NA,NA,NA,NA,NA,NA,NA,NA,NA,NA,NA,NA,NA,NA,NA,NA,NA,NA,NA,NA,NA,NA,NA,NA,NA,NA,NA,NA,NA,NA,NA,NA,NA,Trey,Benson,ARI,RB,23,-4
RB,13131,average,NA,NA,NA,NA,NA,NA,584.475,221.76043541237402,4.964935064935065,1.5547651441290256,0.7250000000000001,0.3267808352485107,23.775,7.2635587499713745,189.7875,52.17543038360379,1.197564935064935,0.36422986121816286,NA,NA,NA,NA,NA,NA,NA,NA,NA,NA,NA,NA,NA,NA,NA,NA,NA,NA,NA,NA,NA,NA,NA,NA,NA,NA,NA,NA,NA,NA,NA,NA,NA,NA,NA,NA,NA,NA,Joe,Mixon,HOU,RB,29,3
RB,13131,robust,NA,NA,NA,NA,NA,NA,549.45,73.98173999999996,4.73474025974026,1.0522609090909087,0.7437500000000001,0.055597499999999966,23.3,4.892580000000001,188.25,25.9455,1.05,0,0,NA,NA,NA,NA,NA,NA,NA,NA,NA,NA,NA,NA,NA,NA,NA,NA,NA,NA,NA,NA,NA,NA,NA,NA,NA,NA,NA,NA,NA,NA,NA,NA,NA,NA,NA,NA,NA,Joe,Mixon,HOU,RB,29,3
RB,13131,weighted,NA,NA,NA,NA,NA,NA,574.3765182186236,230.01270542381877,4.891834481308165,1.6320381313450232,0.7114625506072875,0.35495020304286556,23.232995951417003,7.5760336401721595,185.90485829959516,54.5128743960299,1.1877201745622799,0.37378156541379026,NA,NA,NA,NA,NA,NA,NA,NA,NA,NA,NA,NA,NA,NA,NA,NA,NA,NA,NA,NA,NA,NA,NA,NA,NA,NA,NA,NA,NA,NA,NA,NA,NA,NA,NA,NA,NA,NA,Joe,Mixon,HOU,RB,29,3
RB,13138,average,NA,NA,NA,NA,NA,NA,369.1375,78.27575682893686,3.9309210526315788,1.0208256375073674,0.03333333333333333,0.030860669992418384,19.4875,4.792087973196772,137.025,35.83859651269843,0.631578947368421,0.4776276952554465,NA,NA,NA,NA,NA,NA,NA,NA,NA,NA,NA,NA,NA,NA,NA,NA,NA,NA,NA,NA,NA,NA,NA,NA,NA,NA,NA,NA,NA,NA,NA,NA,NA,NA,NA,NA,NA,NA,Kareem,Hunt,KCC,RB,30,3
RB,13138,robust,NA,NA,NA,NA,NA,NA,353.25,42.92126999999998,3.798684210526316,0.5189100000000001,0.03333333333333333,0,20.225,2.668680000000001,146,5.9304,0.6,0.18727578947368412,0,NA,NA,NA,NA,NA,NA,NA,NA,NA,NA,NA,NA,NA,NA,NA,NA,NA,NA,NA,NA,NA,NA,NA,NA,NA,NA,NA,NA,NA,NA,NA,NA,NA,NA,NA,NA,NA,Kareem,Hunt,KCC,RB,30,3
RB,13138,weighted,NA,NA,NA,NA,NA,NA,373.746963562753,82.4684050033226,4.043074792243767,1.0590012441991432,0.023650472334682864,0.01635338927330099,19.278542510121458,5.186783380778926,135.34716599190284,38.704485472725956,0.6146175154485404,0.50820149198267,NA,NA,NA,NA,NA,NA,NA,NA,NA,NA,NA,NA,NA,NA,NA,NA,NA,NA,NA,NA,NA,NA,NA,NA,NA,NA,NA,NA,NA,NA,NA,NA,NA,NA,NA,NA,NA,NA,Kareem,Hunt,KCC,RB,30,3
RB,16757,average,NA,NA,NA,NA,NA,NA,242.7,142.28692842281754,1.5,0.8660254037844386,0,0,10.8,4.303486958270002,81.26666666666667,45.285906564110356,0.4666666666666667,0.5033222956847166,NA,NA,NA,NA,NA,NA,NA,NA,NA,NA,NA,NA,NA,NA,NA,NA,NA,NA,NA,NA,NA,NA,NA,NA,NA,NA,NA,NA,NA,NA,NA,NA,NA,NA,NA,NA,NA,NA,Kimani,Vidal,LAC,RB,24,-4
RB,16757,robust,NA,NA,NA,NA,NA,NA,245.525,185.325,1.625,0,0,0,10.85,5.9304,76.45,19.570320000000002,0.45,0.59304,0,NA,NA,NA,NA,NA,NA,NA,NA,NA,NA,NA,NA,NA,NA,NA,NA,NA,NA,NA,NA,NA,NA,NA,NA,NA,NA,NA,NA,NA,NA,NA,NA,NA,NA,NA,NA,NA,Kimani,Vidal,LAC,RB,24,-4
RB,16757,weighted,NA,NA,NA,NA,NA,NA,321.63059701492534,88.38834764831843,2,0,0,0,12.835820895522387,2.8284271247461894,94.58582089552237,50.20458146424487,0.5410447761194029,0.7071067811865474,NA,NA,NA,NA,NA,NA,NA,NA,NA,NA,NA,NA,NA,NA,NA,NA,NA,NA,NA,NA,NA,NA,NA,NA,NA,NA,NA,NA,NA,NA,NA,NA,NA,NA,NA,NA,NA,NA,Kimani,Vidal,LAC,RB,24,-4
RB,15972,average,NA,NA,NA,NA,NA,NA,658.1875,158.86650674162163,3.8815068493150684,1.1333911519465492,0.7666666666666666,0.11126972805283737,14.2375,3.7047990113210885,99.675,29.312881127586213,0.40599315068493147,0.48867173337283804,NA,NA,NA,NA,NA,NA,NA,NA,NA,NA,NA,NA,NA,NA,NA,NA,NA,NA,NA,NA,NA,NA,NA,NA,NA,NA,NA,NA,NA,NA,NA,NA,NA,NA,NA,NA,NA,NA,Jordan,Mason,MIN,RB,26,-2
RB,15972,robust,NA,NA,NA,NA,NA,NA,683.75,115.27215,4,1.147491780821918,0.7666666666666666,0,14.175,4.966709999999999,98.6,25.50072,0.386986301369863,0.37065,0,NA,NA,NA,NA,NA,NA,NA,NA,NA,NA,NA,NA,NA,NA,NA,NA,NA,NA,NA,NA,NA,NA,NA,NA,NA,NA,NA,NA,NA,NA,NA,NA,NA,NA,NA,NA,NA,Jordan,Mason,MIN,RB,26,-2
RB,15972,weighted,NA,NA,NA,NA,NA,NA,650.3127530364372,166.30112603447864,3.780938383894404,1.173150584242876,0.7769568151147098,0.117770258116206,14.070242914979758,3.841217145012482,97.36234817813765,30.65455450234349,0.38626809383838945,0.5282685046860164,NA,NA,NA,NA,NA,NA,NA,NA,NA,NA,NA,NA,NA,NA,NA,NA,NA,NA,NA,NA,NA,NA,NA,NA,NA,NA,NA,NA,NA,NA,NA,NA,NA,NA,NA,NA,NA,NA,Jordan,Mason,MIN,RB,26,-2
RB,15721,average,NA,NA,NA,NA,NA,NA,408.7125,108.1270606740052,2.6915983606557377,0.43170900254528216,1.35,0.8459989868281674,34.6875,10.367178635344471,262.475,80.05447698732586,2.2209016393442624,0.9644165301750565,NA,NA,NA,NA,NA,NA,NA,NA,NA,NA,NA,NA,NA,NA,NA,NA,NA,NA,NA,NA,NA,NA,NA,NA,NA,NA,NA,NA,NA,NA,NA,NA,NA,NA,NA,NA,NA,NA,Rachaad,White,TBB,RB,26,-2
RB,15721,robust,NA,NA,NA,NA,NA,NA,411.5,124.5384,2.825,0.14826000000000011,1.3375000000000001,0.03706500000000003,35.175,8.228429999999996,267.5,57.080099999999995,2.075,1.4084700000000001,0,NA,NA,NA,NA,NA,NA,NA,NA,NA,NA,NA,NA,NA,NA,NA,NA,NA,NA,NA,NA,NA,NA,NA,NA,NA,NA,NA,NA,NA,NA,NA,NA,NA,NA,NA,NA,NA,Rachaad,White,TBB,RB,26,-2
RB,15721,weighted,NA,NA,NA,NA,NA,NA,406.332995951417,116.0337843015563,2.6911561691113026,0.4664248284659363,1.3537955465587044,0.9201251797917497,34.46923076923077,11.35973601175635,260.23582995951415,87.60391031855494,2.228884316718657,1.041530987112406,NA,NA,NA,NA,NA,NA,NA,NA,NA,NA,NA,NA,NA,NA,NA,NA,NA,NA,NA,NA,NA,NA,NA,NA,NA,NA,NA,NA,NA,NA,NA,NA,NA,NA,NA,NA,NA,NA,Rachaad,White,TBB,RB,26,-2
RB,17068,average,NA,NA,NA,NA,NA,NA,784.4625,247.3996127580986,4.534399224806202,1.4265976093672759,0.43333333333333335,0.40118870990143896,41.1625,12.542947648550786,310.6125,112.99052346483373,1.9156007751937985,0.5908289570077925,NA,NA,NA,NA,NA,NA,NA,NA,NA,NA,NA,NA,NA,NA,NA,NA,NA,NA,NA,NA,NA,NA,NA,NA,NA,NA,NA,NA,NA,NA,NA,NA,NA,NA,NA,NA,NA,NA,RJ,Harvey,DEN,RB,24,-5
RB,17068,robust,NA,NA,NA,NA,NA,NA,827.85,46.701899999999995,4.887596899224806,0.7596888372093025,0.43333333333333335,0,43,12.379710000000001,309.975,77.8365,1.9812015503875968,0.3890388372093023,0,NA,NA,NA,NA,NA,NA,NA,NA,NA,NA,NA,NA,NA,NA,NA,NA,NA,NA,NA,NA,NA,NA,NA,NA,NA,NA,NA,NA,NA,NA,NA,NA,NA,NA,NA,NA,NA,RJ,Harvey,DEN,RB,24,-5
RB,17068,weighted,NA,NA,NA,NA,NA,NA,775.4028340080971,269.23946669967216,4.341270439067257,1.4480658628365073,0.3074561403508772,0.21259406055291288,41.58400809716599,13.307910527482068,311.0718623481781,118.28805127799306,1.915004864576468,0.6193697350476733,NA,NA,NA,NA,NA,NA,NA,NA,NA,NA,NA,NA,NA,NA,NA,NA,NA,NA,NA,NA,NA,NA,NA,NA,NA,NA,NA,NA,NA,NA,NA,NA,NA,NA,NA,NA,NA,NA,RJ,Harvey,DEN,RB,24,-5
RB,15749,average,NA,NA,NA,NA,NA,NA,795.775,198.02021361467115,5.706553398058253,1.8801421282062787,0.775,0.33964266937053544,32.05,9.914491558175984,211.875,72.72735288144933,1.1559466019417477,0.49775357834230444,NA,NA,NA,NA,NA,NA,NA,NA,NA,NA,NA,NA,NA,NA,NA,NA,NA,NA,NA,NA,NA,NA,NA,NA,NA,NA,NA,NA,NA,NA,NA,NA,NA,NA,NA,NA,NA,NA,Isiah,Pacheco,KCC,RB,26,-2
RB,15749,robust,NA,NA,NA,NA,NA,NA,855.3,37.065,6,1.4826,0.83125,0.16679249999999998,33.349999999999994,8.969729999999995,220.5,60.7866,1.05,0.07413000000000006,0,NA,NA,NA,NA,NA,NA,NA,NA,NA,NA,NA,NA,NA,NA,NA,NA,NA,NA,NA,NA,NA,NA,NA,NA,NA,NA,NA,NA,NA,NA,NA,NA,NA,NA,NA,NA,NA,Isiah,Pacheco,KCC,RB,26,-2
RB,15749,weighted,NA,NA,NA,NA,NA,NA,784.4645748987854,214.40621442109367,5.646371997956055,2.0275866440855563,0.7398532388663968,0.3572166956263307,31.711133603238867,10.78021588022895,208.59716599190284,79.1000081705689,1.171036908926536,0.5456267646359322,NA,NA,NA,NA,NA,NA,NA,NA,NA,NA,NA,NA,NA,NA,NA,NA,NA,NA,NA,NA,NA,NA,NA,NA,NA,NA,NA,NA,NA,NA,NA,NA,NA,NA,NA,NA,NA,NA,Isiah,Pacheco,KCC,RB,26,-2
RB,17066,average,NA,NA,NA,NA,NA,NA,282.8,157.61476242196773,2.057142857142857,1.2998168369134975,0.03333333333333333,0.03333333333333334,8.342857142857143,5.094721825202086,62.357142857142854,43.04717788438081,0.17025786170728818,0.36867193808306975,NA,NA,NA,NA,NA,NA,NA,NA,NA,NA,NA,NA,NA,NA,NA,NA,NA,NA,NA,NA,NA,NA,NA,NA,NA,NA,NA,NA,NA,NA,NA,NA,NA,NA,NA,NA,NA,NA,Kyle,Monangai,CHI,RB,23,-5
RB,17066,robust,NA,NA,NA,NA,NA,NA,282,172.87116000000003,2,1.4826,0.03333333333333333,0,8,4.4478,56.5,28.1694,0.04795125798775434,0,0,NA,NA,NA,NA,NA,NA,NA,NA,NA,NA,NA,NA,NA,NA,NA,NA,NA,NA,NA,NA,NA,NA,NA,NA,NA,NA,NA,NA,NA,NA,NA,NA,NA,NA,NA,NA,NA,Kyle,Monangai,CHI,RB,23,-5
RB,17066,weighted,NA,NA,NA,NA,NA,NA,278.2913752913753,168.63279008473322,1.9627039627039626,1.4004730675115282,0.022183372183372182,0.01723771860602253,8.41958041958042,5.281828730377517,63.251748251748246,44.9344779807825,0.15833648539993292,0.3791459430313273,NA,NA,NA,NA,NA,NA,NA,NA,NA,NA,NA,NA,NA,NA,NA,NA,NA,NA,NA,NA,NA,NA,NA,NA,NA,NA,NA,NA,NA,NA,NA,NA,NA,NA,NA,NA,NA,NA,Kyle,Monangai,CHI,RB,23,-5
RB,16165,average,NA,NA,NA,NA,NA,NA,347.6625,105.80195700998568,2.5549382716049385,0.4630826417915712,0.375,0.31339158526400435,30.3625,9.627035962775429,227.25,77.97023241505147,1.0950617283950617,0.7004541450510068,NA,NA,NA,NA,NA,NA,NA,NA,NA,NA,NA,NA,NA,NA,NA,NA,NA,NA,NA,NA,NA,NA,NA,NA,NA,NA,NA,NA,NA,NA,NA,NA,NA,NA,NA,NA,NA,NA,Tyjae,Spears,TEN,RB,24,-3
RB,16165,robust,NA,NA,NA,NA,NA,NA,353.825,114.16019999999999,2.5,0.48962407407407393,0.375,0.0926625,29.875,7.412999999999999,221.25,56.3388,1,0.29652,0,NA,NA,NA,NA,NA,NA,NA,NA,NA,NA,NA,NA,NA,NA,NA,NA,NA,NA,NA,NA,NA,NA,NA,NA,NA,NA,NA,NA,NA,NA,NA,NA,NA,NA,NA,NA,NA,Tyjae,Spears,TEN,RB,24,-3
RB,16165,weighted,NA,NA,NA,NA,NA,NA,346.4827935222672,112.5698080397916,2.5610686259809063,0.5017847780848914,0.3546305668016194,0.33445515134395454,30.224696356275306,10.112471485393602,226.09514170040487,81.98508316795254,1.0729394711850853,0.7378048862281718,NA,NA,NA,NA,NA,NA,NA,NA,NA,NA,NA,NA,NA,NA,NA,NA,NA,NA,NA,NA,NA,NA,NA,NA,NA,NA,NA,NA,NA,NA,NA,NA,NA,NA,NA,NA,NA,NA,Tyjae,Spears,TEN,RB,24,-3
RB,15261,average,NA,NA,NA,NA,NA,NA,1029.325,332.0016168205037,7.557142857142857,2.465434514834814,1.35,0.5988083404324197,35.95,11.299051793339626,221.5625,69.07627125142179,1.0803571428571428,0.19012616648865946,NA,NA,NA,NA,NA,NA,NA,NA,NA,NA,NA,NA,NA,NA,NA,NA,NA,NA,NA,NA,NA,NA,NA,NA,NA,NA,NA,NA,NA,NA,NA,NA,NA,NA,NA,NA,NA,NA,Chuba,Hubbard,CAR,RB,26,-1
RB,15261,robust,NA,NA,NA,NA,NA,NA,1101.15,190.06932000000006,8,0.8895600000000001,1.4125,0.185325,36.400000000000006,8.080169999999999,229.625,68.57025,1,0,0,NA,NA,NA,NA,NA,NA,NA,NA,NA,NA,NA,NA,NA,NA,NA,NA,NA,NA,NA,NA,NA,NA,NA,NA,NA,NA,NA,NA,NA,NA,NA,NA,NA,NA,NA,NA,NA,Chuba,Hubbard,CAR,RB,26,-1
RB,15261,weighted,NA,NA,NA,NA,NA,NA,1011.5890688259109,358.84690193596845,7.39679005205321,2.6439340516790915,1.279908906882591,0.6221129285413037,35.162348178137655,12.068637997845778,217.5495951417004,74.02524387051454,1.0714285714285714,0.1983033033588537,NA,NA,NA,NA,NA,NA,NA,NA,NA,NA,NA,NA,NA,NA,NA,NA,NA,NA,NA,NA,NA,NA,NA,NA,NA,NA,NA,NA,NA,NA,NA,NA,NA,NA,NA,NA,NA,NA,Chuba,Hubbard,CAR,RB,26,-1
RB,14085,average,NA,NA,NA,NA,NA,NA,921.35,249.93886681118073,5.22109375,1.3851207782401143,1.15,0.19639610121239318,38.7125,10.50570423287137,242.125,72.26031809664673,0.76640625,0.41652443629010016,NA,NA,NA,NA,NA,NA,NA,NA,NA,NA,NA,NA,NA,NA,NA,NA,NA,NA,NA,NA,NA,NA,NA,NA,NA,NA,NA,NA,NA,NA,NA,NA,NA,NA,NA,NA,NA,NA,Tony,Pollard,TEN,RB,28,1
RB,14085,robust,NA,NA,NA,NA,NA,NA,1003.95,45.2193,5.484375,0.07412999999999974,1.1124999999999998,0.11119499999999993,40.75,5.263229999999996,251.25,59.303999999999995,0.95,0.023165625,0,NA,NA,NA,NA,NA,NA,NA,NA,NA,NA,NA,NA,NA,NA,NA,NA,NA,NA,NA,NA,NA,NA,NA,NA,NA,NA,NA,NA,NA,NA,NA,NA,NA,NA,NA,NA,NA,Tony,Pollard,TEN,RB,28,1
RB,14085,weighted,NA,NA,NA,NA,NA,NA,900.6366396761133,267.1532128260244,5.119167510121457,1.484137579692709,1.171406882591093,0.20256505701573918,38.140283400809714,11.381040904130954,237.96356275303646,77.80117370676925,0.742370951417004,0.4488295654971817,NA,NA,NA,NA,NA,NA,NA,NA,NA,NA,NA,NA,NA,NA,NA,NA,NA,NA,NA,NA,NA,NA,NA,NA,NA,NA,NA,NA,NA,NA,NA,NA,NA,NA,NA,NA,NA,NA,Tony,Pollard,TEN,RB,28,1
RB,15712,average,NA,NA,NA,NA,NA,NA,548.3875,117.58231691032456,3.280357142857143,0.5497912405297718,0.45,0.34434202266268427,12.95,3.0533354127670194,96.5125,26.183715631776067,0.28214285714285714,0.35699997141713713,NA,NA,NA,NA,NA,NA,NA,NA,NA,NA,NA,NA,NA,NA,NA,NA,NA,NA,NA,NA,NA,NA,NA,NA,NA,NA,NA,NA,NA,NA,NA,NA,NA,NA,NA,NA,NA,NA,Tyler,Allgeier,ATL,RB,25,-2
RB,15712,robust,NA,NA,NA,NA,NA,NA,584.775,31.1346,3.2714285714285714,0.4024199999999999,0.45,0.259455,13.65,1.4826,100.3,19.273799999999998,0.2142857142857143,0.29652,0,NA,NA,NA,NA,NA,NA,NA,NA,NA,NA,NA,NA,NA,NA,NA,NA,NA,NA,NA,NA,NA,NA,NA,NA,NA,NA,NA,NA,NA,NA,NA,NA,NA,NA,NA,NA,NA,Tyler,Allgeier,ATL,RB,25,-2
RB,15712,weighted,NA,NA,NA,NA,NA,NA,545.6123481781377,128.20857291561498,3.285801041064199,0.6011394957859094,0.3972165991902834,0.3398504267302768,12.811336032388665,3.311524802441733,95.54048582995952,28.351362657875537,0.2593406593406593,0.3819706359011562,NA,NA,NA,NA,NA,NA,NA,NA,NA,NA,NA,NA,NA,NA,NA,NA,NA,NA,NA,NA,NA,NA,NA,NA,NA,NA,NA,NA,NA,NA,NA,NA,NA,NA,NA,NA,NA,NA,Tyler,Allgeier,ATL,RB,25,-2
RB,17052,average,NA,NA,NA,NA,NA,NA,382.1125,194.0874282930983,1.91875,1.2660223141793354,0.3,0.27774602993176545,15,8.110839308340061,117.8875,71.90301876237783,0.83125,0.6374824927568039,NA,NA,NA,NA,NA,NA,NA,NA,NA,NA,NA,NA,NA,NA,NA,NA,NA,NA,NA,NA,NA,NA,NA,NA,NA,NA,NA,NA,NA,NA,NA,NA,NA,NA,NA,NA,NA,NA,Bhayshul,Tuten,JAC,RB,22,-5
RB,17052,robust,NA,NA,NA,NA,NA,NA,411.5,74.87129999999999,2.0625,1.297275,0.3,0,15.625,7.78365,118.25,61.527899999999995,0.8875,0.185325,0,NA,NA,NA,NA,NA,NA,NA,NA,NA,NA,NA,NA,NA,NA,NA,NA,NA,NA,NA,NA,NA,NA,NA,NA,NA,NA,NA,NA,NA,NA,NA,NA,NA,NA,NA,NA,NA,Bhayshul,Tuten,JAC,RB,22,-5
RB,17052,weighted,NA,NA,NA,NA,NA,NA,366.6295546558705,213.7149125400595,1.722165991902834,1.2950223106210905,0.21285425101214575,0.1471805034597089,13.974696356275304,8.68442874481875,109.20850202429149,75.901903988257,0.7889676113360323,0.6755715666394142,NA,NA,NA,NA,NA,NA,NA,NA,NA,NA,NA,NA,NA,NA,NA,NA,NA,NA,NA,NA,NA,NA,NA,NA,NA,NA,NA,NA,NA,NA,NA,NA,NA,NA,NA,NA,NA,NA,Bhayshul,Tuten,JAC,RB,22,-5
RB,16432,average,NA,NA,NA,NA,NA,NA,301.3,110.45706556546455,2.2142857142857144,1.4519281105121002,0.35,0.334165627596057,10.17142857142857,3.676372435664576,63.58571428571429,26.653356797436015,0.2142857142857143,0.37606990231680526,NA,NA,NA,NA,NA,NA,NA,NA,NA,NA,NA,NA,NA,NA,NA,NA,NA,NA,NA,NA,NA,NA,NA,NA,NA,NA,NA,NA,NA,NA,NA,NA,NA,NA,NA,NA,NA,NA,Emanuel,Wilson,GBP,RB,26,-3
RB,16432,robust,NA,NA,NA,NA,NA,NA,302,102.29939999999999,2,1.4826,0.35,0.07413000000000006,10.05,4.4478,60.275,11.8608,0.07500000000000001,0,0,NA,NA,NA,NA,NA,NA,NA,NA,NA,NA,NA,NA,NA,NA,NA,NA,NA,NA,NA,NA,NA,NA,NA,NA,NA,NA,NA,NA,NA,NA,NA,NA,NA,NA,NA,NA,NA,Emanuel,Wilson,GBP,RB,26,-3
RB,16432,weighted,NA,NA,NA,NA,NA,NA,313.10722610722604,113.9720866047586,2.3044289044289044,1.5473795004551958,0.33898601398601397,0.36317756540567714,10.382983682983683,3.9188616145871116,63.84382284382284,29.15717951224226,0.17972027972027974,0.399006102071146,NA,NA,NA,NA,NA,NA,NA,NA,NA,NA,NA,NA,NA,NA,NA,NA,NA,NA,NA,NA,NA,NA,NA,NA,NA,NA,NA,NA,NA,NA,NA,NA,NA,NA,NA,NA,NA,NA,Emanuel,Wilson,GBP,RB,26,-3
RB,16174,average,NA,NA,NA,NA,NA,NA,268.4125,100.10689197766841,2.4660377358490564,0.9967648426553173,0.13333333333333333,0.12344267996967354,4.9375,4.090035801450014,34.7875,28.582534002428826,0.08401593841338212,0.16305816225371192,NA,NA,NA,NA,NA,NA,NA,NA,NA,NA,NA,NA,NA,NA,NA,NA,NA,NA,NA,NA,NA,NA,NA,NA,NA,NA,NA,NA,NA,NA,NA,NA,NA,NA,NA,NA,NA,NA,Chris,Rodriguez,WAS,RB,25,-3
RB,16174,robust,NA,NA,NA,NA,NA,NA,256.25,71.1648,2.45,0.51891,0.13333333333333333,0,5,5.782139999999999,33.575,32.6172,0.05,0,0,NA,NA,NA,NA,NA,NA,NA,NA,NA,NA,NA,NA,NA,NA,NA,NA,NA,NA,NA,NA,NA,NA,NA,NA,NA,NA,NA,NA,NA,NA,NA,NA,NA,NA,NA,NA,NA,Chris,Rodriguez,WAS,RB,25,-3
RB,16174,weighted,NA,NA,NA,NA,NA,NA,257.6518218623482,103.5606073335671,2.3737644183026507,1.0328680490051807,0.09460188933873145,0.06541355709320396,4.891093117408907,4.407361550507794,34.38461538461539,31.132227312387162,0.07629642701509362,0.1704701416756584,NA,NA,NA,NA,NA,NA,NA,NA,NA,NA,NA,NA,NA,NA,NA,NA,NA,NA,NA,NA,NA,NA,NA,NA,NA,NA,NA,NA,NA,NA,NA,NA,NA,NA,NA,NA,NA,NA,Chris,Rodriguez,WAS,RB,25,-3
RB,16593,average,NA,NA,NA,NA,NA,NA,299.55,48.55944810230034,1.6051829268292683,0.774555457149158,0.35,0.30937725468153876,9.9,4.796427241782605,73.3875,36.51967913722291,0.27491097392560543,0.37359703822563134,NA,NA,NA,NA,NA,NA,NA,NA,NA,NA,NA,NA,NA,NA,NA,NA,NA,NA,NA,NA,NA,NA,NA,NA,NA,NA,NA,NA,NA,NA,NA,NA,NA,NA,NA,NA,NA,NA,Blake,Corum,LAR,RB,25,-4
RB,16593,robust,NA,NA,NA,NA,NA,NA,311,25.2042,1.65,0.47551682926829275,0.35,0.03706500000000003,9.5,4.0030199999999985,70.5,36.323699999999995,0.19537560301949497,0.17846886903670323,0,NA,NA,NA,NA,NA,NA,NA,NA,NA,NA,NA,NA,NA,NA,NA,NA,NA,NA,NA,NA,NA,NA,NA,NA,NA,NA,NA,NA,NA,NA,NA,NA,NA,NA,NA,NA,NA,Blake,Corum,LAR,RB,25,-4
RB,16593,weighted,NA,NA,NA,NA,NA,NA,293.1427125506073,48.5515990374667,1.4866298015206874,0.7770604111893409,0.3404352226720648,0.33371247372112833,9.342307692307692,5.0021322205450405,69.2165991902834,38.01702194382072,0.2796709766629753,0.4128686771574589,NA,NA,NA,NA,NA,NA,NA,NA,NA,NA,NA,NA,NA,NA,NA,NA,NA,NA,NA,NA,NA,NA,NA,NA,NA,NA,NA,NA,NA,NA,NA,NA,NA,NA,NA,NA,NA,NA,Blake,Corum,LAR,RB,25,-4
RB,14080,average,NA,NA,NA,NA,NA,NA,278.3857142857143,100.55400586370538,1.8714285714285714,0.763138881450128,0.5,0.32145502536643183,11.271428571428572,5.349988874042726,70.35714285714286,32.55855530900479,0.016985376827896515,0.0372773379153741,NA,NA,NA,NA,NA,NA,NA,NA,NA,NA,NA,NA,NA,NA,NA,NA,NA,NA,NA,NA,NA,NA,NA,NA,NA,NA,NA,NA,NA,NA,NA,NA,NA,NA,NA,NA,NA,NA,Devin,Singletary,NYG,RB,28,1
RB,14080,robust,NA,NA,NA,NA,NA,NA,293.5,80.50518000000001,1.9,0.8895600000000001,0.5,0,11.15,7.412999999999999,71.625,41.5128,0,0,0,NA,NA,NA,NA,NA,NA,NA,NA,NA,NA,NA,NA,NA,NA,NA,NA,NA,NA,NA,NA,NA,NA,NA,NA,NA,NA,NA,NA,NA,NA,NA,NA,NA,NA,NA,NA,NA,Devin,Singletary,NYG,RB,28,1
RB,14080,weighted,NA,NA,NA,NA,NA,NA,280.23310023310023,110.81292442671766,1.8906759906759905,0.8076364570240773,0.5148018648018647,0.3493808825480946,11.35920745920746,5.772322008412897,69.9090909090909,35.359117749323104,0.0030835306425857616,0.007653776917598374,NA,NA,NA,NA,NA,NA,NA,NA,NA,NA,NA,NA,NA,NA,NA,NA,NA,NA,NA,NA,NA,NA,NA,NA,NA,NA,NA,NA,NA,NA,NA,NA,NA,NA,NA,NA,NA,NA,Devin,Singletary,NYG,RB,28,1
RB,16747,average,NA,NA,NA,NA,NA,NA,814.075,243.19525224454057,4.839311594202899,1.8740968459254452,1.3250000000000002,0.7394496022621923,38.15,11.019852215757835,282.775,86.25678855271956,1.1731884057971014,0.639224557981583,NA,NA,NA,NA,NA,NA,NA,NA,NA,NA,NA,NA,NA,NA,NA,NA,NA,NA,NA,NA,NA,NA,NA,NA,NA,NA,NA,NA,NA,NA,NA,NA,NA,NA,NA,NA,NA,NA,Tyrone,Tracy,NYG,RB,26,-4
RB,16747,robust,NA,NA,NA,NA,NA,NA,867.9,103.0407,5.45,0.6671699999999996,1.3250000000000002,0.2038574999999999,38.8,3.854760000000002,286.8,27.279840000000007,1.121376811594203,0.23313347826086955,0,NA,NA,NA,NA,NA,NA,NA,NA,NA,NA,NA,NA,NA,NA,NA,NA,NA,NA,NA,NA,NA,NA,NA,NA,NA,NA,NA,NA,NA,NA,NA,NA,NA,NA,NA,NA,NA,Tyrone,Tracy,NYG,RB,26,-4
RB,16747,weighted,NA,NA,NA,NA,NA,NA,807.6184210526316,264.5431626252665,4.774781435193335,2.0203575837978316,1.2821103238866398,0.7959608954320431,38.014574898785426,11.725282026866328,281.3967611336032,91.88900937792481,1.1778501437540339,0.6932148194736331,NA,NA,NA,NA,NA,NA,NA,NA,NA,NA,NA,NA,NA,NA,NA,NA,NA,NA,NA,NA,NA,NA,NA,NA,NA,NA,NA,NA,NA,NA,NA,NA,NA,NA,NA,NA,NA,NA,Tyrone,Tracy,NYG,RB,26,-4
RB,15255,average,NA,NA,NA,NA,NA,NA,307.65714285714284,252.25111071537992,2.157142857142857,2.2074549016587275,0.6,0.34641016151377546,18.185714285714287,8.047862774556686,120.81428571428572,62.962222233426836,0.4857142857142857,0.501426536422407,NA,NA,NA,NA,NA,NA,NA,NA,NA,NA,NA,NA,NA,NA,NA,NA,NA,NA,NA,NA,NA,NA,NA,NA,NA,NA,NA,NA,NA,NA,NA,NA,NA,NA,NA,NA,NA,NA,Kenneth,Gainwell,PIT,RB,26,-1
RB,15255,robust,NA,NA,NA,NA,NA,NA,226,29.05895999999999,1.5,0.8895600000000001,0.6,0.2965199999999999,17.65,5.04084,103.5,32.6172,0.5,0.59304,0,NA,NA,NA,NA,NA,NA,NA,NA,NA,NA,NA,NA,NA,NA,NA,NA,NA,NA,NA,NA,NA,NA,NA,NA,NA,NA,NA,NA,NA,NA,NA,NA,NA,NA,NA,NA,NA,Kenneth,Gainwell,PIT,RB,26,-1
RB,15255,weighted,NA,NA,NA,NA,NA,NA,330.17016317016316,284.7420125670186,2.347319347319347,2.486285399722111,0.6335664335664335,0.36615294201333304,19.138927738927737,8.56898298340617,126.18881118881119,68.54851400420871,0.4895104895104896,0.5479030771677197,NA,NA,NA,NA,NA,NA,NA,NA,NA,NA,NA,NA,NA,NA,NA,NA,NA,NA,NA,NA,NA,NA,NA,NA,NA,NA,NA,NA,NA,NA,NA,NA,NA,NA,NA,NA,NA,NA,Kenneth,Gainwell,PIT,RB,26,-1
RB,17043,average,NA,NA,NA,NA,NA,NA,853.825,281.62510921943226,5.711066878980891,2.0631470628249815,1.15,0.24201534780139164,42.2,15.032536141887132,332.7875,144.06760751714552,2.3014331210191084,1.4594482290042434,NA,NA,NA,NA,NA,NA,NA,NA,NA,NA,NA,NA,NA,NA,NA,NA,NA,NA,NA,NA,NA,NA,NA,NA,NA,NA,NA,NA,NA,NA,NA,NA,NA,NA,NA,NA,NA,NA,TreVeyon,Henderson,NEP,RB,23,-5
RB,17043,robust,NA,NA,NA,NA,NA,NA,910,107.48849999999999,6,0.6756689808917195,1.1124999999999998,0.11119499999999993,42,4.744319999999998,322.5,43.7367,2,0.14825999999999995,0,NA,NA,NA,NA,NA,NA,NA,NA,NA,NA,NA,NA,NA,NA,NA,NA,NA,NA,NA,NA,NA,NA,NA,NA,NA,NA,NA,NA,NA,NA,NA,NA,NA,NA,NA,NA,NA,TreVeyon,Henderson,NEP,RB,23,-5
RB,17043,weighted,NA,NA,NA,NA,NA,NA,831.2975708502024,299.4741704571763,5.578450965728873,2.2099859502567907,1.0707995951417004,0.10365520576212815,42.572874493927124,15.86648707177833,334.8663967611336,151.4088474943897,2.3496866860929884,1.5660039360518188,NA,NA,NA,NA,NA,NA,NA,NA,NA,NA,NA,NA,NA,NA,NA,NA,NA,NA,NA,NA,NA,NA,NA,NA,NA,NA,NA,NA,NA,NA,NA,NA,NA,NA,NA,NA,NA,NA,TreVeyon,Henderson,NEP,RB,23,-5
RB,13143,average,NA,NA,NA,NA,NA,NA,105.6,46.75254003794874,1.3800000000000001,0.4816637831516918,0,0,5.32,3.097902516219644,35.66,30.72829315142642,0,0,NA,NA,NA,NA,NA,NA,NA,NA,NA,NA,NA,NA,NA,NA,NA,NA,NA,NA,NA,NA,NA,NA,NA,NA,NA,NA,NA,NA,NA,NA,NA,NA,NA,NA,NA,NA,NA,NA,Jeremy,McNichols,WAS,RB,30,3
RB,13143,robust,NA,NA,NA,NA,NA,NA,99.5,38.547599999999996,1.4,0.14826000000000011,0,0,4.95,1.9273799999999996,24.5,5.9304,0,0,0,NA,NA,NA,NA,NA,NA,NA,NA,NA,NA,NA,NA,NA,NA,NA,NA,NA,NA,NA,NA,NA,NA,NA,NA,NA,NA,NA,NA,NA,NA,NA,NA,NA,NA,NA,NA,NA,Jeremy,McNichols,WAS,RB,30,3
RB,13143,weighted,NA,NA,NA,NA,NA,NA,107.88013698630137,53.785841618410366,1.4428082191780822,0.5265820072393796,0,0,5.955136986301371,3.1422828868820734,40.73287671232877,32.834772125913716,0,0,NA,NA,NA,NA,NA,NA,NA,NA,NA,NA,NA,NA,NA,NA,NA,NA,NA,NA,NA,NA,NA,NA,NA,NA,NA,NA,NA,NA,NA,NA,NA,NA,NA,NA,NA,NA,NA,NA,Jeremy,McNichols,WAS,RB,30,3
RB,13133,average,NA,NA,NA,NA,NA,NA,166.5142857142857,44.376248473383015,0.9857142857142858,0.6121780008803851,0.925,0.5870122088452108,17.9,5.081010398204935,150.25714285714287,51.74742689715297,0.7571428571428571,0.3994043183589901,NA,NA,NA,NA,NA,NA,NA,NA,NA,NA,NA,NA,NA,NA,NA,NA,NA,NA,NA,NA,NA,NA,NA,NA,NA,NA,NA,NA,NA,NA,NA,NA,NA,NA,NA,NA,NA,NA,Samaje,Perine,CIN,RB,30,3
RB,13133,robust,NA,NA,NA,NA,NA,NA,166.75,43.88495999999999,1,0.44478000000000006,0.925,0.11119499999999993,17.975,2.372160000000002,147.7,35.28588000000001,0.925,0,0,NA,NA,NA,NA,NA,NA,NA,NA,NA,NA,NA,NA,NA,NA,NA,NA,NA,NA,NA,NA,NA,NA,NA,NA,NA,NA,NA,NA,NA,NA,NA,NA,NA,NA,NA,NA,NA,Samaje,Perine,CIN,RB,30,3
RB,13133,weighted,NA,NA,NA,NA,NA,NA,160.6048951048951,46.29323589939616,0.9268065268065269,0.6631867828797187,0.9658216783216784,0.6354771616609393,17.617482517482518,5.413076036431517,146.21794871794873,55.16201878619606,0.7317016317016317,0.4337275296439959,NA,NA,NA,NA,NA,NA,NA,NA,NA,NA,NA,NA,NA,NA,NA,NA,NA,NA,NA,NA,NA,NA,NA,NA,NA,NA,NA,NA,NA,NA,NA,NA,NA,NA,NA,NA,NA,NA,Samaje,Perine,CIN,RB,30,3
RB,16385,average,NA,NA,NA,NA,NA,NA,154.6142857142857,84.26807281075138,0.7964667559105604,0.288764750584357,1,1,11.357142857142858,5.83491135118525,73.41428571428571,30.368867203735064,0.3130644292418516,0.4181065115774632,NA,NA,NA,NA,NA,NA,NA,NA,NA,NA,NA,NA,NA,NA,NA,NA,NA,NA,NA,NA,NA,NA,NA,NA,NA,NA,NA,NA,NA,NA,NA,NA,NA,NA,NA,NA,NA,NA,Emari,Demercado,ARI,RB,26,-3
RB,16385,robust,NA,NA,NA,NA,NA,NA,152.75,87.4734,0.8500000000000001,0,1,0,9.525,1.6308599999999993,66,14.825999999999999,0.24358825351972108,0.14826,0,NA,NA,NA,NA,NA,NA,NA,NA,NA,NA,NA,NA,NA,NA,NA,NA,NA,NA,NA,NA,NA,NA,NA,NA,NA,NA,NA,NA,NA,NA,NA,NA,NA,NA,NA,NA,NA,Emari,Demercado,ARI,RB,26,-3
RB,16385,weighted,NA,NA,NA,NA,NA,NA,158.62004662004662,87.61837762582299,0.8649620288955118,0.2501021420772592,1.1724941724941724,0.9875001244554763,11.605827505827504,6.023556679681531,75.15501165501166,30.889061621126217,0.34895470939045986,0.447919176808052,NA,NA,NA,NA,NA,NA,NA,NA,NA,NA,NA,NA,NA,NA,NA,NA,NA,NA,NA,NA,NA,NA,NA,NA,NA,NA,NA,NA,NA,NA,NA,NA,NA,NA,NA,NA,NA,NA,Emari,Demercado,ARI,RB,26,-3
RB,14086,average,NA,NA,NA,NA,NA,NA,194.0375,44.82135771195309,1.0298076923076924,0.28606513749661144,0.35,0.30937725468153876,31.325,8.043941819779652,255.65,65.92859774028263,1.7951923076923078,0.5355168697959105,NA,NA,NA,NA,NA,NA,NA,NA,NA,NA,NA,NA,NA,NA,NA,NA,NA,NA,NA,NA,NA,NA,NA,NA,NA,NA,NA,NA,NA,NA,NA,NA,NA,NA,NA,NA,NA,NA,Justice,Hill,BAL,RB,28,1
RB,14086,robust,NA,NA,NA,NA,NA,NA,196.075,36.323699999999995,1,0,0.35,0.03706500000000003,32.65,7.931909999999999,267,59.15574000000001,1.85,0.37065000000000015,0,NA,NA,NA,NA,NA,NA,NA,NA,NA,NA,NA,NA,NA,NA,NA,NA,NA,NA,NA,NA,NA,NA,NA,NA,NA,NA,NA,NA,NA,NA,NA,NA,NA,NA,NA,NA,NA,Justice,Hill,BAL,RB,28,1
RB,14086,weighted,NA,NA,NA,NA,NA,NA,194.9311740890688,48.83730560671197,0.9989878542510121,0.294128604010492,0.3404352226720648,0.33371247372112833,31.758704453441297,8.563555802717486,259.59615384615387,70.11099405444159,1.7898785425101214,0.5811677340414304,NA,NA,NA,NA,NA,NA,NA,NA,NA,NA,NA,NA,NA,NA,NA,NA,NA,NA,NA,NA,NA,NA,NA,NA,NA,NA,NA,NA,NA,NA,NA,NA,NA,NA,NA,NA,NA,NA,Justice,Hill,BAL,RB,28,1
RB,16178,average,NA,NA,NA,NA,NA,NA,243.175,92.75013669608717,1.1764705882352942,0.8214920777531404,0.09999999999999999,0.09258200997725514,8.05,3.947512779315242,67.6875,29.783669422784598,0.3360294117647059,0.38779498204191065,NA,NA,NA,NA,NA,NA,NA,NA,NA,NA,NA,NA,NA,NA,NA,NA,NA,NA,NA,NA,NA,NA,NA,NA,NA,NA,NA,NA,NA,NA,NA,NA,NA,NA,NA,NA,NA,NA,Keaton,Mitchell,BAL,RB,23,-3
RB,16178,robust,NA,NA,NA,NA,NA,NA,237.35,83.0256,1.075,1.03782,0.09999999999999999,0,8,4.22541,73.25,19.64445,0.29705882352941176,0.37065,0,NA,NA,NA,NA,NA,NA,NA,NA,NA,NA,NA,NA,NA,NA,NA,NA,NA,NA,NA,NA,NA,NA,NA,NA,NA,NA,NA,NA,NA,NA,NA,NA,NA,NA,NA,NA,NA,Keaton,Mitchell,BAL,RB,23,-3
RB,16178,weighted,NA,NA,NA,NA,NA,NA,227.46356275303646,93.04033520078104,1.0740176232436294,0.8520916443741193,0.11406882591093118,0.0905343412196303,7.724291497975709,4.263452061645805,63.6497975708502,31.7803894264109,0.30533460347701835,0.41255045697673287,NA,NA,NA,NA,NA,NA,NA,NA,NA,NA,NA,NA,NA,NA,NA,NA,NA,NA,NA,NA,NA,NA,NA,NA,NA,NA,NA,NA,NA,NA,NA,NA,NA,NA,NA,NA,NA,NA,Keaton,Mitchell,BAL,RB,23,-3
RB,12447,average,NA,NA,NA,NA,NA,NA,232.0375,60.18742007857029,1.7019736842105264,0.7678901116600467,0.9,0.5099019513592784,13.075,5.822800013739094,98.625,41.12676396564303,0.30430817302997754,0.3981910620487102,NA,NA,NA,NA,NA,NA,NA,NA,NA,NA,NA,NA,NA,NA,NA,NA,NA,NA,NA,NA,NA,NA,NA,NA,NA,NA,NA,NA,NA,NA,NA,NA,NA,NA,NA,NA,NA,NA,Raheem,Mostert,LVR,RB,33,5
RB,12447,robust,NA,NA,NA,NA,NA,NA,227,58.5627,1.6578947368421053,0.9753947368421053,0.9,0,12.5,3.18759,96,36.323699999999995,0.3,0.11138392617908406,0,NA,NA,NA,NA,NA,NA,NA,NA,NA,NA,NA,NA,NA,NA,NA,NA,NA,NA,NA,NA,NA,NA,NA,NA,NA,NA,NA,NA,NA,NA,NA,NA,NA,NA,NA,NA,NA,Raheem,Mostert,LVR,RB,33,5
RB,12447,weighted,NA,NA,NA,NA,NA,NA,222.6163967611336,59.460611515031545,1.5757617728531854,0.7491874893525753,0.9116396761133604,0.5536334497644401,12.693927125506073,6.267755887436638,95.65384615384616,44.157417145996504,0.2641528831279524,0.41553053731203105,NA,NA,NA,NA,NA,NA,NA,NA,NA,NA,NA,NA,NA,NA,NA,NA,NA,NA,NA,NA,NA,NA,NA,NA,NA,NA,NA,NA,NA,NA,NA,NA,NA,NA,NA,NA,NA,NA,Raheem,Mostert,LVR,RB,33,5
RB,17059,average,NA,NA,NA,NA,NA,NA,300.9,135.91518363618226,2.5037037037037035,1.5512765535900441,0.775,0.33964266937053544,9.475,3.800657837795978,70.9875,29.250662385662313,0.26144149777344494,0.3564253910559453,NA,NA,NA,NA,NA,NA,NA,NA,NA,NA,NA,NA,NA,NA,NA,NA,NA,NA,NA,NA,NA,NA,NA,NA,NA,NA,NA,NA,NA,NA,NA,NA,NA,NA,NA,NA,NA,NA,Ollie,Gordon,MIA,RB,21,-5
RB,17059,robust,NA,NA,NA,NA,NA,NA,308.75,132.84096,2.5,1.7791199999999998,0.83125,0.16679249999999998,9.35,4.00302,72.75,25.871370000000002,0.20317339850118715,0.1639471028400823,0,NA,NA,NA,NA,NA,NA,NA,NA,NA,NA,NA,NA,NA,NA,NA,NA,NA,NA,NA,NA,NA,NA,NA,NA,NA,NA,NA,NA,NA,NA,NA,NA,NA,NA,NA,NA,NA,Ollie,Gordon,MIA,RB,21,-5
RB,17059,weighted,NA,NA,NA,NA,NA,NA,283.58400809716596,137.62710966203915,2.376368271105113,1.600427665431625,0.7254807692307693,0.34198148828043046,9.174898785425102,4.001247406815885,68.2844129554656,30.37599156447756,0.2389785159944885,0.3847734182645577,NA,NA,NA,NA,NA,NA,NA,NA,NA,NA,NA,NA,NA,NA,NA,NA,NA,NA,NA,NA,NA,NA,NA,NA,NA,NA,NA,NA,NA,NA,NA,NA,NA,NA,NA,NA,NA,NA,Ollie,Gordon,MIA,RB,21,-5
RB,16166,average,NA,NA,NA,NA,NA,NA,205.87142857142857,64.8846338841926,1.4285714285714286,0.4535573676110727,0.675,0.6667708251965838,7.014285714285714,3.428521825038001,58.57142857142857,35.495807934915085,0.4142857142857143,0.4488079449258574,2,0,NA,NA,NA,NA,NA,NA,NA,NA,NA,NA,NA,NA,NA,NA,NA,NA,NA,NA,NA,NA,NA,NA,NA,NA,NA,NA,NA,NA,NA,NA,NA,NA,NA,NA,NA,NA,Sean,Tucker,TBB,RB,24,-3
RB,16166,robust,NA,NA,NA,NA,NA,NA,204.275,94.8864,1.5,0.5930399999999998,0.675,0.03706499999999987,7.075,4.74432,57.5,37.065,0.475,0.59304,2,0,NA,NA,NA,NA,NA,NA,NA,NA,NA,NA,NA,NA,NA,NA,NA,NA,NA,NA,NA,NA,NA,NA,NA,NA,NA,NA,NA,NA,NA,NA,NA,NA,NA,NA,NA,NA,Sean,Tucker,TBB,RB,24,-3
RB,16166,weighted,NA,NA,NA,NA,NA,NA,198.38927738927737,69.84484424054561,1.4314685314685314,0.4969618989966607,0.6654137529137529,0.7260267405385359,7.14055944055944,3.6415138219280703,59.49533799533799,37.159968223036266,0.3892773892773893,0.4856927295409108,2,0,NA,NA,NA,NA,NA,NA,NA,NA,NA,NA,NA,NA,NA,NA,NA,NA,NA,NA,NA,NA,NA,NA,NA,NA,NA,NA,NA,NA,NA,NA,NA,NA,NA,NA,NA,NA,Sean,Tucker,TBB,RB,24,-3
RB,14095,average,NA,NA,NA,NA,NA,NA,195,47.97916214358062,0.9142857142857143,0.18644544714716088,0.03333333333333333,0.03333333333333334,16.014285714285712,7.525607078818419,157.75714285714287,61.44086200412168,1.3428571428571427,0.7114706432386906,NA,NA,NA,NA,NA,NA,NA,NA,NA,NA,NA,NA,NA,NA,NA,NA,NA,NA,NA,NA,NA,NA,NA,NA,NA,NA,NA,NA,NA,NA,NA,NA,NA,NA,NA,NA,NA,NA,Ty,Johnson,BUF,RB,28,1
RB,14095,robust,NA,NA,NA,NA,NA,NA,196,60.7866,1,0,0.03333333333333333,0,15.05,2.8169400000000002,153.65,28.614180000000015,1,0,0,NA,NA,NA,NA,NA,NA,NA,NA,NA,NA,NA,NA,NA,NA,NA,NA,NA,NA,NA,NA,NA,NA,NA,NA,NA,NA,NA,NA,NA,NA,NA,NA,NA,NA,NA,NA,NA,Ty,Johnson,BUF,RB,28,1
RB,14095,weighted,NA,NA,NA,NA,NA,NA,191.2086247086247,52.1363319072805,0.9172494172494173,0.2036632767067207,0.022183372183372182,0.01723771860602253,16.259906759906762,8.404338399624582,157.22727272727275,68.26217576979684,1.3144522144522144,0.7739204514855386,NA,NA,NA,NA,NA,NA,NA,NA,NA,NA,NA,NA,NA,NA,NA,NA,NA,NA,NA,NA,NA,NA,NA,NA,NA,NA,NA,NA,NA,NA,NA,NA,NA,NA,NA,NA,NA,NA,Ty,Johnson,BUF,RB,28,1
RB,17049,average,NA,NA,NA,NA,NA,NA,178.05,114.15311772226936,1.1134615384615385,0.9076713538278016,0.3666666666666667,0.3394673699166022,12.0375,8.644393310943556,94.3875,61.84497756487587,0.39903846153846156,0.6369628577585901,NA,NA,NA,NA,NA,NA,NA,NA,NA,NA,NA,NA,NA,NA,NA,NA,NA,NA,NA,NA,NA,NA,NA,NA,NA,NA,NA,NA,NA,NA,NA,NA,NA,NA,NA,NA,NA,NA,Brashard,Smith,KCC,RB,22,-5
RB,17049,robust,NA,NA,NA,NA,NA,NA,163.5,91.17989999999999,1,1.4826,0.3666666666666667,0,10.825,6.078659999999999,84.775,33.3585,0.25,0,0,NA,NA,NA,NA,NA,NA,NA,NA,NA,NA,NA,NA,NA,NA,NA,NA,NA,NA,NA,NA,NA,NA,NA,NA,NA,NA,NA,NA,NA,NA,NA,NA,NA,NA,NA,NA,NA,Brashard,Smith,KCC,RB,22,-5
RB,17049,weighted,NA,NA,NA,NA,NA,NA,184.6002024291498,113.705130007281,1.158906882591093,0.9542325189609813,0.41825236167341434,0.33195925113864444,12.161538461538463,9.069547890397065,96.03238866396761,64.7032169650112,0.3643724696356275,0.6711910623692379,NA,NA,NA,NA,NA,NA,NA,NA,NA,NA,NA,NA,NA,NA,NA,NA,NA,NA,NA,NA,NA,NA,NA,NA,NA,NA,NA,NA,NA,NA,NA,NA,NA,NA,NA,NA,NA,NA,Brashard,Smith,KCC,RB,22,-5
RB,15716,average,NA,NA,NA,NA,NA,NA,446.75,148.76707585061575,3.796590909090909,1.3574573208038674,1.125,0.5434677017607789,11.0375,6.236284951796222,87.6875,51.286964021780705,0.4909090909090909,0.6547618689850085,NA,NA,NA,NA,NA,NA,NA,NA,NA,NA,NA,NA,NA,NA,NA,NA,NA,NA,NA,NA,NA,NA,NA,NA,NA,NA,NA,NA,NA,NA,NA,NA,NA,NA,NA,NA,NA,NA,Brian,Robinson,SFO,RB,26,-2
RB,15716,robust,NA,NA,NA,NA,NA,NA,444.75,122.3145,4,1.1860799999999996,1.14375,0.055597499999999966,10.25,4.37367,78.75,29.28135,0.38181818181818183,0.29652,0,NA,NA,NA,NA,NA,NA,NA,NA,NA,NA,NA,NA,NA,NA,NA,NA,NA,NA,NA,NA,NA,NA,NA,NA,NA,NA,NA,NA,NA,NA,NA,NA,NA,NA,NA,NA,NA,Brian,Robinson,SFO,RB,26,-2
RB,15716,weighted,NA,NA,NA,NA,NA,NA,442.5910931174089,158.34280018944673,3.796209054103791,1.454026046523577,1.1090334008097167,0.5902979641369773,11.151214574898786,6.496634190738908,88.31174089068826,53.7442737065736,0.4960986382039014,0.7093312359343181,NA,NA,NA,NA,NA,NA,NA,NA,NA,NA,NA,NA,NA,NA,NA,NA,NA,NA,NA,NA,NA,NA,NA,NA,NA,NA,NA,NA,NA,NA,NA,NA,NA,NA,NA,NA,NA,NA,Brian,Robinson,SFO,RB,26,-2
RB,17069,average,NA,NA,NA,NA,NA,NA,373.275,227.87108981050793,2.1306318681318683,0.9976122471323953,0.5,0.232992949004287,17.725,10.39515683933079,138.45,77.40740090124274,0.6568681318681319,0.4722443567902395,NA,NA,NA,NA,NA,NA,NA,NA,NA,NA,NA,NA,NA,NA,NA,NA,NA,NA,NA,NA,NA,NA,NA,NA,NA,NA,NA,NA,NA,NA,NA,NA,NA,NA,NA,NA,NA,NA,Jaydon,Blue,DAL,RB,21,-5
RB,17069,robust,NA,NA,NA,NA,NA,NA,352.25,287.47613999999993,2,0.8561607692307691,0.5,0,17.225,14.15883,135.25,81.54299999999999,0.65,0.11486076923076931,0,NA,NA,NA,NA,NA,NA,NA,NA,NA,NA,NA,NA,NA,NA,NA,NA,NA,NA,NA,NA,NA,NA,NA,NA,NA,NA,NA,NA,NA,NA,NA,NA,NA,NA,NA,NA,NA,Jaydon,Blue,DAL,RB,21,-5
RB,17069,weighted,NA,NA,NA,NA,NA,NA,342.67914979757086,238.7267401721243,1.9411509543088492,0.98430811229183,0.4553643724696356,0.21733456848626753,16.619230769230768,11.049764626787507,129.62246963562754,82.32278135573812,0.6009543088490457,0.503696337624327,NA,NA,NA,NA,NA,NA,NA,NA,NA,NA,NA,NA,NA,NA,NA,NA,NA,NA,NA,NA,NA,NA,NA,NA,NA,NA,NA,NA,NA,NA,NA,NA,NA,NA,NA,NA,NA,NA,Jaydon,Blue,DAL,RB,21,-5
RB,16596,average,NA,NA,NA,NA,NA,NA,417.925,133.40631544271056,2.4785714285714286,0.7806329195608143,0.5666666666666667,0.20236694629405505,19.6,9.717142437098323,143.0625,63.08182752810602,0.7714285714285715,0.3747107728172572,NA,NA,NA,NA,NA,NA,NA,NA,NA,NA,NA,NA,NA,NA,NA,NA,NA,NA,NA,NA,NA,NA,NA,NA,NA,NA,NA,NA,NA,NA,NA,NA,NA,NA,NA,NA,NA,NA,Braelon,Allen,NYJ,RB,21,-4
RB,16596,robust,NA,NA,NA,NA,NA,NA,442.04999999999995,84.21168000000002,2.5,0.021179999999999925,0.5666666666666667,0,19.45,3.8547599999999993,145.75,32.6172,0.9,0.021180000000000004,0,NA,NA,NA,NA,NA,NA,NA,NA,NA,NA,NA,NA,NA,NA,NA,NA,NA,NA,NA,NA,NA,NA,NA,NA,NA,NA,NA,NA,NA,NA,NA,NA,NA,NA,NA,NA,NA,Braelon,Allen,NYJ,RB,21,-4
RB,16596,weighted,NA,NA,NA,NA,NA,NA,413.72165991902835,144.70704493989538,2.378860613071139,0.8138742111332504,0.5919365721997301,0.20826146578191607,19.807692307692307,10.503648745330905,144.00303643724698,68.20942873061568,0.7632446500867553,0.40801796457561695,NA,NA,NA,NA,NA,NA,NA,NA,NA,NA,NA,NA,NA,NA,NA,NA,NA,NA,NA,NA,NA,NA,NA,NA,NA,NA,NA,NA,NA,NA,NA,NA,NA,NA,NA,NA,NA,NA,Braelon,Allen,NYJ,RB,21,-4
RB,17046,average,NA,NA,NA,NA,NA,NA,201.54285714285714,84.932499809022,1.2428571428571429,0.716140449113959,0.2,0.15275252316519466,8.871428571428572,3.109509224788957,64.65714285714286,22.49346995188138,0.2,0.38297084310253526,NA,NA,NA,NA,NA,NA,NA,NA,NA,NA,NA,NA,NA,NA,NA,NA,NA,NA,NA,NA,NA,NA,NA,NA,NA,NA,NA,NA,NA,NA,NA,NA,NA,NA,NA,NA,NA,NA,Devin,Neal,NOS,RB,22,-5
RB,17046,robust,NA,NA,NA,NA,NA,NA,208.95,65.2344,1.35,1.03782,0.2,0,8.65,1.0378199999999989,62.3,9.488639999999997,0,0,0,NA,NA,NA,NA,NA,NA,NA,NA,NA,NA,NA,NA,NA,NA,NA,NA,NA,NA,NA,NA,NA,NA,NA,NA,NA,NA,NA,NA,NA,NA,NA,NA,NA,NA,NA,NA,NA,Devin,Neal,NOS,RB,22,-5
RB,17046,weighted,NA,NA,NA,NA,NA,NA,193.8892773892774,90.40688972219387,1.1806526806526805,0.758588017132795,0.21585081585081586,0.16035200575335404,8.931934731934732,3.376981599872794,64.78321678321679,24.49246818754168,0.1631701631701632,0.40501236188958056,NA,NA,NA,NA,NA,NA,NA,NA,NA,NA,NA,NA,NA,NA,NA,NA,NA,NA,NA,NA,NA,NA,NA,NA,NA,NA,NA,NA,NA,NA,NA,NA,NA,NA,NA,NA,NA,NA,Devin,Neal,NOS,RB,22,-5
RB,11367,average,NA,NA,NA,NA,NA,NA,18.64,10.215086881666744,0.30687945283556567,0.4105079428557899,0.16666666666666669,0.14719601443879746,13.38,3.2591409911202063,122.16,38.78437829848507,0.6908222077629972,0.4743522483031247,NA,NA,NA,NA,NA,NA,NA,NA,NA,NA,NA,NA,NA,NA,NA,NA,NA,NA,NA,NA,NA,NA,NA,NA,NA,NA,NA,NA,NA,NA,NA,NA,NA,NA,NA,NA,NA,NA,Kyle,Juszczyk,SFO,RB,34,7
RB,11367,robust,NA,NA,NA,NA,NA,NA,20,6.226919999999999,0.23439726417782844,0.34751738387004844,0.16666666666666669,0.09884000000000001,13.2,2.9652,115.9,36.76848000000002,0.727055519407493,0.5128149738529015,0,NA,NA,NA,NA,NA,NA,NA,NA,NA,NA,NA,NA,NA,NA,NA,NA,NA,NA,NA,NA,NA,NA,NA,NA,NA,NA,NA,NA,NA,NA,NA,NA,NA,NA,NA,NA,NA,Kyle,Juszczyk,SFO,RB,34,7
RB,11367,weighted,NA,NA,NA,NA,NA,NA,NA,5.853165582760751,NA,0.5234340731529865,NA,0.03822119577003829,NA,4.38414358778147,NA,52.82140125190542,NA,0.6096986784584472,NA,NA,NA,NA,NA,NA,NA,NA,NA,NA,NA,NA,NA,NA,NA,NA,NA,NA,NA,NA,NA,NA,NA,NA,NA,NA,NA,NA,NA,NA,NA,NA,NA,NA,NA,NA,NA,NA,Kyle,Juszczyk,SFO,RB,34,7
RB,16164,average,NA,NA,NA,NA,NA,NA,585.4625,225.04855944249644,4.603571428571429,1.821106414086934,0.775,0.33964266937053544,10.775,6.7243162159009575,74.6125,47.05226387448627,0.18015578142830604,0.3697776133718717,NA,NA,NA,NA,NA,NA,NA,NA,NA,NA,NA,NA,NA,NA,NA,NA,NA,NA,NA,NA,NA,NA,NA,NA,NA,NA,NA,NA,NA,NA,NA,NA,NA,NA,NA,NA,NA,NA,Tank,Bigsby,PHI,RB,24,-3
RB,16164,robust,NA,NA,NA,NA,NA,NA,616.5250000000001,173.46419999999998,4.964285714285714,1.42965,0.83125,0.16679249999999998,10.7,5.1891,73.725,40.69737,0.08490883999893846,0,0,NA,NA,NA,NA,NA,NA,NA,NA,NA,NA,NA,NA,NA,NA,NA,NA,NA,NA,NA,NA,NA,NA,NA,NA,NA,NA,NA,NA,NA,NA,NA,NA,NA,NA,NA,NA,NA,Tank,Bigsby,PHI,RB,24,-3
RB,16164,weighted,NA,NA,NA,NA,NA,NA,574.1082995951416,242.416406071143,4.479265471370734,1.9593060257191204,0.7254807692307693,0.34198148828043046,10.642914979757085,7.203596897289661,73.15587044534414,50.44960814486507,0.1650406776168189,0.3864676412737273,NA,NA,NA,NA,NA,NA,NA,NA,NA,NA,NA,NA,NA,NA,NA,NA,NA,NA,NA,NA,NA,NA,NA,NA,NA,NA,NA,NA,NA,NA,NA,NA,NA,NA,NA,NA,NA,NA,Tank,Bigsby,PHI,RB,24,-3
RB,15258,average,NA,NA,NA,NA,NA,NA,67.5,65.76093065034893,0.5,0.7071067811865476,0,0,3.25,2.4748737341529163,21.5,14.849242404917497,0,0,NA,NA,NA,NA,NA,NA,NA,NA,NA,NA,NA,NA,NA,NA,NA,NA,NA,NA,NA,NA,NA,NA,NA,NA,NA,NA,NA,NA,NA,NA,NA,NA,NA,NA,NA,NA,NA,NA,Michael,Carter,ARI,RB,26,-1
RB,15258,robust,NA,NA,NA,NA,NA,NA,67.5,68.9409,0.5,0.7413,0,0,3.25,2.59455,21.5,15.5673,0,0,NA,NA,NA,NA,NA,NA,NA,NA,NA,NA,NA,NA,NA,NA,NA,NA,NA,NA,NA,NA,NA,NA,NA,NA,NA,NA,NA,NA,NA,NA,NA,NA,NA,NA,NA,NA,NA,NA,Michael,Carter,ARI,RB,26,-1
RB,15258,weighted,NA,NA,NA,NA,NA,NA,113.99999999999999,NA,1,NA,0,NA,5,NA,32,NA,0,NA,NA,NA,NA,NA,NA,NA,NA,NA,NA,NA,NA,NA,NA,NA,NA,NA,NA,NA,NA,NA,NA,NA,NA,NA,NA,NA,NA,NA,NA,NA,NA,NA,NA,NA,NA,NA,NA,NA,Michael,Carter,ARI,RB,26,-1
RB,15713,average,NA,NA,NA,NA,NA,NA,485.25,171.9499511901231,2.4824074074074076,1.2909287968490732,0.5,0.31167748898959186,28.6625,7.719907012763449,187.675,60.616257838023245,0.8050925925925926,0.3651426695364514,NA,NA,NA,NA,NA,NA,NA,NA,NA,NA,NA,NA,NA,NA,NA,NA,NA,NA,NA,NA,NA,NA,NA,NA,NA,NA,NA,NA,NA,NA,NA,NA,NA,NA,NA,NA,NA,NA,Jerome,Ford,CLE,RB,26,-2
RB,15713,robust,NA,NA,NA,NA,NA,NA,530.75,51.891,2.525,0.81543,0.5,0.22238999999999998,28.325,2.9652,192.25,58.11792,0.8703703703703703,0.07413000000000006,0,NA,NA,NA,NA,NA,NA,NA,NA,NA,NA,NA,NA,NA,NA,NA,NA,NA,NA,NA,NA,NA,NA,NA,NA,NA,NA,NA,NA,NA,NA,NA,NA,NA,NA,NA,NA,NA,Jerome,Ford,CLE,RB,26,-2
RB,15713,weighted,NA,NA,NA,NA,NA,NA,469.6487854251012,181.97896446865795,2.411643424801319,1.3824152861791446,0.4543522267206478,0.3112708252891773,27.45748987854251,8.008963414085068,178.085020242915,62.11488930919266,0.7494901784375468,0.3866135519472161,NA,NA,NA,NA,NA,NA,NA,NA,NA,NA,NA,NA,NA,NA,NA,NA,NA,NA,NA,NA,NA,NA,NA,NA,NA,NA,NA,NA,NA,NA,NA,NA,NA,NA,NA,NA,NA,NA,Jerome,Ford,CLE,RB,26,-2
RB,12155,average,NA,NA,NA,NA,NA,NA,120.5,53.033008588991066,1,0,0,0,12.5,12.020815280171307,86.5,82.73149339882606,0.5,0.7071067811865476,NA,NA,NA,NA,NA,NA,NA,NA,NA,NA,NA,NA,NA,NA,NA,NA,NA,NA,NA,NA,NA,NA,NA,NA,NA,NA,NA,NA,NA,NA,NA,NA,NA,NA,NA,NA,NA,NA,Ameer,Abdullah,IND,RB,32,5
RB,12155,robust,NA,NA,NA,NA,NA,NA,120.5,55.5975,1,0,0,0,12.5,12.6021,86.5,86.73209999999999,0.5,0.7413,NA,NA,NA,NA,NA,NA,NA,NA,NA,NA,NA,NA,NA,NA,NA,NA,NA,NA,NA,NA,NA,NA,NA,NA,NA,NA,NA,NA,NA,NA,NA,NA,NA,NA,NA,NA,NA,NA,Ameer,Abdullah,IND,RB,32,5
RB,12155,weighted,NA,NA,NA,NA,NA,NA,117.42164179104478,53.03300858899106,1,0,0,0,11.80223880597015,12.020815280171306,81.69776119402984,82.73149339882605,0.458955223880597,0.7071067811865474,NA,NA,NA,NA,NA,NA,NA,NA,NA,NA,NA,NA,NA,NA,NA,NA,NA,NA,NA,NA,NA,NA,NA,NA,NA,NA,NA,NA,NA,NA,NA,NA,NA,NA,NA,NA,NA,NA,Ameer,Abdullah,IND,RB,32,5
RB,16957,average,NA,NA,NA,NA,NA,NA,45.55,35.991735162395265,0.55,0.6363961030678927,0,0,2.9,1.2727922061357855,22.05,9.970205614730322,0.1,0.14142135623730953,NA,NA,NA,NA,NA,NA,NA,NA,NA,NA,NA,NA,NA,NA,NA,NA,NA,NA,NA,NA,NA,NA,NA,NA,NA,NA,NA,NA,NA,NA,NA,NA,NA,NA,NA,NA,NA,NA,Terrell,Jennings,NEP,RB,24,-4
RB,16957,robust,NA,NA,NA,NA,NA,NA,45.55,37.732169999999996,0.55,0.6671699999999999,0,0,2.9,1.3343399999999999,22.05,10.45233,0.1,0.14826,NA,NA,NA,NA,NA,NA,NA,NA,NA,NA,NA,NA,NA,NA,NA,NA,NA,NA,NA,NA,NA,NA,NA,NA,NA,NA,NA,NA,NA,NA,NA,NA,NA,NA,NA,NA,NA,NA,Terrell,Jennings,NEP,RB,24,-4
RB,16957,weighted,NA,NA,NA,NA,NA,NA,71,NA,1,NA,0,NA,2,NA,15,NA,0,NA,NA,NA,NA,NA,NA,NA,NA,NA,NA,NA,NA,NA,NA,NA,NA,NA,NA,NA,NA,NA,NA,NA,NA,NA,NA,NA,NA,NA,NA,NA,NA,NA,NA,NA,NA,NA,NA,NA,Terrell,Jennings,NEP,RB,24,-4
RB,16604,average,NA,NA,NA,NA,NA,NA,198.12857142857143,111.90896172463452,1.2285714285714286,0.7846746368491119,0.13333333333333333,0.13333333333333336,9.585714285714285,7.195004881033455,66.32857142857142,49.50174119111752,0.39118338563412175,0.4668960078999171,NA,NA,NA,NA,NA,NA,NA,NA,NA,NA,NA,NA,NA,NA,NA,NA,NA,NA,NA,NA,NA,NA,NA,NA,NA,NA,NA,NA,NA,NA,NA,NA,NA,NA,NA,NA,NA,NA,MarShawn,Lloyd,GBP,RB,24,-4
RB,16604,robust,NA,NA,NA,NA,NA,NA,199.225,136.39919999999998,1,0,0.13333333333333333,0,9.275,7.26474,63.075,62.2692,0.43457092485971305,0.20501941278804245,0,NA,NA,NA,NA,NA,NA,NA,NA,NA,NA,NA,NA,NA,NA,NA,NA,NA,NA,NA,NA,NA,NA,NA,NA,NA,NA,NA,NA,NA,NA,NA,NA,NA,NA,NA,NA,NA,MarShawn,Lloyd,GBP,RB,24,-4
RB,16604,weighted,NA,NA,NA,NA,NA,NA,175.7086247086247,105.9631908784112,1.0270396270396271,0.6095792196091295,0.08873348873348873,0.06895087442409012,9.145920745920746,7.608941261095292,61.540792540792545,51.88613004136076,0.3489041001415377,0.4995457106236223,NA,NA,NA,NA,NA,NA,NA,NA,NA,NA,NA,NA,NA,NA,NA,NA,NA,NA,NA,NA,NA,NA,NA,NA,NA,NA,NA,NA,NA,NA,NA,NA,NA,NA,NA,NA,NA,NA,MarShawn,Lloyd,GBP,RB,24,-4
RB,16175,average,NA,NA,NA,NA,NA,NA,223.25714285714287,86.90452341780714,3.1714285714285713,1.24058358003305,0.03333333333333333,0.03333333333333334,15.885714285714286,6.752882982210529,103.58571428571429,46.541394785410425,0.34285714285714286,0.4720774754816659,NA,NA,NA,NA,NA,NA,NA,NA,NA,NA,NA,NA,NA,NA,NA,NA,NA,NA,NA,NA,NA,NA,NA,NA,NA,NA,NA,NA,NA,NA,NA,NA,NA,NA,NA,NA,NA,NA,Roschon,Johnson,CHI,RB,24,-3
RB,16175,robust,NA,NA,NA,NA,NA,NA,241.2,130.17228,3.3,0.29652000000000023,0.03333333333333333,0,17.05,4.4478,109.025,25.055940000000007,0.30000000000000004,0,0,NA,NA,NA,NA,NA,NA,NA,NA,NA,NA,NA,NA,NA,NA,NA,NA,NA,NA,NA,NA,NA,NA,NA,NA,NA,NA,NA,NA,NA,NA,NA,NA,NA,NA,NA,NA,NA,Roschon,Johnson,CHI,RB,24,-3
RB,16175,weighted,NA,NA,NA,NA,NA,NA,212.86013986013987,89.27015157307423,3.023310023310023,1.2796525656255557,0.022183372183372182,0.01723771860602253,15.943589743589744,7.404300049804887,103.7051282051282,51.046932600626945,0.30652680652680653,0.5053338565171257,NA,NA,NA,NA,NA,NA,NA,NA,NA,NA,NA,NA,NA,NA,NA,NA,NA,NA,NA,NA,NA,NA,NA,NA,NA,NA,NA,NA,NA,NA,NA,NA,NA,NA,NA,NA,NA,NA,Roschon,Johnson,CHI,RB,24,-3
RB,17064,average,NA,NA,NA,NA,NA,NA,213.81666666666666,134.52100724009202,1.5895599698028962,0.845918127945208,0.425,0.35765439556458223,9.233333333333333,8.727097010015543,74.21666666666667,70.54432215911419,0.4801799899978399,0.5474882031262049,NA,NA,NA,NA,NA,NA,NA,NA,NA,NA,NA,NA,NA,NA,NA,NA,NA,NA,NA,NA,NA,NA,NA,NA,NA,NA,NA,NA,NA,NA,NA,NA,NA,NA,NA,NA,NA,NA,Jarquez,Hunter,LAR,RB,23,-5
RB,17064,robust,NA,NA,NA,NA,NA,NA,221.20416666666665,174.9468,1.7817299471550683,0.6205196304824921,0.425,0.40771499999999994,8.158333333333333,9.043859999999999,67.12916666666666,80.50518,0.3795290976713576,0.4716393608302192,0,NA,NA,NA,NA,NA,NA,NA,NA,NA,NA,NA,NA,NA,NA,NA,NA,NA,NA,NA,NA,NA,NA,NA,NA,NA,NA,NA,NA,NA,NA,NA,NA,NA,NA,NA,NA,NA,Jarquez,Hunter,LAR,RB,23,-5
RB,17064,weighted,NA,NA,NA,NA,NA,NA,201.38616089207488,144.04041698282072,1.4936668268651259,0.9002415111575539,0.3754480286738352,0.371354094810123,9.193827160493827,9.324524969661091,73.14697331740342,75.54579275012105,0.46408472436568804,0.5852785070739003,NA,NA,NA,NA,NA,NA,NA,NA,NA,NA,NA,NA,NA,NA,NA,NA,NA,NA,NA,NA,NA,NA,NA,NA,NA,NA,NA,NA,NA,NA,NA,NA,NA,NA,NA,NA,NA,NA,Jarquez,Hunter,LAR,RB,23,-5
RB,17055,average,NA,NA,NA,NA,NA,NA,113,136.87950905814938,0.6,0.4898979485566356,0,0,3.5,5.686240703077327,29.75,43.23867867238005,0,0,NA,NA,NA,NA,NA,NA,NA,NA,NA,NA,NA,NA,NA,NA,NA,NA,NA,NA,NA,NA,NA,NA,NA,NA,NA,NA,NA,NA,NA,NA,NA,NA,NA,NA,NA,NA,NA,NA,Jordan,James,SFO,RB,21,-5
RB,17055,robust,NA,NA,NA,NA,NA,NA,63,38.547599999999996,0.6,0.44478000000000006,0,0,1,0.7413,12.75,9.636899999999999,0,0,0,NA,NA,NA,NA,NA,NA,NA,NA,NA,NA,NA,NA,NA,NA,NA,NA,NA,NA,NA,NA,NA,NA,NA,NA,NA,NA,NA,NA,NA,NA,NA,NA,NA,NA,NA,NA,NA,Jordan,James,SFO,RB,21,-5
RB,17055,weighted,NA,NA,NA,NA,NA,NA,120.59024390243903,158.33600063922202,0.6536585365853659,0.583479539251792,0,0,3.9536585365853663,6.47997108231783,32.797560975609755,49.584045795663926,0,0,NA,NA,NA,NA,NA,NA,NA,NA,NA,NA,NA,NA,NA,NA,NA,NA,NA,NA,NA,NA,NA,NA,NA,NA,NA,NA,NA,NA,NA,NA,NA,NA,NA,NA,NA,NA,NA,NA,Jordan,James,SFO,RB,21,-5
RB,16688,average,NA,NA,NA,NA,NA,NA,242.2125,88.96943997800592,2.3304054054054055,0.8394140734125285,0.13333333333333333,0.12344267996967354,7.8875,5.035711752785584,66.025,46.236094434666825,0.1481291367898511,0.2573484792334781,NA,NA,NA,NA,NA,NA,NA,NA,NA,NA,NA,NA,NA,NA,NA,NA,NA,NA,NA,NA,NA,NA,NA,NA,NA,NA,NA,NA,NA,NA,NA,NA,NA,NA,NA,NA,NA,NA,Isaac,Guerendo,SFO,RB,25,-4
RB,16688,robust,NA,NA,NA,NA,NA,NA,244.25,68.19959999999999,2.35,0.81543,0.13333333333333333,0,7.775,2.29803,63.05,14.825999999999999,0.08206908439051297,0.07413,0,NA,NA,NA,NA,NA,NA,NA,NA,NA,NA,NA,NA,NA,NA,NA,NA,NA,NA,NA,NA,NA,NA,NA,NA,NA,NA,NA,NA,NA,NA,NA,NA,NA,NA,NA,NA,NA,Isaac,Guerendo,SFO,RB,25,-4
RB,16688,weighted,NA,NA,NA,NA,NA,NA,237.56983805668017,94.59674634609759,2.356904475325528,0.8849680839504308,0.09460188933873145,0.06541355709320396,7.60748987854251,5.297431162277104,62.89473684210527,48.25691018820992,0.14649500570553203,0.26902079000680157,NA,NA,NA,NA,NA,NA,NA,NA,NA,NA,NA,NA,NA,NA,NA,NA,NA,NA,NA,NA,NA,NA,NA,NA,NA,NA,NA,NA,NA,NA,NA,NA,NA,NA,NA,NA,NA,NA,Isaac,Guerendo,SFO,RB,25,-4
RB,14319,average,NA,NA,NA,NA,NA,NA,0.5,0.7071067811865476,0,0,0,0,1.85,1.6263455967290592,14,1.4142135623730951,0.5,0.7071067811865476,NA,NA,NA,NA,NA,NA,NA,NA,NA,NA,NA,NA,NA,NA,NA,NA,NA,NA,NA,NA,NA,NA,NA,NA,NA,NA,NA,NA,NA,NA,NA,NA,NA,NA,NA,NA,NA,NA,Andrew,Beck,NYJ,RB,29,1
RB,14319,robust,NA,NA,NA,NA,NA,NA,0.5,0.7413,0,0,0,0,1.85,1.7049899999999998,14,1.4826,0.5,0.7413,NA,NA,NA,NA,NA,NA,NA,NA,NA,NA,NA,NA,NA,NA,NA,NA,NA,NA,NA,NA,NA,NA,NA,NA,NA,NA,NA,NA,NA,NA,NA,NA,NA,NA,NA,NA,NA,NA,Andrew,Beck,NYJ,RB,29,1
RB,14319,weighted,NA,NA,NA,NA,NA,NA,0.5052264808362369,0.7071067811865476,0,0,0,0,1.862020905923345,1.6263455967290592,14.010452961672474,1.4142135623730951,0.5052264808362369,0.7071067811865476,NA,NA,NA,NA,NA,NA,NA,NA,NA,NA,NA,NA,NA,NA,NA,NA,NA,NA,NA,NA,NA,NA,NA,NA,NA,NA,NA,NA,NA,NA,NA,NA,NA,NA,NA,NA,NA,NA,Andrew,Beck,NYJ,RB,29,1
RB,13455,average,NA,NA,NA,NA,NA,NA,3.8333333333333335,6.639528095680697,0.03333333333333333,0.05773502691896258,0,0,2.8666666666666667,0.6110100926607785,24.1,3.7322915213043046,0.5666666666666667,0.40414518843273806,NA,NA,NA,NA,NA,NA,NA,NA,NA,NA,NA,NA,NA,NA,NA,NA,NA,NA,NA,NA,NA,NA,NA,NA,NA,NA,NA,NA,NA,NA,NA,NA,NA,NA,NA,NA,NA,NA,Patrick,Ricard,BAL,RB,31,3
RB,13455,robust,NA,NA,NA,NA,NA,NA,2.875,0,0.025,0,0,0,2.9,0.5930399999999998,24.325,3.409980000000001,0.55,0.44477999999999995,0,NA,NA,NA,NA,NA,NA,NA,NA,NA,NA,NA,NA,NA,NA,NA,NA,NA,NA,NA,NA,NA,NA,NA,NA,NA,NA,NA,NA,NA,NA,NA,NA,NA,NA,NA,NA,NA,Patrick,Ricard,BAL,RB,31,3
RB,13455,weighted,NA,NA,NA,NA,NA,NA,NA,NA,NA,NA,NA,NA,NA,NA,NA,NA,NA,NA,NA,NA,NA,NA,NA,NA,NA,NA,NA,NA,NA,NA,NA,NA,NA,NA,NA,NA,NA,NA,NA,NA,NA,NA,NA,NA,NA,NA,NA,NA,NA,NA,NA,NA,NA,NA,NA,NA,Patrick,Ricard,BAL,RB,31,3
RB,17063,average,NA,NA,NA,NA,NA,NA,63.625,48.19642967412974,0.625,0.47871355387816905,0,0,1.375,1.25,11.5,9.03696114115064,0,0,NA,NA,NA,NA,NA,NA,NA,NA,NA,NA,NA,NA,NA,NA,NA,NA,NA,NA,NA,NA,NA,NA,NA,NA,NA,NA,NA,NA,NA,NA,NA,NA,NA,NA,NA,NA,NA,NA,Phil,Mafah,DAL,RB,23,-5
RB,17063,robust,NA,NA,NA,NA,NA,NA,63.625,44.477999999999994,0.625,0.37065,0,0,1.375,1.11195,11.5,8.1543,0,0,0,NA,NA,NA,NA,NA,NA,NA,NA,NA,NA,NA,NA,NA,NA,NA,NA,NA,NA,NA,NA,NA,NA,NA,NA,NA,NA,NA,NA,NA,NA,NA,NA,NA,NA,NA,NA,NA,Phil,Mafah,DAL,RB,23,-5
RB,17063,weighted,NA,NA,NA,NA,NA,NA,64.06323185011709,58.73034912358667,0.6674473067915692,0.5770414177180471,0,0,1.323185011709602,1.5197401109849824,11.627634660421545,11.014796247915063,0,0,NA,NA,NA,NA,NA,NA,NA,NA,NA,NA,NA,NA,NA,NA,NA,NA,NA,NA,NA,NA,NA,NA,NA,NA,NA,NA,NA,NA,NA,NA,NA,NA,NA,NA,NA,NA,NA,NA,Phil,Mafah,DAL,RB,23,-5
RB,16603,average,NA,NA,NA,NA,NA,NA,426.575,157.28523452632163,3.386111111111111,1.662075687454974,0.5,0.31167748898959186,15.15,7.240954948860583,124.7,65.84249604711448,1.4638888888888888,1.3758531103664788,NA,NA,NA,NA,NA,NA,NA,NA,NA,NA,NA,NA,NA,NA,NA,NA,NA,NA,NA,NA,NA,NA,NA,NA,NA,NA,NA,NA,NA,NA,NA,NA,NA,NA,NA,NA,NA,NA,Ray,Davis,BUF,RB,26,-4
RB,16603,robust,NA,NA,NA,NA,NA,NA,444.75,82.72908000000001,3.4444444444444446,0.6589333333333333,0.5,0.22238999999999998,15.8,6.375179999999999,122.75,75.6126,1.0555555555555556,0.0823666666666667,0,NA,NA,NA,NA,NA,NA,NA,NA,NA,NA,NA,NA,NA,NA,NA,NA,NA,NA,NA,NA,NA,NA,NA,NA,NA,NA,NA,NA,NA,NA,NA,NA,NA,NA,NA,NA,NA,Ray,Davis,BUF,RB,26,-4
RB,16603,weighted,NA,NA,NA,NA,NA,NA,418.3248987854251,169.4923883135254,3.3193882141250564,1.804361362128491,0.4543522267206478,0.3112708252891773,15.337651821862348,7.856130267884022,125.62145748987855,71.58211415463528,1.4976158344579396,1.4896062251299598,NA,NA,NA,NA,NA,NA,NA,NA,NA,NA,NA,NA,NA,NA,NA,NA,NA,NA,NA,NA,NA,NA,NA,NA,NA,NA,NA,NA,NA,NA,NA,NA,NA,NA,NA,NA,NA,NA,Ray,Davis,BUF,RB,26,-4
RB,16752,average,NA,NA,NA,NA,NA,NA,146.3,49.055376871450086,0.5571428571428572,0.7785823502947368,0,0,6.9714285714285715,1.941403517831267,52.94285714285714,16.662018399427396,0.11436783754526111,0.21930013192622916,NA,NA,NA,NA,NA,NA,NA,NA,NA,NA,NA,NA,NA,NA,NA,NA,NA,NA,NA,NA,NA,NA,NA,NA,NA,NA,NA,NA,NA,NA,NA,NA,NA,NA,NA,NA,NA,NA,Isaiah,Davis,NYJ,RB,23,-4
RB,16752,robust,NA,NA,NA,NA,NA,NA,144.75,32.76545999999999,0.475,0,0,0,7,2.9652,51.25,19.273799999999998,0.05014371570420695,0,0,NA,NA,NA,NA,NA,NA,NA,NA,NA,NA,NA,NA,NA,NA,NA,NA,NA,NA,NA,NA,NA,NA,NA,NA,NA,NA,NA,NA,NA,NA,NA,NA,NA,NA,NA,NA,NA,Isaiah,Davis,NYJ,RB,23,-4
RB,16752,weighted,NA,NA,NA,NA,NA,NA,141.84032634032633,52.10519011403839,0.4498834498834499,0.8010911363836737,0,0,7.273659673659674,1.824917216769124,55.31002331002331,15.63793288162936,0.11571151607733786,0.23973585546505977,NA,NA,NA,NA,NA,NA,NA,NA,NA,NA,NA,NA,NA,NA,NA,NA,NA,NA,NA,NA,NA,NA,NA,NA,NA,NA,NA,NA,NA,NA,NA,NA,NA,NA,NA,NA,NA,NA,Isaiah,Davis,NYJ,RB,23,-4
RB,16390,average,NA,NA,NA,NA,NA,NA,185.32857142857142,103.33742004207566,0.8142857142857143,0.36709931185158157,0.525,0.29083213944358577,10.657142857142857,8.47385334285356,56.68571428571428,47.21960851776969,0.3660436001966057,0.4283473275187598,NA,NA,NA,NA,NA,NA,NA,NA,NA,NA,NA,NA,NA,NA,NA,NA,NA,NA,NA,NA,NA,NA,NA,NA,NA,NA,NA,NA,NA,NA,NA,NA,NA,NA,NA,NA,NA,NA,Jaleel,McLaughlin,DEN,RB,25,-3
RB,16390,robust,NA,NA,NA,NA,NA,NA,167.47500000000002,81.54299999999999,0.925,0,0.525,0.03706500000000003,9.875,5.9304,50,25.2042,0.36557630034405997,0.3888936915604129,0,NA,NA,NA,NA,NA,NA,NA,NA,NA,NA,NA,NA,NA,NA,NA,NA,NA,NA,NA,NA,NA,NA,NA,NA,NA,NA,NA,NA,NA,NA,NA,NA,NA,NA,NA,NA,NA,Jaleel,McLaughlin,DEN,RB,25,-3
RB,16390,weighted,NA,NA,NA,NA,NA,NA,181.28205128205127,109.49311997006414,0.7979020979020979,0.40237652296426085,0.5261946386946387,0.31827820720542693,8.882284382284382,8.13966000360669,45.12703962703963,42.622299988791916,0.25235749206605307,0.3755130757641506,NA,NA,NA,NA,NA,NA,NA,NA,NA,NA,NA,NA,NA,NA,NA,NA,NA,NA,NA,NA,NA,NA,NA,NA,NA,NA,NA,NA,NA,NA,NA,NA,NA,NA,NA,NA,NA,NA,Jaleel,McLaughlin,DEN,RB,25,-3
RB,13146,average,NA,NA,NA,NA,NA,NA,983.7285714285714,77.73190495297956,7.709273182957394,0.9686698311090023,1.3,0.43588989435406733,40.97142857142857,3.133535961026715,315.2,24.586174977006895,1.6335839598997495,0.4548637427747481,NA,NA,NA,NA,NA,NA,NA,NA,NA,NA,NA,NA,NA,NA,NA,NA,NA,NA,NA,NA,NA,NA,NA,NA,NA,NA,NA,NA,NA,NA,NA,NA,NA,NA,NA,NA,NA,NA,James,Conner,ARI,RB,30,3
RB,13146,robust,NA,NA,NA,NA,NA,NA,981.525,47.4432,7.9,0.29652000000000023,1.3,0,41,2.0756399999999977,316.5,31.1346,1.7,0.44478000000000006,0,NA,NA,NA,NA,NA,NA,NA,NA,NA,NA,NA,NA,NA,NA,NA,NA,NA,NA,NA,NA,NA,NA,NA,NA,NA,NA,NA,NA,NA,NA,NA,NA,NA,NA,NA,NA,NA,James,Conner,ARI,RB,30,3
RB,13146,weighted,NA,NA,NA,NA,NA,NA,983.1779359430604,83.95523974837921,7.65959501363135,1.036985070714745,1.2814946619217082,0.47635487228469076,40.8846975088968,3.409044295293652,313.95255041518385,26.901326411882998,1.6298474537470604,0.49433878183839797,NA,NA,NA,NA,NA,NA,NA,NA,NA,NA,NA,NA,NA,NA,NA,NA,NA,NA,NA,NA,NA,NA,NA,NA,NA,NA,NA,NA,NA,NA,NA,NA,NA,NA,NA,NA,NA,NA,James,Conner,ARI,RB,30,3
RB,13404,average,NA,NA,NA,NA,NA,NA,462.12857142857143,88.43424514454631,4.3473347547974415,1.570154624748611,1.3333333333333333,0.17638342073763938,46.285714285714285,4.8550415622761225,391.4428571428571,42.942281306534284,1.4383795309168443,0.8066653139338693,1,0,NA,NA,NA,NA,NA,NA,NA,NA,NA,NA,NA,NA,NA,NA,NA,NA,NA,NA,NA,NA,NA,NA,NA,NA,NA,NA,NA,NA,NA,NA,NA,NA,NA,NA,NA,NA,Austin,Ekeler,WAS,RB,30,3
RB,13404,robust,NA,NA,NA,NA,NA,NA,472.225,44.477999999999994,4.35,1.0378200000000002,1.3333333333333333,0,46.5,4.4478,387.275,10.3782,1.5,0.6948304477611937,1,0,NA,NA,NA,NA,NA,NA,NA,NA,NA,NA,NA,NA,NA,NA,NA,NA,NA,NA,NA,NA,NA,NA,NA,NA,NA,NA,NA,NA,NA,NA,NA,NA,NA,NA,NA,NA,Austin,Ekeler,WAS,RB,30,3
RB,13404,weighted,NA,NA,NA,NA,NA,NA,462.18623962040334,95.6963668505447,4.377312724633063,1.7318134226272917,1.3228944246737842,0.19088150258986203,46.43534994068801,5.370892020659863,393.85053380782915,47.46984240459871,1.3795081531842566,0.8665663120414833,1,0,NA,NA,NA,NA,NA,NA,NA,NA,NA,NA,NA,NA,NA,NA,NA,NA,NA,NA,NA,NA,NA,NA,NA,NA,NA,NA,NA,NA,NA,NA,NA,NA,NA,NA,NA,NA,Austin,Ekeler,WAS,RB,30,3
RB,17048,average,NA,NA,NA,NA,NA,NA,841.3142857142857,117.142753774635,5.760714285714286,2.1256301586655595,1.3666666666666667,0.20275875100994065,26.257142857142856,11.326643683936435,185.61428571428573,78.18722036606384,0.925,0.24537386440559095,NA,NA,NA,NA,NA,NA,NA,NA,NA,NA,NA,NA,NA,NA,NA,NA,NA,NA,NA,NA,NA,NA,NA,NA,NA,NA,NA,NA,NA,NA,NA,NA,NA,NA,NA,NA,NA,NA,Kaleb,Johnson,PIT,RB,22,-5
RB,17048,robust,NA,NA,NA,NA,NA,NA,831.05,80.0604,6.3125,0.5930400000000005,1.3666666666666667,0,25.225,4.4478,186,40.0302,1,0,0,NA,NA,NA,NA,NA,NA,NA,NA,NA,NA,NA,NA,NA,NA,NA,NA,NA,NA,NA,NA,NA,NA,NA,NA,NA,NA,NA,NA,NA,NA,NA,NA,NA,NA,NA,NA,NA,Kaleb,Johnson,PIT,RB,22,-5
RB,17048,weighted,NA,NA,NA,NA,NA,NA,833.3250296559904,122.98876220336656,5.615005931198103,2.303578112653846,1.311387900355872,0.1529135356412879,26.960616844602608,12.196267947766565,188.282325029656,84.10903679778423,0.9204626334519573,0.2584701434027186,NA,NA,NA,NA,NA,NA,NA,NA,NA,NA,NA,NA,NA,NA,NA,NA,NA,NA,NA,NA,NA,NA,NA,NA,NA,NA,NA,NA,NA,NA,NA,NA,NA,NA,NA,NA,NA,NA,Kaleb,Johnson,PIT,RB,22,-5
RB,17045,average,NA,NA,NA,NA,NA,NA,600.6285714285714,180.44934390095662,3.4186813186813185,1.828936041592984,0.8666666666666667,0.2403700850309326,24.02857142857143,2.057275128022733,176,18.49324200890693,0.9384615384615385,0.46502953183989804,NA,NA,NA,NA,NA,NA,NA,NA,NA,NA,NA,NA,NA,NA,NA,NA,NA,NA,NA,NA,NA,NA,NA,NA,NA,NA,NA,NA,NA,NA,NA,NA,NA,NA,NA,NA,NA,NA,Cam,Skattebo,NYG,RB,23,-5
RB,17045,robust,NA,NA,NA,NA,NA,NA,590.1,144.70176000000004,3.5,0.7413,0.8666666666666667,0,23.75,1.779119999999999,175.25,22.238999999999997,1,0,0,NA,NA,NA,NA,NA,NA,NA,NA,NA,NA,NA,NA,NA,NA,NA,NA,NA,NA,NA,NA,NA,NA,NA,NA,NA,NA,NA,NA,NA,NA,NA,NA,NA,NA,NA,NA,NA,Cam,Skattebo,NYG,RB,23,-5
RB,17045,weighted,NA,NA,NA,NA,NA,NA,607.5041518386714,190.12718551582168,3.33926453143535,1.9658173588693926,0.8102016607354686,0.20927680851571606,24.159905100830372,2.3204749538526466,175.1814946619217,20.388555172211884,0.9193357058125742,0.5046121840407821,NA,NA,NA,NA,NA,NA,NA,NA,NA,NA,NA,NA,NA,NA,NA,NA,NA,NA,NA,NA,NA,NA,NA,NA,NA,NA,NA,NA,NA,NA,NA,NA,NA,NA,NA,NA,NA,NA,Cam,Skattebo,NYG,RB,23,-5
RB,15254,average,NA,NA,NA,NA,NA,NA,551.0285714285715,111.03095235542376,4.089682539682539,0.6613711640058729,0.6,0.30550504633038933,19.285714285714285,5.154424821267184,140.28571428571428,43.18454309014699,0.8246031746031746,0.3841491204431079,NA,NA,NA,NA,NA,NA,NA,NA,NA,NA,NA,NA,NA,NA,NA,NA,NA,NA,NA,NA,NA,NA,NA,NA,NA,NA,NA,NA,NA,NA,NA,NA,NA,NA,NA,NA,NA,NA,Najee,Harris,LAC,RB,27,-1
RB,15254,robust,NA,NA,NA,NA,NA,NA,549.75,56.3388,4.006944444444445,0.29652000000000023,0.6,0,19.75,4.4478,139.5,65.2344,0.9791666666666667,0.04118333333333335,0,NA,NA,NA,NA,NA,NA,NA,NA,NA,NA,NA,NA,NA,NA,NA,NA,NA,NA,NA,NA,NA,NA,NA,NA,NA,NA,NA,NA,NA,NA,NA,NA,NA,NA,NA,NA,NA,Najee,Harris,LAC,RB,27,-1
RB,15254,weighted,NA,NA,NA,NA,NA,NA,556.0498220640569,116.16786563718594,4.11887439040464,0.6982758222050137,0.565361803084223,0.32148860058881223,19.14543297746145,5.588886770780442,139.11743772241994,47.080257149725455,0.8263213391327271,0.4355586177974235,NA,NA,NA,NA,NA,NA,NA,NA,NA,NA,NA,NA,NA,NA,NA,NA,NA,NA,NA,NA,NA,NA,NA,NA,NA,NA,NA,NA,NA,NA,NA,NA,NA,NA,NA,NA,NA,NA,Najee,Harris,LAC,RB,27,-1
RB,17047,average,NA,NA,NA,NA,NA,NA,458.5,220.59446200362027,2.6692759295499022,1.5986254136992544,0.6000000000000001,0.11547005383792516,21.2,14.200469475807246,162.0857142857143,105.3846198229993,0.6021526418786692,0.5775365086334927,NA,NA,NA,NA,NA,NA,NA,NA,NA,NA,NA,NA,NA,NA,NA,NA,NA,NA,NA,NA,NA,NA,NA,NA,NA,NA,NA,NA,NA,NA,NA,NA,NA,NA,NA,NA,NA,NA,Dylan,Sampson,CLE,RB,21,-5
RB,17047,robust,NA,NA,NA,NA,NA,NA,463.625,100.8168,2.5924657534246576,1.0154794520547945,0.6000000000000001,0,20.75,13.343399999999999,160.9,85.9908,0.5,0.6153805479452054,0,NA,NA,NA,NA,NA,NA,NA,NA,NA,NA,NA,NA,NA,NA,NA,NA,NA,NA,NA,NA,NA,NA,NA,NA,NA,NA,NA,NA,NA,NA,NA,NA,NA,NA,NA,NA,NA,Dylan,Sampson,CLE,RB,21,-5
RB,17047,weighted,NA,NA,NA,NA,NA,NA,453.77342823250297,247.56797517941797,2.6595979785176884,1.7849719614595154,0.5663107947805457,0.0820522158268058,21.39644128113879,15.984679534192221,162.0948991696323,118.21097205604231,0.5551113927753133,0.6111752820979399,NA,NA,NA,NA,NA,NA,NA,NA,NA,NA,NA,NA,NA,NA,NA,NA,NA,NA,NA,NA,NA,NA,NA,NA,NA,NA,NA,NA,NA,NA,NA,NA,NA,NA,NA,NA,NA,NA,Dylan,Sampson,CLE,RB,21,-5
RB,16601,average,NA,NA,NA,NA,NA,NA,258.2142857142857,89.14307654124406,1.8322259136212624,0.4616936640558245,0.05,0.02886751345948129,14.757142857142858,5.474747221822862,109.58571428571429,40.92555959997894,0.4534883720930233,0.660065115252135,NA,NA,NA,NA,NA,NA,NA,NA,NA,NA,NA,NA,NA,NA,NA,NA,NA,NA,NA,NA,NA,NA,NA,NA,NA,NA,NA,NA,NA,NA,NA,NA,NA,NA,NA,NA,NA,NA,Will,Shipley,PHI,RB,23,-4
RB,16601,robust,NA,NA,NA,NA,NA,NA,249.25,51.149699999999996,2,0.14826000000000011,0.05,0,14.075,4.4478,106.525,36.916740000000004,0.375,0,0,NA,NA,NA,NA,NA,NA,NA,NA,NA,NA,NA,NA,NA,NA,NA,NA,NA,NA,NA,NA,NA,NA,NA,NA,NA,NA,NA,NA,NA,NA,NA,NA,NA,NA,NA,NA,NA,Will,Shipley,PHI,RB,23,-4
RB,16601,weighted,NA,NA,NA,NA,NA,NA,268.1138790035587,93.20364065418333,1.9211454109078872,0.4353405839271203,0.041577698695136424,0.020513053956701447,15.543534994068802,5.25042375833032,115.06049822064058,39.86251655848874,0.42428756655356015,0.7090661608016897,NA,NA,NA,NA,NA,NA,NA,NA,NA,NA,NA,NA,NA,NA,NA,NA,NA,NA,NA,NA,NA,NA,NA,NA,NA,NA,NA,NA,NA,NA,NA,NA,NA,NA,NA,NA,NA,NA,Will,Shipley,PHI,RB,23,-4
RB,15717,average,NA,NA,NA,NA,NA,NA,262.05,69.75482062194698,1.5,0.4857983120596448,0.9333333333333333,0.6366579406033772,8.116666666666667,1.5930055450834648,52.78333333333333,12.553950241524245,0.08632091890010442,0.09919538343315269,NA,NA,NA,NA,NA,NA,NA,NA,NA,NA,NA,NA,NA,NA,NA,NA,NA,NA,NA,NA,NA,NA,NA,NA,NA,NA,NA,NA,NA,NA,NA,NA,NA,NA,NA,NA,NA,NA,Dameon,Pierce,HOU,RB,25,-2
RB,15717,robust,NA,NA,NA,NA,NA,NA,250.15,61.30550999999999,1.5,0.7413,0.9333333333333333,0.09883999999999997,8.05,1.8532499999999998,52,11.8608,0.1,0.08741818308388442,0,NA,NA,NA,NA,NA,NA,NA,NA,NA,NA,NA,NA,NA,NA,NA,NA,NA,NA,NA,NA,NA,NA,NA,NA,NA,NA,NA,NA,NA,NA,NA,NA,NA,NA,NA,NA,NA,Dameon,Pierce,HOU,RB,25,-2
RB,15717,weighted,NA,NA,NA,NA,NA,NA,273.6577840112202,63.26050006961411,1.5281907433380084,0.52165378551978,0.9568957456755494,0.7044446351052365,8.31304347826087,1.7767745863568762,53.83169705469846,14.100322351034306,0.06298677682480745,0.09179237114209138,NA,NA,NA,NA,NA,NA,NA,NA,NA,NA,NA,NA,NA,NA,NA,NA,NA,NA,NA,NA,NA,NA,NA,NA,NA,NA,NA,NA,NA,NA,NA,NA,NA,NA,NA,NA,NA,NA,Dameon,Pierce,HOU,RB,25,-2
RB,16171,average,NA,NA,NA,NA,NA,NA,325.64285714285717,83.66038204436748,2.090842490842491,0.752821935102608,0.25,0.14433756729740643,13.6,2.6178871888095814,104.71428571428571,25.137715924577595,0.12683353683353682,0.20853222617976802,NA,NA,NA,NA,NA,NA,NA,NA,NA,NA,NA,NA,NA,NA,NA,NA,NA,NA,NA,NA,NA,NA,NA,NA,NA,NA,NA,NA,NA,NA,NA,NA,NA,NA,NA,NA,NA,NA,Kendre,Miller,NOS,RB,23,-3
RB,16171,robust,NA,NA,NA,NA,NA,NA,327.5,117.1254,2,0,0.25,0,13.05,1.4826,100.75,13.343399999999999,0.08093304843304844,0,0,NA,NA,NA,NA,NA,NA,NA,NA,NA,NA,NA,NA,NA,NA,NA,NA,NA,NA,NA,NA,NA,NA,NA,NA,NA,NA,NA,NA,NA,NA,NA,NA,NA,NA,NA,NA,NA,Kendre,Miller,NOS,RB,23,-3
RB,16171,weighted,NA,NA,NA,NA,NA,NA,315.9976275207592,81.38930750118261,1.8287860814551207,0.2726600988231458,0.2078884934756821,0.10256526978350722,13.968446026097272,2.7995149877940757,108.08422301304863,26.88863089558946,0.10753954976968028,0.21937322686380512,NA,NA,NA,NA,NA,NA,NA,NA,NA,NA,NA,NA,NA,NA,NA,NA,NA,NA,NA,NA,NA,NA,NA,NA,NA,NA,NA,NA,NA,NA,NA,NA,NA,NA,NA,NA,NA,NA,Kendre,Miller,NOS,RB,23,-3
RB,14079,average,NA,NA,NA,NA,NA,NA,281.5833333333333,92.27589970662257,1.4666666666666668,0.5887840577551898,0.25,0.15811388300841897,15.133333333333333,6.068497892120147,96.31666666666666,41.80480434910163,0.27910094804863533,0.37231790480017884,NA,NA,NA,NA,NA,NA,NA,NA,NA,NA,NA,NA,NA,NA,NA,NA,NA,NA,NA,NA,NA,NA,NA,NA,NA,NA,NA,NA,NA,NA,NA,NA,NA,NA,NA,NA,NA,NA,Miles,Sanders,DAL,RB,28,1
RB,14079,robust,NA,NA,NA,NA,NA,NA,276.5,41.883449999999996,1.5,0.7413,0.25,0,15.5,5.78214,101,29.726129999999998,0.18730284414590598,0.22238999999999998,0,NA,NA,NA,NA,NA,NA,NA,NA,NA,NA,NA,NA,NA,NA,NA,NA,NA,NA,NA,NA,NA,NA,NA,NA,NA,NA,NA,NA,NA,NA,NA,NA,NA,NA,NA,NA,NA,Miles,Sanders,DAL,RB,28,1
RB,14079,weighted,NA,NA,NA,NA,NA,NA,270.5974754558205,98.13075512572611,1.3921458625525949,0.5985787030735857,0.20021037868162692,0.11171855574264,16.153716690042078,6.161635668738338,102.77138849929874,42.17044569513403,0.2466266428623474,0.39661928664430557,NA,NA,NA,NA,NA,NA,NA,NA,NA,NA,NA,NA,NA,NA,NA,NA,NA,NA,NA,NA,NA,NA,NA,NA,NA,NA,NA,NA,NA,NA,NA,NA,NA,NA,NA,NA,NA,NA,Miles,Sanders,DAL,RB,28,1
RB,17060,average,NA,NA,NA,NA,NA,NA,210.31428571428572,141.95806221758392,1.3761904761904762,1.0962417761361003,0,0,9.785714285714286,4.899805632685366,71.3,39.53137994049791,0.13381150439973968,0.24427120429054583,NA,NA,NA,NA,NA,NA,NA,NA,NA,NA,NA,NA,NA,NA,NA,NA,NA,NA,NA,NA,NA,NA,NA,NA,NA,NA,NA,NA,NA,NA,NA,NA,NA,NA,NA,NA,NA,NA,DJ,Giddens,IND,RB,22,-5
RB,17060,robust,NA,NA,NA,NA,NA,NA,209.8,177.91199999999998,1.4166666666666665,0.9884000000000001,0,0,10,5.9304,74.275,40.0302,0.0675034660328778,0,0,NA,NA,NA,NA,NA,NA,NA,NA,NA,NA,NA,NA,NA,NA,NA,NA,NA,NA,NA,NA,NA,NA,NA,NA,NA,NA,NA,NA,NA,NA,NA,NA,NA,NA,NA,NA,NA,DJ,Giddens,IND,RB,22,-5
RB,17060,weighted,NA,NA,NA,NA,NA,NA,211.76275207591934,152.7405995155553,1.353894820086991,1.2186439032883358,0,0,9.9214709371293,5.254745274165912,72.17200474495849,42.64041081391883,0.13104223919938107,0.25979064302830507,NA,NA,NA,NA,NA,NA,NA,NA,NA,NA,NA,NA,NA,NA,NA,NA,NA,NA,NA,NA,NA,NA,NA,NA,NA,NA,NA,NA,NA,NA,NA,NA,NA,NA,NA,NA,NA,NA,DJ,Giddens,IND,RB,22,-5
RB,16610,average,NA,NA,NA,NA,NA,NA,328.15,97.33146973101762,1.8666666666666667,1.0092901796146967,1.0666666666666667,0.03651483716701111,16.2,9.172785836374901,110.7,61.9443298454346,0.25,0.4183300132670378,NA,NA,NA,NA,NA,NA,NA,NA,NA,NA,NA,NA,NA,NA,NA,NA,NA,NA,NA,NA,NA,NA,NA,NA,NA,NA,NA,NA,NA,NA,NA,NA,NA,NA,NA,NA,NA,NA,Jaylen,Wright,MIA,RB,22,-4
RB,16610,robust,NA,NA,NA,NA,NA,NA,327.45,112.60346999999997,2,1.3343399999999999,1.0666666666666667,0.024710000000000076,15.5,10.74885,106.1,67.4583,0.25,0,0,NA,NA,NA,NA,NA,NA,NA,NA,NA,NA,NA,NA,NA,NA,NA,NA,NA,NA,NA,NA,NA,NA,NA,NA,NA,NA,NA,NA,NA,NA,NA,NA,NA,NA,NA,NA,NA,Jaylen,Wright,MIA,RB,22,-4
RB,16610,weighted,NA,NA,NA,NA,NA,NA,303.84572230014027,95.66845399195617,1.6575035063113606,1.0064946501311434,1.060215053763441,0.03629876514037989,16.849088359046284,9.899381559819991,115.62692847124825,66.84618785469686,0.19635343618513326,0.44449246833092687,NA,NA,NA,NA,NA,NA,NA,NA,NA,NA,NA,NA,NA,NA,NA,NA,NA,NA,NA,NA,NA,NA,NA,NA,NA,NA,NA,NA,NA,NA,NA,NA,NA,NA,NA,NA,NA,NA,Jaylen,Wright,MIA,RB,22,-4
RB,15263,average,NA,NA,NA,NA,NA,NA,229.96,95.57576261793572,2.014954026937456,0.6840275703254755,0.1,0,9.44,3.529079200018044,60.14,23.058152571270753,0.23588727510501703,0.2320749164748955,NA,NA,NA,NA,NA,NA,NA,NA,NA,NA,NA,NA,NA,NA,NA,NA,NA,NA,NA,NA,NA,NA,NA,NA,NA,NA,NA,NA,NA,NA,NA,NA,NA,NA,NA,NA,NA,NA,Elijah,Mitchell,KCC,RB,27,-1
RB,15263,robust,NA,NA,NA,NA,NA,NA,225.4,36.47195999999999,2.009677419354839,0.6073877419354835,0.1,0,9.6,3.5582399999999996,60.07,30.615689999999997,0.2173392446698898,0.29652,0,NA,NA,NA,NA,NA,NA,NA,NA,NA,NA,NA,NA,NA,NA,NA,NA,NA,NA,NA,NA,NA,NA,NA,NA,NA,NA,NA,NA,NA,NA,NA,NA,NA,NA,NA,NA,NA,Elijah,Mitchell,KCC,RB,27,-1
RB,15263,weighted,NA,NA,NA,NA,NA,NA,231.1279885877318,101.97357686503985,2.0692783348501034,0.7114452691488737,0.1,0,9.808958630527817,3.693692274329549,63.667589158345216,23.215749255538938,0.2016039224640531,0.2377698571523908,NA,NA,NA,NA,NA,NA,NA,NA,NA,NA,NA,NA,NA,NA,NA,NA,NA,NA,NA,NA,NA,NA,NA,NA,NA,NA,NA,NA,NA,NA,NA,NA,NA,NA,NA,NA,NA,NA,Elijah,Mitchell,KCC,RB,27,-1
RB,17050,average,NA,NA,NA,NA,NA,NA,83.975,55.22380978044404,0.725,0.4856267428111155,0,0,3.55,2.5317977802344327,26.825,19.33879951462,0.03333333333333333,0.047140452079103175,NA,NA,NA,NA,NA,NA,NA,NA,NA,NA,NA,NA,NA,NA,NA,NA,NA,NA,NA,NA,NA,NA,NA,NA,NA,NA,NA,NA,NA,NA,NA,NA,NA,NA,NA,NA,NA,NA,Kalel,Mullings,TEN,RB,23,-5
RB,17050,robust,NA,NA,NA,NA,NA,NA,94.975,28.1694,0.925,0.07413000000000006,0,0,4.05,1.4826000000000006,29.825,12.6021,0.025,0.02471,0,NA,NA,NA,NA,NA,NA,NA,NA,NA,NA,NA,NA,NA,NA,NA,NA,NA,NA,NA,NA,NA,NA,NA,NA,NA,NA,NA,NA,NA,NA,NA,NA,NA,NA,NA,NA,NA,Kalel,Mullings,TEN,RB,23,-5
RB,17050,weighted,NA,NA,NA,NA,NA,NA,72.59453302961276,60.38889306578866,0.6765375854214124,0.5733179365505742,0,0,3.421412300683371,3.069103627410842,25.699316628701595,23.398180642401293,0.010630220197418376,0.01903932246790093,NA,NA,NA,NA,NA,NA,NA,NA,NA,NA,NA,NA,NA,NA,NA,NA,NA,NA,NA,NA,NA,NA,NA,NA,NA,NA,NA,NA,NA,NA,NA,NA,NA,NA,NA,NA,NA,NA,Kalel,Mullings,TEN,RB,23,-5
RB,16387,average,NA,NA,NA,NA,NA,NA,150.9,61.63148545994977,1.175,0.41932485418030413,0,0,8.7,2.567748689676101,58.375,15.217177793533201,0.034965635738831616,0.04725335825943172,NA,NA,NA,NA,NA,NA,NA,NA,NA,NA,NA,NA,NA,NA,NA,NA,NA,NA,NA,NA,NA,NA,NA,NA,NA,NA,NA,NA,NA,NA,NA,NA,NA,NA,NA,NA,NA,NA,Chris,Brooks,GBP,RB,25,-3
RB,16387,robust,NA,NA,NA,NA,NA,NA,142.9,42.99540000000002,1,0.07412999999999997,0,0,7.825,0.7413000000000006,55.625,8.1543,0.02989690721649485,0.029550103092783508,0,NA,NA,NA,NA,NA,NA,NA,NA,NA,NA,NA,NA,NA,NA,NA,NA,NA,NA,NA,NA,NA,NA,NA,NA,NA,NA,NA,NA,NA,NA,NA,NA,NA,NA,NA,NA,NA,Chris,Brooks,GBP,RB,25,-3
RB,16387,weighted,NA,NA,NA,NA,NA,NA,153.36902050113895,75.08121861048234,1.2587699316628702,0.4586543492404594,0,0,9.097949886104782,2.9265827913803757,61.18223234624146,16.88006995075963,0.012712428277325069,0.022768674291510395,NA,NA,NA,NA,NA,NA,NA,NA,NA,NA,NA,NA,NA,NA,NA,NA,NA,NA,NA,NA,NA,NA,NA,NA,NA,NA,NA,NA,NA,NA,NA,NA,NA,NA,NA,NA,NA,NA,Chris,Brooks,GBP,RB,25,-3
RB,17056,average,NA,NA,NA,NA,NA,NA,148.3,119.14151249669446,0.9166666666666666,0.8010409893798611,0.2,0.12649110640673517,7.45,6.0866246803955315,58.11666666666667,51.90569975124762,0.07442037248194604,0.160582668614771,NA,NA,NA,NA,NA,NA,NA,NA,NA,NA,NA,NA,NA,NA,NA,NA,NA,NA,NA,NA,NA,NA,NA,NA,NA,NA,NA,NA,NA,NA,NA,NA,NA,NA,NA,NA,NA,NA,Trevor,Etienne,CAR,RB,21,-5
RB,17056,robust,NA,NA,NA,NA,NA,NA,137.4,82.13604000000001,1,1.11195,0.2,0,6.9,4.521929999999999,51,36.323699999999995,0.023261117445838083,0,0,NA,NA,NA,NA,NA,NA,NA,NA,NA,NA,NA,NA,NA,NA,NA,NA,NA,NA,NA,NA,NA,NA,NA,NA,NA,NA,NA,NA,NA,NA,NA,NA,NA,NA,NA,NA,NA,Trevor,Etienne,CAR,RB,21,-5
RB,17056,weighted,NA,NA,NA,NA,NA,NA,132.1164095371669,124.74095011528382,0.7615708274894811,0.8119957430846209,0.16016830294530157,0.089374844594112,6.3741935483870975,6.233344270164511,48.82748948106592,52.93698716166283,0.009134800679992516,0.020678783019272312,NA,NA,NA,NA,NA,NA,NA,NA,NA,NA,NA,NA,NA,NA,NA,NA,NA,NA,NA,NA,NA,NA,NA,NA,NA,NA,NA,NA,NA,NA,NA,NA,NA,NA,NA,NA,NA,NA,Trevor,Etienne,CAR,RB,21,-5
RB,14420,average,NA,NA,NA,NA,NA,NA,25.266666666666666,7.616648431779777,0.3,0.3,0.25,0.15000000000000002,9.5,3.6755951898978214,68.7,26.643385670743875,0.13333333333333333,0.23094010767585033,NA,NA,NA,NA,NA,NA,NA,NA,NA,NA,NA,NA,NA,NA,NA,NA,NA,NA,NA,NA,NA,NA,NA,NA,NA,NA,NA,NA,NA,NA,NA,NA,NA,NA,NA,NA,NA,NA,Alec,Ingold,MIA,RB,29,1
RB,14420,robust,NA,NA,NA,NA,NA,NA,24.4,2.668680000000001,0.3,0.44477999999999995,0.25,0.22238999999999998,9.375,4.29954,67.775,30.986339999999995,0.1,0,0,NA,NA,NA,NA,NA,NA,NA,NA,NA,NA,NA,NA,NA,NA,NA,NA,NA,NA,NA,NA,NA,NA,NA,NA,NA,NA,NA,NA,NA,NA,NA,NA,NA,NA,NA,NA,NA,Alec,Ingold,MIA,RB,29,1
RB,14420,weighted,NA,NA,NA,NA,NA,NA,27.351170568561876,9.899494936611665,0.14247491638795984,0.21213203435596428,0.17876254180602005,0.10606601717798214,11.08963210702341,3.1112698372208096,80.19732441471572,22.627416997969522,0,0,NA,NA,NA,NA,NA,NA,NA,NA,NA,NA,NA,NA,NA,NA,NA,NA,NA,NA,NA,NA,NA,NA,NA,NA,NA,NA,NA,NA,NA,NA,NA,NA,NA,NA,NA,NA,NA,NA,Alec,Ingold,MIA,RB,29,1
RB,15714,average,NA,NA,NA,NA,NA,NA,263.2166666666667,86.79954876994849,1.3833333333333333,0.5600595206463923,0.9,0.5059644256269407,9.9,3.0199337741083,66.08333333333333,18.37502834464934,0.11316942719116632,0.16087243502036225,NA,NA,NA,NA,NA,NA,NA,NA,NA,NA,NA,NA,NA,NA,NA,NA,NA,NA,NA,NA,NA,NA,NA,NA,NA,NA,NA,NA,NA,NA,NA,NA,NA,NA,NA,NA,NA,NA,Zamir,White,LVR,RB,26,-2
RB,15714,robust,NA,NA,NA,NA,NA,NA,269,57.8214,1.35,0.66717,0.9,0,9.95,4.00302,65.75,21.86835,0.1,0.05857497826086956,0,NA,NA,NA,NA,NA,NA,NA,NA,NA,NA,NA,NA,NA,NA,NA,NA,NA,NA,NA,NA,NA,NA,NA,NA,NA,NA,NA,NA,NA,NA,NA,NA,NA,NA,NA,NA,NA,Zamir,White,LVR,RB,26,-2
RB,15714,weighted,NA,NA,NA,NA,NA,NA,261.17391304347825,98.7034667598411,1.3568022440392709,0.6201536847594016,1.0593267882187938,0.35749937837644796,9.62945301542777,3.328317523405926,63.80224403927069,19.574306070788978,0.05534687074415107,0.08760080392417181,NA,NA,NA,NA,NA,NA,NA,NA,NA,NA,NA,NA,NA,NA,NA,NA,NA,NA,NA,NA,NA,NA,NA,NA,NA,NA,NA,NA,NA,NA,NA,NA,NA,NA,NA,NA,NA,NA,Zamir,White,LVR,RB,26,-2
RB,17058,average,NA,NA,NA,NA,NA,NA,203.85,136.18757285450093,1.5166666666666666,0.8495096624916438,0.6666666666666666,0.3651483716701107,8.066666666666666,5.819507424745385,62.449999999999996,45.356267483116376,0.12995495495495496,0.2810790237277444,NA,NA,NA,NA,NA,NA,NA,NA,NA,NA,NA,NA,NA,NA,NA,NA,NA,NA,NA,NA,NA,NA,NA,NA,NA,NA,NA,NA,NA,NA,NA,NA,NA,NA,NA,NA,NA,NA,Tahj,Brooks,CIN,RB,23,-5
RB,17058,robust,NA,NA,NA,NA,NA,NA,213,123.12993000000002,1.55,0.07413000000000006,0.6666666666666666,0.24710000000000001,7.5,4.151280000000001,59,36.027179999999994,0.03986486486486487,0,0,NA,NA,NA,NA,NA,NA,NA,NA,NA,NA,NA,NA,NA,NA,NA,NA,NA,NA,NA,NA,NA,NA,NA,NA,NA,NA,NA,NA,NA,NA,NA,NA,NA,NA,NA,NA,NA,Tahj,Brooks,CIN,RB,23,-5
RB,17058,weighted,NA,NA,NA,NA,NA,NA,184.26367461430576,144.17596165860124,1.3814866760168303,0.8911488022112594,0.5993454885460496,0.3639611343571173,7.0070126227208975,6.056273944361087,52.86704067321179,45.48828680580007,0.01565520639854441,0.03543926436692526,NA,NA,NA,NA,NA,NA,NA,NA,NA,NA,NA,NA,NA,NA,NA,NA,NA,NA,NA,NA,NA,NA,NA,NA,NA,NA,NA,NA,NA,NA,NA,NA,NA,NA,NA,NA,NA,NA,Tahj,Brooks,CIN,RB,23,-5
RB,13148,average,NA,NA,NA,NA,NA,NA,36.7,17.197964995894136,0.03333333333333333,0.05773502691896258,0,0,6.733333333333333,1.908751773629388,56.63333333333333,22.338382513810917,0.16666666666666666,0.15275252316519466,NA,NA,NA,NA,NA,NA,NA,NA,NA,NA,NA,NA,NA,NA,NA,NA,NA,NA,NA,NA,NA,NA,NA,NA,NA,NA,NA,NA,NA,NA,NA,NA,NA,NA,NA,NA,NA,NA,Dare,Ogunbowale,HOU,RB,31,3
RB,13148,robust,NA,NA,NA,NA,NA,NA,35.3,12.009060000000002,0.025,0,0,0,6.55,1.0378200000000002,54.475,12.009060000000002,0.175,0.14825999999999995,0,NA,NA,NA,NA,NA,NA,NA,NA,NA,NA,NA,NA,NA,NA,NA,NA,NA,NA,NA,NA,NA,NA,NA,NA,NA,NA,NA,NA,NA,NA,NA,NA,NA,NA,NA,NA,NA,Dare,Ogunbowale,HOU,RB,31,3
RB,13148,weighted,NA,NA,NA,NA,NA,NA,38.67224080267558,23.33452377915607,0,0,0,0,7.377257525083612,2.050609665440988,64.14715719063545,24.041630560342615,0.14247491638795984,0.21213203435596428,NA,NA,NA,NA,NA,NA,NA,NA,NA,NA,NA,NA,NA,NA,NA,NA,NA,NA,NA,NA,NA,NA,NA,NA,NA,NA,NA,NA,NA,NA,NA,NA,NA,NA,NA,NA,NA,NA,Dare,Ogunbowale,HOU,RB,31,3
RB,16391,average,NA,NA,NA,NA,NA,NA,29.1,16.568946858506123,0.1,0.1,0,0,6.133333333333333,2.967041174863155,47.86666666666667,32.27155610337582,0.03333333333333333,0.05773502691896258,NA,NA,NA,NA,NA,NA,NA,NA,NA,NA,NA,NA,NA,NA,NA,NA,NA,NA,NA,NA,NA,NA,NA,NA,NA,NA,NA,NA,NA,NA,NA,NA,NA,NA,NA,NA,NA,NA,Hunter,Luepke,DAL,RB,25,-3
RB,16391,robust,NA,NA,NA,NA,NA,NA,28.325,17.34642,0.1,0.14826,0,0,5.85,1.63086,43.9,8.006039999999997,0.025,0,0,NA,NA,NA,NA,NA,NA,NA,NA,NA,NA,NA,NA,NA,NA,NA,NA,NA,NA,NA,NA,NA,NA,NA,NA,NA,NA,NA,NA,NA,NA,NA,NA,NA,NA,NA,NA,NA,Hunter,Luepke,DAL,RB,25,-3
RB,16391,weighted,NA,NA,NA,NA,NA,NA,35.973244147157196,14.849242404917499,0.09498327759197324,0.14142135623730953,0,0,7.137123745819398,3.181980515339464,57.170568561872905,37.476659402887016,0,0,NA,NA,NA,NA,NA,NA,NA,NA,NA,NA,NA,NA,NA,NA,NA,NA,NA,NA,NA,NA,NA,NA,NA,NA,NA,NA,NA,NA,NA,NA,NA,NA,NA,NA,NA,NA,NA,NA,Hunter,Luepke,DAL,RB,25,-3
RB,14805,average,NA,NA,NA,NA,NA,NA,89.275,73.47495605079779,0.575,0.6751543033509698,0,0,2.125,1.547847968417226,16.05,12.176890681395914,0.03333333333333333,0.047140452079103175,NA,NA,NA,NA,NA,NA,NA,NA,NA,NA,NA,NA,NA,NA,NA,NA,NA,NA,NA,NA,NA,NA,NA,NA,NA,NA,NA,NA,NA,NA,NA,NA,NA,NA,NA,NA,NA,NA,AJ,Dillon,PHI,RB,27,0
RB,14805,robust,NA,NA,NA,NA,NA,NA,89.275,75.68673,0.575,0.7413,0,0,2.25,1.11195,16.05,10.526459999999998,0.025,0.02471,0,NA,NA,NA,NA,NA,NA,NA,NA,NA,NA,NA,NA,NA,NA,NA,NA,NA,NA,NA,NA,NA,NA,NA,NA,NA,NA,NA,NA,NA,NA,NA,NA,NA,NA,NA,NA,NA,AJ,Dillon,PHI,RB,27,0
RB,14805,weighted,NA,NA,NA,NA,NA,NA,66.76993166287016,71.5173524962819,0.31890660592255127,0.571179674037028,0,0,1.6719817767653757,1.5035886243019043,12.022779043280183,10.954915017706552,0.010630220197418376,0.01903932246790093,NA,NA,NA,NA,NA,NA,NA,NA,NA,NA,NA,NA,NA,NA,NA,NA,NA,NA,NA,NA,NA,NA,NA,NA,NA,NA,NA,NA,NA,NA,NA,NA,NA,NA,NA,NA,NA,NA,AJ,Dillon,PHI,RB,27,0
RB,15965,average,NA,NA,NA,NA,NA,NA,157.825,114.493911774091,0.7,0.47609522856952335,0.4,0.32659863237109044,8.3,5.337914698956263,49.35,24.850687448573062,0.08474462365591398,0.14467517419930342,NA,NA,NA,NA,NA,NA,NA,NA,NA,NA,NA,NA,NA,NA,NA,NA,NA,NA,NA,NA,NA,NA,NA,NA,NA,NA,NA,NA,NA,NA,NA,NA,NA,NA,NA,NA,NA,NA,Julius,Chestnut,TEN,RB,25,-2
RB,15965,robust,NA,NA,NA,NA,NA,NA,139.47500000000002,73.61109,0.8500000000000001,0.14825999999999995,0.4,0.29652,8.3,4.59606,49.35,29.651999999999997,0.029233870967741937,0.028894758064516128,0,NA,NA,NA,NA,NA,NA,NA,NA,NA,NA,NA,NA,NA,NA,NA,NA,NA,NA,NA,NA,NA,NA,NA,NA,NA,NA,NA,NA,NA,NA,NA,NA,NA,NA,NA,NA,NA,Julius,Chestnut,TEN,RB,25,-2
RB,15965,weighted,NA,NA,NA,NA,NA,NA,158.49430523917994,140.2250254670954,0.642369020501139,0.5874183548343942,0.529384965831435,0.22932717462022967,7.5580865603644645,6.306497302056316,40.57630979498861,22.414820250194307,0.012430499424400521,0.022263723853593834,NA,NA,NA,NA,NA,NA,NA,NA,NA,NA,NA,NA,NA,NA,NA,NA,NA,NA,NA,NA,NA,NA,NA,NA,NA,NA,NA,NA,NA,NA,NA,NA,NA,NA,NA,NA,NA,NA,Julius,Chestnut,TEN,RB,25,-2
RB,15730,average,NA,NA,NA,NA,NA,NA,116.475,58.93529644166276,0.65,0.5066228051190221,0,0,5.425,2.873296596826254,36.2,19.21874085365636,0.25,0.3,NA,NA,NA,NA,NA,NA,NA,NA,NA,NA,NA,NA,NA,NA,NA,NA,NA,NA,NA,NA,NA,NA,NA,NA,NA,NA,NA,NA,NA,NA,NA,NA,NA,NA,NA,NA,NA,NA,Tyler,Goodson,IND,RB,25,-2
RB,15730,robust,NA,NA,NA,NA,NA,NA,122.25,44.403870000000005,0.65,0.44478000000000006,0,0,5.425,2.74281,36.45,17.049899999999997,0.25,0.29652,0,NA,NA,NA,NA,NA,NA,NA,NA,NA,NA,NA,NA,NA,NA,NA,NA,NA,NA,NA,NA,NA,NA,NA,NA,NA,NA,NA,NA,NA,NA,NA,NA,NA,NA,NA,NA,NA,Tyler,Goodson,IND,RB,25,-2
RB,15730,weighted,NA,NA,NA,NA,NA,NA,93.62,49.94683864854209,0.49333333333333335,0.5067710208536643,0,0,5.215555555555556,3.4962779482928608,34.88444444444445,23.461275451549984,0.18933333333333333,0.341654655409536,NA,NA,NA,NA,NA,NA,NA,NA,NA,NA,NA,NA,NA,NA,NA,NA,NA,NA,NA,NA,NA,NA,NA,NA,NA,NA,NA,NA,NA,NA,NA,NA,NA,NA,NA,NA,NA,NA,Tyler,Goodson,IND,RB,25,-2
RB,17061,average,NA,NA,NA,NA,NA,NA,110.53333333333333,68.79137542841642,0.5666666666666667,0.5131601439446883,0,0,6.166666666666667,5.9651767227244274,42.13333333333333,39.271533371302596,0.03333333333333333,0.05773502691896258,NA,NA,NA,NA,NA,NA,NA,NA,NA,NA,NA,NA,NA,NA,NA,NA,NA,NA,NA,NA,NA,NA,NA,NA,NA,NA,NA,NA,NA,NA,NA,NA,NA,NA,NA,NA,NA,NA,LeQuint,Allen,JAC,RB,21,-5
RB,17061,robust,NA,NA,NA,NA,NA,NA,103.4,31.727639999999997,0.6,0.44478000000000006,0,0,5.5,2.2239,37.95,16.901639999999997,0.025,0,0,NA,NA,NA,NA,NA,NA,NA,NA,NA,NA,NA,NA,NA,NA,NA,NA,NA,NA,NA,NA,NA,NA,NA,NA,NA,NA,NA,NA,NA,NA,NA,NA,NA,NA,NA,NA,NA,LeQuint,Allen,JAC,RB,21,-5
RB,17061,weighted,NA,NA,NA,NA,NA,NA,136.5422077922078,75.66042558696059,0.5097402597402597,0.7071067811865475,0,0,7.607142857142857,7.7781745930520225,51.21103896103896,51.61879502661797,0,0,NA,NA,NA,NA,NA,NA,NA,NA,NA,NA,NA,NA,NA,NA,NA,NA,NA,NA,NA,NA,NA,NA,NA,NA,NA,NA,NA,NA,NA,NA,NA,NA,NA,NA,NA,NA,NA,NA,LeQuint,Allen,JAC,RB,21,-5
RB,14852,average,NA,NA,NA,NA,NA,NA,260.28,159.07165680912487,0.96,0.08944271909999157,0,0,17.919999999999998,7.388639928972043,141.24,59.23586751285069,0.3453093227756905,0.41986031197314977,NA,NA,NA,NA,NA,NA,NA,NA,NA,NA,NA,NA,NA,NA,NA,NA,NA,NA,NA,NA,NA,NA,NA,NA,NA,NA,NA,NA,NA,NA,NA,NA,NA,NA,NA,NA,NA,NA,Antonio,Gibson,NEP,RB,27,0
RB,14852,robust,NA,NA,NA,NA,NA,NA,271,202.22664,1,0,0,0,17.6,5.6338800000000004,141,57.52488000000001,0.25,0.33587800973619364,0,NA,NA,NA,NA,NA,NA,NA,NA,NA,NA,NA,NA,NA,NA,NA,NA,NA,NA,NA,NA,NA,NA,NA,NA,NA,NA,NA,NA,NA,NA,NA,NA,NA,NA,NA,NA,NA,Antonio,Gibson,NEP,RB,27,0
RB,14852,weighted,NA,NA,NA,NA,NA,NA,265.7014388489208,183.90869008161738,0.9489208633093523,0.10079831020734194,0,0,17.79568345323741,8.352186440002766,139.42625899280574,67.58464331151721,0.2782671329909772,0.4575167654411814,NA,NA,NA,NA,NA,NA,NA,NA,NA,NA,NA,NA,NA,NA,NA,NA,NA,NA,NA,NA,NA,NA,NA,NA,NA,NA,NA,NA,NA,NA,NA,NA,NA,NA,NA,NA,NA,NA,Antonio,Gibson,NEP,RB,27,0
RB,15271,average,NA,NA,NA,NA,NA,NA,287.15,81.81225458328355,1.8,0.28284271247461895,0,0,10.15,2.616295090390225,61.7,15.980613254815974,0.15,0.21213203435596426,NA,NA,NA,NA,NA,NA,NA,NA,NA,NA,NA,NA,NA,NA,NA,NA,NA,NA,NA,NA,NA,NA,NA,NA,NA,NA,NA,NA,NA,NA,NA,NA,NA,NA,NA,NA,NA,NA,Khalil,Herbert,NYJ,RB,27,-1
RB,15271,robust,NA,NA,NA,NA,NA,NA,287.15,85.76840999999999,1.8,0.2965199999999999,0,0,10.15,2.7428099999999995,61.7,16.75338,0.15,0.22238999999999998,NA,NA,NA,NA,NA,NA,NA,NA,NA,NA,NA,NA,NA,NA,NA,NA,NA,NA,NA,NA,NA,NA,NA,NA,NA,NA,NA,NA,NA,NA,NA,NA,NA,NA,NA,NA,NA,NA,Khalil,Herbert,NYJ,RB,27,-1
RB,15271,weighted,NA,NA,NA,NA,NA,NA,345,NA,2,NA,0,NA,12,NA,73,NA,0,NA,NA,NA,NA,NA,NA,NA,NA,NA,NA,NA,NA,NA,NA,NA,NA,NA,NA,NA,NA,NA,NA,NA,NA,NA,NA,NA,NA,NA,NA,NA,NA,NA,NA,NA,NA,NA,NA,NA,Khalil,Herbert,NYJ,RB,27,-1
RB,15720,average,NA,NA,NA,NA,NA,NA,126.2,36.27285486420941,1.0666666666666667,0.2081665999466133,0.5,0.19999999999999998,6.3,3.609709129556009,52.93333333333333,15.837087274285423,0.7087868480725623,0.2133160447333681,NA,NA,NA,NA,NA,NA,NA,NA,NA,NA,NA,NA,NA,NA,NA,NA,NA,NA,NA,NA,NA,NA,NA,NA,NA,NA,NA,NA,NA,NA,NA,NA,NA,NA,NA,NA,NA,NA,Hassan,Haskins,LAC,RB,26,-2
RB,15720,robust,NA,NA,NA,NA,NA,NA,124.05,33.50675999999999,1.05,0.14825999999999995,0.5,0.2965199999999999,6.65,1.9273799999999996,54.4,9.192120000000005,0.7065901360544218,0.2965199999999999,0,NA,NA,NA,NA,NA,NA,NA,NA,NA,NA,NA,NA,NA,NA,NA,NA,NA,NA,NA,NA,NA,NA,NA,NA,NA,NA,NA,NA,NA,NA,NA,NA,NA,NA,NA,NA,NA,Hassan,Haskins,LAC,RB,26,-2
RB,15720,weighted,NA,NA,NA,NA,NA,NA,130.24822695035462,50.20458146424487,1.151063829787234,0.21213203435596428,0.600709219858156,0.14142135623730948,5.575886524822695,4.808326112068523,49.89361702127659,21.213203435596423,0.8123775751435326,0.1600610758094039,NA,NA,NA,NA,NA,NA,NA,NA,NA,NA,NA,NA,NA,NA,NA,NA,NA,NA,NA,NA,NA,NA,NA,NA,NA,NA,NA,NA,NA,NA,NA,NA,NA,NA,NA,NA,NA,NA,Hassan,Haskins,LAC,RB,26,-2
RB,17337,average,NA,NA,NA,NA,NA,NA,86,94.75230867899737,0.5,0.7071067811865476,0,0,2.9,0.14142135623730964,24.5,6.363961030678928,0,0,NA,NA,NA,NA,NA,NA,NA,NA,NA,NA,NA,NA,NA,NA,NA,NA,NA,NA,NA,NA,NA,NA,NA,NA,NA,NA,NA,NA,NA,NA,NA,NA,NA,NA,NA,NA,NA,NA,Zavier,Scott,MIN,RB,26,-3
RB,17337,robust,NA,NA,NA,NA,NA,NA,86,99.3342,0.5,0.7413,0,0,2.9,0.14826000000000011,24.5,6.6716999999999995,0,0,NA,NA,NA,NA,NA,NA,NA,NA,NA,NA,NA,NA,NA,NA,NA,NA,NA,NA,NA,NA,NA,NA,NA,NA,NA,NA,NA,NA,NA,NA,NA,NA,NA,NA,NA,NA,NA,NA,Zavier,Scott,MIN,RB,26,-3
RB,17337,weighted,NA,NA,NA,NA,NA,NA,19,NA,0,NA,0,NA,2.8,NA,20,NA,0,NA,NA,NA,NA,NA,NA,NA,NA,NA,NA,NA,NA,NA,NA,NA,NA,NA,NA,NA,NA,NA,NA,NA,NA,NA,NA,NA,NA,NA,NA,NA,NA,NA,NA,NA,NA,NA,NA,NA,Zavier,Scott,MIN,RB,26,-3
RB,15723,average,NA,NA,NA,NA,NA,NA,141.46,67.8134057543197,0.74,0.433589667773576,0,0,7.9,2.842534080710379,56.88,20.752638386479923,0.028430232558139538,0.04397536215899311,NA,NA,NA,NA,NA,NA,NA,NA,NA,NA,NA,NA,NA,NA,NA,NA,NA,NA,NA,NA,NA,NA,NA,NA,NA,NA,NA,NA,NA,NA,NA,NA,NA,NA,NA,NA,NA,NA,Ty,Chandler,MIN,RB,27,-2
RB,15723,robust,NA,NA,NA,NA,NA,NA,130,48.48102,0.85,0,0,0,8,3.5582400000000005,58,26.686799999999998,0.02107558139534884,0,0,NA,NA,NA,NA,NA,NA,NA,NA,NA,NA,NA,NA,NA,NA,NA,NA,NA,NA,NA,NA,NA,NA,NA,NA,NA,NA,NA,NA,NA,NA,NA,NA,NA,NA,NA,NA,NA,Ty,Chandler,MIN,RB,27,-2
RB,15723,weighted,NA,NA,NA,NA,NA,NA,148.8255395683453,70.27051819378617,0.7446043165467626,0.5039915510367098,0,0,8.543525179856113,2.5808641292835532,61.769784172661865,18.612416079107767,0.010613602141542581,0.021144584525246868,NA,NA,NA,NA,NA,NA,NA,NA,NA,NA,NA,NA,NA,NA,NA,NA,NA,NA,NA,NA,NA,NA,NA,NA,NA,NA,NA,NA,NA,NA,NA,NA,NA,NA,NA,NA,NA,NA,Ty,Chandler,MIN,RB,27,-2
RB,16608,average,NA,NA,NA,NA,NA,NA,89,73.91210996852952,0.5333333333333333,0.5033222956847166,0,0,4.133333333333334,1.205542754668342,22.3,6.509224224129938,0,0,NA,NA,NA,NA,NA,NA,NA,NA,NA,NA,NA,NA,NA,NA,NA,NA,NA,NA,NA,NA,NA,NA,NA,NA,NA,NA,NA,NA,NA,NA,NA,NA,NA,NA,NA,NA,NA,NA,George,Holani,SEA,RB,26,-4
RB,16608,robust,NA,NA,NA,NA,NA,NA,91.25,88.95599999999999,0.55,0.59304,0,0,4.1,1.4826,22.2,8.747339999999998,0,0,0,NA,NA,NA,NA,NA,NA,NA,NA,NA,NA,NA,NA,NA,NA,NA,NA,NA,NA,NA,NA,NA,NA,NA,NA,NA,NA,NA,NA,NA,NA,NA,NA,NA,NA,NA,NA,NA,George,Holani,SEA,RB,26,-4
RB,16608,weighted,NA,NA,NA,NA,NA,NA,83.97872340425532,103.94469683442247,0.49645390070921985,0.7071067811865475,0,0,4.704964539007092,0.9899494936611667,22.45390070921986,9.192388155425117,0,0,NA,NA,NA,NA,NA,NA,NA,NA,NA,NA,NA,NA,NA,NA,NA,NA,NA,NA,NA,NA,NA,NA,NA,NA,NA,NA,NA,NA,NA,NA,NA,NA,NA,NA,NA,NA,NA,NA,George,Holani,SEA,RB,26,-4
RB,14727,average,NA,NA,NA,NA,NA,NA,90,45.31004303683677,0.03333333333333333,0.05773502691896258,0,0,4.3,2.364318083507378,39.1,17.479416466232504,0.13333333333333333,0.23094010767585033,NA,NA,NA,NA,NA,NA,NA,NA,NA,NA,NA,NA,NA,NA,NA,NA,NA,NA,NA,NA,NA,NA,NA,NA,NA,NA,NA,NA,NA,NA,NA,NA,NA,NA,NA,NA,NA,NA,Craig,Reynolds,DET,RB,29,1
RB,14727,robust,NA,NA,NA,NA,NA,NA,95.25,14.825999999999999,0.025,0,0,0,4.225,2.8169399999999998,40.075,16.753379999999996,0.1,0,0,NA,NA,NA,NA,NA,NA,NA,NA,NA,NA,NA,NA,NA,NA,NA,NA,NA,NA,NA,NA,NA,NA,NA,NA,NA,NA,NA,NA,NA,NA,NA,NA,NA,NA,NA,NA,NA,Craig,Reynolds,DET,RB,29,1
RB,14727,weighted,NA,NA,NA,NA,NA,NA,116.15358361774746,7.071067811865475,0,0,0,0,3.0791808873720137,1.34350288425444,31.85324232081911,16.263455967290593,0,0,NA,NA,NA,NA,NA,NA,NA,NA,NA,NA,NA,NA,NA,NA,NA,NA,NA,NA,NA,NA,NA,NA,NA,NA,NA,NA,NA,NA,NA,NA,NA,NA,NA,NA,NA,NA,NA,NA,Craig,Reynolds,DET,RB,29,1
RB,14083,average,NA,NA,NA,NA,NA,NA,39.25,34.294678887547555,0.15,0.21213203435596426,0,0,1.95,1.909188309203678,13.45,16.19274528917194,0.05,0.07071067811865477,NA,NA,NA,NA,NA,NA,NA,NA,NA,NA,NA,NA,NA,NA,NA,NA,NA,NA,NA,NA,NA,NA,NA,NA,NA,NA,NA,NA,NA,NA,NA,NA,NA,NA,NA,NA,NA,NA,Travis,Homer,CHI,RB,27,1
RB,14083,robust,NA,NA,NA,NA,NA,NA,39.25,35.95305,0.15,0.22238999999999998,0,0,1.95,2.00151,13.45,16.975769999999997,0.05,0.07413,NA,NA,NA,NA,NA,NA,NA,NA,NA,NA,NA,NA,NA,NA,NA,NA,NA,NA,NA,NA,NA,NA,NA,NA,NA,NA,NA,NA,NA,NA,NA,NA,NA,NA,NA,NA,NA,NA,Travis,Homer,CHI,RB,27,1
RB,14083,weighted,NA,NA,NA,NA,NA,NA,15,NA,0,NA,0,NA,0.6,NA,2,NA,0,NA,NA,NA,NA,NA,NA,NA,NA,NA,NA,NA,NA,NA,NA,NA,NA,NA,NA,NA,NA,NA,NA,NA,NA,NA,NA,NA,NA,NA,NA,NA,NA,NA,NA,NA,NA,NA,NA,NA,Travis,Homer,CHI,RB,27,1
RB,12923,average,NA,NA,NA,NA,NA,NA,8.2,3.111269837220809,0.6,0.565685424949238,0,0,4.55,1.3435028842544403,28.85,4.45477272147525,0,0,NA,NA,NA,NA,NA,NA,NA,NA,NA,NA,NA,NA,NA,NA,NA,NA,NA,NA,NA,NA,NA,NA,NA,NA,NA,NA,NA,NA,NA,NA,NA,NA,NA,NA,NA,NA,NA,NA,C.J.,Ham,MIN,RB,32,4
RB,12923,robust,NA,NA,NA,NA,NA,NA,8.2,3.26172,0.6,0.59304,0,0,4.55,1.4084699999999999,28.85,4.67019,0,0,NA,NA,NA,NA,NA,NA,NA,NA,NA,NA,NA,NA,NA,NA,NA,NA,NA,NA,NA,NA,NA,NA,NA,NA,NA,NA,NA,NA,NA,NA,NA,NA,NA,NA,NA,NA,NA,NA,C.J.,Ham,MIN,RB,32,4
RB,12923,weighted,NA,NA,NA,NA,NA,NA,6,NA,0.2,NA,0,NA,5.5,NA,32,NA,0,NA,NA,NA,NA,NA,NA,NA,NA,NA,NA,NA,NA,NA,NA,NA,NA,NA,NA,NA,NA,NA,NA,NA,NA,NA,NA,NA,NA,NA,NA,NA,NA,NA,NA,NA,NA,NA,NA,NA,C.J.,Ham,MIN,RB,32,4
RB,16170,average,NA,NA,NA,NA,NA,NA,83.1,67.74082963767125,0.1,0.14142135623730953,0,0,2.65,1.7677669529663689,23,9.899494936611665,0.1,0.14142135623730953,NA,NA,NA,NA,NA,NA,NA,NA,NA,NA,NA,NA,NA,NA,NA,NA,NA,NA,NA,NA,NA,NA,NA,NA,NA,NA,NA,NA,NA,NA,NA,NA,NA,NA,NA,NA,NA,NA,Kenny,McIntosh,SEA,RB,25,-3
RB,16170,robust,NA,NA,NA,NA,NA,NA,83.1,71.01653999999999,0.1,0.14826,0,0,2.65,1.8532499999999998,23,10.3782,0.1,0.14826,NA,NA,NA,NA,NA,NA,NA,NA,NA,NA,NA,NA,NA,NA,NA,NA,NA,NA,NA,NA,NA,NA,NA,NA,NA,NA,NA,NA,NA,NA,NA,NA,NA,NA,NA,NA,NA,NA,Kenny,McIntosh,SEA,RB,25,-3
RB,16170,weighted,NA,NA,NA,NA,NA,NA,131,NA,0,NA,0,NA,1.4,NA,16,NA,0,NA,NA,NA,NA,NA,NA,NA,NA,NA,NA,NA,NA,NA,NA,NA,NA,NA,NA,NA,NA,NA,NA,NA,NA,NA,NA,NA,NA,NA,NA,NA,NA,NA,NA,NA,NA,NA,NA,NA,Kenny,McIntosh,SEA,RB,25,-3
RB,17348,average,NA,NA,NA,NA,NA,NA,39.55,0.6363961030678917,0.15,0.21213203435596426,0.3,0.282842712474619,2,0.14142135623730964,13.1,1.5556349186104041,0.05,0.07071067811865477,NA,NA,NA,NA,NA,NA,NA,NA,NA,NA,NA,NA,NA,NA,NA,NA,NA,NA,NA,NA,NA,NA,NA,NA,NA,NA,NA,NA,NA,NA,NA,NA,NA,NA,NA,NA,NA,NA,Nathan,Carter,ATL,RB,23,-5
RB,17348,robust,NA,NA,NA,NA,NA,NA,39.55,0.6671699999999989,0.15,0.22238999999999998,0.3,0.29652,2,0.14826000000000011,13.1,1.6308599999999993,0.05,0.07413,NA,NA,NA,NA,NA,NA,NA,NA,NA,NA,NA,NA,NA,NA,NA,NA,NA,NA,NA,NA,NA,NA,NA,NA,NA,NA,NA,NA,NA,NA,NA,NA,NA,NA,NA,NA,NA,NA,Nathan,Carter,ATL,RB,23,-5
RB,17348,weighted,NA,NA,NA,NA,NA,NA,40,NA,0,NA,0.5,NA,1.9000000000000001,NA,12,NA,0,NA,NA,NA,NA,NA,NA,NA,NA,NA,NA,NA,NA,NA,NA,NA,NA,NA,NA,NA,NA,NA,NA,NA,NA,NA,NA,NA,NA,NA,NA,NA,NA,NA,NA,NA,NA,NA,NA,NA,Nathan,Carter,ATL,RB,23,-5
RB,16173,average,NA,NA,NA,NA,NA,NA,31.3,15.980613254815974,0.1,0.14142135623730953,0.4,0.14142135623730953,3.25,1.909188309203678,21.15,9.6873629022557,0.05,0.07071067811865477,NA,NA,NA,NA,NA,NA,NA,NA,NA,NA,NA,NA,NA,NA,NA,NA,NA,NA,NA,NA,NA,NA,NA,NA,NA,NA,NA,NA,NA,NA,NA,NA,NA,NA,NA,NA,NA,NA,Eric,Gray,NYG,RB,26,-3
RB,16173,robust,NA,NA,NA,NA,NA,NA,31.3,16.75338,0.1,0.14826,0.4,0.14826,3.25,2.0015099999999997,21.15,10.155809999999999,0.05,0.07413,NA,NA,NA,NA,NA,NA,NA,NA,NA,NA,NA,NA,NA,NA,NA,NA,NA,NA,NA,NA,NA,NA,NA,NA,NA,NA,NA,NA,NA,NA,NA,NA,NA,NA,NA,NA,NA,NA,Eric,Gray,NYG,RB,26,-3
RB,16173,weighted,NA,NA,NA,NA,NA,NA,20,NA,0,NA,0.3,NA,4.6,NA,28,NA,0,NA,NA,NA,NA,NA,NA,NA,NA,NA,NA,NA,NA,NA,NA,NA,NA,NA,NA,NA,NA,NA,NA,NA,NA,NA,NA,NA,NA,NA,NA,NA,NA,NA,NA,NA,NA,NA,NA,NA,Eric,Gray,NYG,RB,26,-3
RB,16746,average,NA,NA,NA,NA,NA,NA,32.7,0.9899494936611655,0.05,0.07071067811865477,0,0,0.7,0.9899494936611665,5.1,7.212489168102785,0.05,0.07071067811865477,NA,NA,NA,NA,NA,NA,NA,NA,NA,NA,NA,NA,NA,NA,NA,NA,NA,NA,NA,NA,NA,NA,NA,NA,NA,NA,NA,NA,NA,NA,NA,NA,NA,NA,NA,NA,NA,NA,Rasheen,Ali,BAL,RB,24,-4
RB,16746,robust,NA,NA,NA,NA,NA,NA,32.7,1.0378199999999989,0.05,0.07413,0,0,0.7,1.03782,5.1,7.561259999999999,0.05,0.07413,NA,NA,NA,NA,NA,NA,NA,NA,NA,NA,NA,NA,NA,NA,NA,NA,NA,NA,NA,NA,NA,NA,NA,NA,NA,NA,NA,NA,NA,NA,NA,NA,NA,NA,NA,NA,NA,NA,Rasheen,Ali,BAL,RB,24,-4
RB,16746,weighted,NA,NA,NA,NA,NA,NA,32,NA,0,NA,0,NA,0,NA,0,NA,0,NA,NA,NA,NA,NA,NA,NA,NA,NA,NA,NA,NA,NA,NA,NA,NA,NA,NA,NA,NA,NA,NA,NA,NA,NA,NA,NA,NA,NA,NA,NA,NA,NA,NA,NA,NA,NA,NA,NA,Rasheen,Ali,BAL,RB,24,-4
RB,15257,average,NA,NA,NA,NA,NA,NA,39.9,27.011479041326115,0.25,0.21213203435596428,0,0,2.9000000000000004,1.8384776310850237,20.6,13.293607486307094,0.05,0.07071067811865477,NA,NA,NA,NA,NA,NA,NA,NA,NA,NA,NA,NA,NA,NA,NA,NA,NA,NA,NA,NA,NA,NA,NA,NA,NA,NA,NA,NA,NA,NA,NA,NA,NA,NA,NA,NA,NA,NA,Trey,Sermon,PIT,RB,26,-1
RB,15257,robust,NA,NA,NA,NA,NA,NA,39.9,28.31766,0.25,0.22239000000000003,0,0,2.9000000000000004,1.9273799999999999,20.6,13.93644,0.05,0.07413,NA,NA,NA,NA,NA,NA,NA,NA,NA,NA,NA,NA,NA,NA,NA,NA,NA,NA,NA,NA,NA,NA,NA,NA,NA,NA,NA,NA,NA,NA,NA,NA,NA,NA,NA,NA,NA,NA,Trey,Sermon,PIT,RB,26,-1
RB,15257,weighted,NA,NA,NA,NA,NA,NA,59.00000000000001,NA,0.4,NA,0,NA,4.2,NA,30,NA,0,NA,NA,NA,NA,NA,NA,NA,NA,NA,NA,NA,NA,NA,NA,NA,NA,NA,NA,NA,NA,NA,NA,NA,NA,NA,NA,NA,NA,NA,NA,NA,NA,NA,NA,NA,NA,NA,NA,NA,Trey,Sermon,PIT,RB,26,-1
RB,16595,average,NA,NA,NA,NA,NA,NA,230,296.98484809834997,1.5,2.1213203435596424,0,0,6,7.0710678118654755,37,43.840620433565945,0,0,NA,NA,NA,NA,NA,NA,NA,NA,NA,NA,NA,NA,NA,NA,NA,NA,NA,NA,NA,NA,NA,NA,NA,NA,NA,NA,NA,NA,NA,NA,NA,NA,NA,NA,NA,NA,NA,NA,Audric,Estime,NOS,RB,22,-4
RB,16595,robust,NA,NA,NA,NA,NA,NA,230,311.346,1.5,2.2239,0,0,6,7.412999999999999,37,45.9606,0,0,NA,NA,NA,NA,NA,NA,NA,NA,NA,NA,NA,NA,NA,NA,NA,NA,NA,NA,NA,NA,NA,NA,NA,NA,NA,NA,NA,NA,NA,NA,NA,NA,NA,NA,NA,NA,NA,NA,Audric,Estime,NOS,RB,22,-4
RB,16595,weighted,NA,NA,NA,NA,NA,NA,440,NA,3,NA,0,NA,11,NA,68.00000000000001,NA,0,NA,NA,NA,NA,NA,NA,NA,NA,NA,NA,NA,NA,NA,NA,NA,NA,NA,NA,NA,NA,NA,NA,NA,NA,NA,NA,NA,NA,NA,NA,NA,NA,NA,NA,NA,NA,NA,NA,NA,Audric,Estime,NOS,RB,22,-4
RB,15733,average,NA,NA,NA,NA,NA,NA,102.75,127.63277400417182,0.5,0.7071067811865476,0,0,8,9.899494936611665,59.25,73.18555185280766,0,0,NA,NA,NA,NA,NA,NA,NA,NA,NA,NA,NA,NA,NA,NA,NA,NA,NA,NA,NA,NA,NA,NA,NA,NA,NA,NA,NA,NA,NA,NA,NA,NA,NA,NA,NA,NA,NA,NA,Pierre,Strong Jr.,GBP,RB,27,-2
RB,15733,robust,NA,NA,NA,NA,NA,NA,102.75,133.80464999999998,0.5,0.7413,0,0,8,10.3782,59.25,76.72455,0,0,NA,NA,NA,NA,NA,NA,NA,NA,NA,NA,NA,NA,NA,NA,NA,NA,NA,NA,NA,NA,NA,NA,NA,NA,NA,NA,NA,NA,NA,NA,NA,NA,NA,NA,NA,NA,NA,NA,Pierre,Strong Jr.,GBP,RB,27,-2
RB,15733,weighted,NA,NA,NA,NA,NA,NA,193,NA,1,NA,0,NA,15,NA,111,NA,0,NA,NA,NA,NA,NA,NA,NA,NA,NA,NA,NA,NA,NA,NA,NA,NA,NA,NA,NA,NA,NA,NA,NA,NA,NA,NA,NA,NA,NA,NA,NA,NA,NA,NA,NA,NA,NA,NA,NA,Pierre,Strong Jr.,GBP,RB,27,-2
RB,15718,average,NA,NA,NA,NA,NA,NA,41.75,44.19417382415922,0,0,0.9,1.2727922061357855,3.6,4.384062043356595,5.25,2.4748737341529163,0,0,NA,NA,NA,NA,NA,NA,NA,NA,NA,NA,NA,NA,NA,NA,NA,NA,NA,NA,NA,NA,NA,NA,NA,NA,NA,NA,NA,NA,NA,NA,NA,NA,NA,NA,NA,NA,NA,NA,Tyler,Badie,DEN,RB,25,-2
RB,15718,robust,NA,NA,NA,NA,NA,NA,41.75,46.33125,0,0,0.9,1.3343399999999999,3.6,4.59606,5.25,2.59455,0,0,NA,NA,NA,NA,NA,NA,NA,NA,NA,NA,NA,NA,NA,NA,NA,NA,NA,NA,NA,NA,NA,NA,NA,NA,NA,NA,NA,NA,NA,NA,NA,NA,NA,NA,NA,NA,NA,NA,Tyler,Badie,DEN,RB,25,-2
RB,15718,weighted,NA,NA,NA,NA,NA,NA,73,NA,0,NA,1.8,NA,6.7,NA,7,NA,0,NA,NA,NA,NA,NA,NA,NA,NA,NA,NA,NA,NA,NA,NA,NA,NA,NA,NA,NA,NA,NA,NA,NA,NA,NA,NA,NA,NA,NA,NA,NA,NA,NA,NA,NA,NA,NA,NA,NA,Tyler,Badie,DEN,RB,25,-2
RB,14799,average,NA,NA,NA,NA,NA,NA,160.75,212.48558774655754,0.5,0.7071067811865476,0,0,6.25,8.131727983645296,40.5,53.033008588991066,0.5,0.7071067811865476,NA,NA,NA,NA,NA,NA,NA,NA,NA,NA,NA,NA,NA,NA,NA,NA,NA,NA,NA,NA,NA,NA,NA,NA,NA,NA,NA,NA,NA,NA,NA,NA,NA,NA,NA,NA,NA,NA,Cam,Akers,MIN,RB,26,0
RB,14799,robust,NA,NA,NA,NA,NA,NA,160.75,222.76065,0.5,0.7413,0,0,6.25,8.524949999999999,40.5,55.5975,0.5,0.7413,NA,NA,NA,NA,NA,NA,NA,NA,NA,NA,NA,NA,NA,NA,NA,NA,NA,NA,NA,NA,NA,NA,NA,NA,NA,NA,NA,NA,NA,NA,NA,NA,NA,NA,NA,NA,NA,NA,Cam,Akers,MIN,RB,26,0
RB,14799,weighted,NA,NA,NA,NA,NA,NA,311,NA,1,NA,0,NA,12,NA,78,NA,1,NA,NA,NA,NA,NA,NA,NA,NA,NA,NA,NA,NA,NA,NA,NA,NA,NA,NA,NA,NA,NA,NA,NA,NA,NA,NA,NA,NA,NA,NA,NA,NA,NA,NA,NA,NA,NA,NA,NA,Cam,Akers,MIN,RB,26,0
RB,14017,average,NA,NA,NA,NA,NA,NA,83.5,109.60155108391487,0,0,0.45,0.6363961030678927,3.85,4.737615433949869,25.25,30.759144981614817,0,0,NA,NA,NA,NA,NA,NA,NA,NA,NA,NA,NA,NA,NA,NA,NA,NA,NA,NA,NA,NA,NA,NA,NA,NA,NA,NA,NA,NA,NA,NA,NA,NA,NA,NA,NA,NA,NA,NA,Jeffery,Wilson,MIA,RB,30,2
RB,14017,robust,NA,NA,NA,NA,NA,NA,83.5,114.9015,0,0,0.45,0.6671699999999999,3.85,4.96671,25.25,32.24655,0,0,NA,NA,NA,NA,NA,NA,NA,NA,NA,NA,NA,NA,NA,NA,NA,NA,NA,NA,NA,NA,NA,NA,NA,NA,NA,NA,NA,NA,NA,NA,NA,NA,NA,NA,NA,NA,NA,NA,Jeffery,Wilson,MIA,RB,30,2
RB,14017,weighted,NA,NA,NA,NA,NA,NA,161,NA,0,NA,0.9,NA,7.2,NA,47,NA,0,NA,NA,NA,NA,NA,NA,NA,NA,NA,NA,NA,NA,NA,NA,NA,NA,NA,NA,NA,NA,NA,NA,NA,NA,NA,NA,NA,NA,NA,NA,NA,NA,NA,NA,NA,NA,NA,NA,NA,Jeffery,Wilson,MIA,RB,30,2
RB,16678,average,NA,NA,NA,NA,NA,NA,12.25,10.960155108391486,0,0,0,0,0.95,0.6363961030678927,11.75,11.667261889578034,0,0,NA,NA,NA,NA,NA,NA,NA,NA,NA,NA,NA,NA,NA,NA,NA,NA,NA,NA,NA,NA,NA,NA,NA,NA,NA,NA,NA,NA,NA,NA,NA,NA,NA,NA,NA,NA,NA,NA,Sione,Vaki,DET,RB,24,-4
RB,16678,robust,NA,NA,NA,NA,NA,NA,12.25,11.49015,0,0,0,0,0.95,0.6671699999999999,11.75,12.231449999999999,0,0,NA,NA,NA,NA,NA,NA,NA,NA,NA,NA,NA,NA,NA,NA,NA,NA,NA,NA,NA,NA,NA,NA,NA,NA,NA,NA,NA,NA,NA,NA,NA,NA,NA,NA,NA,NA,NA,NA,Sione,Vaki,DET,RB,24,-4
RB,16678,weighted,NA,NA,NA,NA,NA,NA,20,NA,0,NA,0,NA,1.4,NA,20,NA,0,NA,NA,NA,NA,NA,NA,NA,NA,NA,NA,NA,NA,NA,NA,NA,NA,NA,NA,NA,NA,NA,NA,NA,NA,NA,NA,NA,NA,NA,NA,NA,NA,NA,NA,NA,NA,NA,NA,NA,Sione,Vaki,DET,RB,24,-4
RB,14817,average,NA,NA,NA,NA,NA,NA,34.5,43.1335136523794,0.1,0.14142135623730953,0,0,1.5,1.4142135623730951,13.25,13.788582233137676,0,0,NA,NA,NA,NA,NA,NA,NA,NA,NA,NA,NA,NA,NA,NA,NA,NA,NA,NA,NA,NA,NA,NA,NA,NA,NA,NA,NA,NA,NA,NA,NA,NA,NA,NA,NA,NA,NA,NA,Patrick,Taylor,SFO,RB,27,0
RB,14817,robust,NA,NA,NA,NA,NA,NA,34.5,45.2193,0.1,0.14826,0,0,1.5,1.4826,13.25,14.45535,0,0,NA,NA,NA,NA,NA,NA,NA,NA,NA,NA,NA,NA,NA,NA,NA,NA,NA,NA,NA,NA,NA,NA,NA,NA,NA,NA,NA,NA,NA,NA,NA,NA,NA,NA,NA,NA,NA,NA,Patrick,Taylor,SFO,RB,27,0
RB,14817,weighted,NA,NA,NA,NA,NA,NA,65,NA,0.2,NA,0,NA,2.5,NA,23,NA,0,NA,NA,NA,NA,NA,NA,NA,NA,NA,NA,NA,NA,NA,NA,NA,NA,NA,NA,NA,NA,NA,NA,NA,NA,NA,NA,NA,NA,NA,NA,NA,NA,NA,NA,NA,NA,NA,NA,NA,Patrick,Taylor,SFO,RB,27,0
WR,15287,average,NA,NA,NA,NA,NA,NA,14.8,9.137677104009686,0.016666666666666666,0.03450327796711771,0.675,0.29940417021620985,107.15,19.6663599653244,1238.975,224.87661219941418,8.7125,1.5670149055722842,NA,NA,NA,NA,NA,NA,NA,NA,NA,NA,NA,NA,NA,NA,NA,NA,NA,NA,NA,NA,NA,NA,NA,NA,NA,NA,NA,NA,NA,NA,NA,NA,NA,NA,NA,NA,NA,NA,Amon-Ra,St. Brown,DET,WR,26,-1
WR,15287,robust,0,NA,NA,NA,NA,NA,14.65,5.9304,0.008333333333333333,0,0.70625,0.0926625,111.875,9.636899999999999,1268.65,95.62769999999999,8.875,1.4084700000000001,0,NA,0,NA,0,NA,0,NA,NA,NA,NA,NA,NA,NA,NA,NA,NA,NA,NA,NA,NA,NA,NA,NA,NA,NA,NA,NA,NA,NA,NA,NA,NA,NA,NA,NA,NA,NA,Amon-Ra,St. Brown,DET,WR,26,-1
WR,15287,weighted,NA,NA,NA,NA,NA,NA,15.076923076923078,10.154738465463945,0.004554655870445345,0.008026420822922336,0.6399544534412955,0.31105646427065187,106.37854251012146,21.345243041137746,1230.5668016194331,243.70905937884646,8.616194331983806,1.6646805029844878,NA,NA,NA,NA,NA,NA,NA,NA,NA,NA,NA,NA,NA,NA,NA,NA,NA,NA,NA,NA,NA,NA,NA,NA,NA,NA,NA,NA,NA,NA,NA,NA,NA,NA,NA,NA,NA,NA,Amon-Ra,St. Brown,DET,WR,26,-1
WR,16185,average,NA,NA,NA,NA,NA,NA,25.7,13.899537505152567,0,0,0.65,0.30937725468153876,91.575,14.745532010941968,1108.3375,139.66100731516192,6.725,1.603344718304297,NA,NA,NA,NA,NA,NA,NA,NA,NA,NA,NA,NA,NA,NA,NA,NA,NA,NA,NA,NA,NA,NA,NA,NA,NA,NA,NA,NA,NA,NA,NA,NA,NA,NA,NA,NA,NA,NA,Jaxon,Smith-Njigba,SEA,WR,23,-3
WR,16185,robust,0,NA,NA,NA,NA,NA,26.4,11.8608,0,0,0.65,0.03706500000000003,91.875,7.04235,1120.75,85.9908,6.8,1.4826,0,NA,0,NA,0,NA,0,NA,NA,NA,NA,NA,NA,NA,NA,NA,NA,NA,NA,NA,NA,NA,NA,NA,NA,NA,NA,NA,NA,NA,NA,NA,NA,NA,NA,NA,NA,NA,Jaxon,Smith-Njigba,SEA,WR,23,-3
WR,16185,weighted,NA,NA,NA,NA,NA,NA,26.202429149797574,15.255724747315647,0,0,0.6575404858299596,0.33483376149623495,90.68016194331983,15.683876919746048,1103.1447368421052,149.45815155207748,6.666396761133603,1.7157457921872508,NA,NA,NA,NA,NA,NA,NA,NA,NA,NA,NA,NA,NA,NA,NA,NA,NA,NA,NA,NA,NA,NA,NA,NA,NA,NA,NA,NA,NA,NA,NA,NA,NA,NA,NA,NA,NA,NA,Jaxon,Smith-Njigba,SEA,WR,23,-3
WR,14832,average,NA,NA,NA,NA,NA,NA,52.97142857142857,27.038687324737086,0.3142857142857143,0.4155154163499711,0.825,0.3717718194192316,106.6,21.103215733288476,1322.525,244.53951915502623,8.4125,2.2067671894813525,NA,NA,NA,NA,NA,NA,NA,NA,NA,NA,NA,NA,NA,NA,NA,NA,NA,NA,NA,NA,NA,NA,NA,NA,NA,NA,NA,NA,NA,NA,NA,NA,NA,NA,NA,NA,NA,NA,CeeDee,Lamb,DAL,WR,26,0
WR,14832,robust,0,NA,NA,NA,NA,NA,56.44285714285714,25.9455,0.22857142857142856,0.22238999999999998,0.8687499999999999,0.12972750000000002,112.3,7.412999999999999,1384.25,94.8864,8.35,0.8895599999999995,0,NA,0,NA,0,NA,0,NA,NA,NA,NA,NA,NA,NA,NA,NA,NA,NA,NA,NA,NA,NA,NA,NA,NA,NA,NA,NA,NA,NA,NA,NA,NA,NA,NA,NA,NA,NA,CeeDee,Lamb,DAL,WR,26,0
WR,14832,weighted,NA,NA,NA,NA,NA,NA,53.09644303065355,28.15352737166447,0.31240601503759396,0.4501493390726726,0.7969888663967611,0.39833751752774,105.41538461538461,22.84843966771158,1307.237854251012,263.6231450148355,8.353643724696356,2.3514394220232564,NA,NA,NA,NA,NA,NA,NA,NA,NA,NA,NA,NA,NA,NA,NA,NA,NA,NA,NA,NA,NA,NA,NA,NA,NA,NA,NA,NA,NA,NA,NA,NA,NA,NA,NA,NA,NA,NA,CeeDee,Lamb,DAL,WR,26,0
WR,17081,average,NA,NA,NA,NA,NA,NA,16.214285714285715,9.023212695428318,0,0,0.675,0.3267808352485107,63.6375,12.612231874539212,800.8625,132.38227047348255,5.7375,1.1198692525724343,NA,NA,NA,NA,NA,NA,NA,NA,NA,NA,NA,NA,NA,NA,NA,NA,NA,NA,NA,NA,NA,NA,NA,NA,NA,NA,NA,NA,NA,NA,NA,NA,NA,NA,NA,NA,NA,NA,Emeka,Egbuka,TBB,WR,23,-5
WR,17081,robust,0,NA,NA,NA,NA,NA,16.80357142857143,9.636899999999999,0,0,0.675,0.05559750000000005,64.65,8.8956,795.725,130.4688,5.6,0.7413,0,NA,0,NA,0,NA,0,NA,NA,NA,NA,NA,NA,NA,NA,NA,NA,NA,NA,NA,NA,NA,NA,NA,NA,NA,NA,NA,NA,NA,NA,NA,NA,NA,NA,NA,NA,NA,Emeka,Egbuka,TBB,WR,23,-5
WR,17081,weighted,NA,NA,NA,NA,NA,NA,16.77212261422788,9.794172025413507,0,0,0.6112095141700405,0.30291897337341617,63.14939271255061,13.64663606672279,795.4716599190283,140.44395672013601,5.727125506072875,1.1812530369994325,NA,NA,NA,NA,NA,NA,NA,NA,NA,NA,NA,NA,NA,NA,NA,NA,NA,NA,NA,NA,NA,NA,NA,NA,NA,NA,NA,NA,NA,NA,NA,NA,NA,NA,NA,NA,NA,NA,Emeka,Egbuka,TBB,WR,23,-5
WR,15762,average,NA,NA,NA,NA,NA,NA,9.457142857142857,6.0282328950310715,0,0,0.625,0.2945941518185897,64.4375,11.325311411675557,966.725,139.27497724183726,6.6625,0.8830749846821778,NA,NA,NA,NA,NA,NA,NA,NA,NA,NA,NA,NA,NA,NA,NA,NA,NA,NA,NA,NA,NA,NA,NA,NA,NA,NA,NA,NA,NA,NA,NA,NA,NA,NA,NA,NA,NA,NA,George,Pickens,DAL,WR,24,-2
WR,15762,robust,0,NA,NA,NA,NA,NA,9.478571428571428,7.26474,0,0,0.625,0.018532500000000014,65.975,4.670190000000008,992.5,66.86526000000003,6.7,0.44477999999999973,0,NA,0,NA,0,NA,0,NA,NA,NA,NA,NA,NA,NA,NA,NA,NA,NA,NA,NA,NA,NA,NA,NA,NA,NA,NA,NA,NA,NA,NA,NA,NA,NA,NA,NA,NA,NA,George,Pickens,DAL,WR,24,-2
WR,15762,weighted,NA,NA,NA,NA,NA,NA,9.699826489300174,6.378166660233874,0,0,0.5828188259109313,0.2970629946069686,63.64554655870445,12.129283919463223,956.923076923077,149.4199162639591,6.685020242914979,0.9329619523777012,NA,NA,NA,NA,NA,NA,NA,NA,NA,NA,NA,NA,NA,NA,NA,NA,NA,NA,NA,NA,NA,NA,NA,NA,NA,NA,NA,NA,NA,NA,NA,NA,NA,NA,NA,NA,NA,NA,George,Pickens,DAL,WR,24,-2
WR,16211,average,NA,NA,NA,NA,NA,NA,64.05714285714285,8.958133916464194,0.6014185917397544,0.41405877680441,0.4,0.32071349029490925,102.4625,20.353794837467394,1314.3375,281.92799961033614,6.475,1.6833215463990914,NA,NA,NA,NA,NA,NA,NA,NA,NA,NA,NA,NA,NA,NA,NA,NA,NA,NA,NA,NA,NA,NA,NA,NA,NA,NA,NA,NA,NA,NA,NA,NA,NA,NA,NA,NA,NA,NA,Puka,Nacua,LAR,WR,24,-3
WR,16211,robust,0,NA,NA,NA,NA,NA,63.614285714285714,7.412999999999999,0.6028371834795088,0.5846271835465604,0.4,0.14825999999999995,104.7,9.562770000000004,1360.675,144.33110999999985,6.5,0.7413000000000006,0,NA,0,NA,0,NA,0,NA,NA,NA,NA,NA,NA,NA,NA,NA,NA,NA,NA,NA,NA,NA,NA,NA,NA,NA,NA,NA,NA,NA,NA,NA,NA,NA,NA,NA,NA,NA,Puka,Nacua,LAR,WR,24,-3
WR,16211,weighted,NA,NA,NA,NA,NA,NA,64.52371312897628,9.806081675003455,0.6140438617503488,0.4471821581832526,0.3688259109311742,0.33573011315678036,101.56761133603239,21.876370357402998,1301.0657894736842,303.52562647485905,6.365384615384615,1.788790111105292,NA,NA,NA,NA,NA,NA,NA,NA,NA,NA,NA,NA,NA,NA,NA,NA,NA,NA,NA,NA,NA,NA,NA,NA,NA,NA,NA,NA,NA,NA,NA,NA,NA,NA,NA,NA,NA,NA,Puka,Nacua,LAR,WR,24,-3
WR,15281,average,NA,NA,NA,NA,NA,NA,13.242857142857142,7.631486869328591,0,0,0.4,0.32071349029490925,111.0125,21.665669848864585,1454.2375,322.67501535711483,11.75,3.801879234574096,NA,NA,NA,NA,NA,NA,NA,NA,NA,NA,NA,NA,NA,NA,NA,NA,NA,NA,NA,NA,NA,NA,NA,NA,NA,NA,NA,NA,NA,NA,NA,NA,NA,NA,NA,NA,NA,NA,Ja'Marr,Chase,CIN,WR,25,-1
WR,15281,robust,0,NA,NA,NA,NA,NA,13.485714285714284,7.9742700000000015,0,0,0.4,0.14825999999999995,117.5,4.521929999999996,1546.725,69.6822,11.9,1.3343400000000005,0,NA,0,NA,0,NA,0,NA,NA,NA,NA,NA,NA,NA,NA,NA,NA,NA,NA,NA,NA,NA,NA,NA,NA,NA,NA,NA,NA,NA,NA,NA,NA,NA,NA,NA,NA,NA,Ja'Marr,Chase,CIN,WR,25,-1
WR,15281,weighted,NA,NA,NA,NA,NA,NA,13.243493348756505,8.429380967356229,0,0,0.3688259109311742,0.33573011315678036,109.34615384615384,23.256720397914318,1429.838056680162,346.4907145153005,11.518825910931174,4.060223741638102,NA,NA,NA,NA,NA,NA,NA,NA,NA,NA,NA,NA,NA,NA,NA,NA,NA,NA,NA,NA,NA,NA,NA,NA,NA,NA,NA,NA,NA,NA,NA,NA,NA,NA,NA,NA,NA,NA,Ja'Marr,Chase,CIN,WR,25,-1
WR,14836,average,NA,NA,NA,NA,NA,NA,1.9666666666666666,3.3164812104167902,0,0,0.4,0.32071349029490925,97.9,20.558140549600854,1403.0375,303.59796694924404,9.2,2.998571088273308,NA,NA,NA,NA,NA,NA,NA,NA,NA,NA,NA,NA,NA,NA,NA,NA,NA,NA,NA,NA,NA,NA,NA,NA,NA,NA,NA,NA,NA,NA,NA,NA,NA,NA,NA,NA,NA,NA,Justin,Jefferson,MIN,WR,26,0
WR,14836,robust,0,NA,NA,NA,NA,NA,1.9916666666666667,1.63086,0,0,0.4,0.14825999999999995,102.3,12.231449999999999,1439.325,96.59139000000013,9.5,0.7413,0,NA,0,NA,0,NA,0,NA,NA,NA,NA,NA,NA,NA,NA,NA,NA,NA,NA,NA,NA,NA,NA,NA,NA,NA,NA,NA,NA,NA,NA,NA,NA,NA,NA,NA,NA,NA,Justin,Jefferson,MIN,WR,26,0
WR,14836,weighted,NA,NA,NA,NA,NA,NA,1.8295883940620783,3.5396424636819144,0,0,0.3688259109311742,0.33573011315678036,96.68562753036437,22.24950676589921,1385.8724696356276,325.9181784881729,9.0751012145749,3.2152037101124225,NA,NA,NA,NA,NA,NA,NA,NA,NA,NA,NA,NA,NA,NA,NA,NA,NA,NA,NA,NA,NA,NA,NA,NA,NA,NA,NA,NA,NA,NA,NA,NA,NA,NA,NA,NA,NA,NA,Justin,Jefferson,MIN,WR,26,0
WR,15751,average,NA,NA,NA,NA,NA,NA,1.7833333333333334,3.9858380250462715,0,0,0.65,0.30937725468153876,92.425,17.87789936525781,1191.6375,246.58112508868152,8.1375,2.4870737251407955,NA,NA,NA,NA,NA,NA,NA,NA,NA,NA,NA,NA,NA,NA,NA,NA,NA,NA,NA,NA,NA,NA,NA,NA,NA,NA,NA,NA,NA,NA,NA,NA,NA,NA,NA,NA,NA,NA,Drake,London,ATL,WR,24,-2
WR,15751,robust,0,NA,NA,NA,NA,NA,0.8916666666666667,1.321985,0,0,0.65,0.03706500000000003,96.85,5.1891,1234.025,69.6822,8,2.2239,0,NA,0,NA,0,NA,0,NA,NA,NA,NA,NA,NA,NA,NA,NA,NA,NA,NA,NA,NA,NA,NA,NA,NA,NA,NA,NA,NA,NA,NA,NA,NA,NA,NA,NA,NA,NA,Drake,London,ATL,WR,24,-2
WR,15751,weighted,NA,NA,NA,NA,NA,NA,1.7461707152496628,4.2928929424899165,0,0,0.6575404858299596,0.33483376149623495,91.47813765182185,19.32416403148396,1178.5465587044534,265.6717000649493,8.011943319838057,2.623742291300278,NA,NA,NA,NA,NA,NA,NA,NA,NA,NA,NA,NA,NA,NA,NA,NA,NA,NA,NA,NA,NA,NA,NA,NA,NA,NA,NA,NA,NA,NA,NA,NA,NA,NA,NA,NA,NA,NA,Drake,London,ATL,WR,24,-2
WR,11675,average,NA,NA,NA,NA,NA,NA,3,5.0709255283711,0,0,0.375,0.31339158526400435,80.3625,15.796015546423634,1028.1625,204.36063317786315,8.1875,1.4367000879992815,NA,NA,NA,NA,NA,NA,NA,NA,NA,NA,NA,NA,NA,NA,NA,NA,NA,NA,NA,NA,NA,NA,NA,NA,NA,NA,NA,NA,NA,NA,NA,NA,NA,NA,NA,NA,NA,NA,Davante,Adams,LAR,WR,33,6
WR,11675,robust,0,NA,NA,NA,NA,NA,1.5,2.2239,0,0,0.375,0.0926625,83.225,3.558239999999998,1068.825,75.83498999999996,8.125,1.5567300000000004,0,NA,0,NA,0,NA,0,NA,NA,NA,NA,NA,NA,NA,NA,NA,NA,NA,NA,NA,NA,NA,NA,NA,NA,NA,NA,NA,NA,NA,NA,NA,NA,NA,NA,NA,NA,NA,Davante,Adams,LAR,WR,33,6
WR,11675,weighted,NA,NA,NA,NA,NA,NA,3.4524291497975708,5.3280070546431615,0,0,0.3546305668016194,0.33445515134395454,79.27793522267207,16.89008669866634,1014.1336032388664,219.65526665654576,8.109716599190284,1.529427815628724,NA,NA,NA,NA,NA,NA,NA,NA,NA,NA,NA,NA,NA,NA,NA,NA,NA,NA,NA,NA,NA,NA,NA,NA,NA,NA,NA,NA,NA,NA,NA,NA,NA,NA,NA,NA,NA,NA,Davante,Adams,LAR,WR,33,6
WR,15290,average,NA,NA,NA,NA,NA,NA,3.4333333333333336,2.747293039997562,0.04,0.06761234037828133,0.625,0.31339158526400435,86.3875,17.507748284688127,1246.15,261.6782266175661,9.125,2.4748737341529163,NA,NA,NA,NA,NA,NA,NA,NA,NA,NA,NA,NA,NA,NA,NA,NA,NA,NA,NA,NA,NA,NA,NA,NA,NA,NA,NA,NA,NA,NA,NA,NA,NA,NA,NA,NA,NA,NA,Nico,Collins,HOU,WR,26,-1
WR,15290,robust,0,NA,NA,NA,NA,NA,3.4333333333333336,3.8053399999999993,0.02,0.029651999999999998,0.625,0.0926625,91,3.0393299999999956,1320.35,89.6973,9,1.4826,0,NA,0,NA,0,NA,0,NA,NA,NA,NA,NA,NA,NA,NA,NA,NA,NA,NA,NA,NA,NA,NA,NA,NA,NA,NA,NA,NA,NA,NA,NA,NA,NA,NA,NA,NA,NA,Nico,Collins,HOU,WR,26,-1
WR,15290,weighted,NA,NA,NA,NA,NA,NA,3.73721322537112,2.843577959296751,0.04603238866396761,0.07104009406190881,0.6433451417004049,0.33547394200310643,85.42287449392713,19.002267807448995,1231.421052631579,283.1936034399791,9.0010121457489891,2.6216962094141816,NA,NA,NA,NA,NA,NA,NA,NA,NA,NA,NA,NA,NA,NA,NA,NA,NA,NA,NA,NA,NA,NA,NA,NA,NA,NA,NA,NA,NA,NA,NA,NA,NA,NA,NA,NA,NA,NA,Nico,Collins,HOU,WR,26,-1
WR,14104,average,NA,NA,NA,NA,NA,NA,0,0,0,0,0.75,0.33166247903554,80.5375,17.488194997932585,1195,265.84850680684394,8.15,1.716308330607961,NA,NA,NA,NA,NA,NA,NA,NA,NA,NA,NA,NA,NA,NA,NA,NA,NA,NA,NA,NA,NA,NA,NA,NA,NA,NA,NA,NA,NA,NA,NA,NA,NA,NA,NA,NA,NA,NA,A.J.,Brown,PHI,WR,28,1
WR,14104,robust,0,NA,NA,NA,NA,NA,0,0,0,0,0.7875,0.11119500000000002,85.725,6.968220000000004,1258.25,126.02099999999999,8.2,1.0378200000000015,0,NA,0,NA,0,NA,0,NA,NA,NA,NA,NA,NA,NA,NA,NA,NA,NA,NA,NA,NA,NA,NA,NA,NA,NA,NA,NA,NA,NA,NA,NA,NA,NA,NA,NA,NA,NA,A.J.,Brown,PHI,WR,28,1
WR,14104,weighted,NA,NA,NA,NA,NA,NA,0,0,0,0,0.7256578947368421,0.35583365973305686,79.62327935222672,18.986410731794358,1181.5698380566803,287.81463319450523,8.052226720647774,1.827712347025513,NA,NA,NA,NA,NA,NA,NA,NA,NA,NA,NA,NA,NA,NA,NA,NA,NA,NA,NA,NA,NA,NA,NA,NA,NA,NA,NA,NA,NA,NA,NA,NA,NA,NA,NA,NA,NA,NA,A.J.,Brown,PHI,WR,28,1
WR,15284,average,NA,NA,NA,NA,NA,NA,14.342857142857143,6.81319248493206,0.017243757259001163,0.034599809544373306,0.375,0.31339158526400435,73.1125,14.087627550442978,941.6625,150.5745087276443,5.125,1.246423454758225,NA,NA,NA,NA,NA,NA,NA,NA,NA,NA,NA,NA,NA,NA,NA,NA,NA,NA,NA,NA,NA,NA,NA,NA,NA,NA,NA,NA,NA,NA,NA,NA,NA,NA,NA,NA,NA,NA,Jaylen,Waddle,MIA,WR,27,-1
WR,15284,robust,0,NA,NA,NA,NA,NA,14.257142857142856,6.226919999999999,0.007288037166085948,0,0.375,0.0926625,76.1,6.894090000000008,973.75,81.76538999999997,5,1.4826,0,NA,0,NA,0,NA,0,NA,NA,NA,NA,NA,NA,NA,NA,NA,NA,NA,NA,NA,NA,NA,NA,NA,NA,NA,NA,NA,NA,NA,NA,NA,NA,NA,NA,NA,NA,NA,Jaylen,Waddle,MIA,WR,27,-1
WR,15284,weighted,NA,NA,NA,NA,NA,NA,14.149363794100637,7.4399623062806715,0.00523000747647731,0.009545261360484728,0.3546305668016194,0.33445515134395454,72.35971659919028,15.303293104054008,932.8846153846154,162.65324136114094,5.088056680161944,1.3169606082735683,NA,NA,NA,NA,NA,NA,NA,NA,NA,NA,NA,NA,NA,NA,NA,NA,NA,NA,NA,NA,NA,NA,NA,NA,NA,NA,NA,NA,NA,NA,NA,NA,NA,NA,NA,NA,NA,NA,Jaylen,Waddle,MIA,WR,27,-1
WR,16194,average,NA,NA,NA,NA,NA,NA,11.728571428571428,9.486036999673978,0.25,0.3535533905932738,0.575,0.27451255500822336,65.8625,14.079664920931688,778.5125,183.41245819580678,5.9125,1.2252550754842846,NA,NA,NA,NA,NA,NA,NA,NA,NA,NA,NA,NA,NA,NA,NA,NA,NA,NA,NA,NA,NA,NA,NA,NA,NA,NA,NA,NA,NA,NA,NA,NA,NA,NA,NA,NA,NA,NA,Rashee,Rice,KCC,WR,25,-3
WR,16194,robust,0,NA,NA,NA,NA,NA,11,8.080169999999999,0.1875,0.185325,0.5812499999999999,0.018532500000000014,65.75,11.119499999999999,762.75,122.3145,6,0.37065,0,NA,0,NA,0,NA,0,NA,NA,NA,NA,NA,NA,NA,NA,NA,NA,NA,NA,NA,NA,NA,NA,NA,NA,NA,NA,NA,NA,NA,NA,NA,NA,NA,NA,NA,NA,NA,Rashee,Rice,KCC,WR,25,-3
WR,16194,weighted,NA,NA,NA,NA,NA,NA,12.680884904569114,9.84290259739294,0.28694331983805665,0.3703277607002566,0.5688006072874494,0.2985512253306831,65.66194331983806,14.694081807932342,774.6497975708503,192.0616449202406,5.9056680161943325,1.276252501291165,NA,NA,NA,NA,NA,NA,NA,NA,NA,NA,NA,NA,NA,NA,NA,NA,NA,NA,NA,NA,NA,NA,NA,NA,NA,NA,NA,NA,NA,NA,NA,NA,NA,NA,NA,NA,NA,NA,Rashee,Rice,KCC,WR,25,-3
WR,14102,average,NA,NA,NA,NA,NA,NA,1.5333333333333332,1.9760470401187074,0,0,1.025,0.4967753156968594,71.925,16.098602423813066,1061.6375,210.89955589941727,7.15,1.128842643722195,NA,NA,NA,NA,NA,NA,NA,NA,NA,NA,NA,NA,NA,NA,NA,NA,NA,NA,NA,NA,NA,NA,NA,NA,NA,NA,NA,NA,NA,NA,NA,NA,NA,NA,NA,NA,NA,NA,DK,Metcalf,PIT,WR,28,1
WR,14102,robust,0,NA,NA,NA,NA,NA,1.1,1.4826,0,0,1.025,0.018532499999999934,76.2,4.003020000000004,1130,53.373599999999996,7.05,0.29651999999999956,0,NA,0,NA,0,NA,0,NA,NA,NA,NA,NA,NA,NA,NA,NA,NA,NA,NA,NA,NA,NA,NA,NA,NA,NA,NA,NA,NA,NA,NA,NA,NA,NA,NA,NA,NA,NA,DK,Metcalf,PIT,WR,28,1
WR,14102,weighted,NA,NA,NA,NA,NA,NA,1.58306342780027,2.121215760629076,0,0,0.982413967611336,0.5280737607857363,70.93076923076923,17.394897807814683,1048.172064777328,227.88355820986382,7.072672064777328,1.1900702288826983,NA,NA,NA,NA,NA,NA,NA,NA,NA,NA,NA,NA,NA,NA,NA,NA,NA,NA,NA,NA,NA,NA,NA,NA,NA,NA,NA,NA,NA,NA,NA,NA,NA,NA,NA,NA,NA,NA,DK,Metcalf,PIT,WR,28,1
WR,16614,average,NA,NA,NA,NA,NA,NA,3.533333333333333,5.282495802626056,0,0,0.725,0.31791732977525555,74.65,15.80216983292394,1046.775,188.53026850576845,7.3625,1.8515919791203614,NA,NA,NA,NA,NA,NA,NA,NA,NA,NA,NA,NA,NA,NA,NA,NA,NA,NA,NA,NA,NA,NA,NA,NA,NA,NA,NA,NA,NA,NA,NA,NA,NA,NA,NA,NA,NA,NA,Marvin,Harrison Jr.,ARI,WR,23,-4
WR,16614,robust,0,NA,NA,NA,NA,NA,1.8833333333333333,2.6192599999999997,0,0,0.76875,0.12972750000000002,78.875,3.7064999999999997,1096.25,85.2495,7.4,1.7049900000000004,0,NA,0,NA,0,NA,0,NA,NA,NA,NA,NA,NA,NA,NA,NA,NA,NA,NA,NA,NA,NA,NA,NA,NA,NA,NA,NA,NA,NA,NA,NA,NA,NA,NA,NA,NA,NA,Marvin,Harrison Jr.,ARI,WR,23,-4
WR,16614,weighted,NA,NA,NA,NA,NA,NA,3.5810391363022944,5.6827228889026635,0,0,0.6827176113360325,0.32504324861498013,73.75708502024291,17.0810172057414,1036.4534412955466,203.8610436899362,7.230364372469636,1.9661555750893842,NA,NA,NA,NA,NA,NA,NA,NA,NA,NA,NA,NA,NA,NA,NA,NA,NA,NA,NA,NA,NA,NA,NA,NA,NA,NA,NA,NA,NA,NA,NA,NA,NA,NA,NA,NA,NA,NA,Marvin,Harrison Jr.,ARI,WR,23,-4
WR,15753,average,NA,NA,NA,NA,NA,NA,12.842857142857143,13.32579208504611,0,0,1.3,0.2777460299317654,88.8625,17.350910844761355,1043.475,202.4654591352736,6.5875,1.498987753690565,NA,NA,NA,NA,NA,NA,NA,NA,NA,NA,NA,NA,NA,NA,NA,NA,NA,NA,NA,NA,NA,NA,NA,NA,NA,NA,NA,NA,NA,NA,NA,NA,NA,NA,NA,NA,NA,NA,Garrett,Wilson,NYJ,WR,25,-2
WR,15753,robust,0,NA,NA,NA,NA,NA,12.960714285714285,18.416009999999996,0,0,1.3,0,92.75,6.6716999999999995,1104.9,50.55666000000003,6.35,0.5189100000000001,0,NA,0,NA,0,NA,0,NA,NA,NA,NA,NA,NA,NA,NA,NA,NA,NA,NA,NA,NA,NA,NA,NA,NA,NA,NA,NA,NA,NA,NA,NA,NA,NA,NA,NA,NA,NA,Garrett,Wilson,NYJ,WR,25,-2
WR,15753,weighted,NA,NA,NA,NA,NA,NA,12.743290919606709,14.577112123912434,0,0,1.2996963562753037,0.30123335378604515,88.30101214574898,18.91817381284409,1036.3350202429149,220.77753406024377,6.583400809716599,1.5283922745286003,NA,NA,NA,NA,NA,NA,NA,NA,NA,NA,NA,NA,NA,NA,NA,NA,NA,NA,NA,NA,NA,NA,NA,NA,NA,NA,NA,NA,NA,NA,NA,NA,NA,NA,NA,NA,NA,NA,Garrett,Wilson,NYJ,WR,25,-2
WR,16190,average,NA,NA,NA,NA,NA,NA,51.214285714285715,13.038013495865362,0.11085321148909115,0.20328625364266703,0.75,0.1889822365046136,74.5375,13.282527459572057,997.575,175.49363643326623,6,1.0364775512695459,NA,NA,NA,NA,NA,NA,NA,NA,NA,NA,NA,NA,NA,NA,NA,NA,NA,NA,NA,NA,NA,NA,NA,NA,NA,NA,NA,NA,NA,NA,NA,NA,NA,NA,NA,NA,NA,NA,Zay,Flowers,BAL,WR,25,-3
WR,16190,robust,0,NA,NA,NA,NA,NA,52.55357142857143,13.343399999999999,0.05038931408290881,0.06320949129626499,0.75,0.185325,76.825,8.1543,1059.3,33.655020000000064,6.1,0.8895599999999995,0,NA,0,NA,0,NA,0,NA,NA,NA,NA,NA,NA,NA,NA,NA,NA,NA,NA,NA,NA,NA,NA,NA,NA,NA,NA,NA,NA,NA,NA,NA,NA,NA,NA,NA,NA,NA,Zay,Flowers,BAL,WR,25,-3
WR,16190,weighted,NA,NA,NA,NA,NA,NA,51.47151532677849,14.103663549385036,0.11168018654298151,0.22055841886041874,0.7861842105263157,0.17324965190073074,73.85283400809716,14.327227988485838,988.1467611336033,189.74930375393475,5.934412955465587,1.1123818988937229,NA,NA,NA,NA,NA,NA,NA,NA,NA,NA,NA,NA,NA,NA,NA,NA,NA,NA,NA,NA,NA,NA,NA,NA,NA,NA,NA,NA,NA,NA,NA,NA,NA,NA,NA,NA,NA,NA,Zay,Flowers,BAL,WR,25,-3
WR,15282,average,NA,NA,NA,NA,NA,NA,1.5333333333333332,1.745743121887939,0,0,0.5,0.2672612419124244,77.7625,14.642398076427625,970.025,172.9057691345202,6.75,1.8322507626258087,NA,NA,NA,NA,NA,NA,NA,NA,NA,NA,NA,NA,NA,NA,NA,NA,NA,NA,NA,NA,NA,NA,NA,NA,NA,NA,NA,NA,NA,NA,NA,NA,NA,NA,NA,NA,NA,NA,DeVonta,Smith,PHI,WR,27,-1
WR,15282,robust,0,NA,NA,NA,NA,NA,1.4333333333333333,2.02622,0,0,0.5,0,81.05,4.670189999999987,977.1500000000001,30.3933,7,1.4826,0,NA,0,NA,0,NA,0,NA,NA,NA,NA,NA,NA,NA,NA,NA,NA,NA,NA,NA,NA,NA,NA,NA,NA,NA,NA,NA,NA,NA,NA,NA,NA,NA,NA,NA,NA,NA,DeVonta,Smith,PHI,WR,27,-1
WR,15282,weighted,NA,NA,NA,NA,NA,NA,1.5850877192982458,1.8737695239331746,0,0,0.4974696356275304,0.29018883471140855,77.02206477732794,15.874708802327383,962.6680161943319,185.425517608507,6.6437246963562755,1.9679708785708925,NA,NA,NA,NA,NA,NA,NA,NA,NA,NA,NA,NA,NA,NA,NA,NA,NA,NA,NA,NA,NA,NA,NA,NA,NA,NA,NA,NA,NA,NA,NA,NA,NA,NA,NA,NA,NA,NA,DeVonta,Smith,PHI,WR,27,-1
WR,16618,average,NA,NA,NA,NA,NA,NA,30.12857142857143,11.083412868621584,0.18070436507936508,0.34730976787505713,0.4,0.32071349029490925,84.8125,20.411092047497817,1206.9875,291.76815863431216,8.725,3.207023542164915,NA,NA,NA,NA,NA,NA,NA,NA,NA,NA,NA,NA,NA,NA,NA,NA,NA,NA,NA,NA,NA,NA,NA,NA,NA,NA,NA,NA,NA,NA,NA,NA,NA,NA,NA,NA,NA,NA,Brian,Thomas Jr.,JAC,WR,23,-4
WR,16618,robust,0,NA,NA,NA,NA,NA,29.00714285714286,12.506789999999995,0.08333333333333333,0,0.4,0.14825999999999995,91.05,5.4856200000000035,1300.225,71.1648,8.6,2.372159999999999,0,NA,0,NA,0,NA,0,NA,NA,NA,NA,NA,NA,NA,NA,NA,NA,NA,NA,NA,NA,NA,NA,NA,NA,NA,NA,NA,NA,NA,NA,NA,NA,NA,NA,NA,NA,NA,Brian,Thomas Jr.,JAC,WR,23,-4
WR,16618,weighted,NA,NA,NA,NA,NA,NA,30.448091382301907,11.42650853405607,0.20708421695263798,0.3713000969639904,0.3688259109311742,0.33573011315678036,83.40202429149798,22.005310790566867,1186.9898785425103,314.44104752729794,8.586437246963563,3.4236291415972118,NA,NA,NA,NA,NA,NA,NA,NA,NA,NA,NA,NA,NA,NA,NA,NA,NA,NA,NA,NA,NA,NA,NA,NA,NA,NA,NA,NA,NA,NA,NA,NA,NA,NA,NA,NA,NA,NA,Brian,Thomas Jr.,JAC,WR,23,-4
WR,14835,average,NA,NA,NA,NA,NA,NA,0.6,1.01418510567422,0,0,0.65,0.29519969028245463,76.975,20.199699431992972,1018.5125,265.56341958452896,8.525,1.7027289021701941,NA,NA,NA,NA,NA,NA,NA,NA,NA,NA,NA,NA,NA,NA,NA,NA,NA,NA,NA,NA,NA,NA,NA,NA,NA,NA,NA,NA,NA,NA,NA,NA,NA,NA,NA,NA,NA,NA,Tee,Higgins,CIN,WR,26,0
WR,14835,robust,0,NA,NA,NA,NA,NA,0.3,0.44477999999999995,0,0,0.6625000000000001,0.037064999999999945,82,9.785160000000001,1070.525,168.94227000000006,8.65,0.9636900000000005,0,NA,0,NA,0,NA,0,NA,NA,NA,NA,NA,NA,NA,NA,NA,NA,NA,NA,NA,NA,NA,NA,NA,NA,NA,NA,NA,NA,NA,NA,NA,NA,NA,NA,NA,NA,NA,Tee,Higgins,CIN,WR,26,0
WR,14835,weighted,NA,NA,NA,NA,NA,NA,0.6904858299595141,1.0656014109286323,0,0,0.6113866396761134,0.3022606141324328,75.37874493927126,21.691591199152597,999.660931174089,285.52359729707,8.410526315789474,1.810260242342839,NA,NA,NA,NA,NA,NA,NA,NA,NA,NA,NA,NA,NA,NA,NA,NA,NA,NA,NA,NA,NA,NA,NA,NA,NA,NA,NA,NA,NA,NA,NA,NA,NA,NA,NA,NA,NA,NA,Tee,Higgins,CIN,WR,26,0
WR,16616,average,NA,NA,NA,NA,NA,NA,13.142857142857142,11.217697388228903,0,0,0.825,0.38683699040145725,68.8625,16.938792122563775,907.3375,198.46611036720026,6.2875,1.2642756254641854,NA,NA,NA,NA,NA,NA,NA,NA,NA,NA,NA,NA,NA,NA,NA,NA,NA,NA,NA,NA,NA,NA,NA,NA,NA,NA,NA,NA,NA,NA,NA,NA,NA,NA,NA,NA,NA,NA,Rome,Odunze,CHI,WR,23,-4
WR,16616,robust,0,NA,NA,NA,NA,NA,12.285714285714285,9.636899999999999,0,0,0.84375,0.05559750000000005,71,5.9304,956.5,80.8017,6.324999999999999,1.4826,0,NA,0,NA,0,NA,0,NA,NA,NA,NA,NA,NA,NA,NA,NA,NA,NA,NA,NA,NA,NA,NA,NA,NA,NA,NA,NA,NA,NA,NA,NA,NA,NA,NA,NA,NA,NA,Rome,Odunze,CHI,WR,23,-4
WR,16616,weighted,NA,NA,NA,NA,NA,NA,13.466165413533835,11.883892002886745,0,0,0.8113613360323887,0.4207081696323204,68.52914979757085,18.392055984759427,901.6315789473684,215.58075609111043,6.337449392712551,1.3053020113118459,NA,NA,NA,NA,NA,NA,NA,NA,NA,NA,NA,NA,NA,NA,NA,NA,NA,NA,NA,NA,NA,NA,NA,NA,NA,NA,NA,NA,NA,NA,NA,NA,NA,NA,NA,NA,NA,NA,Rome,Odunze,CHI,WR,23,-4
WR,14842,average,NA,NA,NA,NA,NA,NA,2.1666666666666665,2.2938842084780044,0,0,0.675,0.29940417021620985,74.725,14.28033112861383,848.6625,159.32499523660076,4.3,0.841766849294642,NA,NA,NA,NA,NA,NA,NA,NA,NA,NA,NA,NA,NA,NA,NA,NA,NA,NA,NA,NA,NA,NA,NA,NA,NA,NA,NA,NA,NA,NA,NA,NA,NA,NA,NA,NA,NA,NA,Michael,Pittman,IND,WR,28,0
WR,14842,robust,0,NA,NA,NA,NA,NA,2.125,3.088749999999999,0,0,0.70625,0.0926625,77.5,10.822980000000006,889.15,63.01049999999999,4.1,0.14826000000000011,0,NA,0,NA,0,NA,0,NA,NA,NA,NA,NA,NA,NA,NA,NA,NA,NA,NA,NA,NA,NA,NA,NA,NA,NA,NA,NA,NA,NA,NA,NA,NA,NA,NA,NA,NA,NA,Michael,Pittman,IND,WR,28,0
WR,14842,weighted,NA,NA,NA,NA,NA,NA,2.084851551956815,2.426384712502154,0,0,0.6399544534412955,0.31105646427065187,74.0844129554656,15.504919029293992,841.1275303643724,172.77186058914845,4.2655870445344135,0.8719210700113694,NA,NA,NA,NA,NA,NA,NA,NA,NA,NA,NA,NA,NA,NA,NA,NA,NA,NA,NA,NA,NA,NA,NA,NA,NA,NA,NA,NA,NA,NA,NA,NA,NA,NA,NA,NA,NA,NA,Michael,Pittman,IND,WR,28,0
WR,16186,average,NA,NA,NA,NA,NA,NA,10.942857142857143,7.813332404634154,0.1,0.14142135623730953,0.35,0.30937725468153876,58.525,12.780761211401188,777.075,159.27151794521023,6.6,1.7328753973835347,NA,NA,NA,NA,NA,NA,NA,NA,NA,NA,NA,NA,NA,NA,NA,NA,NA,NA,NA,NA,NA,NA,NA,NA,NA,NA,NA,NA,NA,NA,NA,NA,NA,NA,NA,NA,NA,NA,Jordan,Addison,MIN,WR,23,-3
WR,16186,robust,0,NA,NA,NA,NA,NA,10,5.48562,0.07500000000000001,0.07413,0.35,0.03706500000000003,59.5,2.2239,776.25,58.5627,6.5,0.7413,0,NA,0,NA,0,NA,0,NA,NA,NA,NA,NA,NA,NA,NA,NA,NA,NA,NA,NA,NA,NA,NA,NA,NA,NA,NA,NA,NA,NA,NA,NA,NA,NA,NA,NA,NA,NA,Jordan,Addison,MIN,WR,23,-3
WR,16186,weighted,NA,NA,NA,NA,NA,NA,11.217177559282822,8.09298562534487,0.08481781376518219,0.14712233288823912,0.3404352226720648,0.33371247372112833,58.12085020242915,13.591482142947747,771.8775303643724,167.81197297699902,6.580364372469636,1.8047438022873195,NA,NA,NA,NA,NA,NA,NA,NA,NA,NA,NA,NA,NA,NA,NA,NA,NA,NA,NA,NA,NA,NA,NA,NA,NA,NA,NA,NA,NA,NA,NA,NA,NA,NA,NA,NA,NA,NA,Jordan,Addison,MIN,WR,23,-3
WR,13630,average,NA,NA,NA,NA,NA,NA,1.04,1.6746854715353054,0,0,0.725,0.31791732977525555,74.325,17.784081967550964,993.7,228.29900193762188,7.6625,1.7212433213896783,NA,NA,NA,NA,NA,NA,NA,NA,NA,NA,NA,NA,NA,NA,NA,NA,NA,NA,NA,NA,NA,NA,NA,NA,NA,NA,NA,NA,NA,NA,NA,NA,NA,NA,NA,NA,NA,NA,Courtland,Sutton,DEN,WR,30,2
WR,13630,robust,0,NA,NA,NA,NA,NA,0.52,0.770952,0,0,0.76875,0.12972750000000002,76.3,4.4478,1018.8,26.686799999999998,8,1.260210000000002,0,NA,0,NA,0,NA,0,NA,NA,NA,NA,NA,NA,NA,NA,NA,NA,NA,NA,NA,NA,NA,NA,NA,NA,NA,NA,NA,NA,NA,NA,NA,NA,NA,NA,NA,NA,NA,Courtland,Sutton,DEN,WR,30,2
WR,13630,weighted,NA,NA,NA,NA,NA,NA,1.0719433198380568,1.684826253766596,0,0,0.6970900809716599,0.33820730511952585,73.41093117408907,19.125960322151784,982.8046558704453,245.68603868382877,7.634008097165991,1.8699244095156546,NA,NA,NA,NA,NA,NA,NA,NA,NA,NA,NA,NA,NA,NA,NA,NA,NA,NA,NA,NA,NA,NA,NA,NA,NA,NA,NA,NA,NA,NA,NA,NA,NA,NA,NA,NA,NA,NA,Courtland,Sutton,DEN,WR,30,2
WR,16627,average,NA,NA,NA,NA,NA,NA,1.5666666666666667,2.3063060549388537,0,0,0.425,0.33112362818569313,84.125,18.43093284981218,1128.625,268.63886406421966,7.3375,2.260807377907282,NA,NA,NA,NA,NA,NA,NA,NA,NA,NA,NA,NA,NA,NA,NA,NA,NA,NA,NA,NA,NA,NA,NA,NA,NA,NA,NA,NA,NA,NA,NA,NA,NA,NA,NA,NA,NA,NA,Ladd,McConkey,LAC,WR,24,-4
WR,16627,robust,0,NA,NA,NA,NA,NA,0.8916666666666666,1.16137,0,0,0.425,0.20385749999999997,88.725,4.4478,1190,94.8864,7.375,1.6308599999999993,0,NA,0,NA,0,NA,0,NA,NA,NA,NA,NA,NA,NA,NA,NA,NA,NA,NA,NA,NA,NA,NA,NA,NA,NA,NA,NA,NA,NA,NA,NA,NA,NA,NA,NA,NA,NA,Ladd,McConkey,LAC,WR,24,-4
WR,16627,weighted,NA,NA,NA,NA,NA,NA,1.5907219973009448,2.480710318716091,0,0,0.38302125506072876,0.33753132739991076,82.9168016194332,19.860881464582253,1110.9929149797572,289.25817675934604,7.194736842105263,2.4117638671672625,NA,NA,NA,NA,NA,NA,NA,NA,NA,NA,NA,NA,NA,NA,NA,NA,NA,NA,NA,NA,NA,NA,NA,NA,NA,NA,NA,NA,NA,NA,NA,NA,NA,NA,NA,NA,NA,NA,Ladd,McConkey,LAC,WR,24,-4
WR,11222,average,NA,NA,NA,NA,NA,NA,1.5,1.9820624179302297,0,0,0.4,0.32071349029490925,60.3875,13.95835003552661,672.975,164.1652629865057,4.825,1.1234513149855927,NA,NA,NA,NA,NA,NA,NA,NA,NA,NA,NA,NA,NA,NA,NA,NA,NA,NA,NA,NA,NA,NA,NA,NA,NA,NA,NA,NA,NA,NA,NA,NA,NA,NA,NA,NA,NA,NA,Keenan,Allen,LAC,WR,33,7
WR,11222,robust,0,NA,NA,NA,NA,NA,1,1.4826,0,0,0.4,0.14825999999999995,61,14.158829999999995,663.75,152.55953999999997,4.9,1.4826,0,NA,0,NA,0,NA,0,NA,NA,NA,NA,NA,NA,NA,NA,NA,NA,NA,NA,NA,NA,NA,NA,NA,NA,NA,NA,NA,NA,NA,NA,NA,NA,NA,NA,NA,NA,NA,Keenan,Allen,LAC,WR,33,7
WR,11222,weighted,NA,NA,NA,NA,NA,NA,1.4326923076923077,2.120107120138586,0,0,0.3688259109311742,0.33573011315678036,60.85263157894737,15.066232428170308,676.328947368421,179.7885086339178,4.7981781376518216,1.2137875035390033,NA,NA,NA,NA,NA,NA,NA,NA,NA,NA,NA,NA,NA,NA,NA,NA,NA,NA,NA,NA,NA,NA,NA,NA,NA,NA,NA,NA,NA,NA,NA,NA,NA,NA,NA,NA,NA,NA,Keenan,Allen,LAC,WR,33,7
WR,15754,average,NA,NA,NA,NA,NA,NA,2.4333333333333336,2.542027687084616,0,0,0.5,0.34226138716316973,74.0375,13.375023364465575,940.0125,190.83882831556357,5.075,1.6095695964183363,NA,NA,NA,NA,NA,NA,NA,NA,NA,NA,NA,NA,NA,NA,NA,NA,NA,NA,NA,NA,NA,NA,NA,NA,NA,NA,NA,NA,NA,NA,NA,NA,NA,NA,NA,NA,NA,NA,Chris,Olave,NOS,WR,25,-2
WR,15754,robust,0,NA,NA,NA,NA,NA,2.466666666666667,3.60766,0,0,0.5,0.29652,76.32499999999999,6.078660000000002,977.275,77.09519999999999,5,1.4826,0,NA,0,NA,0,NA,0,NA,NA,NA,NA,NA,NA,NA,NA,NA,NA,NA,NA,NA,NA,NA,NA,NA,NA,NA,NA,NA,NA,NA,NA,NA,NA,NA,NA,NA,NA,NA,Chris,Olave,NOS,WR,25,-2
WR,15754,weighted,NA,NA,NA,NA,NA,NA,2.4214237516869095,2.7427558196363733,0,0,0.4399797570850203,0.3269020917345232,73.67246963562752,14.466467307490602,936.1386639676114,206.57807699805483,5.08663967611336,1.6693186951827228,NA,NA,NA,NA,NA,NA,NA,NA,NA,NA,NA,NA,NA,NA,NA,NA,NA,NA,NA,NA,NA,NA,NA,NA,NA,NA,NA,NA,NA,NA,NA,NA,NA,NA,NA,NA,NA,NA,Chris,Olave,NOS,WR,25,-2
WR,15779,average,NA,NA,NA,NA,NA,NA,2.9,4.6934604961128015,0,0,0.5,0.2672612419124244,48.15,9.598511789409262,596.275,100.08727263172447,4.3875,1.0907893603127181,NA,NA,NA,NA,NA,NA,NA,NA,NA,NA,NA,NA,NA,NA,NA,NA,NA,NA,NA,NA,NA,NA,NA,NA,NA,NA,NA,NA,NA,NA,NA,NA,NA,NA,NA,NA,NA,NA,Romeo,Doubs,GBP,WR,25,-2
WR,15779,robust,0,NA,NA,NA,NA,NA,1.45,2.1497699999999997,0,0,0.5,0,47,5.708010000000002,589.8,71.31306000000004,4.15,0.22238999999999987,0,NA,0,NA,0,NA,0,NA,NA,NA,NA,NA,NA,NA,NA,NA,NA,NA,NA,NA,NA,NA,NA,NA,NA,NA,NA,NA,NA,NA,NA,NA,NA,NA,NA,NA,NA,NA,Romeo,Doubs,GBP,WR,25,-2
WR,15779,weighted,NA,NA,NA,NA,NA,NA,3.265485829959514,4.968807356416763,0,0,0.4974696356275304,0.29018883471140855,47.84068825910931,10.125827669866661,590.7358299595141,105.91192509049209,4.3396761133603245,1.1415470846694962,NA,NA,NA,NA,NA,NA,NA,NA,NA,NA,NA,NA,NA,NA,NA,NA,NA,NA,NA,NA,NA,NA,NA,NA,NA,NA,NA,NA,NA,NA,NA,NA,NA,NA,NA,NA,NA,NA,Romeo,Doubs,GBP,WR,25,-2
WR,16184,average,NA,NA,NA,NA,NA,NA,92.11428571428571,28.0554261913005,0.8552025279646555,0.28427294103082734,0.8,0.3664501525251617,51.825,12.98413867543231,705.775,182.67396209797232,5.075,1.2044560123617158,NA,NA,NA,NA,NA,NA,NA,NA,NA,NA,NA,NA,NA,NA,NA,NA,NA,NA,NA,NA,NA,NA,NA,NA,NA,NA,NA,NA,NA,NA,NA,NA,NA,NA,NA,NA,NA,NA,Jayden,Reed,GBP,WR,25,-3
WR,16184,robust,0,NA,NA,NA,NA,NA,92.58571428571429,21.645960000000002,0.9708101118586216,0,0.8250000000000001,0.07412999999999997,52.3,12.157320000000004,726.3,125.27969999999999,5.1,0.8895600000000008,0,NA,0,NA,0,NA,0,NA,NA,NA,NA,NA,NA,NA,NA,NA,NA,NA,NA,NA,NA,NA,NA,NA,NA,NA,NA,NA,NA,NA,NA,NA,NA,NA,NA,NA,NA,NA,Jayden,Reed,GBP,WR,25,-3
WR,16184,weighted,NA,NA,NA,NA,NA,NA,93.12738577212262,28.985386822593338,0.8773386934040907,0.300620434137088,0.7827935222672066,0.3973955017090701,51.371457489878544,13.912644959610203,700.085020242915,194.47607682148524,5.0028340080971665,1.270071175914087,NA,NA,NA,NA,NA,NA,NA,NA,NA,NA,NA,NA,NA,NA,NA,NA,NA,NA,NA,NA,NA,NA,NA,NA,NA,NA,NA,NA,NA,NA,NA,NA,NA,NA,NA,NA,NA,NA,Jayden,Reed,GBP,WR,25,-3
WR,16188,average,NA,NA,NA,NA,NA,NA,6.55,3.3354160160315836,0,0,0.6,0.32071349029490925,43.3375,12.451842950228004,570.625,169.03079812355415,4.5375,0.936463712972524,NA,NA,NA,NA,NA,NA,NA,NA,NA,NA,NA,NA,NA,NA,NA,NA,NA,NA,NA,NA,NA,NA,NA,NA,NA,NA,NA,NA,NA,NA,NA,NA,NA,NA,NA,NA,NA,NA,Quentin,Johnston,LAC,WR,24,-3
WR,16188,robust,0,NA,NA,NA,NA,NA,6.55,1.7049899999999998,0,0,0.6,0.14825999999999995,43.175,14.52948,580.75,195.70319999999998,4.525,0.8154299999999997,0,NA,0,NA,0,NA,0,NA,NA,NA,NA,NA,NA,NA,NA,NA,NA,NA,NA,NA,NA,NA,NA,NA,NA,NA,NA,NA,NA,NA,NA,NA,NA,NA,NA,NA,NA,NA,Quentin,Johnston,LAC,WR,24,-3
WR,16188,weighted,NA,NA,NA,NA,NA,NA,6.305516194331984,3.612466528857429,0,0,0.6291497975708501,0.33664537894469,44.368016194331986,12.771058585997631,586.3643724696356,175.81240282128036,4.577327935222672,0.9815947120990323,NA,NA,NA,NA,NA,NA,NA,NA,NA,NA,NA,NA,NA,NA,NA,NA,NA,NA,NA,NA,NA,NA,NA,NA,NA,NA,NA,NA,NA,NA,NA,NA,NA,NA,NA,NA,NA,NA,Quentin,Johnston,LAC,WR,24,-3
WR,14136,average,NA,NA,NA,NA,NA,NA,132.31428571428572,55.10787935810031,1.3199809336646557,0.8732875752857572,0.575,0.33112362818569313,62.25,11.116268644263172,820.675,200.70202326547968,4.8375,1.0528023827589188,NA,NA,NA,NA,NA,NA,NA,NA,NA,NA,NA,NA,NA,NA,NA,NA,NA,NA,NA,NA,NA,NA,NA,NA,NA,NA,NA,NA,NA,NA,NA,NA,NA,NA,NA,NA,NA,NA,Deebo,Samuel,WAS,WR,29,1
WR,14136,robust,0,NA,NA,NA,NA,NA,123.4,19.35852000000001,1.15,0.22239000000000003,0.575,0.20385749999999997,65.375,3.7064999999999997,862.45,67.16178000000001,5,0.8154299999999997,0,NA,0,NA,0,NA,0,NA,NA,NA,NA,NA,NA,NA,NA,NA,NA,NA,NA,NA,NA,NA,NA,NA,NA,NA,NA,NA,NA,NA,NA,NA,NA,NA,NA,NA,NA,NA,Deebo,Samuel,WAS,WR,29,1
WR,14136,weighted,NA,NA,NA,NA,NA,NA,130.8186813186813,56.671829692022186,1.2983604969749412,0.9172648525324264,0.5113107287449392,0.30742688140410723,61.44635627530365,11.95502834165086,813.5516194331984,217.25474671888247,4.761336032388664,1.1167157260449752,NA,NA,NA,NA,NA,NA,NA,NA,NA,NA,NA,NA,NA,NA,NA,NA,NA,NA,NA,NA,NA,NA,NA,NA,NA,NA,NA,NA,NA,NA,NA,NA,NA,NA,NA,NA,NA,NA,Deebo,Samuel,WAS,WR,29,1
WR,15756,average,NA,NA,NA,NA,NA,NA,59.628571428571426,19.510415847198445,1.1430587024500127,0.9387112144008878,0.375,0.31339158526400435,59.4125,14.171443872399573,952,218.04914256063603,6.1125,1.4297227503460743,NA,NA,NA,NA,NA,NA,NA,NA,NA,NA,NA,NA,NA,NA,NA,NA,NA,NA,NA,NA,NA,NA,NA,NA,NA,NA,NA,NA,NA,NA,NA,NA,NA,NA,NA,NA,NA,NA,Jameson,Williams,DET,WR,24,-2
WR,15756,robust,0,NA,NA,NA,NA,NA,63.35714285714286,10.653540000000001,1,0.03296532900955626,0.375,0.0926625,63.225,3.780630000000001,1001.25,50.4084,6.25,0.37065,0,NA,0,NA,0,NA,0,NA,NA,NA,NA,NA,NA,NA,NA,NA,NA,NA,NA,NA,NA,NA,NA,NA,NA,NA,NA,NA,NA,NA,NA,NA,NA,NA,NA,NA,NA,NA,Jameson,Williams,DET,WR,24,-2
WR,15756,weighted,NA,NA,NA,NA,NA,NA,58.77602660497397,21.33222250570997,1.18965693375305,1.0087502083069093,0.3546305668016194,0.33445515134395454,58.79736842105263,15.401150175812752,942.4382591093117,236.37505204452756,6.022267206477733,1.526729559651566,NA,NA,NA,NA,NA,NA,NA,NA,NA,NA,NA,NA,NA,NA,NA,NA,NA,NA,NA,NA,NA,NA,NA,NA,NA,NA,NA,NA,NA,NA,NA,NA,NA,NA,NA,NA,NA,NA,Jameson,Williams,DET,WR,24,-2
WR,16622,average,NA,NA,NA,NA,NA,NA,49.857142857142854,24.03229120180103,0.20955306267806267,0.34015786843509926,0.475,0.2796681707207413,64.85,15.851723655714633,845.4375,185.65394795925334,5.1,1.8150167256214789,NA,NA,NA,NA,NA,NA,NA,NA,NA,NA,NA,NA,NA,NA,NA,NA,NA,NA,NA,NA,NA,NA,NA,NA,NA,NA,NA,NA,NA,NA,NA,NA,NA,NA,NA,NA,NA,NA,Ricky,Pearsall,SFO,WR,25,-4
WR,16622,robust,0,NA,NA,NA,NA,NA,51.464285714285715,14.190599999999996,0.12560541310541312,0.12898831196581198,0.475,0.0926625,67.2,5.6338800000000004,876.625,104.52329999999999,5.25,1.11195,0,NA,0,NA,0,NA,0,NA,NA,NA,NA,NA,NA,NA,NA,NA,NA,NA,NA,NA,NA,NA,NA,NA,NA,NA,NA,NA,NA,NA,NA,NA,NA,NA,NA,NA,NA,NA,Ricky,Pearsall,SFO,WR,25,-4
WR,16622,weighted,NA,NA,NA,NA,NA,NA,48.97209369577791,26.290704163329654,0.20441234990830134,0.37565615922509726,0.45452935222672064,0.2982124360741387,64.69615384615385,17.107469067539395,842.0030364372469,201.22014194581774,4.976315789473684,1.9289141056010628,NA,NA,NA,NA,NA,NA,NA,NA,NA,NA,NA,NA,NA,NA,NA,NA,NA,NA,NA,NA,NA,NA,NA,NA,NA,NA,NA,NA,NA,NA,NA,NA,NA,NA,NA,NA,NA,NA,Ricky,Pearsall,SFO,WR,25,-4
WR,13635,average,NA,NA,NA,NA,NA,NA,51.97142857142857,9.049343194116242,0.27229659175010423,0.3453187758323963,1.125,0.2095914393017316,80.9,19.636773083754296,969.0625,226.36071679322552,5.9,1.7369924746937901,NA,NA,NA,NA,NA,NA,NA,NA,NA,NA,NA,NA,NA,NA,NA,NA,NA,NA,NA,NA,NA,NA,NA,NA,NA,NA,NA,NA,NA,NA,NA,NA,NA,NA,NA,NA,NA,NA,D.J.,Moore,CHI,WR,28,2
WR,13635,robust,0,NA,NA,NA,NA,NA,51.65,5.782139999999997,0.22670312067275564,0.2754376142959629,1.09375,0.0926625,84.325,8.376690000000009,1013.375,58.192049999999995,6.05,0.4447800000000004,0,NA,0,NA,0,NA,0,NA,NA,NA,NA,NA,NA,NA,NA,NA,NA,NA,NA,NA,NA,NA,NA,NA,NA,NA,NA,NA,NA,NA,NA,NA,NA,NA,NA,NA,NA,NA,D.J.,Moore,CHI,WR,28,2
WR,13635,weighted,NA,NA,NA,NA,NA,NA,51.76041064198959,9.82167586821607,0.29747374284737493,0.3696990808011588,1.1572115384615385,0.20474730643599587,79.58481781376518,21.11152646946766,957.4301619433198,243.78181720503963,5.764777327935223,1.8491955127125488,NA,NA,NA,NA,NA,NA,NA,NA,NA,NA,NA,NA,NA,NA,NA,NA,NA,NA,NA,NA,NA,NA,NA,NA,NA,NA,NA,NA,NA,NA,NA,NA,NA,NA,NA,NA,NA,NA,D.J.,Moore,CHI,WR,28,2
WR,17071,average,NA,NA,NA,NA,NA,NA,8.933333333333334,8.72544172711808,0,0,0.675,0.35203490086718875,73.9125,18.723509858692932,971.9375,233.52889657537946,6.3,1.9063802648699746,NA,NA,NA,NA,NA,NA,NA,NA,NA,NA,NA,NA,NA,NA,NA,NA,NA,NA,NA,NA,NA,NA,NA,NA,NA,NA,NA,NA,NA,NA,NA,NA,NA,NA,NA,NA,NA,NA,Tetairoa,McMillan,CAR,WR,22,-5
WR,17071,robust,0,NA,NA,NA,NA,NA,7.933333333333333,5.1891,0,0,0.675,0.12972750000000002,80.75,3.261720000000004,1027.75,108.2298,6.6,1.0378200000000002,0,NA,0,NA,0,NA,0,NA,NA,NA,NA,NA,NA,NA,NA,NA,NA,NA,NA,NA,NA,NA,NA,NA,NA,NA,NA,NA,NA,NA,NA,NA,NA,NA,NA,NA,NA,NA,Tetairoa,McMillan,CAR,WR,22,-5
WR,17071,weighted,NA,NA,NA,NA,NA,NA,8.921929824561404,9.442042139677778,0,0,0.596837044534413,0.30589768080032526,72.8827935222672,20.014037495082228,959.3846153846154,250.66278381577158,6.25,2.0671724664476288,NA,NA,NA,NA,NA,NA,NA,NA,NA,NA,NA,NA,NA,NA,NA,NA,NA,NA,NA,NA,NA,NA,NA,NA,NA,NA,NA,NA,NA,NA,NA,NA,NA,NA,NA,NA,NA,NA,Tetairoa,McMillan,CAR,WR,22,-5
WR,15761,average,NA,NA,NA,NA,NA,NA,5.666666666666667,4.680252333449758,0,0,0.4,0.32071349029490925,69.825,15.701296579764179,780.5125,179.66735483347313,4.3875,0.8659222993845513,NA,NA,NA,NA,NA,NA,NA,NA,NA,NA,NA,NA,NA,NA,NA,NA,NA,NA,NA,NA,NA,NA,NA,NA,NA,NA,NA,NA,NA,NA,NA,NA,NA,NA,NA,NA,NA,NA,Khalil,Shakir,BUF,WR,25,-2
WR,15761,robust,0,NA,NA,NA,NA,NA,5.166666666666667,3.4594000000000005,0,0,0.4,0.14825999999999995,71.4,11.119499999999999,792.3,127.42947000000007,4.5,0.07412999999999974,0,NA,0,NA,0,NA,0,NA,NA,NA,NA,NA,NA,NA,NA,NA,NA,NA,NA,NA,NA,NA,NA,NA,NA,NA,NA,NA,NA,NA,NA,NA,NA,NA,NA,NA,NA,NA,Khalil,Shakir,BUF,WR,25,-2
WR,15761,weighted,NA,NA,NA,NA,NA,NA,5.822199730094467,4.8206604120232965,0,0,0.3688259109311742,0.33573011315678036,69.20060728744939,16.88361919302451,772.1842105263158,192.43678457955954,4.306072874493927,0.9124175985134307,NA,NA,NA,NA,NA,NA,NA,NA,NA,NA,NA,NA,NA,NA,NA,NA,NA,NA,NA,NA,NA,NA,NA,NA,NA,NA,NA,NA,NA,NA,NA,NA,NA,NA,NA,NA,NA,NA,Khalil,Shakir,BUF,WR,25,-2
WR,15757,average,NA,NA,NA,NA,NA,NA,19.82857142857143,6.21558278745888,0.03137329931972789,0.06910929457027952,0.375,0.31339158526400435,68.8875,15.726904835799248,608.5875,109.21245922512688,2.575,0.5092010548749033,NA,NA,NA,NA,NA,NA,NA,NA,NA,NA,NA,NA,NA,NA,NA,NA,NA,NA,NA,NA,NA,NA,NA,NA,NA,NA,NA,NA,NA,NA,NA,NA,NA,NA,NA,NA,NA,NA,Wan'Dale,Robinson,NYG,WR,24,-2
WR,15757,robust,0,NA,NA,NA,NA,NA,19.914285714285715,8.30256,0.011802721088435376,0,0.375,0.0926625,69.05,21.34944000000001,628.35,80.28278999999996,2.5,0.44478000000000006,0,NA,0,NA,0,NA,0,NA,NA,NA,NA,NA,NA,NA,NA,NA,NA,NA,NA,NA,NA,NA,NA,NA,NA,NA,NA,NA,NA,NA,NA,NA,NA,NA,NA,NA,NA,NA,Wan'Dale,Robinson,NYG,WR,24,-2
WR,15757,weighted,NA,NA,NA,NA,NA,NA,20.143435511856563,6.518412672212399,0.035730810542840614,0.07370532685966669,0.3546305668016194,0.33445515134395454,68.184008097166,16.9448497060088,602.73987854251,118.92728431336138,2.4696356275303644,0.498913730843413,NA,NA,NA,NA,NA,NA,NA,NA,NA,NA,NA,NA,NA,NA,NA,NA,NA,NA,NA,NA,NA,NA,NA,NA,NA,NA,NA,NA,NA,NA,NA,NA,NA,NA,NA,NA,NA,NA,Wan'Dale,Robinson,NYG,WR,24,-2
WR,14840,average,NA,NA,NA,NA,NA,NA,3.96,6.360952309655708,0,0,0.375,0.31339158526400435,43.4625,16.956156698969256,639.6,241.1695787496543,3.725,2.10085016804422,NA,NA,NA,NA,NA,NA,NA,NA,NA,NA,NA,NA,NA,NA,NA,NA,NA,NA,NA,NA,NA,NA,NA,NA,NA,NA,NA,NA,NA,NA,NA,NA,NA,NA,NA,NA,NA,NA,Brandon,Aiyuk,SFO,WR,27,0
WR,14840,robust,0,NA,NA,NA,NA,NA,1.98,2.935548,0,0,0.375,0.0926625,41.5,5.9304,605.75,79.91213999999997,3.5,1.4826,0,NA,0,NA,0,NA,0,NA,NA,NA,NA,NA,NA,NA,NA,NA,NA,NA,NA,NA,NA,NA,NA,NA,NA,NA,NA,NA,NA,NA,NA,NA,NA,NA,NA,NA,NA,NA,Brandon,Aiyuk,SFO,WR,27,0
WR,14840,weighted,NA,NA,NA,NA,NA,NA,4.076842105263158,6.402264644022769,0,0,0.3546305668016194,0.33445515134395454,42.3414979757085,17.489006690055593,620.6174089068826,247.3710261234451,3.60748987854251,2.181988824731785,NA,NA,NA,NA,NA,NA,NA,NA,NA,NA,NA,NA,NA,NA,NA,NA,NA,NA,NA,NA,NA,NA,NA,NA,NA,NA,NA,NA,NA,NA,NA,NA,NA,NA,NA,NA,NA,NA,Brandon,Aiyuk,SFO,WR,27,0
WR,14127,average,14,0,NA,NA,NA,NA,11.385714285714286,6.961614872474135,0.09999999999999999,0.20701966780270625,0.375,0.31339158526400435,73.875,14.775728166731508,857.8,183.6989151534963,4.7375,1.2794390511916875,NA,NA,NA,NA,NA,NA,NA,NA,NA,NA,NA,NA,NA,NA,NA,NA,NA,NA,NA,NA,NA,NA,NA,NA,NA,NA,NA,NA,NA,NA,NA,NA,NA,NA,NA,NA,NA,NA,Jakobi,Meyers,LVR,WR,29,1
WR,14127,robust,14,0,NA,NA,NA,NA,11.096428571428572,5.69742,0.049999999999999996,0,0.375,0.0926625,77.575,3.9288899999999978,909.3,77.39172000000006,5,0.8154299999999997,0,NA,0,NA,0,NA,0,NA,NA,NA,NA,NA,NA,NA,NA,NA,NA,NA,NA,NA,NA,NA,NA,NA,NA,NA,NA,NA,NA,NA,NA,NA,NA,NA,NA,NA,NA,NA,Jakobi,Meyers,LVR,WR,29,1
WR,14127,weighted,13.999999999999998,1.919624256921304e-15,NA,NA,NA,NA,11.472816657027185,7.397200700753989,0.11356275303643723,0.22035025599531338,0.3546305668016194,0.33445515134395454,73.37712550607287,16.16263603093434,850.5495951417004,200.21505142552837,4.695344129554656,1.3868872881330068,NA,NA,NA,NA,NA,NA,NA,NA,NA,NA,NA,NA,NA,NA,NA,NA,NA,NA,NA,NA,NA,NA,NA,NA,NA,NA,NA,NA,NA,NA,NA,NA,NA,NA,NA,NA,NA,NA,Jakobi,Meyers,LVR,WR,29,1
WR,16080,average,NA,NA,NA,NA,NA,NA,39.67142857142857,13.369123732980974,0.016143443458753952,0.03451759167831241,0.8,0.35456210417116735,52.1375,8.04504061962577,776.9375,147.29863676510092,4.3,1.2682946931101733,1,0,NA,NA,NA,NA,NA,NA,NA,NA,NA,NA,NA,NA,NA,NA,NA,NA,NA,NA,NA,NA,NA,NA,NA,NA,NA,NA,NA,NA,NA,NA,NA,NA,NA,NA,NA,NA,Rashid,Shaheed,NOS,WR,27,-2
WR,16080,robust,0,NA,NA,NA,NA,NA,40.84285714285714,10.15581,0.007079127154073621,0,0.8500000000000001,0.14825999999999995,53.8,2.668680000000001,814.625,72.64739999999999,4.5,0.7413,1,0,0,NA,0,NA,0,NA,NA,NA,NA,NA,NA,NA,NA,NA,NA,NA,NA,NA,NA,NA,NA,NA,NA,NA,NA,NA,NA,NA,NA,NA,NA,NA,NA,NA,NA,NA,Rashid,Shaheed,NOS,WR,27,-2
WR,16080,weighted,NA,NA,NA,NA,NA,NA,38.38794100636206,14.123351902249139,0.003986917136359265,0.007029840730033705,0.7427125506072875,0.3421428317065991,51.661133603238866,8.710793089377702,766.0313765182187,158.28914633045756,4.183603238866397,1.3536669581880783,1,0,NA,NA,NA,NA,NA,NA,NA,NA,NA,NA,NA,NA,NA,NA,NA,NA,NA,NA,NA,NA,NA,NA,NA,NA,NA,NA,NA,NA,NA,NA,NA,NA,NA,NA,NA,NA,Rashid,Shaheed,NOS,WR,27,-2
WR,15789,average,NA,NA,NA,NA,NA,NA,14.75,3.5425979167836705,0,0,0.4,0.25298221281347033,17.7,2.598461083025874,306.3833333333333,66.54112763296597,1.7666666666666666,0.5006662228138289,NA,NA,NA,NA,NA,NA,NA,NA,NA,NA,NA,NA,NA,NA,NA,NA,NA,NA,NA,NA,NA,NA,NA,NA,NA,NA,NA,NA,NA,NA,NA,NA,NA,NA,NA,NA,NA,NA,Christian,Watson,GBP,WR,26,-2
WR,15789,robust,0,NA,NA,NA,NA,NA,14.75,1.4826,0,0,0.4,0,17.5,1.927380000000001,302.65,78.05889,1.7999999999999998,0.22238999999999987,0,NA,0,NA,0,NA,0,NA,NA,NA,NA,NA,NA,NA,NA,NA,NA,NA,NA,NA,NA,NA,NA,NA,NA,NA,NA,NA,NA,NA,NA,NA,NA,NA,NA,NA,NA,NA,Christian,Watson,GBP,WR,26,-2
WR,15789,weighted,NA,NA,NA,NA,NA,NA,14.901260504201682,3.9573227105462196,0,0,0.3983193277310924,0.2836606434471503,17.238935574229693,2.676611289693086,296.3697478991597,70.30237440773864,1.6787114845938373,0.46965598746357073,NA,NA,NA,NA,NA,NA,NA,NA,NA,NA,NA,NA,NA,NA,NA,NA,NA,NA,NA,NA,NA,NA,NA,NA,NA,NA,NA,NA,NA,NA,NA,NA,NA,NA,NA,NA,NA,NA,Christian,Watson,GBP,WR,26,-2
WR,14109,average,NA,NA,NA,NA,NA,NA,5.257142857142857,5.064965700873048,0,0,0.575,0.30413812651491096,74.2625,21.801634113065926,1027.125,287.5931836565573,7.8875,2.5170490091147837,NA,NA,NA,NA,NA,NA,NA,NA,NA,NA,NA,NA,NA,NA,NA,NA,NA,NA,NA,NA,NA,NA,NA,NA,NA,NA,NA,NA,NA,NA,NA,NA,NA,NA,NA,NA,NA,NA,Terry,McLaurin,WAS,WR,30,1
WR,14109,robust,0,NA,NA,NA,NA,NA,5.328571428571429,6.71406,0,0,0.575,0.12972749999999994,80.5,5.5597499999999895,1104.75,45.9606,8,1.4826,0,NA,0,NA,0,NA,0,NA,NA,NA,NA,NA,NA,NA,NA,NA,NA,NA,NA,NA,NA,NA,NA,NA,NA,NA,NA,NA,NA,NA,NA,NA,NA,NA,NA,NA,NA,NA,Terry,McLaurin,WAS,WR,30,1
WR,14109,weighted,NA,NA,NA,NA,NA,NA,5.245373048004628,5.526130173148164,0,0,0.5256831983805669,0.29808568841377414,72.6655870445344,23.375496468784426,1008.9453441295547,310.0164360738502,7.761943319838057,2.698616816104916,NA,NA,NA,NA,NA,NA,NA,NA,NA,NA,NA,NA,NA,NA,NA,NA,NA,NA,NA,NA,NA,NA,NA,NA,NA,NA,NA,NA,NA,NA,NA,NA,NA,NA,NA,NA,NA,NA,Terry,McLaurin,WAS,WR,30,1
WR,17079,average,NA,NA,NA,NA,NA,NA,5.333333333333333,3.858612300930075,0,0,0,0,10.5,11.150485789118488,134.1,154.9044006261066,0.8,1.469693845669907,NA,NA,NA,NA,NA,NA,NA,NA,NA,NA,NA,NA,NA,NA,NA,NA,NA,NA,NA,NA,NA,NA,NA,NA,NA,NA,NA,NA,NA,NA,NA,NA,NA,NA,NA,NA,NA,NA,Tez,Johnson,TBB,WR,23,-5
WR,17079,robust,0,NA,NA,NA,NA,NA,5.75,2.7181000000000006,0,0,0,0,9.25,7.412999999999999,103.1,82.2843,0.15000000000000002,0.14826,0,NA,0,NA,0,NA,0,NA,NA,NA,NA,NA,NA,NA,NA,NA,NA,NA,NA,NA,NA,NA,NA,NA,NA,NA,NA,NA,NA,NA,NA,NA,NA,NA,NA,NA,NA,NA,Tez,Johnson,TBB,WR,23,-5
WR,17079,weighted,NA,NA,NA,NA,NA,NA,7.063813813813814,1.8520226598115916,0,0,0,0,12.362612612612612,12.673952232037655,158.4954954954955,177.5084581726002,0.9797297297297297,1.7238989082781566,NA,NA,NA,NA,NA,NA,NA,NA,NA,NA,NA,NA,NA,NA,NA,NA,NA,NA,NA,NA,NA,NA,NA,NA,NA,NA,NA,NA,NA,NA,NA,NA,NA,NA,NA,NA,NA,NA,Tez,Johnson,TBB,WR,23,-5
WR,16193,average,NA,NA,NA,NA,NA,NA,1,1.6903085094570331,0,0,0.03333333333333333,0.030860669992418384,35.2875,17.153545031358888,475.0125,211.42530215860432,2.775,1.3593590926819679,NA,NA,NA,NA,NA,NA,NA,NA,NA,NA,NA,NA,NA,NA,NA,NA,NA,NA,NA,NA,NA,NA,NA,NA,NA,NA,NA,NA,NA,NA,NA,NA,NA,NA,NA,NA,NA,NA,Kayshon,Boutte,NEP,WR,23,-3
WR,16193,robust,0,NA,NA,NA,NA,NA,0.5,0.7413,0,0,0.03333333333333333,0,35.975,16.60512,490.775,176.4294,2.85,0.22238999999999987,0,NA,0,NA,0,NA,0,NA,NA,NA,NA,NA,NA,NA,NA,NA,NA,NA,NA,NA,NA,NA,NA,NA,NA,NA,NA,NA,NA,NA,NA,NA,NA,NA,NA,NA,NA,NA,Kayshon,Boutte,NEP,WR,23,-3
WR,16193,weighted,NA,NA,NA,NA,NA,NA,1.0546558704453441,1.6853450117759388,0,0,0.023650472334682864,0.01635338927330099,34.87732793522267,18.36925846233921,470.9524291497976,227.23122083159885,2.7186234817813766,1.4619753932265138,NA,NA,NA,NA,NA,NA,NA,NA,NA,NA,NA,NA,NA,NA,NA,NA,NA,NA,NA,NA,NA,NA,NA,NA,NA,NA,NA,NA,NA,NA,NA,NA,NA,NA,NA,NA,NA,NA,Kayshon,Boutte,NEP,WR,23,-3
WR,16620,average,NA,NA,NA,NA,NA,NA,90.67142857142858,13.90238564170237,1.3152099090769165,0.3870436040751011,0.375,0.31339158526400435,63.7,17.17115521531884,767.175,210.41527477144538,6.475,2.155888944926696,NA,NA,NA,NA,NA,NA,NA,NA,NA,NA,NA,NA,NA,NA,NA,NA,NA,NA,NA,NA,NA,NA,NA,NA,NA,NA,NA,NA,NA,NA,NA,NA,NA,NA,NA,NA,NA,NA,Xavier,Worthy,KCC,WR,22,-4
WR,16620,robust,0,NA,NA,NA,NA,NA,88.01785714285714,9.170939999999996,1.2858396363076656,0.23846084478974505,0.375,0.0926625,67.675,8.1543,812.1,157.45211999999998,6.95,1.26021,0,NA,0,NA,0,NA,0,NA,NA,NA,NA,NA,NA,NA,NA,NA,NA,NA,NA,NA,NA,NA,NA,NA,NA,NA,NA,NA,NA,NA,NA,NA,NA,NA,NA,NA,NA,NA,Xavier,Worthy,KCC,WR,22,-4
WR,16620,weighted,NA,NA,NA,NA,NA,NA,90.73713128976287,14.248844259063537,1.2674274346558636,0.40001229852726444,0.3546305668016194,0.33445515134395454,61.64493927125506,18.08452037403295,740.8127530364372,218.65013959776942,6.235425101214575,2.277413284342566,NA,NA,NA,NA,NA,NA,NA,NA,NA,NA,NA,NA,NA,NA,NA,NA,NA,NA,NA,NA,NA,NA,NA,NA,NA,NA,NA,NA,NA,NA,NA,NA,NA,NA,NA,NA,NA,NA,Xavier,Worthy,KCC,WR,22,-4
WR,16287,average,NA,NA,NA,NA,NA,NA,39.94285714285714,14.121715800243862,0.14797499532331482,0.22919141455906278,0.03333333333333333,0.03333333333333334,35.55714285714286,13.968041755242231,448.77142857142854,173.4674773964437,2.642857142857143,1.006408039940631,NA,NA,NA,NA,NA,NA,NA,NA,NA,NA,NA,NA,NA,NA,NA,NA,NA,NA,NA,NA,NA,NA,NA,NA,NA,NA,NA,NA,NA,NA,NA,NA,NA,NA,NA,NA,NA,NA,Tre,Tucker,LVR,WR,24,-3
WR,16287,robust,0,NA,NA,NA,NA,NA,39,6.819960000000002,0.10186872544740289,0,0.03333333333333333,0,35,13.343399999999999,438.85,123.05579999999999,2.625,1.3343399999999999,0,NA,0,NA,0,NA,0,NA,NA,NA,NA,NA,NA,NA,NA,NA,NA,NA,NA,NA,NA,NA,NA,NA,NA,NA,NA,NA,NA,NA,NA,NA,NA,NA,NA,NA,NA,NA,Tre,Tucker,LVR,WR,24,-3
WR,16287,weighted,NA,NA,NA,NA,NA,NA,40.98601398601398,14.421973369940154,0.12146328137161833,0.23972468708065015,0.022183372183372182,0.01723771860602253,36.37645687645688,14.42042345386761,460.84965034965035,181.4373206466687,2.7072261072261075,1.047165066859018,NA,NA,NA,NA,NA,NA,NA,NA,NA,NA,NA,NA,NA,NA,NA,NA,NA,NA,NA,NA,NA,NA,NA,NA,NA,NA,NA,NA,NA,NA,NA,NA,NA,NA,NA,NA,NA,NA,Tre,Tucker,LVR,WR,24,-3
WR,13633,average,NA,NA,NA,NA,NA,NA,4.833333333333333,3.680709041423819,0,0,0.45,0.34434202266268427,47.3375,11.478792557208644,616.6625,148.60147026286688,3.0125,1.3757465505784747,NA,NA,NA,NA,NA,NA,NA,NA,NA,NA,NA,NA,NA,NA,NA,NA,NA,NA,NA,NA,NA,NA,NA,NA,NA,NA,NA,NA,NA,NA,NA,NA,NA,NA,NA,NA,NA,NA,Christian,Kirk,HOU,WR,29,2
WR,13633,robust,0,NA,NA,NA,NA,NA,4.458333333333333,2.8416499999999996,0,0,0.45,0.259455,49.575,6.449310000000001,644.5,90.66098999999996,3,1.26021,0,NA,0,NA,0,NA,0,NA,NA,NA,NA,NA,NA,NA,NA,NA,NA,NA,NA,NA,NA,NA,NA,NA,NA,NA,NA,NA,NA,NA,NA,NA,NA,NA,NA,NA,NA,NA,Christian,Kirk,HOU,WR,29,2
WR,13633,weighted,NA,NA,NA,NA,NA,NA,4.770411605937922,3.8989092112764654,0,0,0.3972165991902834,0.3398504267302768,45.98765182186235,11.913833010197234,599.836032388664,154.3290076787413,2.870242914979757,1.4259613802953375,NA,NA,NA,NA,NA,NA,NA,NA,NA,NA,NA,NA,NA,NA,NA,NA,NA,NA,NA,NA,NA,NA,NA,NA,NA,NA,NA,NA,NA,NA,NA,NA,NA,NA,NA,NA,NA,NA,Christian,Kirk,HOU,WR,29,2
WR,12186,average,NA,NA,NA,NA,NA,NA,6.257142857142857,4.262412845479204,0.16666666666666669,0.27080128015453203,0.375,0.31339158526400435,68.3625,14.514813861313256,776.425,180.38297155932273,5.0875,1.5207493453651628,NA,NA,NA,NA,NA,NA,NA,NA,NA,NA,NA,NA,NA,NA,NA,NA,NA,NA,NA,NA,NA,NA,NA,NA,NA,NA,NA,NA,NA,NA,NA,NA,NA,NA,NA,NA,NA,NA,Stefon,Diggs,NEP,WR,32,5
WR,12186,robust,0,NA,NA,NA,NA,NA,6.192857142857143,3.8971199999999993,0.09166666666666667,0.12355000000000001,0.375,0.0926625,71.45,8.1543,798.35,91.9212,5.324999999999999,0.9636900000000005,0,NA,0,NA,0,NA,0,NA,NA,NA,NA,NA,NA,NA,NA,NA,NA,NA,NA,NA,NA,NA,NA,NA,NA,NA,NA,NA,NA,NA,NA,NA,NA,NA,NA,NA,NA,NA,Stefon,Diggs,NEP,WR,32,5
WR,12186,weighted,NA,NA,NA,NA,NA,NA,6.226142278773858,4.742722658066057,0.16052631578947368,0.29358403946060285,0.3546305668016194,0.33445515134395454,66.72955465587044,15.200484816131523,759.828947368421,190.68924251081086,4.980566801619433,1.629468446204685,NA,NA,NA,NA,NA,NA,NA,NA,NA,NA,NA,NA,NA,NA,NA,NA,NA,NA,NA,NA,NA,NA,NA,NA,NA,NA,NA,NA,NA,NA,NA,NA,NA,NA,NA,NA,NA,NA,Stefon,Diggs,NEP,WR,32,5
WR,15768,average,NA,NA,NA,NA,NA,NA,0.2,0.3380617018914066,0,0,0.03333333333333333,0.030860669992418384,32.2125,9.8242320674079,560.8125,180.82152556358676,3.4125,1.737352254766677,NA,NA,NA,NA,NA,NA,NA,NA,NA,NA,NA,NA,NA,NA,NA,NA,NA,NA,NA,NA,NA,NA,NA,NA,NA,NA,NA,NA,NA,NA,NA,NA,NA,NA,NA,NA,NA,NA,Alec,Pierce,IND,WR,25,-2
WR,15768,robust,0,NA,NA,NA,NA,NA,0.1,0.14826,0,0,0.03333333333333333,0,30.950000000000003,7.4871300000000005,544.25,134.9166,3.45,2.07564,0,NA,0,NA,0,NA,0,NA,NA,NA,NA,NA,NA,NA,NA,NA,NA,NA,NA,NA,NA,NA,NA,NA,NA,NA,NA,NA,NA,NA,NA,NA,NA,NA,NA,NA,NA,NA,Alec,Pierce,IND,WR,25,-2
WR,15768,weighted,NA,NA,NA,NA,NA,NA,0.23016194331983805,0.35520047030954405,0,0,0.023650472334682864,0.01635338927330099,31.690485829959513,10.271496548872621,551.0556680161943,191.31533834102723,3.290080971659919,1.8488530467417177,NA,NA,NA,NA,NA,NA,NA,NA,NA,NA,NA,NA,NA,NA,NA,NA,NA,NA,NA,NA,NA,NA,NA,NA,NA,NA,NA,NA,NA,NA,NA,NA,NA,NA,NA,NA,NA,NA,Alec,Pierce,IND,WR,25,-2
WR,13164,average,NA,NA,NA,NA,NA,NA,6.457142857142857,6.032970635920379,0,0,0.4,0.32071349029490925,68.325,15.656377066778344,781.8125,203.42775788611402,5.0375,1.6229932664238453,NA,NA,NA,NA,NA,NA,NA,NA,NA,NA,NA,NA,NA,NA,NA,NA,NA,NA,NA,NA,NA,NA,NA,NA,NA,NA,NA,NA,NA,NA,NA,NA,NA,NA,NA,NA,NA,NA,Cooper,Kupp,SEA,WR,32,3
WR,13164,robust,0,NA,NA,NA,NA,NA,6.478571428571429,8.493179999999999,0,0,0.4,0.14825999999999995,70.65,7.338870000000004,788.375,94.8864,5,0.22238999999999987,0,NA,0,NA,0,NA,0,NA,NA,NA,NA,NA,NA,NA,NA,NA,NA,NA,NA,NA,NA,NA,NA,NA,NA,NA,NA,NA,NA,NA,NA,NA,NA,NA,NA,NA,NA,NA,Cooper,Kupp,SEA,WR,32,3
WR,13164,weighted,NA,NA,NA,NA,NA,NA,6.076344707923655,6.512962763196368,0,0,0.3688259109311742,0.33573011315678036,67.06923076923077,16.599867389151157,768.165991902834,215.84632596852842,4.89008097165992,1.6887760366347477,NA,NA,NA,NA,NA,NA,NA,NA,NA,NA,NA,NA,NA,NA,NA,NA,NA,NA,NA,NA,NA,NA,NA,NA,NA,NA,NA,NA,NA,NA,NA,NA,NA,NA,NA,NA,NA,NA,Cooper,Kupp,SEA,WR,32,3
WR,13418,average,NA,NA,NA,NA,NA,NA,3,2.8284271247461903,0,0,0,0,14.5,17.67766952966369,219,278.6000717874997,0.5,0.7071067811865476,NA,NA,NA,NA,NA,NA,NA,NA,NA,NA,NA,NA,NA,NA,NA,NA,NA,NA,NA,NA,NA,NA,NA,NA,NA,NA,NA,NA,NA,NA,NA,NA,NA,NA,NA,NA,NA,NA,Kendrick,Bourne,SFO,WR,30,3
WR,13418,robust,NA,NA,NA,NA,NA,NA,3,2.9652,0,0,0,0,14.5,18.5325,219,292.0722,0.5,0.7413,NA,NA,NA,NA,NA,NA,NA,NA,NA,NA,NA,NA,NA,NA,NA,NA,NA,NA,NA,NA,NA,NA,NA,NA,NA,NA,NA,NA,NA,NA,NA,NA,NA,NA,NA,NA,NA,NA,Kendrick,Bourne,SFO,WR,30,3
WR,13418,weighted,NA,NA,NA,NA,NA,NA,1,NA,0,NA,0,NA,27,NA,416,NA,1,NA,NA,NA,NA,NA,NA,NA,NA,NA,NA,NA,NA,NA,NA,NA,NA,NA,NA,NA,NA,NA,NA,NA,NA,NA,NA,NA,NA,NA,NA,NA,NA,NA,NA,NA,NA,NA,NA,NA,Kendrick,Bourne,SFO,WR,30,3
WR,13629,average,NA,NA,NA,NA,NA,NA,34.48571428571429,12.02799455691698,0.14732756291927424,0.212196074566091,0.675,0.29940417021620985,68.3875,18.734417334337966,1005.5,264.3509571978671,6.0875,2.1256511607370707,NA,NA,NA,NA,NA,NA,NA,NA,NA,NA,NA,NA,NA,NA,NA,NA,NA,NA,NA,NA,NA,NA,NA,NA,NA,NA,NA,NA,NA,NA,NA,NA,NA,NA,NA,NA,NA,NA,Calvin,Ridley,TEN,WR,31,2
WR,13629,robust,0,NA,NA,NA,NA,NA,35.971428571428575,4.511340000000008,0.10371595155553553,0.10099716041601008,0.70625,0.0926625,73.525,4.4478,1083.75,75.6126,6,1.7049899999999998,0,NA,0,NA,0,NA,0,NA,NA,NA,NA,NA,NA,NA,NA,NA,NA,NA,NA,NA,NA,NA,NA,NA,NA,NA,NA,NA,NA,NA,NA,NA,NA,NA,NA,NA,NA,NA,Calvin,Ridley,TEN,WR,31,2
WR,13629,weighted,NA,NA,NA,NA,NA,NA,34.70662232504338,13.253277757806119,0.1242743911586282,0.22039564304653872,0.6399544534412955,0.31105646427065187,67.56518218623482,20.331068000446766,994.9423076923077,287.23260477514884,6.028744939271254,2.2748540557743167,NA,NA,NA,NA,NA,NA,NA,NA,NA,NA,NA,NA,NA,NA,NA,NA,NA,NA,NA,NA,NA,NA,NA,NA,NA,NA,NA,NA,NA,NA,NA,NA,NA,NA,NA,NA,NA,NA,Calvin,Ridley,TEN,WR,31,2
WR,15319,average,NA,NA,NA,NA,NA,NA,0.7,0.6324555320336759,0,0,0.03333333333333333,0.030860669992418384,40.1375,9.89414509408757,540.6875,125.32555819031602,3.125,1.4017845768876187,NA,NA,NA,NA,NA,NA,NA,NA,NA,NA,NA,NA,NA,NA,NA,NA,NA,NA,NA,NA,NA,NA,NA,NA,NA,NA,NA,NA,NA,NA,NA,NA,NA,NA,NA,NA,NA,NA,Joshua,Palmer,BUF,WR,26,-1
WR,15319,robust,0,NA,NA,NA,NA,NA,0.7,0.37065,0,0,0.03333333333333333,0,40.8,9.933419999999998,535.875,153.4491,3.05,1.4826,0,NA,0,NA,0,NA,0,NA,NA,NA,NA,NA,NA,NA,NA,NA,NA,NA,NA,NA,NA,NA,NA,NA,NA,NA,NA,NA,NA,NA,NA,NA,NA,NA,NA,NA,NA,NA,Joshua,Palmer,BUF,WR,26,-1
WR,15319,weighted,NA,NA,NA,NA,NA,NA,0.7367408906882591,0.6754241964387449,0,0,0.023650472334682864,0.01635338927330099,39.136842105263156,10.472383521830343,524.0172064777329,129.80899391529522,2.9882591093117408,1.4731169835717042,NA,NA,NA,NA,NA,NA,NA,NA,NA,NA,NA,NA,NA,NA,NA,NA,NA,NA,NA,NA,NA,NA,NA,NA,NA,NA,NA,NA,NA,NA,NA,NA,NA,NA,NA,NA,NA,NA,Joshua,Palmer,BUF,WR,26,-1
WR,13163,average,NA,NA,NA,NA,NA,NA,9.871428571428572,5.216653082940738,0.08333333333333333,0.17251638983558856,0.4,0.32071349029490925,63.5,16.097559708584047,741.825,209.16654847274216,4.8875,1.7282836242105304,NA,NA,NA,NA,NA,NA,NA,NA,NA,NA,NA,NA,NA,NA,NA,NA,NA,NA,NA,NA,NA,NA,NA,NA,NA,NA,NA,NA,NA,NA,NA,NA,NA,NA,NA,NA,NA,NA,Chris,Godwin,TBB,WR,29,3
WR,13163,robust,0,NA,NA,NA,NA,NA,9.967857142857143,2.14977,0.041666666666666664,0,0.4,0.14825999999999995,63.15,6.375179999999996,737.9,77.53998000000001,5,1.4826,0,NA,0,NA,0,NA,0,NA,NA,NA,NA,NA,NA,NA,NA,NA,NA,NA,NA,NA,NA,NA,NA,NA,NA,NA,NA,NA,NA,NA,NA,NA,NA,NA,NA,NA,NA,NA,Chris,Godwin,TBB,WR,29,3
WR,13163,weighted,NA,NA,NA,NA,NA,NA,10.02458068247542,5.695756852644531,0.09463562753036438,0.18362521332942786,0.3688259109311742,0.33573011315678036,62.404655870445346,16.923294549124083,728.5698380566802,219.21497133135182,4.816801619433199,1.8217710956946562,NA,NA,NA,NA,NA,NA,NA,NA,NA,NA,NA,NA,NA,NA,NA,NA,NA,NA,NA,NA,NA,NA,NA,NA,NA,NA,NA,NA,NA,NA,NA,NA,NA,NA,NA,NA,NA,NA,Chris,Godwin,TBB,WR,29,3
WR,16619,average,NA,NA,NA,NA,NA,NA,8.585714285714285,5.361350728375552,0,0,0.5,0.2449489742783178,37.875,12.90622773259926,440.65,168.1917528129299,3.25,1.1759494644146673,NA,NA,NA,NA,NA,NA,NA,NA,NA,NA,NA,NA,NA,NA,NA,NA,NA,NA,NA,NA,NA,NA,NA,NA,NA,NA,NA,NA,NA,NA,NA,NA,NA,NA,NA,NA,NA,NA,Troy,Franklin,DEN,WR,22,-4
WR,16619,robust,0,NA,NA,NA,NA,NA,8.792857142857143,5.9304,0,0,0.5,0,34.650000000000006,4.0030199999999985,396.3,63.751799999999996,3,0.22238999999999987,0,NA,0,NA,0,NA,0,NA,NA,NA,NA,NA,NA,NA,NA,NA,NA,NA,NA,NA,NA,NA,NA,NA,NA,NA,NA,NA,NA,NA,NA,NA,NA,NA,NA,NA,NA,NA,Troy,Franklin,DEN,WR,22,-4
WR,16619,weighted,NA,NA,NA,NA,NA,NA,8.807836899942162,5.733739162397804,0,0,0.5590080971659919,0.2011453061208412,37.91072874493927,13.535587190869126,437.0657894736842,175.78348431198407,3.2271255060728747,1.2178591275580752,NA,NA,NA,NA,NA,NA,NA,NA,NA,NA,NA,NA,NA,NA,NA,NA,NA,NA,NA,NA,NA,NA,NA,NA,NA,NA,NA,NA,NA,NA,NA,NA,NA,NA,NA,NA,NA,NA,Troy,Franklin,DEN,WR,22,-4
WR,15777,average,NA,NA,NA,NA,NA,NA,9.633333333333333,4.553997023372863,0.1,0.14142135623730953,0.16666666666666666,0.16666666666666666,33.357142857142854,7.453826118814673,436.51428571428573,91.96077838896734,2.942857142857143,0.7114706432386906,NA,NA,NA,NA,NA,NA,NA,NA,NA,NA,NA,NA,NA,NA,NA,NA,NA,NA,NA,NA,NA,NA,NA,NA,NA,NA,NA,NA,NA,NA,NA,NA,NA,NA,NA,NA,NA,NA,Calvin,Austin III,PIT,WR,26,-2
WR,15777,robust,0,NA,NA,NA,NA,NA,10.608333333333334,2.026220000000001,0.05,0.14826,0.16666666666666666,0,33.125,7.412999999999999,444,121.5732,3,0.7413,0,NA,0,NA,0,NA,0,NA,NA,NA,NA,NA,NA,NA,NA,NA,NA,NA,NA,NA,NA,NA,NA,NA,NA,NA,NA,NA,NA,NA,NA,NA,NA,NA,NA,NA,NA,NA,Calvin,Austin III,PIT,WR,26,-2
WR,15777,weighted,NA,NA,NA,NA,NA,NA,9.131041181041182,4.956953588446214,0.10081585081585082,0.15414139899756799,0.11091686091686091,0.08618859303011266,32.269230769230774,7.40632860148367,420.04895104895104,87.08230179968625,2.8638694638694635,0.7390686230995902,NA,NA,NA,NA,NA,NA,NA,NA,NA,NA,NA,NA,NA,NA,NA,NA,NA,NA,NA,NA,NA,NA,NA,NA,NA,NA,NA,NA,NA,NA,NA,NA,NA,NA,NA,NA,NA,NA,Calvin,Austin III,PIT,WR,26,-2
WR,17075,average,NA,NA,NA,NA,NA,NA,22.9,13.004944114780788,0,0,0.4,0.2138089935299395,59.4375,15.870002025384695,835.575,238.978933620279,5.925,1.7910491737685883,NA,NA,NA,NA,NA,NA,NA,NA,NA,NA,NA,NA,NA,NA,NA,NA,NA,NA,NA,NA,NA,NA,NA,NA,NA,NA,NA,NA,NA,NA,NA,NA,NA,NA,NA,NA,NA,NA,Matthew,Golden,GBP,WR,22,-5
WR,17075,robust,0,NA,NA,NA,NA,NA,22.9,16.456860000000002,0,0,0.4,0,64.55,3.7064999999999997,888.5,91.9212,6.125,1.26021,0,NA,0,NA,0,NA,0,NA,NA,NA,NA,NA,NA,NA,NA,NA,NA,NA,NA,NA,NA,NA,NA,NA,NA,NA,NA,NA,NA,NA,NA,NA,NA,NA,NA,NA,NA,NA,Matthew,Golden,GBP,WR,22,-5
WR,17075,weighted,NA,NA,NA,NA,NA,NA,24.424392712550606,12.971670966053894,0,0,0.3412955465587045,0.15296316174077237,58.31437246963562,16.963044981142904,818.7368421052632,254.71853661880203,5.851821862348178,1.9286263644203165,NA,NA,NA,NA,NA,NA,NA,NA,NA,NA,NA,NA,NA,NA,NA,NA,NA,NA,NA,NA,NA,NA,NA,NA,NA,NA,NA,NA,NA,NA,NA,NA,NA,NA,NA,NA,NA,NA,Matthew,Golden,GBP,WR,22,-5
WR,14833,average,NA,NA,NA,NA,NA,NA,3.8,6.099180272790763,0,0,0.45,0.2903200204700225,76.4,20.474095130886038,1034.2375,279.9142620645523,4.2375,1.6509196571262075,NA,NA,NA,NA,NA,NA,NA,NA,NA,NA,NA,NA,NA,NA,NA,NA,NA,NA,NA,NA,NA,NA,NA,NA,NA,NA,NA,NA,NA,NA,NA,NA,NA,NA,NA,NA,NA,NA,Jerry,Jeudy,CLE,WR,26,0
WR,14833,robust,0,NA,NA,NA,NA,NA,2.15,2.8169399999999998,0,0,0.45,0.11119499999999997,81.15,9.340379999999996,1090.2,144.62762999999993,4.275,0.5189100000000008,0,NA,0,NA,0,NA,0,NA,NA,NA,NA,NA,NA,NA,NA,NA,NA,NA,NA,NA,NA,NA,NA,NA,NA,NA,NA,NA,NA,NA,NA,NA,NA,NA,NA,NA,NA,NA,Jerry,Jeudy,CLE,WR,26,0
WR,14833,weighted,NA,NA,NA,NA,NA,NA,3.6544534412955474,6.551152977804051,0,0,0.42596153846153845,0.307537128319408,75.28724696356277,22.03431773978771,1018.5131578947368,301.28044396056976,4.1755060728744935,1.7500626294950496,NA,NA,NA,NA,NA,NA,NA,NA,NA,NA,NA,NA,NA,NA,NA,NA,NA,NA,NA,NA,NA,NA,NA,NA,NA,NA,NA,NA,NA,NA,NA,NA,NA,NA,NA,NA,NA,NA,Jerry,Jeudy,CLE,WR,26,0
WR,14860,average,NA,NA,NA,NA,NA,NA,8.466666666666667,11.566783312160569,0.02,0.033806170189140665,0.4,0.32071349029490925,63.75,16.164423015640594,826.7125,220.99936287884893,5.3375,1.717920254260948,NA,NA,NA,NA,NA,NA,NA,NA,NA,NA,NA,NA,NA,NA,NA,NA,NA,NA,NA,NA,NA,NA,NA,NA,NA,NA,NA,NA,NA,NA,NA,NA,NA,NA,NA,NA,NA,NA,Jauan,Jennings,SFO,WR,28,0
WR,14860,robust,0,NA,NA,NA,NA,NA,5.4,8.00604,0.01,0.014825999999999999,0.4,0.14825999999999995,67.6,5.3373599999999914,885,88.43708999999996,5.3,0.7413,0,NA,0,NA,0,NA,0,NA,NA,NA,NA,NA,NA,NA,NA,NA,NA,NA,NA,NA,NA,NA,NA,NA,NA,NA,NA,NA,NA,NA,NA,NA,NA,NA,NA,NA,NA,NA,Jauan,Jennings,SFO,WR,28,0
WR,14860,weighted,NA,NA,NA,NA,NA,NA,8.198313090418353,12.472818540200262,0.008643724696356277,0.010706670463956413,0.3688259109311742,0.33573011315678036,63.23400809716599,17.483364422393283,820.838056680162,240.2798159292742,5.294736842105263,1.825611778706518,NA,NA,NA,NA,NA,NA,NA,NA,NA,NA,NA,NA,NA,NA,NA,NA,NA,NA,NA,NA,NA,NA,NA,NA,NA,NA,NA,NA,NA,NA,NA,NA,NA,NA,NA,NA,NA,NA,Jauan,Jennings,SFO,WR,28,0
WR,15293,average,NA,NA,NA,NA,NA,NA,0.52,0.6555259611291423,0,0,0.03333333333333333,0.030860669992418384,43.65,10.783320453366857,639.2125,166.58251012207563,5.3625,1.7888044690718514,NA,NA,NA,NA,NA,NA,NA,NA,NA,NA,NA,NA,NA,NA,NA,NA,NA,NA,NA,NA,NA,NA,NA,NA,NA,NA,NA,NA,NA,NA,NA,NA,NA,NA,NA,NA,NA,NA,Rashod,Bateman,BAL,WR,26,-1
WR,15293,robust,0,NA,NA,NA,NA,NA,0.41000000000000003,0.44477999999999995,0,0,0.03333333333333333,0,45.85,5.782139999999997,672.25,107.48849999999999,5,1.3343399999999999,0,NA,0,NA,0,NA,0,NA,NA,NA,NA,NA,NA,NA,NA,NA,NA,NA,NA,NA,NA,NA,NA,NA,NA,NA,NA,NA,NA,NA,NA,NA,NA,NA,NA,NA,NA,NA,Rashod,Bateman,BAL,WR,26,-1
WR,15293,weighted,NA,NA,NA,NA,NA,NA,0.5182591093117409,0.7129973678211011,0,0,0.023650472334682864,0.01635338927330099,42.97165991902834,11.580630367888505,627.1801619433198,177.91889545378115,5.302834008097166,1.9232640806344201,NA,NA,NA,NA,NA,NA,NA,NA,NA,NA,NA,NA,NA,NA,NA,NA,NA,NA,NA,NA,NA,NA,NA,NA,NA,NA,NA,NA,NA,NA,NA,NA,NA,NA,NA,NA,NA,NA,Rashod,Bateman,BAL,WR,26,-1
WR,14122,average,NA,NA,NA,NA,NA,NA,6.9,4.78539444560216,0.03333333333333333,0.06900655593423542,0.4,0.282842712474619,39.0875,9.924203818371096,576.9125,142.0348190459951,2.725,0.8564878449642053,NA,NA,NA,NA,NA,NA,NA,NA,NA,NA,NA,NA,NA,NA,NA,NA,NA,NA,NA,NA,NA,NA,NA,NA,NA,NA,NA,NA,NA,NA,NA,NA,NA,NA,NA,NA,NA,NA,Darius,Slayton,NYG,WR,28,1
WR,14122,robust,0,NA,NA,NA,NA,NA,6.65,3.9288900000000004,0.016666666666666666,0,0.4,0,37.875,5.782139999999997,561.575,77.8365,2.75,0.37065,0,NA,0,NA,0,NA,0,NA,NA,NA,NA,NA,NA,NA,NA,NA,NA,NA,NA,NA,NA,NA,NA,NA,NA,NA,NA,NA,NA,NA,NA,NA,NA,NA,NA,NA,NA,NA,Darius,Slayton,NYG,WR,28,1
WR,14122,weighted,NA,NA,NA,NA,NA,NA,7.004048582995951,5.299414293513404,0.03785425101214575,0.07345008533177115,0.4305668016194332,0.2957428517287196,39.06923076923077,10.268289713533914,575.2854251012146,146.81171372665878,2.730364372469636,0.9100993602262658,NA,NA,NA,NA,NA,NA,NA,NA,NA,NA,NA,NA,NA,NA,NA,NA,NA,NA,NA,NA,NA,NA,NA,NA,NA,NA,NA,NA,NA,NA,NA,NA,NA,NA,NA,NA,NA,NA,Darius,Slayton,NYG,WR,28,1
WR,16187,average,NA,NA,NA,NA,NA,NA,6.8,5.9904686198756005,0,0,0.375,0.31339158526400435,67.3375,17.246857891884456,750.9125,199.6928458372293,4.2625,1.4070612739221517,NA,NA,NA,NA,NA,NA,NA,NA,NA,NA,NA,NA,NA,NA,NA,NA,NA,NA,NA,NA,NA,NA,NA,NA,NA,NA,NA,NA,NA,NA,NA,NA,NA,NA,NA,NA,NA,NA,Josh,Downs,IND,WR,24,-3
WR,16187,robust,0,NA,NA,NA,NA,NA,6.55,6.375179999999999,0,0,0.375,0.0926625,70,7.412999999999999,774.825,36.546089999999964,4.15,0.6671699999999999,0,NA,0,NA,0,NA,0,NA,NA,NA,NA,NA,NA,NA,NA,NA,NA,NA,NA,NA,NA,NA,NA,NA,NA,NA,NA,NA,NA,NA,NA,NA,NA,NA,NA,NA,NA,NA,Josh,Downs,IND,WR,24,-3
WR,16187,weighted,NA,NA,NA,NA,NA,NA,6.7050607287449395,6.417540929194729,0,0,0.3546305668016194,0.33445515134395454,66.64514170040486,18.61417858610202,742.2935222672064,215.1195593705456,4.168218623481781,1.485827251998485,NA,NA,NA,NA,NA,NA,NA,NA,NA,NA,NA,NA,NA,NA,NA,NA,NA,NA,NA,NA,NA,NA,NA,NA,NA,NA,NA,NA,NA,NA,NA,NA,NA,NA,NA,NA,NA,NA,Josh,Downs,IND,WR,24,-3
WR,16206,average,NA,NA,NA,NA,NA,NA,5.15,5.372881642364471,0.02,0.033806170189140665,0.3333333333333333,0.1543033499620919,45.9125,10.765744284535092,546.525,133.8663699365901,3.6625,1.051444584505391,NA,NA,NA,NA,NA,NA,NA,NA,NA,NA,NA,NA,NA,NA,NA,NA,NA,NA,NA,NA,NA,NA,NA,NA,NA,NA,NA,NA,NA,NA,NA,NA,NA,NA,NA,NA,NA,NA,Michael,Wilson,ARI,WR,25,-3
WR,16206,robust,0,NA,NA,NA,NA,NA,4.975,5.85627,0.01,0.014825999999999999,0.3333333333333333,0,45.725,4.151280000000001,538.1500000000001,74.13,3.575,0.8895600000000001,0,NA,0,NA,0,NA,0,NA,NA,NA,NA,NA,NA,NA,NA,NA,NA,NA,NA,NA,NA,NA,NA,NA,NA,NA,NA,NA,NA,NA,NA,NA,NA,NA,NA,NA,NA,NA,Michael,Wilson,ARI,WR,25,-3
WR,16206,weighted,NA,NA,NA,NA,NA,NA,4.650860323886639,5.568947047779371,0.008643724696356277,0.010706670463956413,0.30836707152496623,0.15158371946539406,45.588866396761134,11.427695223799402,541.4301619433198,142.28534258656742,3.53582995951417,1.0974812581771556,NA,NA,NA,NA,NA,NA,NA,NA,NA,NA,NA,NA,NA,NA,NA,NA,NA,NA,NA,NA,NA,NA,NA,NA,NA,NA,NA,NA,NA,NA,NA,NA,NA,NA,NA,NA,NA,NA,Michael,Wilson,ARI,WR,25,-3
WR,16617,average,NA,NA,NA,NA,NA,NA,5.966666666666667,4.997618480455514,0,0,0.625,0.31339158526400435,50.05,10.117029490630424,747.9125,202.95792271517055,5.4625,1.7991565484176983,NA,NA,NA,NA,NA,NA,NA,NA,NA,NA,NA,NA,NA,NA,NA,NA,NA,NA,NA,NA,NA,NA,NA,NA,NA,NA,NA,NA,NA,NA,NA,NA,NA,NA,NA,NA,NA,NA,Keon,Coleman,BUF,WR,22,-4
WR,16617,robust,0,NA,NA,NA,NA,NA,5.966666666666667,3.8547599999999997,0,0,0.625,0.0926625,52.65,4.299540000000003,775,121.05428999999997,5.525,1.11195,0,NA,0,NA,0,NA,0,NA,NA,NA,NA,NA,NA,NA,NA,NA,NA,NA,NA,NA,NA,NA,NA,NA,NA,NA,NA,NA,NA,NA,NA,NA,NA,NA,NA,NA,NA,NA,Keon,Coleman,BUF,WR,22,-4
WR,16617,weighted,NA,NA,NA,NA,NA,NA,6.015620782726046,5.172933679021688,0,0,0.6433451417004049,0.33547394200310643,49.5163967611336,10.970266268637008,733.7995951417005,218.46901659217892,5.3595141700404865,1.9554470810908864,NA,NA,NA,NA,NA,NA,NA,NA,NA,NA,NA,NA,NA,NA,NA,NA,NA,NA,NA,NA,NA,NA,NA,NA,NA,NA,NA,NA,NA,NA,NA,NA,NA,NA,NA,NA,NA,NA,Keon,Coleman,BUF,WR,22,-4
WR,17098,average,NA,NA,NA,NA,NA,NA,4.666666666666667,4.947341758580104,0,0,0.4666666666666667,0.2690370836538197,31.6125,12.386909853320388,400.8125,169.29938348972215,2.225,1.1792854979665806,NA,NA,NA,NA,NA,NA,NA,NA,NA,NA,NA,NA,NA,NA,NA,NA,NA,NA,NA,NA,NA,NA,NA,NA,NA,NA,NA,NA,NA,NA,NA,NA,NA,NA,NA,NA,NA,NA,Tory,Horton,SEA,WR,23,-5
WR,17098,robust,0,NA,NA,NA,NA,NA,3.916666666666667,4.2007,0,0,0.4666666666666667,0,29.95,12.453839999999998,385.25,134.9166,2.25,1.11195,0,NA,0,NA,0,NA,0,NA,NA,NA,NA,NA,NA,NA,NA,NA,NA,NA,NA,NA,NA,NA,NA,NA,NA,NA,NA,NA,NA,NA,NA,NA,NA,NA,NA,NA,NA,NA,Tory,Horton,SEA,WR,23,-5
WR,17098,weighted,NA,NA,NA,NA,NA,NA,4.205802968960864,5.114639396537383,0,0,0.3885964912280702,0.1759345153205069,30.427327935222674,12.94868260092852,382.5141700404858,175.81108501919667,2.1483805668016194,1.263500225634752,NA,NA,NA,NA,NA,NA,NA,NA,NA,NA,NA,NA,NA,NA,NA,NA,NA,NA,NA,NA,NA,NA,NA,NA,NA,NA,NA,NA,NA,NA,NA,NA,NA,NA,NA,NA,NA,NA,Tory,Horton,SEA,WR,23,-5
WR,16628,average,NA,NA,NA,NA,NA,NA,12.028571428571428,8.569333077186059,0,0,0.35,0.30937725468153876,18.5,6.187545093630776,228.575,71.68633561764553,1.9625,0.8650970218090321,NA,NA,NA,NA,NA,NA,NA,NA,NA,NA,NA,NA,NA,NA,NA,NA,NA,NA,NA,NA,NA,NA,NA,NA,NA,NA,NA,NA,NA,NA,NA,NA,NA,NA,NA,NA,NA,NA,Jalen,McMillan,TBB,WR,24,-4
WR,16628,robust,0,NA,NA,NA,NA,NA,10.557142857142857,4.468979999999999,0,0,0.35,0.03706500000000003,18,5.1891,224.45,50.4084,2,1.26021,0,NA,0,NA,0,NA,0,NA,NA,NA,NA,NA,NA,NA,NA,NA,NA,NA,NA,NA,NA,NA,NA,NA,NA,NA,NA,NA,NA,NA,NA,NA,NA,NA,NA,NA,NA,NA,Jalen,McMillan,TBB,WR,24,-4
WR,16628,weighted,NA,NA,NA,NA,NA,NA,11.56043956043956,9.070832342552013,0,0,0.3404352226720648,0.33371247372112833,18.153846153846153,6.6137416712839014,224.89372469635626,76.920518367569,1.8995951417004047,0.9217209217929009,NA,NA,NA,NA,NA,NA,NA,NA,NA,NA,NA,NA,NA,NA,NA,NA,NA,NA,NA,NA,NA,NA,NA,NA,NA,NA,NA,NA,NA,NA,NA,NA,NA,NA,NA,NA,NA,NA,Jalen,McMillan,TBB,WR,24,-4
WR,16342,average,NA,NA,NA,NA,NA,NA,15.7,8.32706430862642,0,0,0.06666666666666667,0.06172133998483677,55.65,15.868297235143322,586.675,154.61542844841105,3.125,0.6943650748294136,NA,NA,NA,NA,NA,NA,NA,NA,NA,NA,NA,NA,NA,NA,NA,NA,NA,NA,NA,NA,NA,NA,NA,NA,NA,NA,NA,NA,NA,NA,NA,NA,NA,NA,NA,NA,NA,NA,Demario,Douglas,NEP,WR,25,-3
WR,16342,robust,0,NA,NA,NA,NA,NA,15.75,4.892580000000001,0,0,0.06666666666666667,0,58.45,10.822980000000006,621.75,74.42651999999998,3,0.7413,0,NA,0,NA,0,NA,0,NA,NA,NA,NA,NA,NA,NA,NA,NA,NA,NA,NA,NA,NA,NA,NA,NA,NA,NA,NA,NA,NA,NA,NA,NA,NA,NA,NA,NA,NA,NA,Demario,Douglas,NEP,WR,25,-3
WR,16342,weighted,NA,NA,NA,NA,NA,NA,15.26923076923077,9.020123207898077,0,0,0.04730094466936573,0.03270677854660198,54.286234817813764,16.96393118537672,572.1943319838057,164.75738806799706,3.0374493927125505,0.7146722186659689,NA,NA,NA,NA,NA,NA,NA,NA,NA,NA,NA,NA,NA,NA,NA,NA,NA,NA,NA,NA,NA,NA,NA,NA,NA,NA,NA,NA,NA,NA,NA,NA,NA,NA,NA,NA,NA,NA,Demario,Douglas,NEP,WR,25,-3
WR,14864,average,NA,NA,NA,NA,NA,NA,0,0,0,0,0,0,12,7.0710678118654755,175.5,135.0573952066306,1,1.4142135623730951,NA,NA,NA,NA,NA,NA,NA,NA,NA,NA,NA,NA,NA,NA,NA,NA,NA,NA,NA,NA,NA,NA,NA,NA,NA,NA,NA,NA,NA,NA,NA,NA,NA,NA,NA,NA,NA,NA,Tyler,Johnson,NYJ,WR,27,0
WR,14864,robust,NA,NA,NA,NA,NA,NA,0,0,0,0,0,0,12,7.412999999999999,175.5,141.5883,1,1.4826,NA,NA,NA,NA,NA,NA,NA,NA,NA,NA,NA,NA,NA,NA,NA,NA,NA,NA,NA,NA,NA,NA,NA,NA,NA,NA,NA,NA,NA,NA,NA,NA,NA,NA,NA,NA,NA,NA,Tyler,Johnson,NYJ,WR,27,0
WR,14864,weighted,NA,NA,NA,NA,NA,NA,0,NA,0,NA,0,NA,17,NA,271,NA,2,NA,NA,NA,NA,NA,NA,NA,NA,NA,NA,NA,NA,NA,NA,NA,NA,NA,NA,NA,NA,NA,NA,NA,NA,NA,NA,NA,NA,NA,NA,NA,NA,NA,NA,NA,NA,NA,NA,NA,Tyler,Johnson,NYJ,WR,27,0
WR,14974,average,NA,NA,NA,NA,NA,NA,2.4166666666666665,2.45555735114493,0,0,0.375,0.31339158526400435,55.6625,14.640153931665376,794.4,203.2520462030193,3.7875,1.3463575199138493,NA,NA,NA,NA,NA,NA,NA,NA,NA,NA,NA,NA,NA,NA,NA,NA,NA,NA,NA,NA,NA,NA,NA,NA,NA,NA,NA,NA,NA,NA,NA,NA,NA,NA,NA,NA,NA,NA,Darnell,Mooney,ATL,WR,28,0
WR,14974,robust,0,NA,NA,NA,NA,NA,2.1875,2.1621249999999996,0,0,0.375,0.0926625,58.6,4.373669999999999,826.3,84.65646000000002,4,1.1860799999999996,0,NA,0,NA,0,NA,0,NA,NA,NA,NA,NA,NA,NA,NA,NA,NA,NA,NA,NA,NA,NA,NA,NA,NA,NA,NA,NA,NA,NA,NA,NA,NA,NA,NA,NA,NA,NA,Darnell,Mooney,ATL,WR,28,0
WR,14974,weighted,NA,NA,NA,NA,NA,NA,2.4287280701754383,2.5543823670693384,0,0,0.3546305668016194,0.33445515134395454,54.585425101214575,15.61853769449648,779.4443319838057,216.60193884126528,3.650202429149798,1.416732613087817,NA,NA,NA,NA,NA,NA,NA,NA,NA,NA,NA,NA,NA,NA,NA,NA,NA,NA,NA,NA,NA,NA,NA,NA,NA,NA,NA,NA,NA,NA,NA,NA,NA,NA,NA,NA,NA,NA,Darnell,Mooney,ATL,WR,28,0
WR,17073,average,NA,NA,NA,NA,NA,NA,5.54,6.083288584310298,0,0,0.03333333333333333,0.03651483716701108,29.216666666666665,12.690219330912553,347.43333333333334,160.37433294223445,2.05,1.1022703842524302,NA,NA,NA,NA,NA,NA,NA,NA,NA,NA,NA,NA,NA,NA,NA,NA,NA,NA,NA,NA,NA,NA,NA,NA,NA,NA,NA,NA,NA,NA,NA,NA,NA,NA,NA,NA,NA,NA,Elic,Ayomanor,TEN,WR,22,-5
WR,17073,robust,0,NA,NA,NA,NA,NA,4.77,3.48411,0,0,0.03333333333333333,0.02471,32.5,8.673210000000001,387,113.4189,2.15,0.7413,0,NA,0,NA,0,NA,0,NA,NA,NA,NA,NA,NA,NA,NA,NA,NA,NA,NA,NA,NA,NA,NA,NA,NA,NA,NA,NA,NA,NA,NA,NA,NA,NA,NA,NA,NA,NA,Elic,Ayomanor,TEN,WR,22,-5
WR,17073,weighted,NA,NA,NA,NA,NA,NA,5.391537414965987,6.693220388736306,0,0,0.020317460317460317,0.018185442143126042,28.503401360544217,13.79847646341546,337.15646258503403,173.68974877133385,2.0095238095238095,1.2088949460931306,NA,NA,NA,NA,NA,NA,NA,NA,NA,NA,NA,NA,NA,NA,NA,NA,NA,NA,NA,NA,NA,NA,NA,NA,NA,NA,NA,NA,NA,NA,NA,NA,NA,NA,NA,NA,NA,NA,Elic,Ayomanor,TEN,WR,22,-5
WR,13176,average,NA,NA,NA,NA,NA,NA,4.2,4.915282290977803,0,0,0.1,0.06324555320336758,18.166666666666668,6.811069421659616,202.25,77.36520535744735,0.8833333333333333,0.4490731195102493,NA,NA,NA,NA,NA,NA,NA,NA,NA,NA,NA,NA,NA,NA,NA,NA,NA,NA,NA,NA,NA,NA,NA,NA,NA,NA,NA,NA,NA,NA,NA,NA,NA,NA,NA,NA,NA,NA,Zay,Jones,ARI,WR,30,3
WR,13176,robust,0,NA,NA,NA,NA,NA,3.1,4.4478,0,0,0.1,0,17.5,7.857780000000001,205,78.94845,1,0,0,NA,0,NA,0,NA,0,NA,NA,NA,NA,NA,NA,NA,NA,NA,NA,NA,NA,NA,NA,NA,NA,NA,NA,NA,NA,NA,NA,NA,NA,NA,NA,NA,NA,NA,NA,NA,Zay,Jones,ARI,WR,30,3
WR,13176,weighted,NA,NA,NA,NA,NA,NA,4.5515646258503395,5.311411456077198,0,0,0.09959183673469388,0.06987800813614221,18.37251700680272,7.5090203711160495,205.75510204081633,85.24205033668501,0.8068027210884353,0.4415060740181029,NA,NA,NA,NA,NA,NA,NA,NA,NA,NA,NA,NA,NA,NA,NA,NA,NA,NA,NA,NA,NA,NA,NA,NA,NA,NA,NA,NA,NA,NA,NA,NA,NA,NA,NA,NA,NA,NA,Zay,Jones,ARI,WR,30,3
WR,17070,average,NA,NA,NA,NA,NA,NA,31.314285714285713,17.3359600312207,0.19512081428316008,0.35483057554325986,0.55,0.37984959429452375,41.6875,15.401060956032495,501.7625,172.10360615048134,3.025,1.5135105832845326,NA,NA,NA,NA,NA,NA,NA,NA,NA,NA,NA,NA,NA,NA,NA,NA,NA,NA,NA,NA,NA,NA,NA,NA,NA,NA,NA,NA,NA,NA,NA,NA,NA,NA,NA,NA,NA,NA,Luther,Burden,CHI,WR,22,-5
WR,17070,robust,0,NA,NA,NA,NA,NA,28.57857142857143,9.12858,0.08048325713264029,0,0.55,0.33358499999999996,40.425,9.117989999999997,491.25,157.1556,3.1,1.3343399999999999,0,NA,0,NA,0,NA,0,NA,NA,NA,NA,NA,NA,NA,NA,NA,NA,NA,NA,NA,NA,NA,NA,NA,NA,NA,NA,NA,NA,NA,NA,NA,NA,NA,NA,NA,NA,NA,Luther,Burden,CHI,WR,22,-5
WR,17070,weighted,NA,NA,NA,NA,NA,NA,31.075766338924236,18.115203607291388,0.16288020936688916,0.37212697839404973,0.46837044534412964,0.334008031285513,40.40728744939271,16.007630625307836,485.91396761133603,179.7750293698004,2.944331983805668,1.605937994688865,NA,NA,NA,NA,NA,NA,NA,NA,NA,NA,NA,NA,NA,NA,NA,NA,NA,NA,NA,NA,NA,NA,NA,NA,NA,NA,NA,NA,NA,NA,NA,NA,NA,NA,NA,NA,NA,NA,Luther,Burden,CHI,WR,22,-5
WR,16684,average,NA,NA,NA,NA,NA,NA,17.666666666666668,18.73772190588339,0.04,0.044721359549995794,0.65,0.334165627596057,34.4,8.663332692061026,357.57142857142856,142.4381235751828,2.1142857142857143,1.868536478484852,1,0,NA,NA,NA,NA,NA,NA,NA,NA,NA,NA,NA,NA,NA,NA,NA,NA,NA,NA,NA,NA,NA,NA,NA,NA,NA,NA,NA,NA,NA,NA,NA,NA,NA,NA,NA,NA,Malik,Washington,MIA,WR,24,-4
WR,16684,robust,0,NA,NA,NA,NA,NA,16.366666666666667,10.3782,0.04,0.059303999999999996,0.65,0.07413000000000006,34.25,7.412999999999999,328.75,106.74719999999999,1.9,0.2965199999999999,1,0,0,NA,0,NA,0,NA,NA,NA,NA,NA,NA,NA,NA,NA,NA,NA,NA,NA,NA,NA,NA,NA,NA,NA,NA,NA,NA,NA,NA,NA,NA,NA,NA,NA,NA,NA,Malik,Washington,MIA,WR,24,-4
WR,16684,weighted,NA,NA,NA,NA,NA,NA,18.354990366088632,20.542530133493454,0.028901734104046246,0.03959759778779678,0.6586127167630058,0.36285863797941614,34.718612716763005,9.290172080818776,358.4161849710983,150.32041265214392,2.091329479768786,1.9707939643580419,1,0,NA,NA,NA,NA,NA,NA,NA,NA,NA,NA,NA,NA,NA,NA,NA,NA,NA,NA,NA,NA,NA,NA,NA,NA,NA,NA,NA,NA,NA,NA,NA,NA,NA,NA,NA,NA,Malik,Washington,MIA,WR,24,-4
WR,17074,average,NA,NA,NA,NA,NA,NA,23.67142857142857,28.552043423780887,0.18333333333333335,0.3398178783939869,0.43333333333333335,0.21602468994692867,69.2375,19.739006886293517,916.75,280.5152147643434,5.4125,2.0635873756986536,NA,NA,1,0,0,0,0,0,NA,NA,NA,NA,NA,NA,NA,NA,NA,NA,NA,NA,NA,NA,NA,NA,NA,NA,NA,NA,NA,NA,NA,NA,NA,NA,NA,NA,NA,NA,Travis,Hunter,JAC,WR,22,-5
WR,17074,robust,0,NA,NA,NA,NA,NA,18.35,19.273799999999998,0.09166666666666667,0.07413,0.43333333333333335,0,74.075,10.3782,958.75,116.38409999999999,5.6,1.11195,0,NA,1,0,0,0,0,0,NA,NA,NA,NA,NA,NA,NA,NA,NA,NA,NA,NA,NA,NA,NA,NA,NA,NA,NA,NA,NA,NA,NA,NA,NA,NA,NA,NA,NA,NA,Travis,Hunter,JAC,WR,22,-5
WR,17074,weighted,NA,NA,NA,NA,NA,NA,22.447657605552344,29.49711543485487,0.17459514170040488,0.34714969538505813,0.3793184885290149,0.17181915014068122,68.46012145748988,21.40567917153891,906.0374493927127,302.4238520988475,5.342914979757086,2.2185817760290587,NA,NA,1,0,0,0,0,0,NA,NA,NA,NA,NA,NA,NA,NA,NA,NA,NA,NA,NA,NA,NA,NA,NA,NA,NA,NA,NA,NA,NA,NA,NA,NA,NA,NA,NA,NA,Travis,Hunter,JAC,WR,22,-5
WR,11671,average,NA,NA,NA,NA,NA,NA,1,1.6903085094570331,0,0,0.375,0.31339158526400435,68.725,22.630683974260634,944.9375,305.1658141193781,8.8875,2.9107865898118623,NA,NA,NA,NA,NA,NA,NA,NA,NA,NA,NA,NA,NA,NA,NA,NA,NA,NA,NA,NA,NA,NA,NA,NA,NA,NA,NA,NA,NA,NA,NA,NA,NA,NA,NA,NA,NA,NA,Mike,Evans,TBB,WR,32,6
WR,11671,robust,0,NA,NA,NA,NA,NA,0.5,0.7413,0,0,0.375,0.0926625,76.2,3.558239999999998,1047.375,40.771499999999996,9.5,0.7413,0,NA,0,NA,0,NA,0,NA,NA,NA,NA,NA,NA,NA,NA,NA,NA,NA,NA,NA,NA,NA,NA,NA,NA,NA,NA,NA,NA,NA,NA,NA,NA,NA,NA,NA,NA,NA,Mike,Evans,TBB,WR,32,6
WR,11671,weighted,NA,NA,NA,NA,NA,NA,1.1508097165991904,1.7760023515477203,0,0,0.3546305668016194,0.33445515134395454,66.96356275303643,24.272390207719162,922.6497975708502,328.33009997810444,8.655060728744939,3.120016370315508,NA,NA,NA,NA,NA,NA,NA,NA,NA,NA,NA,NA,NA,NA,NA,NA,NA,NA,NA,NA,NA,NA,NA,NA,NA,NA,NA,NA,NA,NA,NA,NA,NA,NA,NA,NA,NA,NA,Mike,Evans,TBB,WR,32,6
WR,17083,average,NA,NA,NA,NA,NA,NA,6.333333333333333,5.673665146135802,0,0,0.4,0.2138089935299395,48.6375,18.075866902743954,636.45,251.3137310784499,3.8625,2.0304380245229283,NA,NA,NA,NA,NA,NA,NA,NA,NA,NA,NA,NA,NA,NA,NA,NA,NA,NA,NA,NA,NA,NA,NA,NA,NA,NA,NA,NA,NA,NA,NA,NA,NA,NA,NA,NA,NA,NA,Jayden,Higgins,HOU,WR,23,-5
WR,17083,robust,0,NA,NA,NA,NA,NA,5.75,2.2239,0,0,0.4,0,52.5,7.412999999999999,674.05,181.17372000000006,4,2.2239,0,NA,0,NA,0,NA,0,NA,NA,NA,NA,NA,NA,NA,NA,NA,NA,NA,NA,NA,NA,NA,NA,NA,NA,NA,NA,NA,NA,NA,NA,NA,NA,NA,NA,NA,NA,NA,Jayden,Higgins,HOU,WR,23,-5
WR,17083,weighted,NA,NA,NA,NA,NA,NA,6.585695006747638,6.108641051288218,0,0,0.3987854251012146,0.23297085406125206,47.91720647773279,19.328223224034332,625.7165991902834,269.2384020402054,3.785425101214575,2.1630841959806983,NA,NA,NA,NA,NA,NA,NA,NA,NA,NA,NA,NA,NA,NA,NA,NA,NA,NA,NA,NA,NA,NA,NA,NA,NA,NA,NA,NA,NA,NA,NA,NA,NA,NA,NA,NA,NA,NA,Jayden,Higgins,HOU,WR,23,-5
WR,16191,average,NA,NA,NA,NA,NA,NA,3.1333333333333333,3.245509718570156,0,0,0.7,0.3338091841585121,51.6,14.221512879135911,639.125,196.43133114944484,3.55,1.345893224378729,NA,NA,NA,NA,NA,NA,NA,NA,NA,NA,NA,NA,NA,NA,NA,NA,NA,NA,NA,NA,NA,NA,NA,NA,NA,NA,NA,NA,NA,NA,NA,NA,NA,NA,NA,NA,NA,NA,Cedric,Tillman,CLE,WR,25,-3
WR,16191,robust,0,NA,NA,NA,NA,NA,2.5999999999999996,1.7296999999999998,0,0,0.7,0,54.75,8.8956,685.75,78.5778,3.525,1.4826,0,NA,0,NA,0,NA,0,NA,NA,NA,NA,NA,NA,NA,NA,NA,NA,NA,NA,NA,NA,NA,NA,NA,NA,NA,NA,NA,NA,NA,NA,NA,NA,NA,NA,NA,NA,NA,Cedric,Tillman,CLE,WR,25,-3
WR,16191,weighted,NA,NA,NA,NA,NA,NA,3.3130229419703103,3.276643901939249,0,0,0.6691295546558703,0.35331077434861796,50.577530364372464,15.258487658386096,624.088056680162,210.77360692550187,3.42165991902834,1.4128170095363692,NA,NA,NA,NA,NA,NA,NA,NA,NA,NA,NA,NA,NA,NA,NA,NA,NA,NA,NA,NA,NA,NA,NA,NA,NA,NA,NA,NA,NA,NA,NA,NA,NA,NA,NA,NA,NA,NA,Cedric,Tillman,CLE,WR,25,-3
WR,15755,average,NA,NA,NA,NA,NA,NA,2.54,1.7681628884240275,0,0,0,0,16.71666666666667,3.8835121561116126,211.43333333333334,42.567671614344455,1.4,0.47749345545253286,NA,NA,NA,NA,NA,NA,NA,NA,NA,NA,NA,NA,NA,NA,NA,NA,NA,NA,NA,NA,NA,NA,NA,NA,NA,NA,NA,NA,NA,NA,NA,NA,NA,NA,NA,NA,NA,NA,Jahan,Dotson,PHI,WR,25,-2
WR,15755,robust,0,NA,NA,NA,NA,NA,2.5,1.7049899999999998,0,0,0,0,16.65,5.411490000000001,214,55.15272,1.5,0.29652000000000023,0,NA,0,NA,0,NA,0,NA,NA,NA,NA,NA,NA,NA,NA,NA,NA,NA,NA,NA,NA,NA,NA,NA,NA,NA,NA,NA,NA,NA,NA,NA,NA,NA,NA,NA,NA,NA,Jahan,Dotson,PHI,WR,25,-2
WR,15755,weighted,NA,NA,NA,NA,NA,NA,2.6622857142857144,1.9150148410759538,0,0,0,0,16.953197278911563,4.253559032321078,216.07619047619048,45.05592806685528,1.4070748299319729,0.5292420798417751,NA,NA,NA,NA,NA,NA,NA,NA,NA,NA,NA,NA,NA,NA,NA,NA,NA,NA,NA,NA,NA,NA,NA,NA,NA,NA,NA,NA,NA,NA,NA,NA,NA,NA,NA,NA,NA,NA,Jahan,Dotson,PHI,WR,25,-2
WR,14105,average,NA,NA,NA,NA,NA,NA,5.6,4.554432691659538,0.02,0.033806170189140665,0.06666666666666667,0.06172133998483677,48.075,17.651203924945175,583.2125,230.8115275500771,3.6875,1.4035032698826992,NA,NA,NA,NA,NA,NA,NA,NA,NA,NA,NA,NA,NA,NA,NA,NA,NA,NA,NA,NA,NA,NA,NA,NA,NA,NA,NA,NA,NA,NA,NA,NA,NA,NA,NA,NA,NA,NA,Marquise,Brown,KCC,WR,28,1
WR,14105,robust,0,NA,NA,NA,NA,NA,5.55,3.7064999999999997,0.01,0.014825999999999999,0.06666666666666667,0,51.1,9.636899999999999,612.175,203.8575,4,1.0378200000000002,0,NA,0,NA,0,NA,0,NA,NA,NA,NA,NA,NA,NA,NA,NA,NA,NA,NA,NA,NA,NA,NA,NA,NA,NA,NA,NA,NA,NA,NA,NA,NA,NA,NA,NA,NA,NA,Marquise,Brown,KCC,WR,28,1
WR,14105,weighted,NA,NA,NA,NA,NA,NA,5.877732793522267,4.525338401957968,0.023016194331983805,0.035520047030954405,0.04730094466936573,0.03270677854660198,46.69372469635628,18.680570791546522,568.0880566801619,246.98310777593082,3.5730769230769233,1.4883634794283118,NA,NA,NA,NA,NA,NA,NA,NA,NA,NA,NA,NA,NA,NA,NA,NA,NA,NA,NA,NA,NA,NA,NA,NA,NA,NA,NA,NA,NA,NA,NA,NA,NA,NA,NA,NA,NA,NA,Marquise,Brown,KCC,WR,28,1
WR,15786,average,NA,NA,NA,NA,NA,NA,6.385714285714286,7.482519310906938,0,0,0.13333333333333333,0.13333333333333336,18.52857142857143,8.84999327414326,249.37142857142857,135.5855168554237,2.0714285714285716,1.1499482390007614,NA,NA,NA,NA,NA,NA,NA,NA,NA,NA,NA,NA,NA,NA,NA,NA,NA,NA,NA,NA,NA,NA,NA,NA,NA,NA,NA,NA,NA,NA,NA,NA,NA,NA,NA,NA,NA,NA,Jalen,Nailor,MIN,WR,26,-2
WR,15786,robust,0,NA,NA,NA,NA,NA,6.75,8.1543,0,0,0.13333333333333333,0,17.925,7.412999999999999,238.9,120.98016000000003,2,1.4826,0,NA,0,NA,0,NA,0,NA,NA,NA,NA,NA,NA,NA,NA,NA,NA,NA,NA,NA,NA,NA,NA,NA,NA,NA,NA,NA,NA,NA,NA,NA,NA,NA,NA,NA,NA,NA,Jalen,Nailor,MIN,WR,26,-2
WR,15786,weighted,NA,NA,NA,NA,NA,NA,6.772960372960373,7.935788098626205,0,0,0.08873348873348873,0.06895087442409012,17.507459207459206,9.363454071859566,234.00582750582748,143.13029872144986,1.9356643356643357,1.229734529098136,NA,NA,NA,NA,NA,NA,NA,NA,NA,NA,NA,NA,NA,NA,NA,NA,NA,NA,NA,NA,NA,NA,NA,NA,NA,NA,NA,NA,NA,NA,NA,NA,NA,NA,NA,NA,NA,NA,Jalen,Nailor,MIN,WR,26,-2
WR,13289,average,NA,NA,NA,NA,NA,NA,1.74,1.830409790183608,0,0,0,0,15.833333333333334,5.16165348184733,193,67.9028718096665,1.75,0.5648008498577175,NA,NA,NA,NA,NA,NA,NA,NA,NA,NA,NA,NA,NA,NA,NA,NA,NA,NA,NA,NA,NA,NA,NA,NA,NA,NA,NA,NA,NA,NA,NA,NA,NA,NA,NA,NA,NA,NA,Mack,Hollins,NEP,WR,32,3
WR,13289,robust,0,NA,NA,NA,NA,NA,1.72,1.4826,0,0,0,0,15.85,4.225409999999999,193,59.303999999999995,1.75,0.2965199999999999,0,NA,0,NA,0,NA,0,NA,NA,NA,NA,NA,NA,NA,NA,NA,NA,NA,NA,NA,NA,NA,NA,NA,NA,NA,NA,NA,NA,NA,NA,NA,NA,NA,NA,NA,NA,NA,Mack,Hollins,NEP,WR,32,3
WR,13289,weighted,NA,NA,NA,NA,NA,NA,1.7186122448979593,2.0141875182338023,0,0,0,0,16.683537414965986,5.4086873053520765,203.13197278911565,72.57574582973,1.8868027210884355,0.5107198344241998,NA,NA,NA,NA,NA,NA,NA,NA,NA,NA,NA,NA,NA,NA,NA,NA,NA,NA,NA,NA,NA,NA,NA,NA,NA,NA,NA,NA,NA,NA,NA,NA,NA,NA,NA,NA,NA,NA,Mack,Hollins,NEP,WR,32,3
WR,16207,average,NA,NA,NA,NA,NA,NA,1.2,1.7701224063135672,0,0,0.03333333333333333,0.03333333333333334,31,8.375360688750465,384.0285714285714,107.92129407251247,3.8857142857142857,1.1725024114098466,NA,NA,NA,NA,NA,NA,NA,NA,NA,NA,NA,NA,NA,NA,NA,NA,NA,NA,NA,NA,NA,NA,NA,NA,NA,NA,NA,NA,NA,NA,NA,NA,NA,NA,NA,NA,NA,NA,Andrei,Iosivas,CIN,WR,26,-3
WR,16207,robust,0,NA,NA,NA,NA,NA,0.6,1.4826,0,0,0.03333333333333333,0,32.8,3.8547599999999966,402.85,67.90308000000002,3.925,1.4826,0,NA,0,NA,0,NA,0,NA,NA,NA,NA,NA,NA,NA,NA,NA,NA,NA,NA,NA,NA,NA,NA,NA,NA,NA,NA,NA,NA,NA,NA,NA,NA,NA,NA,NA,NA,NA,Andrei,Iosivas,CIN,WR,26,-3
WR,16207,weighted,NA,NA,NA,NA,NA,NA,1.4258741258741259,1.8522186976375017,0,0,0.022183372183372182,0.01723771860602253,30.63473193473193,9.088892590662446,380.48717948717945,117.40764432044287,3.8706293706293704,1.2772464757366613,NA,NA,NA,NA,NA,NA,NA,NA,NA,NA,NA,NA,NA,NA,NA,NA,NA,NA,NA,NA,NA,NA,NA,NA,NA,NA,NA,NA,NA,NA,NA,NA,NA,NA,NA,NA,NA,NA,Andrei,Iosivas,CIN,WR,26,-3
WR,16639,average,NA,NA,NA,NA,NA,NA,21.37142857142857,15.5939286982113,0.016666666666666666,0.03450327796711771,0.375,0.31339158526400435,54.4125,15.50893175836796,608.8875,192.3704420234193,3.9375,0.9782455140271719,NA,NA,NA,NA,NA,NA,NA,NA,NA,NA,NA,NA,NA,NA,NA,NA,NA,NA,NA,NA,NA,NA,NA,NA,NA,NA,NA,NA,NA,NA,NA,NA,NA,NA,NA,NA,NA,NA,Xavier,Legette,CAR,WR,24,-4
WR,16639,robust,0,NA,NA,NA,NA,NA,21.65,13.04688,0.008333333333333333,0,0.375,0.0926625,57.55,8.1543,659.525,91.84707000000006,4,0.8154299999999997,0,NA,0,NA,0,NA,0,NA,NA,NA,NA,NA,NA,NA,NA,NA,NA,NA,NA,NA,NA,NA,NA,NA,NA,NA,NA,NA,NA,NA,NA,NA,NA,NA,NA,NA,NA,NA,Xavier,Legette,CAR,WR,24,-4
WR,16639,weighted,NA,NA,NA,NA,NA,NA,20.008386350491612,16.888325790174097,0.004554655870445345,0.008026420822922336,0.3546305668016194,0.33445515134395454,53.339473684210525,16.636120131798684,597.4504048582996,207.61662529084214,3.8475708502024295,1.0319333865456948,NA,NA,NA,NA,NA,NA,NA,NA,NA,NA,NA,NA,NA,NA,NA,NA,NA,NA,NA,NA,NA,NA,NA,NA,NA,NA,NA,NA,NA,NA,NA,NA,NA,NA,NA,NA,NA,NA,Xavier,Legette,CAR,WR,24,-4
WR,13172,average,NA,NA,NA,NA,NA,NA,0.75,1.161895003862225,0,0,0.23333333333333334,0.2033060090930254,30.116666666666667,8.108863463313874,380.85,86.01566717755551,1.85,0.7893034904268447,NA,NA,NA,NA,NA,NA,NA,NA,NA,NA,NA,NA,NA,NA,NA,NA,NA,NA,NA,NA,NA,NA,NA,NA,NA,NA,NA,NA,NA,NA,NA,NA,NA,NA,NA,NA,NA,NA,Noah,Brown,WAS,WR,29,3
WR,13172,robust,0,NA,NA,NA,NA,NA,0.375,0.555975,0,0,0.23333333333333334,0.09884,31,5.0408399999999975,383.5,62.343330000000016,2,0.8895600000000001,0,NA,0,NA,0,NA,0,NA,NA,NA,NA,NA,NA,NA,NA,NA,NA,NA,NA,NA,NA,NA,NA,NA,NA,NA,NA,NA,NA,NA,NA,NA,NA,NA,NA,NA,NA,NA,Noah,Brown,WAS,WR,29,3
WR,13172,weighted,NA,NA,NA,NA,NA,NA,0.8826530612244897,1.2183636916163632,0,0,0.25814058956916097,0.21247309696980413,29.56843537414966,8.903225929617497,372.48435374149665,92.72544668664172,1.7956462585034012,0.8624068286196742,NA,NA,NA,NA,NA,NA,NA,NA,NA,NA,NA,NA,NA,NA,NA,NA,NA,NA,NA,NA,NA,NA,NA,NA,NA,NA,NA,NA,NA,NA,NA,NA,NA,NA,NA,NA,NA,NA,Noah,Brown,WAS,WR,29,3
WR,16195,average,NA,NA,NA,NA,NA,NA,1.05,1.6934748722249005,0,0,0.16666666666666666,0.1543033499620919,25.7,11.208670113545393,330.3,142.85869142017825,2.4375,1.1160357137142674,NA,NA,NA,NA,NA,NA,NA,NA,NA,NA,NA,NA,NA,NA,NA,NA,NA,NA,NA,NA,NA,NA,NA,NA,NA,NA,NA,NA,NA,NA,NA,NA,NA,NA,NA,NA,NA,NA,Dontayvion,Wicks,GBP,WR,24,-3
WR,16195,robust,0,NA,NA,NA,NA,NA,0.5875,0.778365,0,0,0.16666666666666666,0,25.4,8.59908,325.25,135.65789999999998,2.5,1.11195,0,NA,0,NA,0,NA,0,NA,NA,NA,NA,NA,NA,NA,NA,NA,NA,NA,NA,NA,NA,NA,NA,NA,NA,NA,NA,NA,NA,NA,NA,NA,NA,NA,NA,NA,NA,NA,Dontayvion,Wicks,GBP,WR,24,-3
WR,16195,weighted,NA,NA,NA,NA,NA,NA,1.0135121457489877,1.81972488618591,0,0,0.19011470985155196,0.15089056869938383,25.02327935222672,12.06994665118987,322.35222672064776,153.96494035279642,2.290485829959514,1.1710110122317419,NA,NA,NA,NA,NA,NA,NA,NA,NA,NA,NA,NA,NA,NA,NA,NA,NA,NA,NA,NA,NA,NA,NA,NA,NA,NA,NA,NA,NA,NA,NA,NA,NA,NA,NA,NA,NA,NA,Dontayvion,Wicks,GBP,WR,24,-3
WR,15292,average,NA,NA,NA,NA,NA,NA,13.966666666666667,10.00694203485205,0,0,0.6,0.37859388972001823,35.81428571428572,13.132964703552732,439.7142857142857,188.94594843121519,2.2142857142857144,1.349603116263656,NA,NA,NA,NA,NA,NA,NA,NA,NA,NA,NA,NA,NA,NA,NA,NA,NA,NA,NA,NA,NA,NA,NA,NA,NA,NA,NA,NA,NA,NA,NA,NA,NA,NA,NA,NA,NA,NA,Dyami,Brown,JAC,WR,26,-1
WR,15292,robust,0,NA,NA,NA,NA,NA,13.733333333333334,5.979819999999999,0,0,0.6,0,34.925,7.412999999999999,416.75,173.46419999999998,2.375,0.7413,0,NA,0,NA,0,NA,0,NA,NA,NA,NA,NA,NA,NA,NA,NA,NA,NA,NA,NA,NA,NA,NA,NA,NA,NA,NA,NA,NA,NA,NA,NA,NA,NA,NA,NA,NA,NA,Dyami,Brown,JAC,WR,26,-1
WR,15292,weighted,NA,NA,NA,NA,NA,NA,14.627933177933178,10.12774625403054,0,0,0.6144522144522144,0.4126234308415795,35.18881118881119,13.826375154967891,428.3310023310023,198.51770232141712,2.132867132867133,1.4428451408712941,NA,NA,NA,NA,NA,NA,NA,NA,NA,NA,NA,NA,NA,NA,NA,NA,NA,NA,NA,NA,NA,NA,NA,NA,NA,NA,NA,NA,NA,NA,NA,NA,NA,NA,NA,NA,NA,NA,Dyami,Brown,JAC,WR,26,-1
WR,16809,average,NA,NA,NA,NA,NA,NA,4.06,3.805084317944435,0.025,0.03535533905932738,0.13333333333333333,0.08819171036881968,37.128571428571426,13.431891686792083,454.7,153.6341867337258,2.5,1.096965511460289,NA,NA,NA,NA,NA,NA,NA,NA,NA,NA,NA,NA,NA,NA,NA,NA,NA,NA,NA,NA,NA,NA,NA,NA,NA,NA,NA,NA,NA,NA,NA,NA,NA,NA,NA,NA,NA,NA,Jalen,Coker,CAR,WR,24,-4
WR,16809,robust,0,NA,NA,NA,NA,NA,4.029999999999999,5.841444,0.0125,0.037065,0.13333333333333333,0,38.25,4.596060000000002,467.5,69.53393999999996,2.625,0.8895600000000001,0,NA,0,NA,0,NA,0,NA,NA,NA,NA,NA,NA,NA,NA,NA,NA,NA,NA,NA,NA,NA,NA,NA,NA,NA,NA,NA,NA,NA,NA,NA,NA,NA,NA,NA,NA,NA,Jalen,Coker,CAR,WR,24,-4
WR,16809,weighted,NA,NA,NA,NA,NA,NA,4.2834913294797685,4.084863392006074,0.028757225433526015,0.03672520091908979,0.13834296724470133,0.09499656452839485,36.52947976878613,14.345801396192595,446.21387283237,163.76940784830128,2.503121387283237,1.1835671173303361,NA,NA,NA,NA,NA,NA,NA,NA,NA,NA,NA,NA,NA,NA,NA,NA,NA,NA,NA,NA,NA,NA,NA,NA,NA,NA,NA,NA,NA,NA,NA,NA,NA,NA,NA,NA,NA,NA,Jalen,Coker,CAR,WR,24,-4
WR,16201,average,NA,NA,NA,NA,NA,NA,2.25,3.897114317029974,0,0,0.1,0.07071067811865477,13.58,5.452705750359173,163.22,69.65731835205831,0.8,0.8366600265340756,NA,NA,NA,NA,NA,NA,NA,NA,NA,NA,NA,NA,NA,NA,NA,NA,NA,NA,NA,NA,NA,NA,NA,NA,NA,NA,NA,NA,NA,NA,NA,NA,NA,NA,NA,NA,NA,NA,Xavier,Hutchinson,HOU,WR,25,-3
WR,16201,robust,0,NA,NA,NA,NA,NA,1.125,0,0,0,0.1,0,15.25,2.0756399999999977,172.1,45.812340000000006,1,1.4826,0,NA,0,NA,0,NA,0,NA,NA,NA,NA,NA,NA,NA,NA,NA,NA,NA,NA,NA,NA,NA,NA,NA,NA,NA,NA,NA,NA,NA,NA,NA,NA,NA,NA,NA,NA,NA,Xavier,Hutchinson,HOU,WR,25,-3
WR,16201,weighted,NA,NA,NA,NA,NA,NA,2.7869747899159667,4.213429885192845,0,0,0.09949579831932774,0.0802137799132323,13.28873949579832,6.290331846527346,160.8890756302521,80.95337820901719,0.7512605042016807,0.9484024415751305,NA,NA,NA,NA,NA,NA,NA,NA,NA,NA,NA,NA,NA,NA,NA,NA,NA,NA,NA,NA,NA,NA,NA,NA,NA,NA,NA,NA,NA,NA,NA,NA,NA,NA,NA,NA,NA,NA,Xavier,Hutchinson,HOU,WR,25,-3
WR,17076,average,NA,NA,NA,NA,NA,NA,4,4.320493798938574,0,0,0,0,16.925,6.924052281720582,193.125,95.32783346606244,0.825,0.5678908345800273,NA,NA,NA,NA,NA,NA,NA,NA,NA,NA,NA,NA,NA,NA,NA,NA,NA,NA,NA,NA,NA,NA,NA,NA,NA,NA,NA,NA,NA,NA,NA,NA,NA,NA,NA,NA,NA,NA,Isaiah,Bond,CLE,WR,21,-5
WR,17076,robust,0,NA,NA,NA,NA,NA,3.5,2.9652,0,0,0,0,18.075,4.447800000000003,218.875,43.7367,1,0.22239000000000003,0,NA,0,NA,0,NA,0,NA,NA,NA,NA,NA,NA,NA,NA,NA,NA,NA,NA,NA,NA,NA,NA,NA,NA,NA,NA,NA,NA,NA,NA,NA,NA,NA,NA,NA,NA,NA,Isaiah,Bond,CLE,WR,21,-5
WR,17076,weighted,NA,NA,NA,NA,NA,NA,5.319819819819821,4.117939423311232,0,0,0,0,16.731531531531534,8.405429438183084,187.05180180180182,114.07084166363899,0.6801801801801802,0.5715030971349871,NA,NA,NA,NA,NA,NA,NA,NA,NA,NA,NA,NA,NA,NA,NA,NA,NA,NA,NA,NA,NA,NA,NA,NA,NA,NA,NA,NA,NA,NA,NA,NA,NA,NA,NA,NA,NA,NA,Isaiah,Bond,CLE,WR,21,-5
WR,14108,average,NA,NA,NA,NA,NA,NA,24.266666666666666,9.14476170639053,0.020697167755991286,0.040036436620657985,0.4666666666666667,0.3183289703016886,28.583333333333332,5.219355004851334,277.51666666666665,67.95558598575003,1.8166666666666667,0.5307227776030219,NA,NA,NA,NA,NA,NA,NA,NA,NA,NA,NA,NA,NA,NA,NA,NA,NA,NA,NA,NA,NA,NA,NA,NA,NA,NA,NA,NA,NA,NA,NA,NA,NA,NA,NA,NA,NA,NA,Greg,Dortch,ARI,WR,27,1
WR,14108,robust,0,NA,NA,NA,NA,NA,24.5,11.56428,0.012091503267973857,0,0.4666666666666667,0.049419999999999985,28,5.559749999999999,287,60.71246999999998,1.95,0.37065,0,NA,0,NA,0,NA,0,NA,NA,NA,NA,NA,NA,NA,NA,NA,NA,NA,NA,NA,NA,NA,NA,NA,NA,NA,NA,NA,NA,NA,NA,NA,NA,NA,NA,NA,NA,NA,Greg,Dortch,ARI,WR,27,1
WR,14108,weighted,NA,NA,NA,NA,NA,NA,22.921088435374152,9.535417524048102,0.004606286959228136,0.010619350562856246,0.477641723356009,0.3497147462836377,27.61632653061225,5.303016526211119,266.865306122449,70.2303489423339,1.6704761904761904,0.46723778632771173,NA,NA,NA,NA,NA,NA,NA,NA,NA,NA,NA,NA,NA,NA,NA,NA,NA,NA,NA,NA,NA,NA,NA,NA,NA,NA,NA,NA,NA,NA,NA,NA,NA,NA,NA,NA,NA,NA,Greg,Dortch,ARI,WR,27,1
WR,11232,average,NA,NA,NA,NA,NA,NA,0.5,0.408248290463863,0,0,0.03333333333333333,0.03333333333333334,32.7,18.6083314673831,416.07142857142856,233.99081687312514,3.642857142857143,1.6850886651816899,NA,NA,NA,NA,NA,NA,NA,NA,NA,NA,NA,NA,NA,NA,NA,NA,NA,NA,NA,NA,NA,NA,NA,NA,NA,NA,NA,NA,NA,NA,NA,NA,NA,NA,NA,NA,NA,NA,DeAndre,Hopkins,BAL,WR,33,7
WR,11232,robust,0,NA,NA,NA,NA,NA,0.5,0.7413,0,0,0.03333333333333333,0,29.775,6.078660000000002,363.75,48.925799999999995,3.375,1.4826,0,NA,0,NA,0,NA,0,NA,NA,NA,NA,NA,NA,NA,NA,NA,NA,NA,NA,NA,NA,NA,NA,NA,NA,NA,NA,NA,NA,NA,NA,NA,NA,NA,NA,NA,NA,NA,DeAndre,Hopkins,BAL,WR,33,7
WR,11232,weighted,NA,NA,NA,NA,NA,NA,0.5075757575757576,0.44305828613493486,0,0,0.022183372183372182,0.01723771860602253,31.41678321678322,19.358141441339992,399.26340326340323,242.405028376001,3.4715617715617717,1.7345318414148276,NA,NA,NA,NA,NA,NA,NA,NA,NA,NA,NA,NA,NA,NA,NA,NA,NA,NA,NA,NA,NA,NA,NA,NA,NA,NA,NA,NA,NA,NA,NA,NA,NA,NA,NA,NA,NA,NA,DeAndre,Hopkins,BAL,WR,33,7
WR,17087,average,NA,NA,NA,NA,NA,NA,5.666666666666667,5.200732549133732,0.06,0.10141851056742199,0.13333333333333333,0.0816496580927726,28.2,13.708078952626025,404.325,221.80413335064017,2.425,1.6951611807056663,NA,NA,NA,NA,NA,NA,NA,NA,NA,NA,NA,NA,NA,NA,NA,NA,NA,NA,NA,NA,NA,NA,NA,NA,NA,NA,NA,NA,NA,NA,NA,NA,NA,NA,NA,NA,NA,NA,Dont'e,Thornton,LVR,WR,23,-5
WR,17087,robust,0,NA,NA,NA,NA,NA,5.083333333333334,3.7064999999999997,0.03,0.044478,0.13333333333333333,0,25.475,5.337359999999999,356.65,97.1103,2,1.4826,0,NA,0,NA,0,NA,0,NA,NA,NA,NA,NA,NA,NA,NA,NA,NA,NA,NA,NA,NA,NA,NA,NA,NA,NA,NA,NA,NA,NA,NA,NA,NA,NA,NA,NA,NA,NA,Dont'e,Thornton,LVR,WR,23,-5
WR,17087,weighted,NA,NA,NA,NA,NA,NA,6.104588394062079,5.444892766851792,0.0690485829959514,0.10656014109286321,0.13771929824561405,0.08767416662146835,28.341497975708503,14.289962895044557,408.36032388663966,230.55768357516524,2.4441295546558703,1.7813540491087279,NA,NA,NA,NA,NA,NA,NA,NA,NA,NA,NA,NA,NA,NA,NA,NA,NA,NA,NA,NA,NA,NA,NA,NA,NA,NA,NA,NA,NA,NA,NA,NA,NA,NA,NA,NA,NA,NA,Dont'e,Thornton,LVR,WR,23,-5
WR,13157,average,NA,NA,NA,NA,NA,NA,19.883333333333333,7.271978181118716,0.01939704209328783,0.04002725758059875,0.03333333333333333,0.03651483716701108,21.366666666666667,5.186392452048597,221.15,60.034448444205765,2.0833333333333335,0.6645800679125629,NA,NA,NA,NA,NA,NA,NA,NA,NA,NA,NA,NA,NA,NA,NA,NA,NA,NA,NA,NA,NA,NA,NA,NA,NA,NA,NA,NA,NA,NA,NA,NA,NA,NA,NA,NA,NA,NA,Curtis,Samuel,BUF,WR,29,3
WR,13157,robust,0,NA,NA,NA,NA,NA,20.15,7.63539,0.008191126279863481,0,0.03333333333333333,0.02471,21.15,5.337359999999999,221,77.76236999999998,2,0.37065,0,NA,0,NA,0,NA,0,NA,NA,NA,NA,NA,NA,NA,NA,NA,NA,NA,NA,NA,NA,NA,NA,NA,NA,NA,NA,NA,NA,NA,NA,NA,NA,NA,NA,NA,NA,NA,Curtis,Samuel,BUF,WR,29,3
WR,13157,weighted,NA,NA,NA,NA,NA,NA,18.089795918367347,6.263003722814483,0.0031204290589956123,0.00719384840269498,0.020317460317460317,0.018185442143126042,20.226666666666667,4.942779005149862,210.21224489795918,60.76487352557084,1.9795918367346936,0.7128891318028289,NA,NA,NA,NA,NA,NA,NA,NA,NA,NA,NA,NA,NA,NA,NA,NA,NA,NA,NA,NA,NA,NA,NA,NA,NA,NA,NA,NA,NA,NA,NA,NA,NA,NA,NA,NA,NA,NA,Curtis,Samuel,BUF,WR,29,3
WR,11674,average,NA,NA,NA,NA,NA,NA,4.16,8.482452475552103,0,0,0.03333333333333333,0.03333333333333334,29.485714285714284,11.78423078686493,352.3,158.65580144871265,2.157142857142857,1.2699831269970254,NA,NA,NA,NA,NA,NA,NA,NA,NA,NA,NA,NA,NA,NA,NA,NA,NA,NA,NA,NA,NA,NA,NA,NA,NA,NA,NA,NA,NA,NA,NA,NA,NA,NA,NA,NA,NA,NA,Brandin,Cooks,NOS,WR,32,6
WR,11674,robust,0,NA,NA,NA,NA,NA,3.19,3.4989360000000005,0,0,0.03333333333333333,0,28.725,9.636899999999999,332.3,188.14193999999995,2,2.07564,0,NA,0,NA,0,NA,0,NA,NA,NA,NA,NA,NA,NA,NA,NA,NA,NA,NA,NA,NA,NA,NA,NA,NA,NA,NA,NA,NA,NA,NA,NA,NA,NA,NA,NA,NA,NA,Brandin,Cooks,NOS,WR,32,6
WR,11674,weighted,NA,NA,NA,NA,NA,NA,4.136969696969698,8.797831054892969,0,0,0.022183372183372182,0.01723771860602253,29.29230769230769,12.397554881202257,352.6072261072261,167.59107798205372,2.0983682983682983,1.35776755205353,NA,NA,NA,NA,NA,NA,NA,NA,NA,NA,NA,NA,NA,NA,NA,NA,NA,NA,NA,NA,NA,NA,NA,NA,NA,NA,NA,NA,NA,NA,NA,NA,NA,NA,NA,NA,NA,NA,Brandin,Cooks,NOS,WR,32,6
WR,16192,average,NA,NA,NA,NA,NA,NA,5.783333333333333,5.7851582135284385,0,0,0.03333333333333333,0.03333333333333334,23.042857142857144,10.510606887466448,257.98571428571427,121.31241250824843,1.457142857142857,0.9641181512261915,NA,NA,NA,NA,NA,NA,NA,NA,NA,NA,NA,NA,NA,NA,NA,NA,NA,NA,NA,NA,NA,NA,NA,NA,NA,NA,NA,NA,NA,NA,NA,NA,NA,NA,NA,NA,NA,NA,Parker,Washington,JAC,WR,23,-3
WR,16192,robust,0,NA,NA,NA,NA,NA,5.295833333333333,3.4099799999999996,0,0,0.03333333333333333,0,22.075,8.8956,239.25,83.0256,1.5,1.18608,0,NA,0,NA,0,NA,0,NA,NA,NA,NA,NA,NA,NA,NA,NA,NA,NA,NA,NA,NA,NA,NA,NA,NA,NA,NA,NA,NA,NA,NA,NA,NA,NA,NA,NA,NA,NA,Parker,Washington,JAC,WR,23,-3
WR,16192,weighted,NA,NA,NA,NA,NA,NA,5.846134421134422,6.254485045108413,0,0,0.022183372183372182,0.01723771860602253,23.26153846153846,10.837551612389547,261.8193473193473,123.51580084127379,1.4393939393939392,1.0311129668237893,NA,NA,NA,NA,NA,NA,NA,NA,NA,NA,NA,NA,NA,NA,NA,NA,NA,NA,NA,NA,NA,NA,NA,NA,NA,NA,NA,NA,NA,NA,NA,NA,NA,NA,NA,NA,NA,NA,Parker,Washington,JAC,WR,23,-3
WR,16189,average,NA,NA,NA,NA,NA,NA,52.52857142857143,24.24085773386473,0.1609281508184098,0.3423483582596982,0.65,0.30937725468153876,45.3875,13.565337919017825,593.225,188.69311252477053,4.575,1.955030142259412,1,0,NA,NA,NA,NA,NA,NA,NA,NA,NA,NA,NA,NA,NA,NA,NA,NA,NA,NA,NA,NA,NA,NA,NA,NA,NA,NA,NA,NA,NA,NA,NA,NA,NA,NA,NA,NA,Marvin,Mims,DEN,WR,23,-3
WR,16189,robust,0,NA,NA,NA,NA,NA,47.5,10.3782,0.04948353291439331,0.06633973381573846,0.65,0.03706500000000003,46.075,11.49015,609.95,124.39013999999996,4.6,0.8895600000000001,1,0,0,NA,0,NA,0,NA,NA,NA,NA,NA,NA,NA,NA,NA,NA,NA,NA,NA,NA,NA,NA,NA,NA,NA,NA,NA,NA,NA,NA,NA,NA,NA,NA,NA,NA,NA,Marvin,Mims,DEN,WR,23,-3
WR,16189,weighted,NA,NA,NA,NA,NA,NA,53.527038750722966,27.390340000293612,0.18447387408911262,0.3855265633711646,0.6575404858299596,0.33483376149623495,43.981376518218624,14.07123997107433,573.1842105263158,195.8157568903872,4.371862348178138,2.028386370347836,1,0,NA,NA,NA,NA,NA,NA,NA,NA,NA,NA,NA,NA,NA,NA,NA,NA,NA,NA,NA,NA,NA,NA,NA,NA,NA,NA,NA,NA,NA,NA,NA,NA,NA,NA,NA,NA,Marvin,Mims,DEN,WR,23,-3
WR,16629,average,NA,NA,NA,NA,NA,NA,4.2,3.794733192202055,0,0,0.3666666666666667,0.2943920288775949,24.8125,11.140971681141641,324.5625,148.65190342830172,1.95,1.0239977678547099,NA,NA,NA,NA,NA,NA,NA,NA,NA,NA,NA,NA,NA,NA,NA,NA,NA,NA,NA,NA,NA,NA,NA,NA,NA,NA,NA,NA,NA,NA,NA,NA,NA,NA,NA,NA,NA,NA,Roman,Wilson,PIT,WR,24,-4
WR,16629,robust,0,NA,NA,NA,NA,NA,4.2,2.2239,0,0,0.3666666666666667,0,26,5.411490000000001,331.875,92.6625,2,1.18608,0,NA,0,NA,0,NA,0,NA,NA,NA,NA,NA,NA,NA,NA,NA,NA,NA,NA,NA,NA,NA,NA,NA,NA,NA,NA,NA,NA,NA,NA,NA,NA,NA,NA,NA,NA,NA,Roman,Wilson,PIT,WR,24,-4
WR,16629,weighted,NA,NA,NA,NA,NA,NA,4.611740890688259,3.547713796133419,0,0,0.40691632928475036,0.2990313225190969,23.758502024291495,11.626477267701496,311.4382591093118,156.28569576611676,1.8390688259109311,1.0637925997082438,NA,NA,NA,NA,NA,NA,NA,NA,NA,NA,NA,NA,NA,NA,NA,NA,NA,NA,NA,NA,NA,NA,NA,NA,NA,NA,NA,NA,NA,NA,NA,NA,NA,NA,NA,NA,NA,NA,Roman,Wilson,PIT,WR,24,-4
WR,13632,average,NA,NA,NA,NA,NA,NA,0.5,0.7745966692414834,0.025,0.03872983346207417,0.03333333333333333,0.03651483716701108,19.533333333333335,6.154889655117033,247.01666666666668,82.18930384585738,1.9333333333333333,0.496655480858378,NA,NA,NA,NA,NA,NA,NA,NA,NA,NA,NA,NA,NA,NA,NA,NA,NA,NA,NA,NA,NA,NA,NA,NA,NA,NA,NA,NA,NA,NA,NA,NA,NA,NA,NA,NA,NA,NA,Allen,Lazard,NYJ,WR,30,2
WR,13632,robust,0,NA,NA,NA,NA,NA,0.25,0.37065,0.0125,0.0185325,0.03333333333333333,0.02471,19.3,7.412999999999999,248,95.62769999999999,2,0.07413000000000006,0,NA,0,NA,0,NA,0,NA,NA,NA,NA,NA,NA,NA,NA,NA,NA,NA,NA,NA,NA,NA,NA,NA,NA,NA,NA,NA,NA,NA,NA,NA,NA,NA,NA,NA,NA,NA,Allen,Lazard,NYJ,WR,30,2
WR,13632,weighted,NA,NA,NA,NA,NA,NA,0.5884353741496599,0.8122424610775755,0.029421768707482993,0.040612123053878776,0.020317460317460317,0.018185442143126042,18.069659863945578,5.332013679005122,227.46666666666667,71.36121891232351,1.8288435374149659,0.45164543761717907,NA,NA,NA,NA,NA,NA,NA,NA,NA,NA,NA,NA,NA,NA,NA,NA,NA,NA,NA,NA,NA,NA,NA,NA,NA,NA,NA,NA,NA,NA,NA,NA,NA,NA,NA,NA,NA,NA,Allen,Lazard,NYJ,WR,30,2
WR,14592,average,NA,NA,NA,NA,NA,NA,7.166666666666667,5.344779384283945,0,0,0.03333333333333333,0.03651483716701108,16.4,5.2459508194416005,173.4,53.24434242245837,1.0333333333333334,0.051639777949432274,NA,NA,NA,NA,NA,NA,NA,NA,NA,NA,NA,NA,NA,NA,NA,NA,NA,NA,NA,NA,NA,NA,NA,NA,NA,NA,NA,NA,NA,NA,NA,NA,NA,NA,NA,NA,NA,NA,Olamide,Zaccheaus,CHI,WR,28,1
WR,14592,robust,0,NA,NA,NA,NA,NA,6.5,4.4478,0,0,0.03333333333333333,0.02471,16,5.1891,165.4,24.462899999999998,1.05,0,0,NA,0,NA,0,NA,0,NA,NA,NA,NA,NA,NA,NA,NA,NA,NA,NA,NA,NA,NA,NA,NA,NA,NA,NA,NA,NA,NA,NA,NA,NA,NA,NA,NA,NA,NA,NA,Olamide,Zaccheaus,CHI,WR,28,1
WR,14592,weighted,NA,NA,NA,NA,NA,NA,7.457142857142857,5.996014751077595,0,0,0.020317460317460317,0.018185442143126042,16.621496598639457,5.750236281989528,174.4408163265306,58.44578262224396,1.0193197278911565,0.04415060740181033,NA,NA,NA,NA,NA,NA,NA,NA,NA,NA,NA,NA,NA,NA,NA,NA,NA,NA,NA,NA,NA,NA,NA,NA,NA,NA,NA,NA,NA,NA,NA,NA,NA,NA,NA,NA,NA,NA,Olamide,Zaccheaus,CHI,WR,28,1
WR,16615,average,NA,NA,NA,NA,NA,NA,17.03333333333333,10.90896675013521,0,0,0.5333333333333333,0.2905932629027116,111.42857142857143,6.996597812678742,1349.8,107.0604813489397,9.257142857142858,2.836580772019453,NA,NA,NA,NA,NA,NA,NA,NA,NA,NA,NA,NA,NA,NA,NA,NA,NA,NA,NA,NA,NA,NA,NA,NA,NA,NA,NA,NA,NA,NA,NA,NA,NA,NA,NA,NA,NA,NA,Malik,Nabers,NYG,WR,22,-4
WR,16615,robust,0,NA,NA,NA,NA,NA,17.266666666666666,7.462419999999997,0,0,0.5333333333333333,0,111.25,5.9304,1343.8,119.49755999999986,8.225000000000001,0.7413,0,NA,0,NA,0,NA,0,NA,NA,NA,NA,NA,NA,NA,NA,NA,NA,NA,NA,NA,NA,NA,NA,NA,NA,NA,NA,NA,NA,NA,NA,NA,NA,NA,NA,NA,NA,NA,Malik,Nabers,NYG,WR,22,-4
WR,16615,weighted,NA,NA,NA,NA,NA,NA,17.702649268485565,11.958046308850752,0,0,0.5209964412811388,0.31756991485646047,111.77580071174378,7.194881955092836,1348.0462633451957,116.11971483168607,9.253855278766311,3.0057512487600664,NA,NA,NA,NA,NA,NA,NA,NA,NA,NA,NA,NA,NA,NA,NA,NA,NA,NA,NA,NA,NA,NA,NA,NA,NA,NA,NA,NA,NA,NA,NA,NA,NA,NA,NA,NA,NA,NA,Malik,Nabers,NYG,WR,22,-4
WR,12801,average,NA,NA,NA,NA,NA,NA,41.5,5.9651767227244274,0.01961672473867596,0.036532171936718774,0.7,0.15275252316519466,92.38571428571429,3.817690650741873,1192.2,65.98242190159436,7.742857142857143,0.6924765768773767,NA,NA,NA,NA,NA,NA,NA,NA,NA,NA,NA,NA,NA,NA,NA,NA,NA,NA,NA,NA,NA,NA,NA,NA,NA,NA,NA,NA,NA,NA,NA,NA,NA,NA,NA,NA,NA,NA,Tyreek,Hill,MIA,WR,31,4
WR,12801,robust,0,NA,NA,NA,NA,NA,41.5,6.6716999999999995,0.009329268292682928,0,0.7,0,92.6,1.9273799999999957,1182.35,23.128559999999865,7.725,0.44477999999999973,0,NA,0,NA,0,NA,0,NA,NA,NA,NA,NA,NA,NA,NA,NA,NA,NA,NA,NA,NA,NA,NA,NA,NA,NA,NA,NA,NA,NA,NA,NA,NA,NA,NA,NA,NA,NA,Tyreek,Hill,MIA,WR,31,4
WR,12801,weighted,NA,NA,NA,NA,NA,NA,41.742586002372484,6.6789149359733315,0.005957237508318143,0.009563801545593607,0.7161328588374852,0.16044896816266369,92.15421115065244,4.101201000491902,1192.0510083036775,69.27979491059726,7.69632265717675,0.744407823948914,NA,NA,NA,NA,NA,NA,NA,NA,NA,NA,NA,NA,NA,NA,NA,NA,NA,NA,NA,NA,NA,NA,NA,NA,NA,NA,NA,NA,NA,NA,NA,NA,NA,NA,NA,NA,NA,NA,Tyreek,Hill,MIA,WR,31,4
WR,17072,average,NA,NA,NA,NA,NA,NA,10.8,8.500980335624043,0,0,0.6666666666666666,0.20275875100994065,36.457142857142856,18.59595450116836,495.0571428571429,302.8634833118868,2.914285714285714,1.784590122342356,NA,NA,NA,NA,NA,NA,NA,NA,NA,NA,NA,NA,NA,NA,NA,NA,NA,NA,NA,NA,NA,NA,NA,NA,NA,NA,NA,NA,NA,NA,NA,NA,NA,NA,NA,NA,NA,NA,Tre,Harris,LAC,WR,23,-5
WR,17072,robust,0,NA,NA,NA,NA,NA,10.9,10.378200000000001,0,0,0.6666666666666666,0,39.05,10.971239999999998,533,161.01036000000002,3.1,0.8895600000000001,0,NA,0,NA,0,NA,0,NA,NA,NA,NA,NA,NA,NA,NA,NA,NA,NA,NA,NA,NA,NA,NA,NA,NA,NA,NA,NA,NA,NA,NA,NA,NA,NA,NA,NA,NA,NA,Tre,Harris,LAC,WR,23,-5
WR,17072,weighted,NA,NA,NA,NA,NA,NA,11.686832740213523,8.694121258632912,0,0,0.6602609727164888,0.22211850820648874,34.572004744958484,20.20799175855405,466.76631079478057,327.28068545448093,2.7342823250296564,1.9282556678237848,NA,NA,NA,NA,NA,NA,NA,NA,NA,NA,NA,NA,NA,NA,NA,NA,NA,NA,NA,NA,NA,NA,NA,NA,NA,NA,NA,NA,NA,NA,NA,NA,NA,NA,NA,NA,NA,NA,Tre,Harris,LAC,WR,23,-5
WR,12175,average,NA,NA,NA,NA,NA,NA,0,0,0,0,NA,NA,30,22,430.5,319.5,3.12472972972973,2.0116342899332755,NA,NA,NA,NA,NA,NA,NA,NA,NA,NA,NA,NA,NA,NA,NA,NA,NA,NA,NA,NA,NA,NA,NA,NA,NA,NA,NA,NA,NA,NA,NA,NA,NA,NA,NA,NA,NA,NA,Amari,Cooper,FA,WR,31,5
WR,12175,robust,0,NA,NA,NA,NA,NA,0,0,0,0,0,NA,30,32.6172,430.5,473.6907,3.1870945945945945,2.410427108108108,0,NA,0,NA,0,NA,0,NA,NA,NA,NA,NA,NA,NA,NA,NA,NA,NA,NA,NA,NA,NA,NA,NA,NA,NA,NA,NA,NA,NA,NA,NA,NA,NA,NA,NA,NA,NA,Amari,Cooper,FA,WR,31,5
WR,12175,weighted,NA,NA,NA,NA,NA,NA,0,0,0,0,NA,NA,28.945205479452053,21.57687603357912,415.1815068493151,313.3550860331149,3.0382367641614216,1.9836262493633965,NA,NA,NA,NA,NA,NA,NA,NA,NA,NA,NA,NA,NA,NA,NA,NA,NA,NA,NA,NA,NA,NA,NA,NA,NA,NA,NA,NA,NA,NA,NA,NA,NA,NA,NA,NA,NA,NA,Amari,Cooper,FA,WR,31,5
WR,15109,average,NA,NA,NA,NA,NA,NA,1.575,2.047406896540109,0,0,0.05,0.03535533905932738,28.78,4.341888989829196,396.44,65.47035970574775,3.54,0.5079370039680118,NA,NA,NA,NA,NA,NA,NA,NA,NA,NA,NA,NA,NA,NA,NA,NA,NA,NA,NA,NA,NA,NA,NA,NA,NA,NA,NA,NA,NA,NA,NA,NA,NA,NA,NA,NA,NA,NA,Nick,Westbrook-Ikhine,MIA,WR,28,0
WR,15109,robust,0,NA,NA,NA,NA,NA,1.3,1.9273799999999999,0,0,0.05,0,29,5.9304,393,72.64739999999999,3.5,0.44477999999999973,0,NA,0,NA,0,NA,0,NA,NA,NA,NA,NA,NA,NA,NA,NA,NA,NA,NA,NA,NA,NA,NA,NA,NA,NA,NA,NA,NA,NA,NA,NA,NA,NA,NA,NA,NA,NA,Nick,Westbrook-Ikhine,MIA,WR,28,0
WR,15109,weighted,NA,NA,NA,NA,NA,NA,1.6055508474576274,2.3144233871115216,0,0,0.03796610169491526,0.024690381276782566,28.229152542372884,4.811933360621831,390.3830508474577,74.46784248730515,3.506779661016949,0.5775062671956167,NA,NA,NA,NA,NA,NA,NA,NA,NA,NA,NA,NA,NA,NA,NA,NA,NA,NA,NA,NA,NA,NA,NA,NA,NA,NA,NA,NA,NA,NA,NA,NA,NA,NA,NA,NA,NA,NA,Nick,Westbrook-Ikhine,MIA,WR,28,0
WR,11938,average,NA,NA,NA,NA,NA,NA,1.06,1.0059821071967434,0,0,0.5,0.28867513459481287,48.285714285714285,12.52829179250289,557.9571428571428,180.24579382187034,4.071428571428571,1.096531327587567,NA,NA,NA,NA,NA,NA,NA,NA,NA,NA,NA,NA,NA,NA,NA,NA,NA,NA,NA,NA,NA,NA,NA,NA,NA,NA,NA,NA,NA,NA,NA,NA,NA,NA,NA,NA,NA,NA,Adam,Thielen,MIN,WR,35,6
WR,11938,robust,0,NA,NA,NA,NA,NA,1.045,0.355824,0,0,0.5,0,48.4,11.267760000000001,552.5,146.33261999999996,4,1.4826,0,NA,0,NA,0,NA,0,NA,NA,NA,NA,NA,NA,NA,NA,NA,NA,NA,NA,NA,NA,NA,NA,NA,NA,NA,NA,NA,NA,NA,NA,NA,NA,NA,NA,NA,NA,NA,Adam,Thielen,MIN,WR,35,6
WR,11938,weighted,NA,NA,NA,NA,NA,NA,1.0275444839857653,1.090577192064094,0,0,0.4988137603795967,0.3170018734799142,48.3655990510083,13.410466492988661,558.1909845788849,192.4738691769844,4.02491103202847,1.1752428805343111,NA,NA,NA,NA,NA,NA,NA,NA,NA,NA,NA,NA,NA,NA,NA,NA,NA,NA,NA,NA,NA,NA,NA,NA,NA,NA,NA,NA,NA,NA,NA,NA,NA,NA,NA,NA,NA,NA,Adam,Thielen,MIN,WR,35,6
WR,17082,average,NA,NA,NA,NA,NA,NA,2.75,3.8890872965260113,0,0,0.05,0.02886751345948129,33.27142857142857,11.199808671835171,434.65714285714284,176.40754761954733,2.7285714285714286,1.4996825060817436,NA,NA,NA,NA,NA,NA,NA,NA,NA,NA,NA,NA,NA,NA,NA,NA,NA,NA,NA,NA,NA,NA,NA,NA,NA,NA,NA,NA,NA,NA,NA,NA,NA,NA,NA,NA,NA,NA,Pat,Bryant,DEN,WR,23,-5
WR,17082,robust,0,NA,NA,NA,NA,NA,1.375,4.07715,0,0,0.05,0,34.05,4.4478,418.70000000000005,40.91976000000003,3,0.14826000000000011,0,NA,0,NA,0,NA,0,NA,NA,NA,NA,NA,NA,NA,NA,NA,NA,NA,NA,NA,NA,NA,NA,NA,NA,NA,NA,NA,NA,NA,NA,NA,NA,NA,NA,NA,NA,NA,Pat,Bryant,DEN,WR,23,-5
WR,17082,weighted,NA,NA,NA,NA,NA,NA,3.2458481613285888,4.053970609200325,0,0,0.041577698695136424,0.020513053956701447,32.74899169632266,12.115660263183424,430.8778173190985,189.61551086612533,2.6571767497034404,1.6115213448686978,NA,NA,NA,NA,NA,NA,NA,NA,NA,NA,NA,NA,NA,NA,NA,NA,NA,NA,NA,NA,NA,NA,NA,NA,NA,NA,NA,NA,NA,NA,NA,NA,NA,NA,NA,NA,NA,NA,Pat,Bryant,DEN,WR,23,-5
WR,15301,average,NA,NA,NA,NA,NA,NA,12.36,12.360744314158431,0.025,0.04330127018922193,0.05,0.03535533905932738,37,4.696275119709235,473.18,50.25894945181405,1.7,0.7874007874011811,NA,NA,NA,NA,NA,NA,NA,NA,NA,NA,NA,NA,NA,NA,NA,NA,NA,NA,NA,NA,NA,NA,NA,NA,NA,NA,NA,NA,NA,NA,NA,NA,NA,NA,NA,NA,NA,NA,Tutu,Atwell,LAR,WR,26,-1
WR,15301,robust,0,NA,NA,NA,NA,NA,12.3,13.343399999999999,0.0125,0,0.05,0,37,4.4478,472,60.7866,2,0,0,NA,0,NA,0,NA,0,NA,NA,NA,NA,NA,NA,NA,NA,NA,NA,NA,NA,NA,NA,NA,NA,NA,NA,NA,NA,NA,NA,NA,NA,NA,NA,NA,NA,NA,NA,NA,Tutu,Atwell,LAR,WR,26,-1
WR,15301,weighted,NA,NA,NA,NA,NA,NA,10.615593220338985,13.482859607688264,0.0059322033898305095,0.012285275395225509,0.03796610169491526,0.024690381276782566,36.46474576271187,5.140830831724575,466.571186440678,54.124504534094626,1.5908474576271188,0.8394729634106071,NA,NA,NA,NA,NA,NA,NA,NA,NA,NA,NA,NA,NA,NA,NA,NA,NA,NA,NA,NA,NA,NA,NA,NA,NA,NA,NA,NA,NA,NA,NA,NA,NA,NA,NA,NA,NA,NA,Tutu,Atwell,LAR,WR,26,-1
WR,13168,average,NA,NA,NA,NA,NA,NA,0,0,0,0,0.05,0.040824829046386304,34.1,3.5898003658513753,449.925,30.992835193530343,3.275,0.4991659710623979,NA,NA,NA,NA,NA,NA,NA,NA,NA,NA,NA,NA,NA,NA,NA,NA,NA,NA,NA,NA,NA,NA,NA,NA,NA,NA,NA,NA,NA,NA,NA,NA,NA,NA,NA,NA,NA,NA,Josh,Reynolds,NYJ,WR,30,3
WR,13168,robust,0,NA,NA,NA,NA,NA,0,0,0,0,0.05,0.037065,34.724999999999994,2.075640000000003,449.925,28.68830999999999,3.1500000000000004,0.2223900000000002,0,NA,0,NA,0,NA,0,NA,NA,NA,NA,NA,NA,NA,NA,NA,NA,NA,NA,NA,NA,NA,NA,NA,NA,NA,NA,NA,NA,NA,NA,NA,NA,NA,NA,NA,NA,NA,Josh,Reynolds,NYJ,WR,30,3
WR,13168,weighted,NA,NA,NA,NA,NA,NA,0,0,0,0,0.03422222222222222,0.028471221284128004,33.114666666666665,3.681710259698404,438.8377777777778,26.347360245408066,3.3173333333333335,0.6142757020580197,NA,NA,NA,NA,NA,NA,NA,NA,NA,NA,NA,NA,NA,NA,NA,NA,NA,NA,NA,NA,NA,NA,NA,NA,NA,NA,NA,NA,NA,NA,NA,NA,NA,NA,NA,NA,NA,NA,Josh,Reynolds,NYJ,WR,30,3
WR,13641,average,NA,NA,NA,NA,NA,NA,51.666666666666664,9.157874571463985,0.038742138364779875,0.08005931110970262,0.9,0.22803508501982758,45.35,14.110386245599374,493.23333333333335,158.191297695754,2.2,0.9033271832508972,NA,NA,NA,NA,NA,NA,NA,NA,NA,NA,NA,NA,NA,NA,NA,NA,NA,NA,NA,NA,NA,NA,NA,NA,NA,NA,NA,NA,NA,NA,NA,NA,NA,NA,NA,NA,NA,NA,Ray-Ray,McCloud,NYG,WR,29,2
WR,13641,robust,0,NA,NA,NA,NA,NA,50.5,10.3782,0.01622641509433962,0,0.9,0.07412999999999997,43.6,4.521930000000001,475.4,46.701899999999995,2.3,0.7413000000000003,0,NA,0,NA,0,NA,0,NA,NA,NA,NA,NA,NA,NA,NA,NA,NA,NA,NA,NA,NA,NA,NA,NA,NA,NA,NA,NA,NA,NA,NA,NA,NA,NA,NA,NA,NA,NA,Ray-Ray,McCloud,NYG,WR,29,2
WR,13641,weighted,NA,NA,NA,NA,NA,NA,51.44880785413745,10.443088610540642,0.006372224721479795,0.014425038594890456,0.8399719495091165,0.19453579996100376,45.123141654978966,14.96893185096282,489.52734922861157,168.43500031854654,2.1054698457223,0.9777377436956648,NA,NA,NA,NA,NA,NA,NA,NA,NA,NA,NA,NA,NA,NA,NA,NA,NA,NA,NA,NA,NA,NA,NA,NA,NA,NA,NA,NA,NA,NA,NA,NA,NA,NA,NA,NA,NA,NA,Ray-Ray,McCloud,NYG,WR,29,2
WR,12187,average,NA,NA,NA,NA,NA,NA,-0.9333333333333332,1.02241544067631,0,0,0.05,0.03162277660168379,41.916666666666664,4.43820534300371,491.21666666666664,71.9558313597075,2.8666666666666667,0.4676180777800048,NA,NA,NA,NA,NA,NA,NA,NA,NA,NA,NA,NA,NA,NA,NA,NA,NA,NA,NA,NA,NA,NA,NA,NA,NA,NA,NA,NA,NA,NA,NA,NA,NA,NA,NA,NA,NA,NA,Tyler,Lockett,LVR,WR,33,5
WR,12187,robust,0,NA,NA,NA,NA,NA,-0.9333333333333332,0.6918799999999999,0,0,0.05,0,42,3.187589999999998,498,82.2843,3,0.14826000000000011,0,NA,0,NA,0,NA,0,NA,NA,NA,NA,NA,NA,NA,NA,NA,NA,NA,NA,NA,NA,NA,NA,NA,NA,NA,NA,NA,NA,NA,NA,NA,NA,NA,NA,NA,NA,NA,Tyler,Lockett,LVR,WR,33,5
WR,12187,weighted,NA,NA,NA,NA,NA,NA,-1.1057407407407407,1.0253396251883795,0,0,0.04013888888888889,0.022255018879347034,40.34388888888889,2.9813048001841675,473.09444444444443,68.01432136234803,2.7661111111111114,0.42980224423767893,NA,NA,NA,NA,NA,NA,NA,NA,NA,NA,NA,NA,NA,NA,NA,NA,NA,NA,NA,NA,NA,NA,NA,NA,NA,NA,NA,NA,NA,NA,NA,NA,NA,NA,NA,NA,NA,NA,Tyler,Lockett,LVR,WR,33,5
WR,16626,average,NA,NA,NA,NA,NA,NA,11.75,9.317322576792112,0.02,0.03651483716701108,0.4,0,29.985714285714288,9.300972811383508,406.7142857142857,133.77682196568318,2.0285714285714285,1.002853072844814,NA,NA,NA,NA,NA,NA,NA,NA,NA,NA,NA,NA,NA,NA,NA,NA,NA,NA,NA,NA,NA,NA,NA,NA,NA,NA,NA,NA,NA,NA,NA,NA,NA,NA,NA,NA,NA,NA,Adonai,Mitchell,IND,WR,23,-4
WR,16626,robust,0,NA,NA,NA,NA,NA,10.5625,6.6716999999999995,0.01,0,0.4,0,28.4,1.927380000000001,382.25,38.547599999999996,2.1,0.29652000000000023,0,NA,0,NA,0,NA,0,NA,NA,NA,NA,NA,NA,NA,NA,NA,NA,NA,NA,NA,NA,NA,NA,NA,NA,NA,NA,NA,NA,NA,NA,NA,NA,NA,NA,NA,NA,NA,Adonai,Mitchell,IND,WR,23,-4
WR,16626,weighted,NA,NA,NA,NA,NA,NA,12.08244365361803,10.419637857460538,0.006405693950177937,0.010229309657510208,0.4,0,29.77841043890866,9.945715630979791,405.3084223013049,142.3339736720566,1.9952550415183867,1.0994209036450788,NA,NA,NA,NA,NA,NA,NA,NA,NA,NA,NA,NA,NA,NA,NA,NA,NA,NA,NA,NA,NA,NA,NA,NA,NA,NA,NA,NA,NA,NA,NA,NA,NA,NA,NA,NA,NA,NA,Adonai,Mitchell,IND,WR,23,-4
WR,15981,average,NA,NA,NA,NA,NA,NA,81.98,29.49918642945937,0.5,0.5,0.7,0.21213203435596426,24.919999999999998,3.4448512304597427,319.74,40.47453520424911,1.74,0.8820430828479978,1,0,NA,NA,NA,NA,NA,NA,NA,NA,NA,NA,NA,NA,NA,NA,NA,NA,NA,NA,NA,NA,NA,NA,NA,NA,NA,NA,NA,NA,NA,NA,NA,NA,NA,NA,NA,NA,KaVontae,Turpin,DAL,WR,29,-2
WR,15981,robust,0,NA,NA,NA,NA,NA,77,28.31766,0.5,0.7413,0.7,0,24.95,4.151280000000001,315.35,32.6172,1.9,1.3343399999999999,1,0,0,NA,0,NA,0,NA,NA,NA,NA,NA,NA,NA,NA,NA,NA,NA,NA,NA,NA,NA,NA,NA,NA,NA,NA,NA,NA,NA,NA,NA,NA,NA,NA,NA,NA,NA,KaVontae,Turpin,DAL,WR,29,-2
WR,15981,weighted,NA,NA,NA,NA,NA,NA,88.52542372881356,30.94993116434356,0.5033898305084746,0.5775460897213291,0.6989830508474576,0.23957484017618616,25.27762711864407,3.897677486778912,328.20508474576275,42.9474266458613,1.72135593220339,1.0273205750479286,1,0,NA,NA,NA,NA,NA,NA,NA,NA,NA,NA,NA,NA,NA,NA,NA,NA,NA,NA,NA,NA,NA,NA,NA,NA,NA,NA,NA,NA,NA,NA,NA,NA,NA,NA,NA,NA,KaVontae,Turpin,DAL,WR,29,-2
WR,16788,average,NA,NA,NA,NA,NA,NA,1.34,1.7753872816937717,0,0,0.1,0.05773502691896258,28.414285714285715,12.682064575800027,335.7142857142857,167.71375841565524,2.057142857142857,1.09217999563128,NA,NA,NA,NA,NA,NA,NA,NA,NA,NA,NA,NA,NA,NA,NA,NA,NA,NA,NA,NA,NA,NA,NA,NA,NA,NA,NA,NA,NA,NA,NA,NA,NA,NA,NA,NA,NA,NA,Devaughn,Vele,NOS,WR,28,-4
WR,16788,robust,0,NA,NA,NA,NA,NA,0.85,1.9866840000000001,0,0,0.1,0,27.75,12.009060000000002,320.25,136.39919999999998,1.925,1.03782,0,NA,0,NA,0,NA,0,NA,NA,NA,NA,NA,NA,NA,NA,NA,NA,NA,NA,NA,NA,NA,NA,NA,NA,NA,NA,NA,NA,NA,NA,NA,NA,NA,NA,NA,NA,NA,Devaughn,Vele,NOS,WR,28,-4
WR,16788,weighted,NA,NA,NA,NA,NA,NA,1.2865717674970345,1.932489723242438,0,0,0.08315539739027285,0.041026107913402894,27.65693950177936,13.760282781423216,330.8896797153025,180.6818700206566,2.0384341637010674,1.171329629516423,NA,NA,NA,NA,NA,NA,NA,NA,NA,NA,NA,NA,NA,NA,NA,NA,NA,NA,NA,NA,NA,NA,NA,NA,NA,NA,NA,NA,NA,NA,NA,NA,NA,NA,NA,NA,NA,NA,Devaughn,Vele,NOS,WR,28,-4
WR,15788,average,NA,NA,NA,NA,NA,NA,0,0,0,0,0.05,0.03535533905932738,34.8,5.687266478722444,424.4,87.03332695008275,3.7600000000000002,1.5582040944625966,NA,NA,NA,NA,NA,NA,NA,NA,NA,NA,NA,NA,NA,NA,NA,NA,NA,NA,NA,NA,NA,NA,NA,NA,NA,NA,NA,NA,NA,NA,NA,NA,NA,NA,NA,NA,NA,NA,Jalen,Tolbert,DAL,WR,26,-2
WR,15788,robust,0,NA,NA,NA,NA,NA,0,0,0,0,0.05,0,35.7,4.892579999999995,422,77.09519999999999,3.6,0.8895600000000001,0,NA,0,NA,0,NA,0,NA,NA,NA,NA,NA,NA,NA,NA,NA,NA,NA,NA,NA,NA,NA,NA,NA,NA,NA,NA,NA,NA,NA,NA,NA,NA,NA,NA,NA,NA,NA,Jalen,Tolbert,DAL,WR,26,-2
WR,15788,weighted,NA,NA,NA,NA,NA,NA,0,0,0,0,0.03796610169491526,0.024690381276782566,34.42983050847458,6.639054895027581,422.79661016949154,101.29525568398593,3.7600000000000002,1.792845583440929,NA,NA,NA,NA,NA,NA,NA,NA,NA,NA,NA,NA,NA,NA,NA,NA,NA,NA,NA,NA,NA,NA,NA,NA,NA,NA,NA,NA,NA,NA,NA,NA,NA,NA,NA,NA,NA,NA,Jalen,Tolbert,DAL,WR,26,-2
WR,13348,average,NA,NA,NA,NA,NA,NA,0.5,0.408248290463863,0,0,0.15000000000000002,0.040824829046386304,19.25,9.142027492119384,227.95,91.84993195424806,1.65,1.1090536506409416,NA,NA,NA,NA,NA,NA,NA,NA,NA,NA,NA,NA,NA,NA,NA,NA,NA,NA,NA,NA,NA,NA,NA,NA,NA,NA,NA,NA,NA,NA,NA,NA,NA,NA,NA,NA,NA,NA,David,Moore,CAR,WR,30,3
WR,13348,robust,0,NA,NA,NA,NA,NA,0.5,0.37065,0,0,0.15000000000000002,0.03706499999999999,17.525,4.966710000000002,214.60000000000002,54.70794000000001,1.225,0.22239000000000003,0,NA,0,NA,0,NA,0,NA,NA,NA,NA,NA,NA,NA,NA,NA,NA,NA,NA,NA,NA,NA,NA,NA,NA,NA,NA,NA,NA,NA,NA,NA,NA,NA,NA,NA,NA,NA,David,Moore,CAR,WR,30,3
WR,13348,weighted,NA,NA,NA,NA,NA,NA,0.6617312072892938,0.2866589682752871,0,0,0.16617312072892942,0.0286658968275287,19.28154897494305,11.078028741469874,225.66514806378134,111.48911279317555,1.7439635535307516,1.3186312540663205,NA,NA,NA,NA,NA,NA,NA,NA,NA,NA,NA,NA,NA,NA,NA,NA,NA,NA,NA,NA,NA,NA,NA,NA,NA,NA,NA,NA,NA,NA,NA,NA,NA,NA,NA,NA,NA,NA,David,Moore,CAR,WR,30,3
WR,14858,average,NA,NA,NA,NA,NA,NA,0.6666666666666666,0.816496580927726,0,0,0.05,0.03535533905932738,19.48,5.4140557810203624,241.36,68.84437522412416,1.6199999999999999,0.4816637831516918,NA,NA,NA,NA,NA,NA,NA,NA,NA,NA,NA,NA,NA,NA,NA,NA,NA,NA,NA,NA,NA,NA,NA,NA,NA,NA,NA,NA,NA,NA,NA,NA,NA,NA,NA,NA,NA,NA,Van,Jefferson,TEN,WR,29,0
WR,14858,robust,0,NA,NA,NA,NA,NA,0.6666666666666666,0.9884,0,0,0.05,0,18.9,8.302560000000001,246,71.1648,1.6,0.14826000000000011,0,NA,0,NA,0,NA,0,NA,NA,NA,NA,NA,NA,NA,NA,NA,NA,NA,NA,NA,NA,NA,NA,NA,NA,NA,NA,NA,NA,NA,NA,NA,NA,NA,NA,NA,NA,NA,Van,Jefferson,TEN,WR,29,0
WR,14858,weighted,NA,NA,NA,NA,NA,NA,0.8169491525423729,0.8321945102126397,0,0,0.03796610169491526,0.024690381276782566,18.453559322033897,5.537285963650594,226.6813559322034,67.05273008867043,1.5701694915254238,0.5249983070483707,NA,NA,NA,NA,NA,NA,NA,NA,NA,NA,NA,NA,NA,NA,NA,NA,NA,NA,NA,NA,NA,NA,NA,NA,NA,NA,NA,NA,NA,NA,NA,NA,NA,NA,NA,NA,NA,NA,Van,Jefferson,TEN,WR,29,0
WR,16624,average,NA,NA,NA,NA,NA,NA,1.6666666666666667,2.3570226039551585,0,0,0.39999999999999997,0.2449489742783178,21.65,6.0213509004762935,245.7,80.00141665412349,0.975,0.7762087348130011,NA,NA,NA,NA,NA,NA,NA,NA,NA,NA,NA,NA,NA,NA,NA,NA,NA,NA,NA,NA,NA,NA,NA,NA,NA,NA,NA,NA,NA,NA,NA,NA,NA,NA,NA,NA,NA,NA,Jamari,Thrash,CLE,WR,25,-4
WR,16624,robust,0,NA,NA,NA,NA,NA,1.25,1.2355,0,0,0.39999999999999997,0.22238999999999995,21.575000000000003,5.263230000000001,236.25,56.3388,1,0.6671699999999999,0,NA,0,NA,0,NA,0,NA,NA,NA,NA,NA,NA,NA,NA,NA,NA,NA,NA,NA,NA,NA,NA,NA,NA,NA,NA,NA,NA,NA,NA,NA,NA,NA,NA,NA,NA,NA,Jamari,Thrash,CLE,WR,25,-4
WR,16624,weighted,NA,NA,NA,NA,NA,NA,2.1592592592592594,2.509732089844633,0,0,0.49466666666666664,0.17082732770476802,18.918222222222223,3.664247085073958,208.2266666666667,39.541496104089525,0.6844444444444445,0.56942442568256,NA,NA,NA,NA,NA,NA,NA,NA,NA,NA,NA,NA,NA,NA,NA,NA,NA,NA,NA,NA,NA,NA,NA,NA,NA,NA,NA,NA,NA,NA,NA,NA,NA,NA,NA,NA,NA,NA,Jamari,Thrash,CLE,WR,25,-4
WR,16633,average,NA,NA,NA,NA,NA,NA,13.38,9.988593494581707,0,0,0.05,0.03535533905932738,26.759999999999998,10.699672892196284,321.6,109.88311972273084,1.68,1.1882760622010358,NA,NA,NA,NA,NA,NA,NA,NA,NA,NA,NA,NA,NA,NA,NA,NA,NA,NA,NA,NA,NA,NA,NA,NA,NA,NA,NA,NA,NA,NA,NA,NA,NA,NA,NA,NA,NA,NA,Jordan,Whittington,LAR,WR,25,-4
WR,16633,robust,0,NA,NA,NA,NA,NA,13.9,4.29954,0,0,0.05,0,27.45,14.677739999999996,321.5,127.50359999999999,1.7,1.4826,0,NA,0,NA,0,NA,0,NA,NA,NA,NA,NA,NA,NA,NA,NA,NA,NA,NA,NA,NA,NA,NA,NA,NA,NA,NA,NA,NA,NA,NA,NA,NA,NA,NA,NA,NA,NA,Jordan,Whittington,LAR,WR,25,-4
WR,16633,weighted,NA,NA,NA,NA,NA,NA,13.016949152542374,11.427557462348842,0,0,0.03796610169491526,0.024690381276782566,24.65220338983051,11.326140524530187,299.4457627118644,116.8147987410389,1.5,1.268492988408785,NA,NA,NA,NA,NA,NA,NA,NA,NA,NA,NA,NA,NA,NA,NA,NA,NA,NA,NA,NA,NA,NA,NA,NA,NA,NA,NA,NA,NA,NA,NA,NA,NA,NA,NA,NA,NA,NA,Jordan,Whittington,LAR,WR,25,-4
WR,17157,average,NA,NA,NA,NA,NA,NA,0.75,1.0606601717798212,0,0,0.3,0.11547005383792515,30.82857142857143,15.996428172742634,431.75714285714287,257.8570266455351,2.4714285714285715,1.501903554065402,NA,NA,NA,NA,NA,NA,NA,NA,NA,NA,NA,NA,NA,NA,NA,NA,NA,NA,NA,NA,NA,NA,NA,NA,NA,NA,NA,NA,NA,NA,NA,NA,NA,NA,NA,NA,NA,NA,Isaac,TeSlaa,DET,WR,23,-5
WR,17157,robust,0,NA,NA,NA,NA,NA,0.375,1.11195,0,0,0.3,0,30.25,11.267760000000001,410.075,170.05422,2.5,1.0378200000000002,0,NA,0,NA,0,NA,0,NA,NA,NA,NA,NA,NA,NA,NA,NA,NA,NA,NA,NA,NA,NA,NA,NA,NA,NA,NA,NA,NA,NA,NA,NA,NA,NA,NA,NA,NA,NA,Isaac,TeSlaa,DET,WR,23,-5
WR,17157,weighted,NA,NA,NA,NA,NA,NA,0.8852313167259787,1.105628347963725,0,0,0.33368920521945433,0.08205221582680579,30.350889679715305,17.223205500794954,426.05100830367735,276.6435554716626,2.437722419928826,1.6192671659183855,NA,NA,NA,NA,NA,NA,NA,NA,NA,NA,NA,NA,NA,NA,NA,NA,NA,NA,NA,NA,NA,NA,NA,NA,NA,NA,NA,NA,NA,NA,NA,NA,NA,NA,NA,NA,NA,NA,Isaac,TeSlaa,DET,WR,23,-5
WR,17134,average,NA,NA,NA,NA,NA,NA,9.383333333333333,5.680497826384194,0,0,0.2,0.11547005383792516,31.585714285714285,11.598912100053258,405.5,175.06498793305303,2.185714285714286,0.9529403119268478,NA,NA,NA,NA,NA,NA,NA,NA,NA,NA,NA,NA,NA,NA,NA,NA,NA,NA,NA,NA,NA,NA,NA,NA,NA,NA,NA,NA,NA,NA,NA,NA,NA,NA,NA,NA,NA,NA,Kyle,Williams,NEP,WR,23,-5
WR,17134,robust,0,NA,NA,NA,NA,NA,10.0375,2.9652,0,0,0.2,0,32.5,3.7064999999999997,424,91.17989999999999,2.125,0.7413,0,NA,0,NA,0,NA,0,NA,NA,NA,NA,NA,NA,NA,NA,NA,NA,NA,NA,NA,NA,NA,NA,NA,NA,NA,NA,NA,NA,NA,NA,NA,NA,NA,NA,NA,NA,NA,Kyle,Williams,NEP,WR,23,-5
WR,17134,weighted,NA,NA,NA,NA,NA,NA,8.63562672993278,6.062206664433546,0,0,0.1663107947805457,0.08205221582680579,30.536417556346382,12.488756099960167,390.3333333333333,189.60379431972893,2.1027283511269275,1.0453235181898706,NA,NA,NA,NA,NA,NA,NA,NA,NA,NA,NA,NA,NA,NA,NA,NA,NA,NA,NA,NA,NA,NA,NA,NA,NA,NA,NA,NA,NA,NA,NA,NA,NA,NA,NA,NA,NA,NA,Kyle,Williams,NEP,WR,23,-5
WR,16632,average,NA,NA,NA,NA,NA,NA,2,2.449489742783178,0,0,0.05,0.03535533905932738,13.2,5.552927156014205,186.8,68.33754458568144,1.7209997315168495,1.0566244105552651,NA,NA,NA,NA,NA,NA,NA,NA,NA,NA,NA,NA,NA,NA,NA,NA,NA,NA,NA,NA,NA,NA,NA,NA,NA,NA,NA,NA,NA,NA,NA,NA,NA,NA,NA,NA,NA,NA,Jermaine,Burton,CIN,WR,24,-4
WR,16632,robust,0,NA,NA,NA,NA,NA,2,2.9652,0,0,0.05,0,14,2.5204199999999988,200.4,27.279839999999965,1.7524993287921236,0.7338889902655955,0,NA,0,NA,0,NA,0,NA,NA,NA,NA,NA,NA,NA,NA,NA,NA,NA,NA,NA,NA,NA,NA,NA,NA,NA,NA,NA,NA,NA,NA,NA,NA,NA,NA,NA,NA,NA,Jermaine,Burton,CIN,WR,24,-4
WR,16632,weighted,NA,NA,NA,NA,NA,NA,1.9559322033898308,2.777360143802587,0,0,0.03796610169491526,0.024690381276782566,12.59084745762712,6.080100494768076,182.55525423728815,76.55135420923197,1.648279303797842,1.182307927569984,NA,NA,NA,NA,NA,NA,NA,NA,NA,NA,NA,NA,NA,NA,NA,NA,NA,NA,NA,NA,NA,NA,NA,NA,NA,NA,NA,NA,NA,NA,NA,NA,NA,NA,NA,NA,NA,NA,Jermaine,Burton,CIN,WR,24,-4
WR,13156,average,NA,NA,NA,NA,NA,NA,0.3333333333333333,0.408248290463863,0.03333333333333333,0.040824829046386304,0.05,0.03535533905932738,19.02,7.298081939797607,219.66,78.66910448200106,1.5,0.4795831523312719,NA,NA,NA,NA,NA,NA,NA,NA,NA,NA,NA,NA,NA,NA,NA,NA,NA,NA,NA,NA,NA,NA,NA,NA,NA,NA,NA,NA,NA,NA,NA,NA,NA,NA,NA,NA,NA,NA,JuJu,Smith-Schuster,KCC,WR,29,3
WR,13156,robust,0,NA,NA,NA,NA,NA,0.3333333333333333,0.4942,0.03333333333333333,0.04942,0.05,0,19,10.822980000000001,219,80.50518000000001,1.5,0.5930399999999998,0,NA,0,NA,0,NA,0,NA,NA,NA,NA,NA,NA,NA,NA,NA,NA,NA,NA,NA,NA,NA,NA,NA,NA,NA,NA,NA,NA,NA,NA,NA,NA,NA,NA,NA,NA,NA,JuJu,Smith-Schuster,KCC,WR,29,3
WR,13156,weighted,NA,NA,NA,NA,NA,NA,0.40847457627118644,0.41609725510631984,0.040847457627118645,0.04160972551063198,0.03796610169491526,0.024690381276782566,17.850508474576273,7.676482820375816,208.95254237288137,84.38721446765203,1.4105084745762713,0.4957983732563442,NA,NA,NA,NA,NA,NA,NA,NA,NA,NA,NA,NA,NA,NA,NA,NA,NA,NA,NA,NA,NA,NA,NA,NA,NA,NA,NA,NA,NA,NA,NA,NA,NA,NA,NA,NA,NA,NA,JuJu,Smith-Schuster,KCC,WR,29,3
WR,17078,average,NA,NA,NA,NA,NA,NA,5.1,3.6110940170535577,0,0,0,0,28.45,26.01874324405389,347.35,321.9206346290961,1.75,1.724818831066034,NA,NA,NA,NA,NA,NA,NA,NA,NA,NA,NA,NA,NA,NA,NA,NA,NA,NA,NA,NA,NA,NA,NA,NA,NA,NA,NA,NA,NA,NA,NA,NA,NA,NA,NA,NA,NA,NA,Jack,Bech,LVR,WR,23,-5
WR,17078,robust,0,NA,NA,NA,NA,NA,5.05,4.07715,0,0,0,0,22,3.7064999999999997,273.5,42.179970000000004,1.5,0.7413,0,NA,0,NA,0,NA,0,NA,NA,NA,NA,NA,NA,NA,NA,NA,NA,NA,NA,NA,NA,NA,NA,NA,NA,NA,NA,NA,NA,NA,NA,NA,NA,NA,NA,NA,NA,NA,Jack,Bech,LVR,WR,23,-5
WR,17078,weighted,NA,NA,NA,NA,NA,NA,5.423141654978962,3.7485613580252664,0,0,0,0,28.57840112201964,27.252079588389186,349.15287517531556,337.24974820525694,1.6872370266479666,1.8329648693851694,NA,NA,NA,NA,NA,NA,NA,NA,NA,NA,NA,NA,NA,NA,NA,NA,NA,NA,NA,NA,NA,NA,NA,NA,NA,NA,NA,NA,NA,NA,NA,NA,NA,NA,NA,NA,NA,NA,Jack,Bech,LVR,WR,23,-5
WR,17171,average,NA,NA,NA,NA,NA,NA,6.725,5.5469961841222375,0,0,0,0,14.525,9.716437961859617,169.7,119.69890002279331,1.125,0.8539125638299665,NA,NA,NA,NA,NA,NA,NA,NA,NA,NA,NA,NA,NA,NA,NA,NA,NA,NA,NA,NA,NA,NA,NA,NA,NA,NA,NA,NA,NA,NA,NA,NA,NA,NA,NA,NA,NA,NA,Chimere,Dike,TEN,WR,24,-5
WR,17171,robust,0,NA,NA,NA,NA,NA,6.725,5.9304,0,0,0,0,15.2,7.413000000000002,172.7,99.3342,1.125,0.7413,0,NA,0,NA,0,NA,0,NA,NA,NA,NA,NA,NA,NA,NA,NA,NA,NA,NA,NA,NA,NA,NA,NA,NA,NA,NA,NA,NA,NA,NA,NA,NA,NA,NA,NA,NA,NA,Chimere,Dike,TEN,WR,24,-5
WR,17171,weighted,NA,NA,NA,NA,NA,NA,6.24373576309795,6.6484208287974464,0,0,0,0,13.081093394077449,11.180083514350327,151.50797266514806,137.57538479405176,0.9954441913439637,0.9822520191941378,NA,NA,NA,NA,NA,NA,NA,NA,NA,NA,NA,NA,NA,NA,NA,NA,NA,NA,NA,NA,NA,NA,NA,NA,NA,NA,NA,NA,NA,NA,NA,NA,NA,NA,NA,NA,NA,NA,Chimere,Dike,TEN,WR,24,-5
WR,17080,average,NA,NA,NA,NA,NA,NA,14.8,12.983065893693986,0,0,0,0,23.483333333333334,9.489450282638435,280.5333333333333,135.1885596737633,1.4,0.8,NA,NA,NA,NA,NA,NA,NA,NA,NA,NA,NA,NA,NA,NA,NA,NA,NA,NA,NA,NA,NA,NA,NA,NA,NA,NA,NA,NA,NA,NA,NA,NA,NA,NA,NA,NA,NA,NA,Jaylin,Noel,HOU,WR,23,-5
WR,17080,robust,0,NA,NA,NA,NA,NA,14,17.7912,0,0,0,0,22.5,11.638409999999997,268.1,133.434,1.5,0.44478000000000006,0,NA,0,NA,0,NA,0,NA,NA,NA,NA,NA,NA,NA,NA,NA,NA,NA,NA,NA,NA,NA,NA,NA,NA,NA,NA,NA,NA,NA,NA,NA,NA,NA,NA,NA,NA,NA,Jaylin,Noel,HOU,WR,23,-5
WR,17080,weighted,NA,NA,NA,NA,NA,NA,14.455259467040676,14.18351204081427,0,0,0,0,23.192426367461433,10.326413870988924,277.9649368863955,145.68367906893866,1.3814866760168303,0.8911488022112594,NA,NA,NA,NA,NA,NA,NA,NA,NA,NA,NA,NA,NA,NA,NA,NA,NA,NA,NA,NA,NA,NA,NA,NA,NA,NA,NA,NA,NA,NA,NA,NA,NA,NA,NA,NA,NA,NA,Jaylin,Noel,HOU,WR,23,-5
WR,16393,average,NA,NA,NA,NA,NA,NA,0,0,0.03333333333333333,0.040824829046386304,0.05,0.03535533905932738,14.52,4.459484275115229,162.92,55.26601125465814,1.04,0.15165750888103102,NA,NA,NA,NA,NA,NA,NA,NA,NA,NA,NA,NA,NA,NA,NA,NA,NA,NA,NA,NA,NA,NA,NA,NA,NA,NA,NA,NA,NA,NA,NA,NA,NA,NA,NA,NA,NA,NA,Jake,Bobo,SEA,WR,27,-3
WR,16393,robust,0,NA,NA,NA,NA,NA,0,0,0.03333333333333333,0.04942,0.05,0,14.45,4.892580000000001,157,69.08915999999999,1,0,0,NA,0,NA,0,NA,0,NA,NA,NA,NA,NA,NA,NA,NA,NA,NA,NA,NA,NA,NA,NA,NA,NA,NA,NA,NA,NA,NA,NA,NA,NA,NA,NA,NA,NA,NA,NA,Jake,Bobo,SEA,WR,27,-3
WR,16393,weighted,NA,NA,NA,NA,NA,NA,0,0,0.040847457627118645,0.04160972551063198,0.03796610169491526,0.024690381276782566,13.987118644067797,4.940390607033107,153.66610169491526,58.01487039096027,0.9759322033898306,0.04938076255356512,NA,NA,NA,NA,NA,NA,NA,NA,NA,NA,NA,NA,NA,NA,NA,NA,NA,NA,NA,NA,NA,NA,NA,NA,NA,NA,NA,NA,NA,NA,NA,NA,NA,NA,NA,NA,NA,NA,Jake,Bobo,SEA,WR,27,-3
WR,15288,average,NA,NA,NA,NA,NA,NA,5.26,5.949117581625027,0,0,0,0,27.3,16.497575579460154,295.98571428571427,188.22123887039095,1.3714285714285714,0.6369570517030844,NA,NA,NA,NA,NA,NA,NA,NA,NA,NA,NA,NA,NA,NA,NA,NA,NA,NA,NA,NA,NA,NA,NA,NA,NA,NA,NA,NA,NA,NA,NA,NA,NA,NA,NA,NA,NA,NA,Elijah,Moore,BUF,WR,25,-1
WR,15288,robust,0,NA,NA,NA,NA,NA,4.0649999999999995,1.8680759999999996,0,0,0,0,28.25,23.128559999999997,313.25,266.868,1.5,1.1860799999999998,0,NA,0,NA,0,NA,0,NA,NA,NA,NA,NA,NA,NA,NA,NA,NA,NA,NA,NA,NA,NA,NA,NA,NA,NA,NA,NA,NA,NA,NA,NA,NA,NA,NA,NA,NA,NA,Elijah,Moore,BUF,WR,25,-1
WR,15288,weighted,NA,NA,NA,NA,NA,NA,5.586737841043891,5.969444015650358,0,0,0,0,28.476156583629898,16.83691830090382,307.56227758007117,192.96734652225524,1.378173190984579,0.6905686916142597,NA,NA,NA,NA,NA,NA,NA,NA,NA,NA,NA,NA,NA,NA,NA,NA,NA,NA,NA,NA,NA,NA,NA,NA,NA,NA,NA,NA,NA,NA,NA,NA,NA,NA,NA,NA,NA,NA,Elijah,Moore,BUF,WR,25,-1
WR,13066,average,NA,NA,NA,NA,NA,NA,7,5.196152422706632,0,0,0.5333333333333333,0.3559026084010437,14.28,5.125134144585876,178.26,73.55465994755193,1.06,0.08944271909999157,1,0,NA,NA,NA,NA,NA,NA,NA,NA,NA,NA,NA,NA,NA,NA,NA,NA,NA,NA,NA,NA,NA,NA,NA,NA,NA,NA,NA,NA,NA,NA,NA,NA,NA,NA,NA,NA,Kalif,Raymond,DET,WR,31,4
WR,13066,robust,0,NA,NA,NA,NA,NA,7,7.412999999999999,0,0,0.5333333333333333,0.09883999999999997,13,2.9652,161,38.547599999999996,1.05,0,1,0,0,NA,0,NA,0,NA,NA,NA,NA,NA,NA,NA,NA,NA,NA,NA,NA,NA,NA,NA,NA,NA,NA,NA,NA,NA,NA,NA,NA,NA,NA,NA,NA,NA,NA,NA,Kalif,Raymond,DET,WR,31,4
WR,13066,weighted,NA,NA,NA,NA,NA,NA,7.598305084745762,5.674427309292116,0,0,0.5157062146892656,0.3998527821816583,14.072542372881356,5.873769568147028,175.00169491525426,84.35658161101847,1.048135593220339,0.09876152510713024,1,0,NA,NA,NA,NA,NA,NA,NA,NA,NA,NA,NA,NA,NA,NA,NA,NA,NA,NA,NA,NA,NA,NA,NA,NA,NA,NA,NA,NA,NA,NA,NA,NA,NA,NA,NA,NA,Kalif,Raymond,DET,WR,31,4
WR,16635,average,NA,NA,NA,NA,NA,NA,1,1.224744871391589,0,0,0.25,0.10606601717798214,14.7,2.944486372867092,148.42,28.81287906475158,0.8,0.44721359549995793,NA,NA,NA,NA,NA,NA,NA,NA,NA,NA,NA,NA,NA,NA,NA,NA,NA,NA,NA,NA,NA,NA,NA,NA,NA,NA,NA,NA,NA,NA,NA,NA,NA,NA,NA,NA,NA,NA,Luke,McCaffrey,WAS,WR,24,-4
WR,16635,robust,0,NA,NA,NA,NA,NA,1,1.4826,0,0,0.25,0,14.65,4.4478,149,28.31765999999999,1,0,0,NA,0,NA,0,NA,0,NA,NA,NA,NA,NA,NA,NA,NA,NA,NA,NA,NA,NA,NA,NA,NA,NA,NA,NA,NA,NA,NA,NA,NA,NA,NA,NA,NA,NA,NA,NA,Luke,McCaffrey,WAS,WR,24,-4
WR,16635,weighted,NA,NA,NA,NA,NA,NA,0.9779661016949154,1.3886800719012935,0,0,0.2861016949152543,0.07407114383034771,15.004406779661016,3.2955534635259047,151.14237288135595,32.58061117297417,0.7593220338983051,0.4938076255356513,NA,NA,NA,NA,NA,NA,NA,NA,NA,NA,NA,NA,NA,NA,NA,NA,NA,NA,NA,NA,NA,NA,NA,NA,NA,NA,NA,NA,NA,NA,NA,NA,NA,NA,NA,NA,NA,NA,Luke,McCaffrey,WAS,WR,24,-4
WR,13963,average,NA,NA,NA,NA,NA,NA,2.6666666666666665,2.494438257849294,0,0,0.05,0.040824829046386304,10.8,4.735680169380811,155.3,83.38081314067404,0.65,0.47258156262526085,NA,NA,NA,NA,NA,NA,NA,NA,NA,NA,NA,NA,NA,NA,NA,NA,NA,NA,NA,NA,NA,NA,NA,NA,NA,NA,NA,NA,NA,NA,NA,NA,NA,NA,NA,NA,NA,NA,KhaDarel,Hodge,ATL,WR,30,2
WR,13963,robust,0,NA,NA,NA,NA,NA,2.5,1.9768,0,0,0.05,0.037065,12.05,2.2239,155.3,77.09519999999999,0.7,0.29652,0,NA,0,NA,0,NA,0,NA,NA,NA,NA,NA,NA,NA,NA,NA,NA,NA,NA,NA,NA,NA,NA,NA,NA,NA,NA,NA,NA,NA,NA,NA,NA,NA,NA,NA,NA,NA,KhaDarel,Hodge,ATL,WR,30,2
WR,13963,weighted,NA,NA,NA,NA,NA,NA,2.86712224753227,2.9524255835124236,0,0,0.03382687927107062,0.02866589682752871,10.109339407744875,5.777740324375564,149.876993166287,103.05256078031547,0.5129840546697039,0.5085747267040311,NA,NA,NA,NA,NA,NA,NA,NA,NA,NA,NA,NA,NA,NA,NA,NA,NA,NA,NA,NA,NA,NA,NA,NA,NA,NA,NA,NA,NA,NA,NA,NA,NA,NA,NA,NA,NA,NA,KhaDarel,Hodge,ATL,WR,30,2
WR,12785,average,NA,NA,NA,NA,NA,NA,1.2666666666666666,1.098483803552272,0,0,0,0,12.56,4.1331585984571175,182.42,44.146143659440966,1.5,0.469041575982343,NA,NA,NA,NA,NA,NA,NA,NA,NA,NA,NA,NA,NA,NA,NA,NA,NA,NA,NA,NA,NA,NA,NA,NA,NA,NA,NA,NA,NA,NA,NA,NA,NA,NA,NA,NA,NA,NA,Demarcus,Robinson,SFO,WR,31,4
WR,12785,robust,0,NA,NA,NA,NA,NA,1.2666666666666666,0.6918799999999998,0,0,0,0,12.7,5.337359999999999,179.5,55.00445999999999,1.5,0.44478000000000006,0,NA,0,NA,0,NA,0,NA,NA,NA,NA,NA,NA,NA,NA,NA,NA,NA,NA,NA,NA,NA,NA,NA,NA,NA,NA,NA,NA,NA,NA,NA,NA,NA,NA,NA,NA,NA,Demarcus,Robinson,SFO,WR,31,4
WR,12785,weighted,NA,NA,NA,NA,NA,NA,1.3596610169491525,1.2252345099714264,0,0,0,0,12.429152542372883,4.7547301756686045,178.1864406779661,50.53583157364167,1.405762711864407,0.5042684800162548,NA,NA,NA,NA,NA,NA,NA,NA,NA,NA,NA,NA,NA,NA,NA,NA,NA,NA,NA,NA,NA,NA,NA,NA,NA,NA,NA,NA,NA,NA,NA,NA,NA,NA,NA,NA,NA,NA,Demarcus,Robinson,SFO,WR,31,4
WR,12658,average,NA,NA,NA,NA,NA,NA,15,18.398369492974098,0,0,0,0,11.82,9.006220072816342,122.34,89.43896242689759,0.7531596327285139,0.2727458224544998,NA,NA,NA,NA,NA,NA,NA,NA,NA,NA,NA,NA,NA,NA,NA,NA,NA,NA,NA,NA,NA,NA,NA,NA,NA,NA,NA,NA,NA,NA,NA,NA,NA,NA,NA,NA,NA,NA,Sterling,Shepard,TBB,WR,32,4
WR,12658,robust,0,NA,NA,NA,NA,NA,10,4.4478,0,0,0,0,9,2.2239,99.5,43.44017999999999,0.8,0.2965199999999999,0,NA,0,NA,0,NA,0,NA,NA,NA,NA,NA,NA,NA,NA,NA,NA,NA,NA,NA,NA,NA,NA,NA,NA,NA,NA,NA,NA,NA,NA,NA,NA,NA,NA,NA,NA,NA,Sterling,Shepard,TBB,WR,32,4
WR,12658,weighted,NA,NA,NA,NA,NA,NA,16.583050847457628,20.402878959909863,0,0,0,0,12.537627118644068,10.008208064730036,129.94745762711864,99.22346181334714,0.8013758354406098,0.2958901232158948,NA,NA,NA,NA,NA,NA,NA,NA,NA,NA,NA,NA,NA,NA,NA,NA,NA,NA,NA,NA,NA,NA,NA,NA,NA,NA,NA,NA,NA,NA,NA,NA,NA,NA,NA,NA,NA,NA,Sterling,Shepard,TBB,WR,32,4
WR,17184,average,NA,NA,NA,NA,NA,NA,9.166666666666666,7.94250170496257,0.03333333333333333,0.05773502691896258,0.05,0.05,6.533333333333333,0.7234178138070235,63.86666666666667,25.033044827454233,0.5,0.5,NA,NA,NA,NA,NA,NA,NA,NA,NA,NA,NA,NA,NA,NA,NA,NA,NA,NA,NA,NA,NA,NA,NA,NA,NA,NA,NA,NA,NA,NA,NA,NA,NA,NA,NA,NA,NA,NA,Jaylin,Lane,WAS,WR,23,-5
WR,17184,robust,0,NA,NA,NA,NA,NA,10.25,0.7413,0.025,0,0.05,0.07413,6.625,0.14825999999999948,67.15,3.8547599999999913,0.5,0.7413,0,NA,0,NA,0,NA,0,NA,NA,NA,NA,NA,NA,NA,NA,NA,NA,NA,NA,NA,NA,NA,NA,NA,NA,NA,NA,NA,NA,NA,NA,NA,NA,NA,NA,NA,NA,NA,Jaylin,Lane,WAS,WR,23,-5
WR,17184,weighted,NA,NA,NA,NA,NA,NA,7.351170568561873,9.899494936611665,0,0,0.026254180602006693,0.03535533905932738,6.3826086956521735,0.9192388155425117,57.05351170568562,29.698484809834998,0.5250836120401338,0.7071067811865476,NA,NA,NA,NA,NA,NA,NA,NA,NA,NA,NA,NA,NA,NA,NA,NA,NA,NA,NA,NA,NA,NA,NA,NA,NA,NA,NA,NA,NA,NA,NA,NA,NA,NA,NA,NA,NA,NA,Jaylin,Lane,WAS,WR,23,-5
WR,17175,average,NA,NA,NA,NA,NA,NA,8.625,6.664973743384141,0,0,0.35,0.24748737341529162,11.92,6.5339115390399956,142.2,83.03433024960218,0.54,0.5079370039680118,NA,NA,NA,NA,NA,NA,NA,NA,NA,NA,NA,NA,NA,NA,NA,NA,NA,NA,NA,NA,NA,NA,NA,NA,NA,NA,NA,NA,NA,NA,NA,NA,NA,NA,NA,NA,NA,NA,Arian,Smith,NYJ,WR,24,-5
WR,17175,robust,0,NA,NA,NA,NA,NA,8.625,4.633125,0,0,0.35,0,12,6.819959999999999,149.5,88.95599999999999,0.5,0.44478000000000006,0,NA,0,NA,0,NA,0,NA,NA,NA,NA,NA,NA,NA,NA,NA,NA,NA,NA,NA,NA,NA,NA,NA,NA,NA,NA,NA,NA,NA,NA,NA,NA,NA,NA,NA,NA,NA,Arian,Smith,NYJ,WR,24,-5
WR,17175,weighted,NA,NA,NA,NA,NA,NA,9.2375,7.410389636093051,0,0,0.4342372881355932,0.17283266893747792,11.607457627118645,7.470354832892228,138.36101694915254,94.53454098932275,0.5033898305084746,0.5775460897213291,NA,NA,NA,NA,NA,NA,NA,NA,NA,NA,NA,NA,NA,NA,NA,NA,NA,NA,NA,NA,NA,NA,NA,NA,NA,NA,NA,NA,NA,NA,NA,NA,NA,NA,NA,NA,NA,NA,Arian,Smith,NYJ,WR,24,-5
WR,17096,average,NA,NA,NA,NA,NA,NA,14.525,11.683428435181174,0.03012820512820513,0.04757429568020378,0,0,7.15,1.445683229480096,76.075,29.562744008859077,0.7,0.47609522856952335,NA,NA,NA,NA,NA,NA,NA,NA,NA,NA,NA,NA,NA,NA,NA,NA,NA,NA,NA,NA,NA,NA,NA,NA,NA,NA,NA,NA,NA,NA,NA,NA,NA,NA,NA,NA,NA,NA,Savion,Williams,GBP,WR,24,-5
WR,17096,robust,0,NA,NA,NA,NA,NA,14.525,11.119499999999999,0.015384615384615385,0.015206153846153845,0,0,7.15,1.1860799999999996,77.825,22.9803,0.8500000000000001,0.14825999999999995,0,NA,0,NA,0,NA,0,NA,NA,NA,NA,NA,NA,NA,NA,NA,NA,NA,NA,NA,NA,NA,NA,NA,NA,NA,NA,NA,NA,NA,NA,NA,NA,NA,NA,NA,NA,NA,Savion,Williams,GBP,WR,24,-5
WR,17096,weighted,NA,NA,NA,NA,NA,NA,13.353530751708428,13.885779949589786,0.006541673967642077,0.01171650613409288,0,0,6.956719817767654,1.713539022111084,71.59453302961276,33.95870795625068,0.6765375854214124,0.5733179365505742,NA,NA,NA,NA,NA,NA,NA,NA,NA,NA,NA,NA,NA,NA,NA,NA,NA,NA,NA,NA,NA,NA,NA,NA,NA,NA,NA,NA,NA,NA,NA,NA,NA,NA,NA,NA,NA,NA,Savion,Williams,GBP,WR,24,-5
WR,15787,average,NA,NA,NA,NA,NA,NA,0.5,0.408248290463863,0,0,0,0,7.975,5.442043121230604,114.125,77.69210062805614,0.725,0.4856267428111155,NA,NA,NA,NA,NA,NA,NA,NA,NA,NA,NA,NA,NA,NA,NA,NA,NA,NA,NA,NA,NA,NA,NA,NA,NA,NA,NA,NA,NA,NA,NA,NA,NA,NA,NA,NA,NA,NA,Tyquan,Thornton,KCC,WR,25,-2
WR,15787,robust,0,NA,NA,NA,NA,NA,0.5,0.37065,0,0,0,0,8.325,4.37367,122.125,56.70945,0.925,0.07413000000000006,0,NA,0,NA,0,NA,0,NA,NA,NA,NA,NA,NA,NA,NA,NA,NA,NA,NA,NA,NA,NA,NA,NA,NA,NA,NA,NA,NA,NA,NA,NA,NA,NA,NA,NA,NA,NA,Tyquan,Thornton,KCC,WR,25,-2
WR,15787,weighted,NA,NA,NA,NA,NA,NA,0.6617312072892938,0.2866589682752871,0,0,0,0,8.135763097949887,6.706389941955256,115.9384965831435,95.42102906254694,0.6765375854214124,0.5733179365505742,NA,NA,NA,NA,NA,NA,NA,NA,NA,NA,NA,NA,NA,NA,NA,NA,NA,NA,NA,NA,NA,NA,NA,NA,NA,NA,NA,NA,NA,NA,NA,NA,NA,NA,NA,NA,NA,NA,Tyquan,Thornton,KCC,WR,25,-2
WR,16299,average,NA,NA,NA,NA,NA,NA,36.875,16.157428632056526,0.05751173708920188,0.09604238559699695,0.5333333333333333,0.4109609335312651,5.375,4.952019789944301,51.8,42.11286422618786,0.35017431399010346,0.568521983346349,1,0,NA,NA,NA,NA,NA,NA,NA,NA,NA,NA,NA,NA,NA,NA,NA,NA,NA,NA,NA,NA,NA,NA,NA,NA,NA,NA,NA,NA,NA,NA,NA,NA,NA,NA,NA,NA,Derius,Davis,LAC,WR,25,-3
WR,16299,robust,0,NA,NA,NA,NA,NA,36.875,14.45535,0.022535211267605635,0.02227380281690141,0.55,0.34593999999999997,3.7,1.4826,37.8,13.343400000000003,0.10052294197031039,0.0746468758434548,1,0,0,NA,0,NA,0,NA,NA,NA,NA,NA,NA,NA,NA,NA,NA,NA,NA,NA,NA,NA,NA,NA,NA,NA,NA,NA,NA,NA,NA,NA,NA,NA,NA,NA,NA,NA,Derius,Davis,LAC,WR,25,-3
WR,16299,weighted,NA,NA,NA,NA,NA,NA,38.03416856492027,19.785102766630036,0.009582170318799663,0.017162206168248727,0.5096431283219438,0.49159915806160326,6.17630979498861,5.619225331989336,58.195899772209565,48.149646315580455,0.42026791761835514,0.662707999650147,1,0,NA,NA,NA,NA,NA,NA,NA,NA,NA,NA,NA,NA,NA,NA,NA,NA,NA,NA,NA,NA,NA,NA,NA,NA,NA,NA,NA,NA,NA,NA,NA,NA,NA,NA,NA,NA,Derius,Davis,LAC,WR,25,-3
WR,16778,average,NA,NA,NA,NA,NA,NA,0,0,0,0,0.1,0,7.85,0.21213203435596414,83.8,0.28284271247462306,0.8,0.28284271247461906,NA,NA,NA,NA,NA,NA,NA,NA,NA,NA,NA,NA,NA,NA,NA,NA,NA,NA,NA,NA,NA,NA,NA,NA,NA,NA,NA,NA,NA,NA,NA,NA,NA,NA,NA,NA,NA,NA,Ryan,Flournoy,DAL,WR,26,-4
WR,16778,robust,NA,NA,NA,NA,NA,NA,0,0,0,0,0.1,0,7.85,0.22238999999999987,83.8,0.2965200000000042,0.8,0.29652,NA,NA,NA,NA,NA,NA,NA,NA,NA,NA,NA,NA,NA,NA,NA,NA,NA,NA,NA,NA,NA,NA,NA,NA,NA,NA,NA,NA,NA,NA,NA,NA,NA,NA,NA,NA,NA,NA,Ryan,Flournoy,DAL,WR,26,-4
WR,16778,weighted,NA,NA,NA,NA,NA,NA,0,NA,0,NA,0.10000000000000002,NA,8,NA,84,NA,1,NA,NA,NA,NA,NA,NA,NA,NA,NA,NA,NA,NA,NA,NA,NA,NA,NA,NA,NA,NA,NA,NA,NA,NA,NA,NA,NA,NA,NA,NA,NA,NA,NA,NA,NA,NA,NA,NA,NA,Ryan,Flournoy,DAL,WR,26,-4
WR,13377,average,NA,NA,NA,NA,NA,NA,0.3333333333333333,0.3651483716701107,0,0,0,0,16.733333333333334,11.558315909623973,207.68333333333334,146.39577065839939,1.3166666666666667,1.0127520262466359,NA,NA,NA,NA,NA,NA,NA,NA,NA,NA,NA,NA,NA,NA,NA,NA,NA,NA,NA,NA,NA,NA,NA,NA,NA,NA,NA,NA,NA,NA,NA,NA,NA,NA,NA,NA,NA,NA,Tim,Patrick,JAC,WR,32,3
WR,13377,robust,0,NA,NA,NA,NA,NA,0.3333333333333333,0.2471,0,0,0,0,14.8,7.561260000000001,174.55,104.44917,1.1,0.81543,0,NA,0,NA,0,NA,0,NA,NA,NA,NA,NA,NA,NA,NA,NA,NA,NA,NA,NA,NA,NA,NA,NA,NA,NA,NA,NA,NA,NA,NA,NA,NA,NA,NA,NA,NA,NA,Tim,Patrick,JAC,WR,32,3
WR,13377,weighted,NA,NA,NA,NA,NA,NA,0.39490740740740743,0.36619272328156405,0,0,0,0,17.849444444444444,11.83936550226214,221.59166666666667,149.77487603293267,1.4130555555555557,1.053851010014698,NA,NA,NA,NA,NA,NA,NA,NA,NA,NA,NA,NA,NA,NA,NA,NA,NA,NA,NA,NA,NA,NA,NA,NA,NA,NA,NA,NA,NA,NA,NA,NA,NA,NA,NA,NA,NA,NA,Tim,Patrick,JAC,WR,32,3
WR,16416,average,NA,NA,NA,NA,NA,NA,5.233333333333333,4.224005471376928,0,0,0.5,0.408248290463863,4.45,2.6901053263146903,43.825,28.89733263353788,0.11804018040180403,0.19102637949221604,1,0,NA,NA,NA,NA,NA,NA,NA,NA,NA,NA,NA,NA,NA,NA,NA,NA,NA,NA,NA,NA,NA,NA,NA,NA,NA,NA,NA,NA,NA,NA,NA,NA,NA,NA,NA,NA,Xavier,Gipson,PHI,WR,24,-3
WR,16416,robust,0,NA,NA,NA,NA,NA,4.85,3.1381699999999997,0,0,0.5,0.37065,4.45,2.52042,42.75,24.462899999999998,0.05412054120541206,0.053492742927429275,1,0,0,NA,0,NA,0,NA,NA,NA,NA,NA,NA,NA,NA,NA,NA,NA,NA,NA,NA,NA,NA,NA,NA,NA,NA,NA,NA,NA,NA,NA,NA,NA,NA,NA,NA,NA,Xavier,Gipson,PHI,WR,24,-3
WR,16416,weighted,NA,NA,NA,NA,NA,NA,5.70303720577069,4.929962715398781,0,0,0.49772209567198183,0.4911260095970689,3.3799544419134397,2.2823921307645465,30.580865603644643,18.073441327444847,0.02301253080867939,0.0412167374458864,1,0,NA,NA,NA,NA,NA,NA,NA,NA,NA,NA,NA,NA,NA,NA,NA,NA,NA,NA,NA,NA,NA,NA,NA,NA,NA,NA,NA,NA,NA,NA,NA,NA,NA,NA,NA,NA,Xavier,Gipson,PHI,WR,24,-3
WR,17192,average,NA,NA,NA,NA,NA,NA,1.25,1.25,0,0,0,0,1.9333333333333333,1.1015141094572205,29.566666666666666,14.503907519469827,0.06666666666666667,0.11547005383792516,NA,NA,NA,NA,NA,NA,NA,NA,NA,NA,NA,NA,NA,NA,NA,NA,NA,NA,NA,NA,NA,NA,NA,NA,NA,NA,NA,NA,NA,NA,NA,NA,NA,NA,NA,NA,NA,NA,Jordan,Watkins,SFO,WR,23,-5
WR,17192,robust,0,NA,NA,NA,NA,NA,1.25,1.8532499999999998,0,0,0,0,1.95,1.4826,30.175,15.863820000000004,0.05,0,0,NA,0,NA,0,NA,0,NA,NA,NA,NA,NA,NA,NA,NA,NA,NA,NA,NA,NA,NA,NA,NA,NA,NA,NA,NA,NA,NA,NA,NA,NA,NA,NA,NA,NA,NA,NA,Jordan,Watkins,SFO,WR,23,-5
WR,17192,weighted,NA,NA,NA,NA,NA,NA,0.6563545150501673,0.8838834764831844,0,0,0,0,1.4301003344481604,0.8485281374238571,23.451505016722408,12.727922061357855,0,0,NA,NA,NA,NA,NA,NA,NA,NA,NA,NA,NA,NA,NA,NA,NA,NA,NA,NA,NA,NA,NA,NA,NA,NA,NA,NA,NA,NA,NA,NA,NA,NA,NA,NA,NA,NA,NA,NA,Jordan,Watkins,SFO,WR,23,-5
WR,17269,average,NA,NA,NA,NA,NA,NA,0,0,0,0,0,0,4.95,0.0707106781186545,56.95,0.07071067811865576,0.2,0.28284271247461906,NA,NA,NA,NA,NA,NA,NA,NA,NA,NA,NA,NA,NA,NA,NA,NA,NA,NA,NA,NA,NA,NA,NA,NA,NA,NA,NA,NA,NA,NA,NA,NA,NA,NA,NA,NA,NA,NA,Efton,Chism,NEP,WR,24,-5
WR,17269,robust,NA,NA,NA,NA,NA,NA,0,0,0,0,0,0,4.95,0.07412999999999974,56.95,0.07413000000000106,0.2,0.29652,NA,NA,NA,NA,NA,NA,NA,NA,NA,NA,NA,NA,NA,NA,NA,NA,NA,NA,NA,NA,NA,NA,NA,NA,NA,NA,NA,NA,NA,NA,NA,NA,NA,NA,NA,NA,NA,NA,Efton,Chism,NEP,WR,24,-5
WR,17269,weighted,NA,NA,NA,NA,NA,NA,0,NA,0,NA,0,NA,5,NA,57,NA,0,NA,NA,NA,NA,NA,NA,NA,NA,NA,NA,NA,NA,NA,NA,NA,NA,NA,NA,NA,NA,NA,NA,NA,NA,NA,NA,NA,NA,NA,NA,NA,NA,NA,NA,NA,NA,NA,NA,NA,Efton,Chism,NEP,WR,24,-5
WR,14280,average,NA,NA,NA,NA,NA,NA,4.5,4.5,0.2,0.2,0,0,8.333333333333334,9.372477438400871,107.66666666666667,130.08202540448596,0.30000000000000004,0.4358898943540674,NA,NA,NA,NA,NA,NA,NA,NA,NA,NA,NA,NA,NA,NA,NA,NA,NA,NA,NA,NA,NA,NA,NA,NA,NA,NA,NA,NA,NA,NA,NA,NA,NA,NA,NA,NA,NA,NA,Scotty,Miller,PIT,WR,28,1
WR,14280,robust,0,NA,NA,NA,NA,NA,4.5,6.6716999999999995,0.2,0.29652,0,0,7.2250000000000005,2.8169399999999998,92.5,41.5128,0.25,0.14826,0,NA,0,NA,0,NA,0,NA,NA,NA,NA,NA,NA,NA,NA,NA,NA,NA,NA,NA,NA,NA,NA,NA,NA,NA,NA,NA,NA,NA,NA,NA,NA,NA,NA,NA,NA,NA,Scotty,Miller,PIT,WR,28,1
WR,14280,weighted,NA,NA,NA,NA,NA,NA,6.637123745819397,3.181980515339464,0.29498327759197324,0.14142135623730953,0,0,10.121070234113713,12.091525958289964,132.03010033444815,168.2914139223983,0.37993311036789296,0.5656854249492381,NA,NA,NA,NA,NA,NA,NA,NA,NA,NA,NA,NA,NA,NA,NA,NA,NA,NA,NA,NA,NA,NA,NA,NA,NA,NA,NA,NA,NA,NA,NA,NA,NA,NA,NA,NA,NA,NA,Scotty,Miller,PIT,WR,28,1
WR,16199,average,NA,NA,NA,NA,NA,NA,2.533333333333333,2.6398653164297774,0,0,0,0,5.425,1.1026483271348728,68.975,8.09130191419568,0.09905721716514954,0.14143392576710426,NA,NA,NA,NA,NA,NA,NA,NA,NA,NA,NA,NA,NA,NA,NA,NA,NA,NA,NA,NA,NA,NA,NA,NA,NA,NA,NA,NA,NA,NA,NA,NA,NA,NA,NA,NA,NA,NA,Trey,Palmer,NOS,WR,24,-3
WR,16199,robust,0,NA,NA,NA,NA,NA,2.4,2.1744799999999995,0,0,0,0,5.425,1.1860799999999996,68.975,8.080170000000004,0.07217165149544863,0.07133446033810142,0,NA,0,NA,0,NA,0,NA,NA,NA,NA,NA,NA,NA,NA,NA,NA,NA,NA,NA,NA,NA,NA,NA,NA,NA,NA,NA,NA,NA,NA,NA,NA,NA,NA,NA,NA,NA,Trey,Palmer,NOS,WR,24,-3
WR,16199,weighted,NA,NA,NA,NA,NA,NA,2.690053151100987,3.1464436854087765,0,0,0,0,5.027790432801823,0.9334770148320821,66.04783599088839,7.548115448562493,0.030688021896318324,0.05496397383451244,NA,NA,NA,NA,NA,NA,NA,NA,NA,NA,NA,NA,NA,NA,NA,NA,NA,NA,NA,NA,NA,NA,NA,NA,NA,NA,NA,NA,NA,NA,NA,NA,NA,NA,NA,NA,NA,NA,Trey,Palmer,NOS,WR,24,-3
WR,13308,average,NA,NA,NA,NA,NA,NA,0,0,0,0,0,0,2.6,3.5791060336346563,25.8,37.87769792371232,0.19999999999999998,0.34641016151377546,NA,NA,NA,NA,NA,NA,NA,NA,NA,NA,NA,NA,NA,NA,NA,NA,NA,NA,NA,NA,NA,NA,NA,NA,NA,NA,NA,NA,NA,NA,NA,NA,NA,NA,NA,NA,NA,NA,Jamal,Agnew,ATL,WR,30,3
WR,13308,robust,0,NA,NA,NA,NA,NA,0,0,0,0,0,0,2.2,1.3343399999999999,21.1,8.8956,0.15,0,0,NA,0,NA,0,NA,0,NA,NA,NA,NA,NA,NA,NA,NA,NA,NA,NA,NA,NA,NA,NA,NA,NA,NA,NA,NA,NA,NA,NA,NA,NA,NA,NA,NA,NA,NA,NA,Jamal,Agnew,ATL,WR,30,3
WR,13308,weighted,NA,NA,NA,NA,NA,NA,0,0,0,0,0,0,0.5725752508361204,0.6363961030678928,4.150501672240803,4.242640687119285,0,0,NA,NA,NA,NA,NA,NA,NA,NA,NA,NA,NA,NA,NA,NA,NA,NA,NA,NA,NA,NA,NA,NA,NA,NA,NA,NA,NA,NA,NA,NA,NA,NA,NA,NA,NA,NA,NA,NA,Jamal,Agnew,ATL,WR,30,3
WR,17097,average,NA,NA,NA,NA,NA,NA,3.425,2.737128970289855,0,0,0,0,12.52,14.190736414999751,161.24,204.02178315072143,0.8,0.8366600265340756,NA,NA,NA,NA,NA,NA,NA,NA,NA,NA,NA,NA,NA,NA,NA,NA,NA,NA,NA,NA,NA,NA,NA,NA,NA,NA,NA,NA,NA,NA,NA,NA,NA,NA,NA,NA,NA,NA,Tai,Felton,MIN,WR,22,-5
WR,17097,robust,0,NA,NA,NA,NA,NA,3.425,2.557485,0,0,0,0,10,8.8956,118.2,112.97412,1,1.4826,0,NA,0,NA,0,NA,0,NA,NA,NA,NA,NA,NA,NA,NA,NA,NA,NA,NA,NA,NA,NA,NA,NA,NA,NA,NA,NA,NA,NA,NA,NA,NA,NA,NA,NA,NA,NA,Tai,Felton,MIN,WR,22,-5
WR,17097,weighted,NA,NA,NA,NA,NA,NA,3.7343861209964406,2.898005606435263,0,0,0,0,12.085409252669038,15.66160379344035,157.08540925266902,224.48527780739758,0.686832740213523,0.9341099417705455,NA,NA,NA,NA,NA,NA,NA,NA,NA,NA,NA,NA,NA,NA,NA,NA,NA,NA,NA,NA,NA,NA,NA,NA,NA,NA,NA,NA,NA,NA,NA,NA,NA,NA,NA,NA,NA,NA,Tai,Felton,MIN,WR,22,-5
WR,17086,average,NA,NA,NA,NA,NA,NA,2.7,2.4819347291981715,0,0,0,0,12.25,7.067602139339764,147.56666666666666,91.00509143265923,1.0333333333333332,0.6377042156569663,NA,NA,NA,NA,NA,NA,NA,NA,NA,NA,NA,NA,NA,NA,NA,NA,NA,NA,NA,NA,NA,NA,NA,NA,NA,NA,NA,NA,NA,NA,NA,NA,NA,NA,NA,NA,NA,NA,Jalen,Royals,KCC,WR,22,-5
WR,17086,robust,0,NA,NA,NA,NA,NA,2.6,3.7064999999999997,0,0,0,0,11.5,5.1891,146,91.17990000000002,1,0.14825999999999995,0,NA,0,NA,0,NA,0,NA,NA,NA,NA,NA,NA,NA,NA,NA,NA,NA,NA,NA,NA,NA,NA,NA,NA,NA,NA,NA,NA,NA,NA,NA,NA,NA,NA,NA,NA,NA,Jalen,Royals,KCC,WR,22,-5
WR,17086,weighted,NA,NA,NA,NA,NA,NA,2.77124824684432,2.7417721202133065,0,0,0,0,11.71304347826087,7.819521172063942,142.08415147265077,100.39872858101438,0.9971949509116411,0.7037008519230713,NA,NA,NA,NA,NA,NA,NA,NA,NA,NA,NA,NA,NA,NA,NA,NA,NA,NA,NA,NA,NA,NA,NA,NA,NA,NA,NA,NA,NA,NA,NA,NA,NA,NA,NA,NA,NA,NA,Jalen,Royals,KCC,WR,22,-5
WR,17234,average,NA,NA,NA,NA,NA,NA,1,0.816496580927726,0,0,0,0,8.1,3.225936556516056,91.36666666666666,49.220614470858536,0.4980133229559835,0.41698789121641566,NA,NA,NA,NA,NA,NA,NA,NA,NA,NA,NA,NA,NA,NA,NA,NA,NA,NA,NA,NA,NA,NA,NA,NA,NA,NA,NA,NA,NA,NA,NA,NA,NA,NA,NA,NA,NA,NA,Jimmy,Horn,CAR,WR,23,-5
WR,17234,robust,0,NA,NA,NA,NA,NA,1,0.7413,0,0,0,0,8.125,2.8910700000000014,93.04999999999998,41.98229000000001,0.4980133229559835,0.44477999999999995,0,NA,0,NA,0,NA,0,NA,NA,NA,NA,NA,NA,NA,NA,NA,NA,NA,NA,NA,NA,NA,NA,NA,NA,NA,NA,NA,NA,NA,NA,NA,NA,NA,NA,NA,NA,NA,Jimmy,Horn,CAR,WR,23,-5
WR,17234,weighted,NA,NA,NA,NA,NA,NA,1.3234624145785876,0.5733179365505742,0,0,0,0,8.0498861047836,3.8801312107229506,88.93067577828398,58.97667552268117,0.45911700869329763,0.49493575218332175,NA,NA,NA,NA,NA,NA,NA,NA,NA,NA,NA,NA,NA,NA,NA,NA,NA,NA,NA,NA,NA,NA,NA,NA,NA,NA,NA,NA,NA,NA,NA,NA,NA,NA,NA,NA,NA,NA,Jimmy,Horn,CAR,WR,23,-5
WR,13893,average,NA,NA,NA,NA,NA,NA,0,0,0,0,0,0,6.166666666666667,4.329357150124408,60.6,26.37953752437673,0.5666666666666667,0.6658328118479393,NA,NA,NA,NA,NA,NA,NA,NA,NA,NA,NA,NA,NA,NA,NA,NA,NA,NA,NA,NA,NA,NA,NA,NA,NA,NA,NA,NA,NA,NA,NA,NA,NA,NA,NA,NA,NA,NA,Trent,Sherfield,DEN,WR,29,2
WR,13893,robust,0,NA,NA,NA,NA,NA,0,0,0,0,0,0,5.725,2.0756400000000004,58.65,20.459879999999995,0.525,0.59304,0,NA,0,NA,0,NA,0,NA,NA,NA,NA,NA,NA,NA,NA,NA,NA,NA,NA,NA,NA,NA,NA,NA,NA,NA,NA,NA,NA,NA,NA,NA,NA,NA,NA,NA,NA,NA,Trent,Sherfield,DEN,WR,29,2
WR,13893,weighted,NA,NA,NA,NA,NA,NA,0,0,0,0,0,0,6.846822742474916,5.727564927611035,63.220735785953174,36.062445840513924,0.6173913043478261,0.9192388155425119,NA,NA,NA,NA,NA,NA,NA,NA,NA,NA,NA,NA,NA,NA,NA,NA,NA,NA,NA,NA,NA,NA,NA,NA,NA,NA,NA,NA,NA,NA,NA,NA,NA,NA,NA,NA,NA,NA,Trent,Sherfield,DEN,WR,29,2
WR,15766,average,NA,NA,NA,NA,NA,NA,0.5,0.5,0,0,0,0,3.2666666666666666,2.013289182738867,43.699999999999996,24.830827614076817,0.13333333333333333,0.23094010767585033,NA,NA,NA,NA,NA,NA,NA,NA,NA,NA,NA,NA,NA,NA,NA,NA,NA,NA,NA,NA,NA,NA,NA,NA,NA,NA,NA,NA,NA,NA,NA,NA,NA,NA,NA,NA,NA,NA,Skyy,Moore,SFO,WR,25,-2
WR,15766,robust,0,NA,NA,NA,NA,NA,0.5,0.7413,0,0,0,0,3.2,2.37216,44.775,26.83505999999999,0.1,0,0,NA,0,NA,0,NA,0,NA,NA,NA,NA,NA,NA,NA,NA,NA,NA,NA,NA,NA,NA,NA,NA,NA,NA,NA,NA,NA,NA,NA,NA,NA,NA,NA,NA,NA,NA,NA,Skyy,Moore,SFO,WR,25,-2
WR,15766,weighted,NA,NA,NA,NA,NA,NA,0.7374581939799331,0.3535533905932738,0,0,0,0,2.2401337792642138,1.1313708498984762,33.27759197324415,21.920310216782973,0,0,NA,NA,NA,NA,NA,NA,NA,NA,NA,NA,NA,NA,NA,NA,NA,NA,NA,NA,NA,NA,NA,NA,NA,NA,NA,NA,NA,NA,NA,NA,NA,NA,NA,NA,NA,NA,NA,NA,Skyy,Moore,SFO,WR,25,-2
WR,16975,average,NA,NA,NA,NA,NA,NA,0,0,0,0,0,0,3.2,0.28284271247461895,38.1,0.14142135623731153,0.1,0.14142135623730953,NA,NA,NA,NA,NA,NA,NA,NA,NA,NA,NA,NA,NA,NA,NA,NA,NA,NA,NA,NA,NA,NA,NA,NA,NA,NA,NA,NA,NA,NA,NA,NA,NA,NA,NA,NA,NA,NA,Bryce,Oliver,TEN,WR,25,-4
WR,16975,robust,NA,NA,NA,NA,NA,NA,0,0,0,0,0,0,3.2,0.2965199999999999,38.1,0.1482600000000021,0.1,0.14826,NA,NA,NA,NA,NA,NA,NA,NA,NA,NA,NA,NA,NA,NA,NA,NA,NA,NA,NA,NA,NA,NA,NA,NA,NA,NA,NA,NA,NA,NA,NA,NA,NA,NA,NA,NA,NA,NA,Bryce,Oliver,TEN,WR,25,-4
WR,16975,weighted,NA,NA,NA,NA,NA,NA,0,NA,0,NA,0,NA,3,NA,38,NA,0,NA,NA,NA,NA,NA,NA,NA,NA,NA,NA,NA,NA,NA,NA,NA,NA,NA,NA,NA,NA,NA,NA,NA,NA,NA,NA,NA,NA,NA,NA,NA,NA,NA,NA,NA,NA,NA,NA,NA,Bryce,Oliver,TEN,WR,25,-4
WR,14845,average,NA,NA,NA,NA,NA,NA,0,0,0,0,0,0,17,0,242,0,2,0,NA,NA,NA,NA,NA,NA,NA,NA,NA,NA,NA,NA,NA,NA,NA,NA,NA,NA,NA,NA,NA,NA,NA,NA,NA,NA,NA,NA,NA,NA,NA,NA,NA,NA,NA,NA,NA,NA,Gabriel,Davis,BUF,WR,26,0
WR,14845,robust,NA,NA,NA,NA,NA,NA,0,0,0,0,0,0,17,0,242,0,2,0,NA,NA,NA,NA,NA,NA,NA,NA,NA,NA,NA,NA,NA,NA,NA,NA,NA,NA,NA,NA,NA,NA,NA,NA,NA,NA,NA,NA,NA,NA,NA,NA,NA,NA,NA,NA,NA,NA,Gabriel,Davis,BUF,WR,26,0
WR,14845,weighted,NA,NA,NA,NA,NA,NA,0,NA,0,NA,0,NA,17,NA,242,NA,2,NA,NA,NA,NA,NA,NA,NA,NA,NA,NA,NA,NA,NA,NA,NA,NA,NA,NA,NA,NA,NA,NA,NA,NA,NA,NA,NA,NA,NA,NA,NA,NA,NA,NA,NA,NA,NA,NA,NA,Gabriel,Davis,BUF,WR,26,0
WR,15941,average,NA,NA,NA,NA,NA,NA,1,1.4142135623730951,0,0,0.25,0.3535533905932738,8,10.465180361560904,87.7,118.36967517062806,0.45,0.6363961030678927,NA,NA,NA,NA,NA,NA,NA,NA,NA,NA,NA,NA,NA,NA,NA,NA,NA,NA,NA,NA,NA,NA,NA,NA,NA,NA,NA,NA,NA,NA,NA,NA,NA,NA,NA,NA,NA,NA,Dareke,Young,SEA,WR,26,-2
WR,15941,robust,NA,NA,NA,NA,NA,NA,1,1.4826,0,0,0.25,0.37065,8,10.97124,87.7,124.09362,0.45,0.6671699999999999,NA,NA,NA,NA,NA,NA,NA,NA,NA,NA,NA,NA,NA,NA,NA,NA,NA,NA,NA,NA,NA,NA,NA,NA,NA,NA,NA,NA,NA,NA,NA,NA,NA,NA,NA,NA,NA,NA,Dareke,Young,SEA,WR,26,-2
WR,15941,weighted,NA,NA,NA,NA,NA,NA,2,NA,0,NA,0,NA,0.6,NA,4,NA,0,NA,NA,NA,NA,NA,NA,NA,NA,NA,NA,NA,NA,NA,NA,NA,NA,NA,NA,NA,NA,NA,NA,NA,NA,NA,NA,NA,NA,NA,NA,NA,NA,NA,NA,NA,NA,NA,NA,NA,Dareke,Young,SEA,WR,26,-2
WR,16183,average,NA,NA,NA,NA,NA,NA,0.3333333333333333,0.4714045207910317,0,0,0,0,13.15,1.3503086067019394,155.375,23.92131197628313,0.725,0.4856267428111155,NA,NA,NA,NA,NA,NA,NA,NA,NA,NA,NA,NA,NA,NA,NA,NA,NA,NA,NA,NA,NA,NA,NA,NA,NA,NA,NA,NA,NA,NA,NA,NA,NA,NA,NA,NA,NA,NA,Jalin,Hyatt,NYG,WR,24,-3
WR,16183,robust,0,NA,NA,NA,NA,NA,0.25,0.2471,0,0,0,0,13.15,1.4826,160.875,12.231449999999999,0.925,0.07413000000000006,0,NA,0,NA,0,NA,0,NA,NA,NA,NA,NA,NA,NA,NA,NA,NA,NA,NA,NA,NA,NA,NA,NA,NA,NA,NA,NA,NA,NA,NA,NA,NA,NA,NA,NA,NA,NA,Jalin,Hyatt,NYG,WR,24,-3
WR,16183,weighted,NA,NA,NA,NA,NA,NA,0.43571978444957654,0.5110482825786703,0,0,0,0,13.55011547344111,1.3470139358961535,154.40646651270208,29.11660708769904,0.6720554272517322,0.5751322565153084,NA,NA,NA,NA,NA,NA,NA,NA,NA,NA,NA,NA,NA,NA,NA,NA,NA,NA,NA,NA,NA,NA,NA,NA,NA,NA,NA,NA,NA,NA,NA,NA,NA,NA,NA,NA,NA,NA,Jalin,Hyatt,NYG,WR,24,-3
WR,14123,average,NA,NA,NA,NA,NA,NA,0,0,0,0,0,0,16.4,0.8485281374238566,161.65,8.980256121069145,0.95,0.07071067811865474,NA,NA,NA,NA,NA,NA,NA,NA,NA,NA,NA,NA,NA,NA,NA,NA,NA,NA,NA,NA,NA,NA,NA,NA,NA,NA,NA,NA,NA,NA,NA,NA,NA,NA,NA,NA,NA,NA,Hunter,Renfrow,CAR,WR,30,1
WR,14123,robust,NA,NA,NA,NA,NA,NA,0,0,0,0,0,0,16.4,0.8895599999999995,161.65,9.414509999999991,0.95,0.07412999999999997,NA,NA,NA,NA,NA,NA,NA,NA,NA,NA,NA,NA,NA,NA,NA,NA,NA,NA,NA,NA,NA,NA,NA,NA,NA,NA,NA,NA,NA,NA,NA,NA,NA,NA,NA,NA,NA,NA,Hunter,Renfrow,CAR,WR,30,1
WR,14123,weighted,NA,NA,NA,NA,NA,NA,0,NA,0,NA,0,NA,17,NA,168,NA,1,NA,NA,NA,NA,NA,NA,NA,NA,NA,NA,NA,NA,NA,NA,NA,NA,NA,NA,NA,NA,NA,NA,NA,NA,NA,NA,NA,NA,NA,NA,NA,NA,NA,NA,NA,NA,NA,NA,NA,Hunter,Renfrow,CAR,WR,30,1
WR,13793,average,NA,NA,NA,NA,NA,NA,12,10,0,0,0,0,22.333333333333332,14.189197769195175,350.6666666666667,239.0006973490524,2.1666666666666665,1.6072751268321592,NA,NA,NA,NA,NA,NA,NA,NA,NA,NA,NA,NA,NA,NA,NA,NA,NA,NA,NA,NA,NA,NA,NA,NA,NA,NA,NA,NA,NA,NA,NA,NA,NA,NA,NA,NA,NA,NA,Marquez,Valdes-Scantling,FA,WR,31,2
WR,13793,robust,0,NA,NA,NA,NA,NA,12,14.825999999999999,0,0,0,0,23,14.825999999999999,350.5,352.8588,2,0.7413,0,NA,0,NA,0,NA,0,NA,NA,NA,NA,NA,NA,NA,NA,NA,NA,NA,NA,NA,NA,NA,NA,NA,NA,NA,NA,NA,NA,NA,NA,NA,NA,NA,NA,NA,NA,NA,Marquez,Valdes-Scantling,FA,WR,31,2
WR,13793,weighted,NA,NA,NA,NA,NA,NA,17.220588235294112,7.071067811865475,0,0,0,0,29.77941176470588,7.071067811865475,464.70588235294116,169.70562748477138,2.69485294117647,1.7677669529663687,NA,NA,NA,NA,NA,NA,NA,NA,NA,NA,NA,NA,NA,NA,NA,NA,NA,NA,NA,NA,NA,NA,NA,NA,NA,NA,NA,NA,NA,NA,NA,NA,NA,NA,NA,NA,NA,NA,Marquez,Valdes-Scantling,FA,WR,31,2
WR,15285,average,NA,NA,NA,NA,NA,NA,1.675,2.357081528783706,0,0,0,0,7.95,2.193171219946131,106.875,32.36864480738523,0.55,0.47958315233127197,NA,NA,NA,NA,NA,NA,NA,NA,NA,NA,NA,NA,NA,NA,NA,NA,NA,NA,NA,NA,NA,NA,NA,NA,NA,NA,NA,NA,NA,NA,NA,NA,NA,NA,NA,NA,NA,NA,Tylan,Wallace,BAL,WR,26,-1
WR,15285,robust,0,NA,NA,NA,NA,NA,1.275,1.2602099999999998,0,0,0,0,7.7,1.4826000000000006,98.375,13.343399999999999,0.55,0.51891,0,NA,0,NA,0,NA,0,NA,NA,NA,NA,NA,NA,NA,NA,NA,NA,NA,NA,NA,NA,NA,NA,NA,NA,NA,NA,NA,NA,NA,NA,NA,NA,NA,NA,NA,NA,NA,Tylan,Wallace,BAL,WR,26,-1
WR,15285,weighted,NA,NA,NA,NA,NA,NA,1.6166281755196306,2.865133690871767,0,0,0,0,8.337182448036952,2.4899947077807263,113.23325635103926,36.03767253883005,0.4217090069284065,0.5124914923177325,NA,NA,NA,NA,NA,NA,NA,NA,NA,NA,NA,NA,NA,NA,NA,NA,NA,NA,NA,NA,NA,NA,NA,NA,NA,NA,NA,NA,NA,NA,NA,NA,NA,NA,NA,NA,NA,NA,Tylan,Wallace,BAL,WR,26,-1
WR,16760,average,NA,NA,NA,NA,NA,NA,0,0,0,0,0,0,8.7,1.8384776310850233,109.9,28.42569260369921,0.85,0.21213203435596428,NA,NA,NA,NA,NA,NA,NA,NA,NA,NA,NA,NA,NA,NA,NA,NA,NA,NA,NA,NA,NA,NA,NA,NA,NA,NA,NA,NA,NA,NA,NA,NA,NA,NA,NA,NA,NA,NA,Casey,Washington,ATL,WR,24,-4
WR,16760,robust,NA,NA,NA,NA,NA,NA,0,0,0,0,0,0,8.7,1.9273799999999996,109.9,29.80026,0.85,0.22239000000000003,NA,NA,NA,NA,NA,NA,NA,NA,NA,NA,NA,NA,NA,NA,NA,NA,NA,NA,NA,NA,NA,NA,NA,NA,NA,NA,NA,NA,NA,NA,NA,NA,NA,NA,NA,NA,NA,NA,Casey,Washington,ATL,WR,24,-4
WR,16760,weighted,NA,NA,NA,NA,NA,NA,0,NA,0,NA,0,NA,10,NA,130,NA,1,NA,NA,NA,NA,NA,NA,NA,NA,NA,NA,NA,NA,NA,NA,NA,NA,NA,NA,NA,NA,NA,NA,NA,NA,NA,NA,NA,NA,NA,NA,NA,NA,NA,NA,NA,NA,NA,NA,NA,Casey,Washington,ATL,WR,24,-4
WR,17205,average,NA,NA,NA,NA,NA,NA,3.25,3.2691742076555053,0,0,0,0,15.42,15.621843681204853,228.72,269.10201039754423,1.52,1.9879637823662684,NA,NA,NA,NA,NA,NA,NA,NA,NA,NA,NA,NA,NA,NA,NA,NA,NA,NA,NA,NA,NA,NA,NA,NA,NA,NA,NA,NA,NA,NA,NA,NA,NA,NA,NA,NA,NA,NA,KeAndre,Lambert-Smith,LAC,WR,24,-5
WR,17205,robust,0,NA,NA,NA,NA,NA,3.25,4.07715,0,0,0,0,10.95,8.8956,151.3,133.434,1,0.59304,0,NA,0,NA,0,NA,0,NA,NA,NA,NA,NA,NA,NA,NA,NA,NA,NA,NA,NA,NA,NA,NA,NA,NA,NA,NA,NA,NA,NA,NA,NA,NA,NA,NA,NA,NA,NA,KeAndre,Lambert-Smith,LAC,WR,24,-5
WR,17205,weighted,NA,NA,NA,NA,NA,NA,3.208411214953271,3.837315813822753,0,0,0,0,17.350280373831776,16.954183324160013,258.9663551401869,294.7819049936998,1.7065420560747664,2.208499863260802,NA,NA,NA,NA,NA,NA,NA,NA,NA,NA,NA,NA,NA,NA,NA,NA,NA,NA,NA,NA,NA,NA,NA,NA,NA,NA,NA,NA,NA,NA,NA,NA,NA,NA,NA,NA,NA,NA,KeAndre,Lambert-Smith,LAC,WR,24,-5
WR,16621,average,NA,NA,NA,NA,NA,NA,6.233333333333333,5.25959440768329,0,0,0,0,4.5,2.9137604568666933,62.666666666666664,48.04511768466525,0.6333333333333333,0.40414518843273806,NA,NA,NA,NA,NA,NA,NA,NA,NA,NA,NA,NA,NA,NA,NA,NA,NA,NA,NA,NA,NA,NA,NA,NA,NA,NA,NA,NA,NA,NA,NA,NA,NA,NA,NA,NA,NA,NA,Devontez,Walker,BAL,WR,24,-4
WR,16621,robust,0,NA,NA,NA,NA,NA,5.925,4.89258,0,0,0,0,4.675000000000001,2.6686799999999997,64.75,51.891,0.6499999999999999,0.44478000000000006,0,NA,0,NA,0,NA,0,NA,NA,NA,NA,NA,NA,NA,NA,NA,NA,NA,NA,NA,NA,NA,NA,NA,NA,NA,NA,NA,NA,NA,NA,NA,NA,NA,NA,NA,NA,NA,Devontez,Walker,BAL,WR,24,-4
WR,16621,weighted,NA,NA,NA,NA,NA,NA,8.52482269503546,4.949747468305833,0,0,0,0,4.129787234042553,4.030508652763321,58.163120567375884,67.175144212722,0.5971631205673759,0.565685424949238,NA,NA,NA,NA,NA,NA,NA,NA,NA,NA,NA,NA,NA,NA,NA,NA,NA,NA,NA,NA,NA,NA,NA,NA,NA,NA,NA,NA,NA,NA,NA,NA,NA,NA,NA,NA,NA,NA,Devontez,Walker,BAL,WR,24,-4
WR,17077,average,NA,NA,NA,NA,NA,NA,2,0,0,0,0,0,4,0,40,0,1,0,NA,NA,NA,NA,NA,NA,NA,NA,NA,NA,NA,NA,NA,NA,NA,NA,NA,NA,NA,NA,NA,NA,NA,NA,NA,NA,NA,NA,NA,NA,NA,NA,NA,NA,NA,NA,NA,NA,Xavier,Restrepo,TEN,WR,23,-5
WR,17077,robust,NA,NA,NA,NA,NA,NA,2,0,0,0,0,0,4,0,40,0,1,0,NA,NA,NA,NA,NA,NA,NA,NA,NA,NA,NA,NA,NA,NA,NA,NA,NA,NA,NA,NA,NA,NA,NA,NA,NA,NA,NA,NA,NA,NA,NA,NA,NA,NA,NA,NA,NA,NA,Xavier,Restrepo,TEN,WR,23,-5
WR,17077,weighted,NA,NA,NA,NA,NA,NA,2,NA,0,NA,0,NA,4,NA,40,NA,1,NA,NA,NA,NA,NA,NA,NA,NA,NA,NA,NA,NA,NA,NA,NA,NA,NA,NA,NA,NA,NA,NA,NA,NA,NA,NA,NA,NA,NA,NA,NA,NA,NA,NA,NA,NA,NA,NA,NA,Xavier,Restrepo,TEN,WR,23,-5
WR,16413,average,NA,NA,NA,NA,NA,NA,1,1.4142135623730951,0,0,0,0,14.3,12.020815280171309,123.5,81.31727983645297,1.45,1.4849242404917498,NA,NA,NA,NA,NA,NA,NA,NA,NA,NA,NA,NA,NA,NA,NA,NA,NA,NA,NA,NA,NA,NA,NA,NA,NA,NA,NA,NA,NA,NA,NA,NA,NA,NA,NA,NA,NA,NA,Malik,Heath,GBP,WR,25,-3
WR,16413,robust,NA,NA,NA,NA,NA,NA,1,1.4826,0,0,0,0,14.3,12.6021,123.5,85.2495,1.45,1.5567299999999997,NA,NA,NA,NA,NA,NA,NA,NA,NA,NA,NA,NA,NA,NA,NA,NA,NA,NA,NA,NA,NA,NA,NA,NA,NA,NA,NA,NA,NA,NA,NA,NA,NA,NA,NA,NA,NA,NA,Malik,Heath,GBP,WR,25,-3
WR,16413,weighted,NA,NA,NA,NA,NA,NA,0,NA,0,NA,0,NA,22.8,NA,181,NA,2.5,NA,NA,NA,NA,NA,NA,NA,NA,NA,NA,NA,NA,NA,NA,NA,NA,NA,NA,NA,NA,NA,NA,NA,NA,NA,NA,NA,NA,NA,NA,NA,NA,NA,NA,NA,NA,NA,NA,NA,Malik,Heath,GBP,WR,25,-3
WR,15589,average,NA,NA,NA,NA,NA,NA,0,0,0,0,0,0,3.1500000000000004,3.1819805153394642,38.8,39.315137033972036,0.2,0.28284271247461906,NA,NA,NA,NA,NA,NA,NA,NA,NA,NA,NA,NA,NA,NA,NA,NA,NA,NA,NA,NA,NA,NA,NA,NA,NA,NA,NA,NA,NA,NA,NA,NA,NA,NA,NA,NA,NA,NA,Cody,White,SEA,WR,27,0
WR,15589,robust,NA,NA,NA,NA,NA,NA,0,0,0,0,0,0,3.1500000000000004,3.3358499999999998,38.8,41.21627999999999,0.2,0.29652,NA,NA,NA,NA,NA,NA,NA,NA,NA,NA,NA,NA,NA,NA,NA,NA,NA,NA,NA,NA,NA,NA,NA,NA,NA,NA,NA,NA,NA,NA,NA,NA,NA,NA,NA,NA,NA,NA,Cody,White,SEA,WR,27,0
WR,15589,weighted,NA,NA,NA,NA,NA,NA,0,NA,0,NA,0,NA,0.9,NA,11,NA,0,NA,NA,NA,NA,NA,NA,NA,NA,NA,NA,NA,NA,NA,NA,NA,NA,NA,NA,NA,NA,NA,NA,NA,NA,NA,NA,NA,NA,NA,NA,NA,NA,NA,NA,NA,NA,NA,NA,NA,Cody,White,SEA,WR,27,0
WR,15759,average,NA,NA,NA,NA,NA,NA,1.5,1.5,0,0,0,0,7.4,1.4422205101855956,72.06666666666666,3.9004273270160184,0.15278592375366568,0.15007759364236792,NA,NA,NA,NA,NA,NA,NA,NA,NA,NA,NA,NA,NA,NA,NA,NA,NA,NA,NA,NA,NA,NA,NA,NA,NA,NA,NA,NA,NA,NA,NA,NA,NA,NA,NA,NA,NA,NA,John,Metchie,NYJ,WR,25,-2
WR,15759,robust,0,NA,NA,NA,NA,NA,1.5,2.2239,0,0,0,0,7.3,1.1860799999999996,72.05,5.633879999999995,0.15417888563049853,0.20999876832844577,0,NA,0,NA,0,NA,0,NA,NA,NA,NA,NA,NA,NA,NA,NA,NA,NA,NA,NA,NA,NA,NA,NA,NA,NA,NA,NA,NA,NA,NA,NA,NA,NA,NA,NA,NA,NA,John,Metchie,NYJ,WR,25,-2
WR,15759,weighted,NA,NA,NA,NA,NA,NA,2.2553191489361697,1.060660171779821,0,0,0,0,8.00709219858156,1.414213562373095,74.0141843971631,2.82842712474619,0.07861733325014036,0.11197585391223917,NA,NA,NA,NA,NA,NA,NA,NA,NA,NA,NA,NA,NA,NA,NA,NA,NA,NA,NA,NA,NA,NA,NA,NA,NA,NA,NA,NA,NA,NA,NA,NA,NA,NA,NA,NA,NA,NA,John,Metchie,NYJ,WR,25,-2
WR,16858,average,NA,NA,NA,NA,NA,NA,0,0,0,0,0,0,7.949999999999999,3.889087296526011,67.4,17.819090885901,0.2,0.28284271247461906,NA,NA,NA,NA,NA,NA,NA,NA,NA,NA,NA,NA,NA,NA,NA,NA,NA,NA,NA,NA,NA,NA,NA,NA,NA,NA,NA,NA,NA,NA,NA,NA,NA,NA,NA,NA,NA,NA,Mason,Tipton,NOS,WR,25,-4
WR,16858,robust,NA,NA,NA,NA,NA,NA,0,0,0,0,0,0,7.949999999999999,4.077149999999999,67.4,18.68076,0.2,0.29652,NA,NA,NA,NA,NA,NA,NA,NA,NA,NA,NA,NA,NA,NA,NA,NA,NA,NA,NA,NA,NA,NA,NA,NA,NA,NA,NA,NA,NA,NA,NA,NA,NA,NA,NA,NA,NA,NA,Mason,Tipton,NOS,WR,25,-4
WR,16858,weighted,NA,NA,NA,NA,NA,NA,0,NA,0,NA,0,NA,10.7,NA,80,NA,0,NA,NA,NA,NA,NA,NA,NA,NA,NA,NA,NA,NA,NA,NA,NA,NA,NA,NA,NA,NA,NA,NA,NA,NA,NA,NA,NA,NA,NA,NA,NA,NA,NA,NA,NA,NA,NA,NA,NA,Mason,Tipton,NOS,WR,25,-4
WR,15491,average,NA,NA,NA,NA,NA,NA,0,0,0,0,0,0,10.133333333333333,7.86468901694996,124.3,98.37870704578303,0.43333333333333335,0.5131601439446883,NA,NA,NA,NA,NA,NA,NA,NA,NA,NA,NA,NA,NA,NA,NA,NA,NA,NA,NA,NA,NA,NA,NA,NA,NA,NA,NA,NA,NA,NA,NA,NA,NA,NA,NA,NA,NA,NA,Ben,Skowronek,PIT,WR,28,-1
WR,15491,robust,0,NA,NA,NA,NA,NA,0,0,0,0,0,0,9.45,5.04084,116.975,75.76086,0.4,0.44477999999999995,0,NA,0,NA,0,NA,0,NA,NA,NA,NA,NA,NA,NA,NA,NA,NA,NA,NA,NA,NA,NA,NA,NA,NA,NA,NA,NA,NA,NA,NA,NA,NA,NA,NA,NA,NA,NA,Ben,Skowronek,PIT,WR,28,-1
WR,15491,weighted,NA,NA,NA,NA,NA,NA,0,0,0,0,0,0,13.37815699658703,8.202438661763951,166.63481228668942,98.2878425849301,0.515358361774744,0.7071067811865475,NA,NA,NA,NA,NA,NA,NA,NA,NA,NA,NA,NA,NA,NA,NA,NA,NA,NA,NA,NA,NA,NA,NA,NA,NA,NA,NA,NA,NA,NA,NA,NA,NA,NA,NA,NA,NA,NA,Ben,Skowronek,PIT,WR,28,-1
WR,16634,average,NA,NA,NA,NA,NA,NA,0,0,0,0,0,0,1.8,2.262741699796952,21.45,26.092240225783602,0.15,0.21213203435596426,NA,NA,NA,NA,NA,NA,NA,NA,NA,NA,NA,NA,NA,NA,NA,NA,NA,NA,NA,NA,NA,NA,NA,NA,NA,NA,NA,NA,NA,NA,NA,NA,NA,NA,NA,NA,NA,NA,Xavier,Weaver,ARI,WR,25,-4
WR,16634,robust,NA,NA,NA,NA,NA,NA,0,0,0,0,0,0,1.8,2.37216,21.45,27.353969999999997,0.15,0.22238999999999998,NA,NA,NA,NA,NA,NA,NA,NA,NA,NA,NA,NA,NA,NA,NA,NA,NA,NA,NA,NA,NA,NA,NA,NA,NA,NA,NA,NA,NA,NA,NA,NA,NA,NA,NA,NA,NA,NA,Xavier,Weaver,ARI,WR,25,-4
WR,16634,weighted,NA,NA,NA,NA,NA,NA,0,NA,0,NA,0,NA,0.2,NA,3,NA,0,NA,NA,NA,NA,NA,NA,NA,NA,NA,NA,NA,NA,NA,NA,NA,NA,NA,NA,NA,NA,NA,NA,NA,NA,NA,NA,NA,NA,NA,NA,NA,NA,NA,NA,NA,NA,NA,NA,NA,Xavier,Weaver,ARI,WR,25,-4
WR,13776,average,NA,NA,NA,NA,NA,NA,0,0,0,0,0,0,6.25,4.17193000900063,76.4,44.68914857098981,0.6,0.565685424949238,NA,NA,NA,NA,NA,NA,NA,NA,NA,NA,NA,NA,NA,NA,NA,NA,NA,NA,NA,NA,NA,NA,NA,NA,NA,NA,NA,NA,NA,NA,NA,NA,NA,NA,NA,NA,NA,NA,Justin,Watson,HOU,WR,29,2
WR,13776,robust,NA,NA,NA,NA,NA,NA,0,0,0,0,0,0,6.25,4.37367,76.4,46.85016,0.6,0.59304,NA,NA,NA,NA,NA,NA,NA,NA,NA,NA,NA,NA,NA,NA,NA,NA,NA,NA,NA,NA,NA,NA,NA,NA,NA,NA,NA,NA,NA,NA,NA,NA,NA,NA,NA,NA,NA,NA,Justin,Watson,HOU,WR,29,2
WR,13776,weighted,NA,NA,NA,NA,NA,NA,0,NA,0,NA,0,NA,9.2,NA,108,NA,1,NA,NA,NA,NA,NA,NA,NA,NA,NA,NA,NA,NA,NA,NA,NA,NA,NA,NA,NA,NA,NA,NA,NA,NA,NA,NA,NA,NA,NA,NA,NA,NA,NA,NA,NA,NA,NA,NA,NA,Justin,Watson,HOU,WR,29,2
WR,16203,average,NA,NA,NA,NA,NA,NA,1.85,0.21213203435596428,0,0,0,0,4.3,1.4142135623730951,45.55,9.121677477306463,0.1,0.14142135623730953,NA,NA,NA,NA,NA,NA,NA,NA,NA,NA,NA,NA,NA,NA,NA,NA,NA,NA,NA,NA,NA,NA,NA,NA,NA,NA,NA,NA,NA,NA,NA,NA,NA,NA,NA,NA,NA,NA,Charlie,Jones,CIN,WR,27,-3
WR,16203,robust,NA,NA,NA,NA,NA,NA,1.85,0.22239000000000003,0,0,0,0,4.3,1.4826,45.55,9.562769999999999,0.1,0.14826,NA,NA,NA,NA,NA,NA,NA,NA,NA,NA,NA,NA,NA,NA,NA,NA,NA,NA,NA,NA,NA,NA,NA,NA,NA,NA,NA,NA,NA,NA,NA,NA,NA,NA,NA,NA,NA,NA,Charlie,Jones,CIN,WR,27,-3
WR,16203,weighted,NA,NA,NA,NA,NA,NA,2,NA,0,NA,0,NA,5.3,NA,52,NA,0,NA,NA,NA,NA,NA,NA,NA,NA,NA,NA,NA,NA,NA,NA,NA,NA,NA,NA,NA,NA,NA,NA,NA,NA,NA,NA,NA,NA,NA,NA,NA,NA,NA,NA,NA,NA,NA,NA,NA,Charlie,Jones,CIN,WR,27,-3
WR,15302,average,NA,NA,NA,NA,NA,NA,0.85,1.2020815280171306,0,0,0,0,1.9,1.414213562373095,20.2,17.253405460951758,0.1,0.14142135623730953,NA,NA,NA,NA,NA,NA,NA,NA,NA,NA,NA,NA,NA,NA,NA,NA,NA,NA,NA,NA,NA,NA,NA,NA,NA,NA,NA,NA,NA,NA,NA,NA,NA,NA,NA,NA,NA,NA,Dee,Eskridge,MIA,WR,28,-1
WR,15302,robust,NA,NA,NA,NA,NA,NA,0.85,1.2602099999999998,0,0,0,0,1.9,1.4826,20.2,18.087719999999997,0.1,0.14826,NA,NA,NA,NA,NA,NA,NA,NA,NA,NA,NA,NA,NA,NA,NA,NA,NA,NA,NA,NA,NA,NA,NA,NA,NA,NA,NA,NA,NA,NA,NA,NA,NA,NA,NA,NA,NA,NA,Dee,Eskridge,MIA,WR,28,-1
WR,15302,weighted,NA,NA,NA,NA,NA,NA,0,NA,0,NA,0,NA,0.9,NA,8,NA,0,NA,NA,NA,NA,NA,NA,NA,NA,NA,NA,NA,NA,NA,NA,NA,NA,NA,NA,NA,NA,NA,NA,NA,NA,NA,NA,NA,NA,NA,NA,NA,NA,NA,NA,NA,NA,NA,NA,NA,Dee,Eskridge,MIA,WR,28,-1
WR,16949,average,NA,NA,NA,NA,NA,NA,-0.05,0.07071067811865477,0,0,0,0,1.35,1.7677669529663689,15,19.79898987322333,0.05,0.07071067811865477,NA,NA,NA,NA,NA,NA,NA,NA,NA,NA,NA,NA,NA,NA,NA,NA,NA,NA,NA,NA,NA,NA,NA,NA,NA,NA,NA,NA,NA,NA,NA,NA,NA,NA,NA,NA,NA,NA,Brycen,Tremayne,CAR,WR,26,-3
WR,16949,robust,NA,NA,NA,NA,NA,NA,-0.05,0.07413,0,0,0,0,1.35,1.8532499999999998,15,20.7564,0.05,0.07413,NA,NA,NA,NA,NA,NA,NA,NA,NA,NA,NA,NA,NA,NA,NA,NA,NA,NA,NA,NA,NA,NA,NA,NA,NA,NA,NA,NA,NA,NA,NA,NA,NA,NA,NA,NA,NA,NA,Brycen,Tremayne,CAR,WR,26,-3
WR,16949,weighted,NA,NA,NA,NA,NA,NA,-0.1,NA,0,NA,0,NA,0.1,NA,1,NA,0,NA,NA,NA,NA,NA,NA,NA,NA,NA,NA,NA,NA,NA,NA,NA,NA,NA,NA,NA,NA,NA,NA,NA,NA,NA,NA,NA,NA,NA,NA,NA,NA,NA,NA,NA,NA,NA,NA,NA,Brycen,Tremayne,CAR,WR,26,-3
WR,12394,average,NA,NA,NA,NA,NA,NA,4.5,2.1213203435596424,0,0,0.75,0.3535533905932738,4.95,1.4849242404917498,49.7,14.56639969244288,0,0,NA,NA,NA,NA,NA,NA,NA,NA,NA,NA,NA,NA,NA,NA,NA,NA,NA,NA,NA,NA,NA,NA,NA,NA,NA,NA,NA,NA,NA,NA,NA,NA,NA,NA,NA,NA,NA,NA,DeAndre,Carter,CLE,WR,32,5
WR,12394,robust,NA,NA,NA,NA,NA,NA,4.5,2.2239,0,0,0.75,0.37065,4.95,1.55673,49.7,15.27078,0,0,NA,NA,NA,NA,NA,NA,NA,NA,NA,NA,NA,NA,NA,NA,NA,NA,NA,NA,NA,NA,NA,NA,NA,NA,NA,NA,NA,NA,NA,NA,NA,NA,NA,NA,NA,NA,NA,NA,DeAndre,Carter,CLE,WR,32,5
WR,12394,weighted,NA,NA,NA,NA,NA,NA,6,NA,0,NA,1,NA,6,NA,60,NA,0,NA,NA,NA,NA,NA,NA,NA,NA,NA,NA,NA,NA,NA,NA,NA,NA,NA,NA,NA,NA,NA,NA,NA,NA,NA,NA,NA,NA,NA,NA,NA,NA,NA,NA,NA,NA,NA,NA,NA,DeAndre,Carter,CLE,WR,32,5
WR,16636,average,NA,NA,NA,NA,NA,NA,1,1.4142135623730951,0,0,0,0,2.05,1.3435028842544403,16.5,17.67766952966369,0,0,NA,NA,NA,NA,NA,NA,NA,NA,NA,NA,NA,NA,NA,NA,NA,NA,NA,NA,NA,NA,NA,NA,NA,NA,NA,NA,NA,NA,NA,NA,NA,NA,NA,NA,NA,NA,NA,NA,Malachi,Corley,CLE,WR,23,-4
WR,16636,robust,NA,NA,NA,NA,NA,NA,1,1.4826,0,0,0,0,2.05,1.4084699999999999,16.5,18.5325,0,0,NA,NA,NA,NA,NA,NA,NA,NA,NA,NA,NA,NA,NA,NA,NA,NA,NA,NA,NA,NA,NA,NA,NA,NA,NA,NA,NA,NA,NA,NA,NA,NA,NA,NA,NA,NA,NA,NA,Malachi,Corley,CLE,WR,23,-4
WR,16636,weighted,NA,NA,NA,NA,NA,NA,0,NA,0,NA,0,NA,1.1,NA,4,NA,0,NA,NA,NA,NA,NA,NA,NA,NA,NA,NA,NA,NA,NA,NA,NA,NA,NA,NA,NA,NA,NA,NA,NA,NA,NA,NA,NA,NA,NA,NA,NA,NA,NA,NA,NA,NA,NA,NA,NA,Malachi,Corley,CLE,WR,23,-4
WR,17254,average,NA,NA,NA,NA,NA,NA,0,0,0,0,0,0,3.25,2.0506096654409878,31.6,14.70782104868019,0.1,0.14142135623730953,NA,NA,NA,NA,NA,NA,NA,NA,NA,NA,NA,NA,NA,NA,NA,NA,NA,NA,NA,NA,NA,NA,NA,NA,NA,NA,NA,NA,NA,NA,NA,NA,NA,NA,NA,NA,NA,NA,Konata,Mumpfield,LAR,WR,23,-5
WR,17254,robust,NA,NA,NA,NA,NA,NA,0,0,0,0,0,0,3.25,2.14977,31.6,15.419039999999999,0.1,0.14826,NA,NA,NA,NA,NA,NA,NA,NA,NA,NA,NA,NA,NA,NA,NA,NA,NA,NA,NA,NA,NA,NA,NA,NA,NA,NA,NA,NA,NA,NA,NA,NA,NA,NA,NA,NA,NA,NA,Konata,Mumpfield,LAR,WR,23,-5
WR,17254,weighted,NA,NA,NA,NA,NA,NA,0,NA,0,NA,0,NA,4.7,NA,42,NA,0,NA,NA,NA,NA,NA,NA,NA,NA,NA,NA,NA,NA,NA,NA,NA,NA,NA,NA,NA,NA,NA,NA,NA,NA,NA,NA,NA,NA,NA,NA,NA,NA,NA,NA,NA,NA,NA,NA,NA,Konata,Mumpfield,LAR,WR,23,-5
WR,16451,average,NA,NA,NA,NA,NA,NA,0,0,0,0,0,0,0.8,0.9899494936611666,10.55,13.50573952066306,0.1,0,NA,NA,NA,NA,NA,NA,NA,NA,NA,NA,NA,NA,NA,NA,NA,NA,NA,NA,NA,NA,NA,NA,NA,NA,NA,NA,NA,NA,NA,NA,NA,NA,NA,NA,NA,NA,NA,NA,Tyrell,Shavers,BUF,WR,26,-3
WR,16451,robust,NA,NA,NA,NA,NA,NA,0,0,0,0,0,0,0.8,1.03782,10.55,14.15883,0.1,0,NA,NA,NA,NA,NA,NA,NA,NA,NA,NA,NA,NA,NA,NA,NA,NA,NA,NA,NA,NA,NA,NA,NA,NA,NA,NA,NA,NA,NA,NA,NA,NA,NA,NA,NA,NA,NA,NA,Tyrell,Shavers,BUF,WR,26,-3
WR,16451,weighted,NA,NA,NA,NA,NA,NA,0,NA,0,NA,0,NA,0.1,NA,1,NA,0.1,NA,NA,NA,NA,NA,NA,NA,NA,NA,NA,NA,NA,NA,NA,NA,NA,NA,NA,NA,NA,NA,NA,NA,NA,NA,NA,NA,NA,NA,NA,NA,NA,NA,NA,NA,NA,NA,NA,NA,Tyrell,Shavers,BUF,WR,26,-3
WR,14315,average,NA,NA,NA,NA,NA,NA,13.85,17.182694782833106,0,0,0.05,0.07071067811865477,0.95,1.0606601717798212,12.2,10.182337649086284,0.15000000000000002,0.07071067811865477,NA,NA,NA,NA,NA,NA,NA,NA,NA,NA,NA,NA,NA,NA,NA,NA,NA,NA,NA,NA,NA,NA,NA,NA,NA,NA,NA,NA,NA,NA,NA,NA,NA,NA,NA,NA,NA,NA,Ashton,Dulin,IND,WR,28,1
WR,14315,robust,NA,NA,NA,NA,NA,NA,13.85,18.01359,0,0,0.05,0.07413,0.95,1.11195,12.2,10.674719999999999,0.15000000000000002,0.07413,NA,NA,NA,NA,NA,NA,NA,NA,NA,NA,NA,NA,NA,NA,NA,NA,NA,NA,NA,NA,NA,NA,NA,NA,NA,NA,NA,NA,NA,NA,NA,NA,NA,NA,NA,NA,NA,NA,Ashton,Dulin,IND,WR,28,1
WR,14315,weighted,NA,NA,NA,NA,NA,NA,26,NA,0,NA,0.1,NA,0.2,NA,5,NA,0.2,NA,NA,NA,NA,NA,NA,NA,NA,NA,NA,NA,NA,NA,NA,NA,NA,NA,NA,NA,NA,NA,NA,NA,NA,NA,NA,NA,NA,NA,NA,NA,NA,NA,NA,NA,NA,NA,NA,NA,Ashton,Dulin,IND,WR,28,1
WR,17303,average,NA,NA,NA,NA,NA,NA,0,0,0,0,0,0,1.7999999999999998,0.14142135623730948,16.05,4.313351365237941,0.05,0.07071067811865477,NA,NA,NA,NA,NA,NA,NA,NA,NA,NA,NA,NA,NA,NA,NA,NA,NA,NA,NA,NA,NA,NA,NA,NA,NA,NA,NA,NA,NA,NA,NA,NA,NA,NA,NA,NA,NA,NA,Beaux,Collins,NYG,WR,23,-5
WR,17303,robust,NA,NA,NA,NA,NA,NA,0,0,0,0,0,0,1.7999999999999998,0.14825999999999995,16.05,4.521930000000001,0.05,0.07413,NA,NA,NA,NA,NA,NA,NA,NA,NA,NA,NA,NA,NA,NA,NA,NA,NA,NA,NA,NA,NA,NA,NA,NA,NA,NA,NA,NA,NA,NA,NA,NA,NA,NA,NA,NA,NA,NA,Beaux,Collins,NYG,WR,23,-5
WR,17303,weighted,NA,NA,NA,NA,NA,NA,0,NA,0,NA,0,NA,1.9000000000000001,NA,13,NA,0,NA,NA,NA,NA,NA,NA,NA,NA,NA,NA,NA,NA,NA,NA,NA,NA,NA,NA,NA,NA,NA,NA,NA,NA,NA,NA,NA,NA,NA,NA,NA,NA,NA,NA,NA,NA,NA,NA,NA,Beaux,Collins,NYG,WR,23,-5
WR,16958,average,NA,NA,NA,NA,NA,NA,0,0,0,0,0,0,7.1000000000000005,8.909545442950499,66.35,80.11519830843584,1,1.2727922061357855,NA,NA,NA,NA,NA,NA,NA,NA,NA,NA,NA,NA,NA,NA,NA,NA,NA,NA,NA,NA,NA,NA,NA,NA,NA,NA,NA,NA,NA,NA,NA,NA,NA,NA,NA,NA,NA,NA,Ryan,Miller,TBB,WR,25,-3
WR,16958,robust,NA,NA,NA,NA,NA,NA,0,0,0,0,0,0,7.1000000000000005,9.34038,66.35,83.98929,1,1.3343399999999999,NA,NA,NA,NA,NA,NA,NA,NA,NA,NA,NA,NA,NA,NA,NA,NA,NA,NA,NA,NA,NA,NA,NA,NA,NA,NA,NA,NA,NA,NA,NA,NA,NA,NA,NA,NA,NA,NA,Ryan,Miller,TBB,WR,25,-3
WR,16958,weighted,NA,NA,NA,NA,NA,NA,0,NA,0,NA,0,NA,13.4,NA,123,NA,1.9000000000000001,NA,NA,NA,NA,NA,NA,NA,NA,NA,NA,NA,NA,NA,NA,NA,NA,NA,NA,NA,NA,NA,NA,NA,NA,NA,NA,NA,NA,NA,NA,NA,NA,NA,NA,NA,NA,NA,NA,NA,Ryan,Miller,TBB,WR,25,-3
WR,16428,average,NA,NA,NA,NA,NA,NA,11.3,2.4041630560342617,0.05,0.07071067811865477,0.25,0.3535533905932738,3,2.8284271247461903,33.5,31.81980515339464,0,0,NA,NA,NA,NA,NA,NA,NA,NA,NA,NA,NA,NA,NA,NA,NA,NA,NA,NA,NA,NA,NA,NA,NA,NA,NA,NA,NA,NA,NA,NA,NA,NA,NA,NA,NA,NA,NA,NA,Xavier,Smith,LAR,WR,28,-3
WR,16428,robust,NA,NA,NA,NA,NA,NA,11.3,2.52042,0.05,0.07413,0.25,0.37065,3,2.9652,33.5,33.3585,0,0,NA,NA,NA,NA,NA,NA,NA,NA,NA,NA,NA,NA,NA,NA,NA,NA,NA,NA,NA,NA,NA,NA,NA,NA,NA,NA,NA,NA,NA,NA,NA,NA,NA,NA,NA,NA,NA,NA,Xavier,Smith,LAR,WR,28,-3
WR,16428,weighted,NA,NA,NA,NA,NA,NA,13,NA,0,NA,0,NA,5,NA,56,NA,0,NA,NA,NA,NA,NA,NA,NA,NA,NA,NA,NA,NA,NA,NA,NA,NA,NA,NA,NA,NA,NA,NA,NA,NA,NA,NA,NA,NA,NA,NA,NA,NA,NA,NA,NA,NA,NA,NA,NA,Xavier,Smith,LAR,WR,28,-3
WR,16204,average,NA,NA,NA,NA,NA,NA,10,10,0,0,0,0,9.1,14.904026301640776,109.33333333333333,179.079125900629,0.3333333333333333,0.5773502691896257,NA,NA,NA,NA,NA,NA,NA,NA,NA,NA,NA,NA,NA,NA,NA,NA,NA,NA,NA,NA,NA,NA,NA,NA,NA,NA,NA,NA,NA,NA,NA,NA,NA,NA,NA,NA,NA,NA,Tank,Dell,HOU,WR,26,-3
WR,16204,robust,0,NA,NA,NA,NA,NA,10,14.825999999999999,0,0,0,0,7.075,1.4826,85,17.7912,0.25,0,0,NA,0,NA,0,NA,0,NA,NA,NA,NA,NA,NA,NA,NA,NA,NA,NA,NA,NA,NA,NA,NA,NA,NA,NA,NA,NA,NA,NA,NA,NA,NA,NA,NA,NA,NA,NA,Tank,Dell,HOU,WR,26,-3
WR,16204,weighted,NA,NA,NA,NA,NA,NA,15.220588235294116,7.071067811865475,0,0,0,0,13.730147058823528,18.5969083452062,164.9705882352941,223.445742854949,0.5220588235294117,0.7071067811865475,NA,NA,NA,NA,NA,NA,NA,NA,NA,NA,NA,NA,NA,NA,NA,NA,NA,NA,NA,NA,NA,NA,NA,NA,NA,NA,NA,NA,NA,NA,NA,NA,NA,NA,NA,NA,NA,NA,Tank,Dell,HOU,WR,26,-3
WR,16640,average,NA,NA,NA,NA,NA,NA,15.25,9.545941546018392,0,0,0,0,6.35,8.980256121069154,83.5,118.08683245815344,0.5,0.7071067811865476,NA,NA,NA,NA,NA,NA,NA,NA,NA,NA,NA,NA,NA,NA,NA,NA,NA,NA,NA,NA,NA,NA,NA,NA,NA,NA,NA,NA,NA,NA,NA,NA,NA,NA,NA,NA,NA,NA,Jacob,Cowing,SFO,WR,24,-4
WR,16640,robust,NA,NA,NA,NA,NA,NA,15.25,10.00755,0,0,0,0,6.35,9.414509999999998,83.5,123.79709999999999,0.5,0.7413,NA,NA,NA,NA,NA,NA,NA,NA,NA,NA,NA,NA,NA,NA,NA,NA,NA,NA,NA,NA,NA,NA,NA,NA,NA,NA,NA,NA,NA,NA,NA,NA,NA,NA,NA,NA,NA,NA,Jacob,Cowing,SFO,WR,24,-4
WR,16640,weighted,NA,NA,NA,NA,NA,NA,22,NA,0,NA,0,NA,12.7,NA,167,NA,1,NA,NA,NA,NA,NA,NA,NA,NA,NA,NA,NA,NA,NA,NA,NA,NA,NA,NA,NA,NA,NA,NA,NA,NA,NA,NA,NA,NA,NA,NA,NA,NA,NA,NA,NA,NA,NA,NA,NA,Jacob,Cowing,SFO,WR,24,-4
WR,16422,average,NA,NA,NA,NA,NA,NA,0,0,0,0,0,0,0.3,0.282842712474619,3.75,3.8890872965260113,0,0,NA,NA,NA,NA,NA,NA,NA,NA,NA,NA,NA,NA,NA,NA,NA,NA,NA,NA,NA,NA,NA,NA,NA,NA,NA,NA,NA,NA,NA,NA,NA,NA,NA,NA,NA,NA,NA,NA,Nikko,Remigio,KCC,WR,26,-3
WR,16422,robust,NA,NA,NA,NA,NA,NA,0,0,0,0,0,0,0.3,0.29652,3.75,4.07715,0,0,NA,NA,NA,NA,NA,NA,NA,NA,NA,NA,NA,NA,NA,NA,NA,NA,NA,NA,NA,NA,NA,NA,NA,NA,NA,NA,NA,NA,NA,NA,NA,NA,NA,NA,NA,NA,NA,NA,Nikko,Remigio,KCC,WR,26,-3
WR,16422,weighted,NA,NA,NA,NA,NA,NA,0,NA,0,NA,0,NA,0.1,NA,1,NA,0,NA,NA,NA,NA,NA,NA,NA,NA,NA,NA,NA,NA,NA,NA,NA,NA,NA,NA,NA,NA,NA,NA,NA,NA,NA,NA,NA,NA,NA,NA,NA,NA,NA,NA,NA,NA,NA,NA,NA,Nikko,Remigio,KCC,WR,26,-3
TE,15794,average,NA,NA,NA,NA,NA,NA,1.3333333333333333,0.816496580927726,0.9333333333333332,0.5715476066494081,0.375,0.31339158526400435,101.225,16.24902194858861,1023.625,168.534809884656,5.678307284127019,1.5690751157043368,NA,NA,NA,NA,NA,NA,NA,NA,NA,NA,NA,NA,NA,NA,NA,NA,NA,NA,NA,NA,NA,NA,NA,NA,NA,NA,NA,NA,NA,NA,NA,NA,NA,NA,NA,NA,NA,NA,Trey,McBride,ARI,TE,26,-2
TE,15794,robust,NA,NA,NA,NA,NA,NA,1.3333333333333333,0,0.9333333333333332,0,0.375,0.0926625,104.25,5.1891,1058.75,42.2541,5.756614568254038,1.4826,NA,NA,NA,NA,NA,NA,NA,NA,NA,NA,NA,NA,NA,NA,NA,NA,NA,NA,NA,NA,NA,NA,NA,NA,NA,NA,NA,NA,NA,NA,NA,NA,NA,NA,NA,NA,NA,NA,Trey,McBride,ARI,TE,26,-2
TE,15794,weighted,NA,NA,NA,NA,NA,NA,1.355600539811066,0.8580191815862814,0.9489203778677462,0.6006134271103969,0.3546305668016194,0.33445515134395454,100.84898785425102,17.773906287266886,1018.2135627530364,183.48502370500708,5.598015764668118,1.6631850309034415,NA,NA,NA,NA,NA,NA,NA,NA,NA,NA,NA,NA,NA,NA,NA,NA,NA,NA,NA,NA,NA,NA,NA,NA,NA,NA,NA,NA,NA,NA,NA,NA,NA,NA,NA,NA,NA,NA,Trey,McBride,ARI,TE,26,-2
TE,16641,average,NA,NA,NA,NA,NA,NA,14.5,2.23606797749979,0,0,0.375,0.31339158526400435,98.875,21.061457689343346,1053.05,212.4314141418018,5.809783894868185,1.336035724503974,NA,NA,NA,NA,NA,NA,NA,NA,NA,NA,NA,NA,NA,NA,NA,NA,NA,NA,NA,NA,NA,NA,NA,NA,NA,NA,NA,NA,NA,NA,NA,NA,NA,NA,NA,NA,NA,NA,Brock,Bowers,LVR,TE,23,-4
TE,16641,robust,NA,NA,NA,NA,NA,NA,14.5,0.37065,0,0,0.375,0.0926625,105,7.412999999999999,1115.7,68.19959999999999,6.025,1.0958424101262865,NA,NA,NA,NA,NA,NA,NA,NA,NA,NA,NA,NA,NA,NA,NA,NA,NA,NA,NA,NA,NA,NA,NA,NA,NA,NA,NA,NA,NA,NA,NA,NA,NA,NA,NA,NA,NA,NA,Brock,Bowers,LVR,TE,23,-4
TE,16641,weighted,NA,NA,NA,NA,NA,NA,14.559716599190283,2.4650762817407026,0,0,0.3546305668016194,0.33445515134395454,97.61518218623482,22.772282511353787,1040.3026315789473,229.52232116825974,5.729529605934122,1.4356228155588435,NA,NA,NA,NA,NA,NA,NA,NA,NA,NA,NA,NA,NA,NA,NA,NA,NA,NA,NA,NA,NA,NA,NA,NA,NA,NA,NA,NA,NA,NA,NA,NA,NA,NA,NA,NA,NA,NA,Brock,Bowers,LVR,TE,23,-4
TE,16214,average,NA,NA,NA,NA,NA,NA,1,0.5345224838248488,0,0,0.35,0.30937725468153876,68.525,12.889059591097293,768.1625,130.0752961886746,6.769716127897327,1.3233270934562031,NA,NA,NA,NA,NA,NA,NA,NA,NA,NA,NA,NA,NA,NA,NA,NA,NA,NA,NA,NA,NA,NA,NA,NA,NA,NA,NA,NA,NA,NA,NA,NA,NA,NA,NA,NA,NA,NA,Sam,LaPorta,DET,TE,24,-3
TE,16214,robust,NA,NA,NA,NA,NA,NA,1,0,0,0,0.35,0.03706500000000003,71.75,5.9304,794.9,45.2193,7,0.48757452488231073,NA,NA,NA,NA,NA,NA,NA,NA,NA,NA,NA,NA,NA,NA,NA,NA,NA,NA,NA,NA,NA,NA,NA,NA,NA,NA,NA,NA,NA,NA,NA,NA,NA,NA,NA,NA,NA,NA,Sam,LaPorta,DET,TE,24,-3
TE,16214,weighted,NA,NA,NA,NA,NA,NA,1.0192307692307692,0.5592820358617201,0,0,0.3404352226720648,0.33371247372112833,68.08967611336033,14.018396619227069,761.8795546558704,140.57177505483793,6.720146531389899,1.4354933517245934,NA,NA,NA,NA,NA,NA,NA,NA,NA,NA,NA,NA,NA,NA,NA,NA,NA,NA,NA,NA,NA,NA,NA,NA,NA,NA,NA,NA,NA,NA,NA,NA,NA,NA,NA,NA,NA,NA,Sam,LaPorta,DET,TE,24,-3
TE,17102,average,NA,NA,NA,NA,NA,NA,10.5,7.5687326736854885,0,0,0.525,0.397761594066453,60.7125,13.74475874132183,710.0125,142.85447577867484,4.574936945161556,1.1144160344319403,NA,NA,NA,NA,NA,NA,NA,NA,NA,NA,NA,NA,NA,NA,NA,NA,NA,NA,NA,NA,NA,NA,NA,NA,NA,NA,NA,NA,NA,NA,NA,NA,NA,NA,NA,NA,NA,NA,Tyler,Warren,IND,TE,23,-5
TE,17102,robust,NA,NA,NA,NA,NA,NA,10.5,7.04235,0,0,0.525,0.35211749999999997,61.6,6.523439999999997,701.525,83.0256,4.85,0.22238999999999987,NA,NA,NA,NA,NA,NA,NA,NA,NA,NA,NA,NA,NA,NA,NA,NA,NA,NA,NA,NA,NA,NA,NA,NA,NA,NA,NA,NA,NA,NA,NA,NA,NA,NA,NA,NA,NA,NA,Tyler,Warren,IND,TE,23,-5
TE,17102,weighted,NA,NA,NA,NA,NA,NA,10.824898785425102,8.126826818476179,0,0,0.43980263157894744,0.3498005490617662,60.13461538461538,14.688067964310099,711.0485829959514,152.7449722713579,4.5349538694008285,1.1962918064846493,NA,NA,NA,NA,NA,NA,NA,NA,NA,NA,NA,NA,NA,NA,NA,NA,NA,NA,NA,NA,NA,NA,NA,NA,NA,NA,NA,NA,NA,NA,NA,NA,NA,NA,NA,NA,NA,NA,Tyler,Warren,IND,TE,23,-5
TE,13674,average,NA,NA,NA,NA,NA,NA,7.75,4.547369726399144,0,0,0.375,0.31339158526400435,56.6375,10.14719348954605,623.65,117.60470107221784,4.173742955170431,0.9257040175922543,NA,NA,NA,NA,NA,NA,NA,NA,NA,NA,NA,NA,NA,NA,NA,NA,NA,NA,NA,NA,NA,NA,NA,NA,NA,NA,NA,NA,NA,NA,NA,NA,NA,NA,NA,NA,NA,NA,Dallas,Goedert,PHI,TE,30,2
TE,13674,robust,NA,NA,NA,NA,NA,NA,7.75,2.7798749999999997,0,0,0.375,0.0926625,59.125,4.521930000000001,654.8,41.36453999999996,4,0.44478000000000006,NA,NA,NA,NA,NA,NA,NA,NA,NA,NA,NA,NA,NA,NA,NA,NA,NA,NA,NA,NA,NA,NA,NA,NA,NA,NA,NA,NA,NA,NA,NA,NA,NA,NA,NA,NA,NA,NA,Dallas,Goedert,PHI,TE,30,2
TE,13674,weighted,NA,NA,NA,NA,NA,NA,7.971153846153846,4.814176522200368,0,0,0.3546305668016194,0.33445515134395454,56.44959514170041,11.125317861944376,619.845141700405,128.09841383519552,4.227421734187498,0.9813697201128603,NA,NA,NA,NA,NA,NA,NA,NA,NA,NA,NA,NA,NA,NA,NA,NA,NA,NA,NA,NA,NA,NA,NA,NA,NA,NA,NA,NA,NA,NA,NA,NA,NA,NA,NA,NA,NA,NA,Dallas,Goedert,PHI,TE,30,2
TE,13299,average,NA,NA,NA,NA,NA,NA,0.5,0.2672612419124244,0,0,0.375,0.31339158526400435,71.6625,16.456604188852918,974.075,234.40389898024918,6.705222233200259,1.323689807615797,NA,NA,NA,NA,NA,NA,NA,NA,NA,NA,NA,NA,NA,NA,NA,NA,NA,NA,NA,NA,NA,NA,NA,NA,NA,NA,NA,NA,NA,NA,NA,NA,NA,NA,NA,NA,NA,NA,George,Kittle,SFO,TE,32,3
TE,13299,robust,NA,NA,NA,NA,NA,NA,0.5,0,0,0,0.375,0.0926625,74.92500000000001,5.9304,1030.65,94.58987999999992,7,0.8463999317708146,NA,NA,NA,NA,NA,NA,NA,NA,NA,NA,NA,NA,NA,NA,NA,NA,NA,NA,NA,NA,NA,NA,NA,NA,NA,NA,NA,NA,NA,NA,NA,NA,NA,NA,NA,NA,NA,NA,George,Kittle,SFO,TE,32,3
TE,13299,weighted,NA,NA,NA,NA,NA,NA,0.5096153846153846,0.27964101793086005,0,0,0.3546305668016194,0.33445515134395454,70.88076923076923,17.827435481379048,962.4240890688259,253.45989439749818,6.566225832518491,1.3893693222099173,NA,NA,NA,NA,NA,NA,NA,NA,NA,NA,NA,NA,NA,NA,NA,NA,NA,NA,NA,NA,NA,NA,NA,NA,NA,NA,NA,NA,NA,NA,NA,NA,NA,NA,NA,NA,NA,NA,George,Kittle,SFO,TE,32,3
TE,16213,average,NA,NA,NA,NA,NA,NA,0,0,0,0,0.375,0.31339158526400435,57.2125,11.740581331433296,604.65,97.46446971662472,3.862205855112842,0.9393893504975429,NA,NA,NA,NA,NA,NA,NA,NA,NA,NA,NA,NA,NA,NA,NA,NA,NA,NA,NA,NA,NA,NA,NA,NA,NA,NA,NA,NA,NA,NA,NA,NA,NA,NA,NA,NA,NA,NA,Dalton,Kincaid,BUF,TE,26,-3
TE,16213,robust,NA,NA,NA,NA,NA,NA,0,0,0,0,0.375,0.0926625,59,3.7064999999999997,608.3,46.701899999999995,4,0,NA,NA,NA,NA,NA,NA,NA,NA,NA,NA,NA,NA,NA,NA,NA,NA,NA,NA,NA,NA,NA,NA,NA,NA,NA,NA,NA,NA,NA,NA,NA,NA,NA,NA,NA,NA,NA,NA,Dalton,Kincaid,BUF,TE,26,-3
TE,16213,weighted,NA,NA,NA,NA,NA,NA,0,0,0,0,0.3546305668016194,0.33445515134395454,56.965384615384615,12.791005050858356,604.8684210526316,106.7312197020902,3.819933288782749,1.0007060410763402,NA,NA,NA,NA,NA,NA,NA,NA,NA,NA,NA,NA,NA,NA,NA,NA,NA,NA,NA,NA,NA,NA,NA,NA,NA,NA,NA,NA,NA,NA,NA,NA,NA,NA,NA,NA,NA,NA,Dalton,Kincaid,BUF,TE,26,-3
TE,17099,average,NA,NA,NA,NA,NA,NA,0,0,0,0,0.3666666666666667,0.3483293460696835,18.66,9.950597971981383,222.9,142.45785341637014,1.2922163384836227,0.7577807011817731,NA,NA,NA,NA,NA,NA,NA,NA,NA,NA,NA,NA,NA,NA,NA,NA,NA,NA,NA,NA,NA,NA,NA,NA,NA,NA,NA,NA,NA,NA,NA,NA,NA,NA,NA,NA,NA,NA,Oronde,Gadsden,LAC,TE,22,-5
TE,17099,robust,NA,NA,NA,NA,NA,NA,0,0,0,0,0.3666666666666667,0.19768000000000002,18.880000000000003,7.412999999999999,218.75,34.47045,1.3766490154508686,0.7413,NA,NA,NA,NA,NA,NA,NA,NA,NA,NA,NA,NA,NA,NA,NA,NA,NA,NA,NA,NA,NA,NA,NA,NA,NA,NA,NA,NA,NA,NA,NA,NA,NA,NA,NA,NA,NA,NA,Oronde,Gadsden,LAC,TE,22,-5
TE,17099,weighted,NA,NA,NA,NA,NA,NA,0,0,0,0,0.4229137199434229,0.36445611541054057,18.742602545968882,11.166138552205497,230.09094766619518,159.8143791135822,1.236305220440697,0.8322908534988308,NA,NA,NA,NA,NA,NA,NA,NA,NA,NA,NA,NA,NA,NA,NA,NA,NA,NA,NA,NA,NA,NA,NA,NA,NA,NA,NA,NA,NA,NA,NA,NA,NA,NA,NA,NA,NA,NA,Oronde,Gadsden,LAC,TE,22,-5
TE,15799,average,NA,NA,NA,NA,NA,NA,0,0,0,0,0.9750000000000001,0.4547369726399144,65.225,9.898160002170679,610,116.3001044097308,3.7973099935472727,0.8904474919366212,NA,NA,NA,NA,NA,NA,NA,NA,NA,NA,NA,NA,NA,NA,NA,NA,NA,NA,NA,NA,NA,NA,NA,NA,NA,NA,NA,NA,NA,NA,NA,NA,NA,NA,NA,NA,NA,NA,Jake,Ferguson,DAL,TE,26,-2
TE,15799,robust,NA,NA,NA,NA,NA,NA,0,0,0,0,0.9812500000000001,0.018532499999999934,67.95,3.7064999999999997,640,44.477999999999994,3.95,0.502957185732746,NA,NA,NA,NA,NA,NA,NA,NA,NA,NA,NA,NA,NA,NA,NA,NA,NA,NA,NA,NA,NA,NA,NA,NA,NA,NA,NA,NA,NA,NA,NA,NA,NA,NA,NA,NA,NA,NA,Jake,Ferguson,DAL,TE,26,-2
TE,15799,weighted,NA,NA,NA,NA,NA,NA,0,0,0,0,0.9252783400809718,0.47508603415106165,64.67995951417005,10.706407278035064,605.8127530364372,126.21534420280268,3.7554680094019877,0.9498529718441427,NA,NA,NA,NA,NA,NA,NA,NA,NA,NA,NA,NA,NA,NA,NA,NA,NA,NA,NA,NA,NA,NA,NA,NA,NA,NA,NA,NA,NA,NA,NA,NA,NA,NA,NA,NA,NA,NA,Jake,Ferguson,DAL,TE,26,-2
TE,11244,average,NA,NA,NA,NA,NA,NA,1.6666666666666667,0.6172133998483676,0,0,0.675,0.29940417021620985,72.4625,16.14991707187908,712.2875,142.0160095351426,4.218701610840036,1.2569833815144402,NA,NA,NA,NA,NA,NA,NA,NA,NA,NA,NA,NA,NA,NA,NA,NA,NA,NA,NA,NA,NA,NA,NA,NA,NA,NA,NA,NA,NA,NA,NA,NA,NA,NA,NA,NA,NA,NA,Travis,Kelce,KCC,TE,36,7
TE,11244,robust,NA,NA,NA,NA,NA,NA,1.6666666666666667,0,0,0,0.70625,0.0926625,75.35,9.117989999999997,730.75,55.07858999999996,4.374806443360142,0.22238999999999987,NA,NA,NA,NA,NA,NA,NA,NA,NA,NA,NA,NA,NA,NA,NA,NA,NA,NA,NA,NA,NA,NA,NA,NA,NA,NA,NA,NA,NA,NA,NA,NA,NA,NA,NA,NA,NA,NA,Travis,Kelce,KCC,TE,36,7
TE,11244,weighted,NA,NA,NA,NA,NA,NA,1.6423751686909582,0.6371158976712556,0,0,0.6399544534412955,0.31105646427065187,70.98259109311742,17.036652010773434,700.0080971659919,148.9122240470673,4.064625177402467,1.2840893764985202,NA,NA,NA,NA,NA,NA,NA,NA,NA,NA,NA,NA,NA,NA,NA,NA,NA,NA,NA,NA,NA,NA,NA,NA,NA,NA,NA,NA,NA,NA,NA,NA,NA,NA,NA,NA,NA,NA,Travis,Kelce,KCC,TE,36,7
TE,16649,average,NA,NA,NA,NA,NA,NA,0,0,0,0,0.03333333333333333,0.030860669992418384,43.9375,11.742588848168996,479.8375,133.71829597542524,3.081139460799437,1.1531089095638494,NA,NA,NA,NA,NA,NA,NA,NA,NA,NA,NA,NA,NA,NA,NA,NA,NA,NA,NA,NA,NA,NA,NA,NA,NA,NA,NA,NA,NA,NA,NA,NA,NA,NA,NA,NA,NA,NA,Theo,Johnson,NYG,TE,24,-4
TE,16649,robust,NA,NA,NA,NA,NA,NA,0,0,0,0,0.03333333333333333,0,47.125,4.4478,504.85,72.12848999999996,3.2,0.8895600000000001,NA,NA,NA,NA,NA,NA,NA,NA,NA,NA,NA,NA,NA,NA,NA,NA,NA,NA,NA,NA,NA,NA,NA,NA,NA,NA,NA,NA,NA,NA,NA,NA,NA,NA,NA,NA,NA,NA,Theo,Johnson,NYG,TE,24,-4
TE,16649,weighted,NA,NA,NA,NA,NA,NA,0,0,0,0,0.023650472334682864,0.01635338927330099,43.38967611336032,12.610854440835881,472.81477732793525,142.98106857512863,3.0906731166309864,1.2303259512536042,NA,NA,NA,NA,NA,NA,NA,NA,NA,NA,NA,NA,NA,NA,NA,NA,NA,NA,NA,NA,NA,NA,NA,NA,NA,NA,NA,NA,NA,NA,NA,NA,NA,NA,NA,NA,NA,NA,Theo,Johnson,NYG,TE,24,-4
TE,11247,average,NA,NA,NA,NA,NA,NA,0,0,0,0,0.1,0.05345224838248488,53.8125,10.777282655130254,508.1125,102.23244435389104,4.826301126527327,0.5524822112102329,NA,NA,NA,NA,NA,NA,NA,NA,NA,NA,NA,NA,NA,NA,NA,NA,NA,NA,NA,NA,NA,NA,NA,NA,NA,NA,NA,NA,NA,NA,NA,NA,NA,NA,NA,NA,NA,NA,Zach,Ertz,WAS,TE,35,7
TE,11247,robust,NA,NA,NA,NA,NA,NA,0,0,0,0,0.1,0,56.3,5.114970000000004,532.25,63.01049999999999,4.955204506109309,0.14054379924233842,NA,NA,NA,NA,NA,NA,NA,NA,NA,NA,NA,NA,NA,NA,NA,NA,NA,NA,NA,NA,NA,NA,NA,NA,NA,NA,NA,NA,NA,NA,NA,NA,NA,NA,NA,NA,NA,NA,Zach,Ertz,WAS,TE,35,7
TE,11247,weighted,NA,NA,NA,NA,NA,NA,0,0,0,0,0.09969635627530365,0.058242713515313016,53.158299595141706,11.624213162090026,501.85323886639674,110.10651483997367,4.785984991486256,0.5873980749741466,NA,NA,NA,NA,NA,NA,NA,NA,NA,NA,NA,NA,NA,NA,NA,NA,NA,NA,NA,NA,NA,NA,NA,NA,NA,NA,NA,NA,NA,NA,NA,NA,NA,NA,NA,NA,NA,NA,Zach,Ertz,WAS,TE,35,7
TE,13671,average,NA,NA,NA,NA,NA,NA,8.5,5.277986629117476,0,0,0.7250000000000001,0.3267808352485107,54.5375,12.303650735800794,650.3125,154.36666403173228,7.47348869490858,1.6117022163128532,NA,NA,NA,NA,NA,NA,NA,NA,NA,NA,NA,NA,NA,NA,NA,NA,NA,NA,NA,NA,NA,NA,NA,NA,NA,NA,NA,NA,NA,NA,NA,NA,NA,NA,NA,NA,NA,NA,Mark,Andrews,BAL,TE,30,2
TE,13671,robust,NA,NA,NA,NA,NA,NA,8.5,2.59455,0,0,0.7437500000000001,0.055597499999999966,57.825,4.077150000000005,690.125,25.574849999999998,7.775,1.2602099999999994,NA,NA,NA,NA,NA,NA,NA,NA,NA,NA,NA,NA,NA,NA,NA,NA,NA,NA,NA,NA,NA,NA,NA,NA,NA,NA,NA,NA,NA,NA,NA,NA,NA,NA,NA,NA,NA,NA,Mark,Andrews,BAL,TE,30,2
TE,13671,weighted,NA,NA,NA,NA,NA,NA,8.816801619433198,5.704547857426966,0,0,0.7114625506072875,0.35495020304286556,53.72044534412956,13.26048912037537,639.3269230769231,166.07451460438898,7.402862593830894,1.7481173195583957,NA,NA,NA,NA,NA,NA,NA,NA,NA,NA,NA,NA,NA,NA,NA,NA,NA,NA,NA,NA,NA,NA,NA,NA,NA,NA,NA,NA,NA,NA,NA,NA,NA,NA,NA,NA,NA,NA,Mark,Andrews,BAL,TE,30,2
TE,15802,average,NA,NA,NA,NA,NA,NA,-0.8,0.427617987059879,0,0,0.4666666666666667,0.24102953780654787,50.775,8.306580867859273,522.825,79.27214877514405,4.024242238691341,0.9568753590558204,NA,NA,NA,NA,NA,NA,NA,NA,NA,NA,NA,NA,NA,NA,NA,NA,NA,NA,NA,NA,NA,NA,NA,NA,NA,NA,NA,NA,NA,NA,NA,NA,NA,NA,NA,NA,NA,NA,Cade,Otton,TBB,TE,26,-2
TE,15802,robust,NA,NA,NA,NA,NA,NA,-0.8,0,0,0,0.4666666666666667,0,51.1,7.857780000000006,523,78.5778,4.074999999999999,0.6626761723351245,NA,NA,NA,NA,NA,NA,NA,NA,NA,NA,NA,NA,NA,NA,NA,NA,NA,NA,NA,NA,NA,NA,NA,NA,NA,NA,NA,NA,NA,NA,NA,NA,NA,NA,NA,NA,NA,NA,Cade,Otton,TBB,TE,26,-2
TE,15802,weighted,NA,NA,NA,NA,NA,NA,-0.8153846153846154,0.44742562868937613,0,0,0.46045883940620785,0.2622916776383524,50.54919028340081,8.83829484331983,521.3694331983805,84.32314747841264,3.9973804941690223,1.0396394712591444,NA,NA,NA,NA,NA,NA,NA,NA,NA,NA,NA,NA,NA,NA,NA,NA,NA,NA,NA,NA,NA,NA,NA,NA,NA,NA,NA,NA,NA,NA,NA,NA,NA,NA,NA,NA,NA,NA,Cade,Otton,TBB,TE,26,-2
TE,12676,average,NA,NA,NA,NA,NA,NA,0,0,0,0,0.35,0.30937725468153876,54.5125,12.63299958724881,567.5625,110.63757999496761,4.244079050236633,1.1800576831391116,NA,NA,NA,NA,NA,NA,NA,NA,NA,NA,NA,NA,NA,NA,NA,NA,NA,NA,NA,NA,NA,NA,NA,NA,NA,NA,NA,NA,NA,NA,NA,NA,NA,NA,NA,NA,NA,NA,Hunter,Henry,NEP,TE,31,4
TE,12676,robust,NA,NA,NA,NA,NA,NA,0,0,0,0,0.35,0.03706500000000003,56.5,5.9304,590.5,44.477999999999994,4.076316200946531,1.0027063995233267,NA,NA,NA,NA,NA,NA,NA,NA,NA,NA,NA,NA,NA,NA,NA,NA,NA,NA,NA,NA,NA,NA,NA,NA,NA,NA,NA,NA,NA,NA,NA,NA,NA,NA,NA,NA,NA,NA,Hunter,Henry,NEP,TE,31,4
TE,12676,weighted,NA,NA,NA,NA,NA,NA,0,0,0,0,0.3404352226720648,0.33371247372112833,54.40526315789474,13.786026367861606,566.0455465587045,120.55279041744944,4.270488069074998,1.2737640086998785,NA,NA,NA,NA,NA,NA,NA,NA,NA,NA,NA,NA,NA,NA,NA,NA,NA,NA,NA,NA,NA,NA,NA,NA,NA,NA,NA,NA,NA,NA,NA,NA,NA,NA,NA,NA,NA,NA,Hunter,Henry,NEP,TE,31,4
TE,13192,average,NA,NA,NA,NA,NA,NA,0,0,0,0,0.55,0.2903200204700225,67.35,14.676317171357592,661.975,143.6096072194137,4.654088510661026,0.8376091541576925,NA,NA,NA,NA,NA,NA,NA,NA,NA,NA,NA,NA,NA,NA,NA,NA,NA,NA,NA,NA,NA,NA,NA,NA,NA,NA,NA,NA,NA,NA,NA,NA,NA,NA,NA,NA,NA,NA,David,Njoku,CLE,TE,29,3
TE,13192,robust,NA,NA,NA,NA,NA,NA,0,0,0,0,0.55,0.11119500000000002,70.825,8.376689999999998,705.75,38.39933999999997,4.766354042644103,0.3464034963758527,NA,NA,NA,NA,NA,NA,NA,NA,NA,NA,NA,NA,NA,NA,NA,NA,NA,NA,NA,NA,NA,NA,NA,NA,NA,NA,NA,NA,NA,NA,NA,NA,NA,NA,NA,NA,NA,NA,David,Njoku,CLE,TE,29,3
TE,13192,weighted,NA,NA,NA,NA,NA,NA,0,0,0,0,0.5114878542510122,0.2956333825460398,66.13056680161944,15.599666615188974,651.2672064777328,153.80089474935878,4.618271306768691,0.906553197878332,NA,NA,NA,NA,NA,NA,NA,NA,NA,NA,NA,NA,NA,NA,NA,NA,NA,NA,NA,NA,NA,NA,NA,NA,NA,NA,NA,NA,NA,NA,NA,NA,NA,NA,NA,NA,NA,NA,David,Njoku,CLE,TE,29,3
TE,15329,average,NA,NA,NA,NA,NA,NA,-1.1,0.5879747322073337,0,0,0.03333333333333333,0.030860669992418384,49.9375,6.424270386588659,624.3,108.58481872316617,3.873453420723627,0.8396015479386725,NA,NA,NA,NA,NA,NA,NA,NA,NA,NA,NA,NA,NA,NA,NA,NA,NA,NA,NA,NA,NA,NA,NA,NA,NA,NA,NA,NA,NA,NA,NA,NA,NA,NA,NA,NA,NA,NA,Kyle,Pitts,ATL,TE,25,-1
TE,15329,robust,NA,NA,NA,NA,NA,NA,-1.1,0,0,0,0.03333333333333333,0,50.6,0.889560000000002,650.6,32.91372000000007,4,0.15743183374060174,NA,NA,NA,NA,NA,NA,NA,NA,NA,NA,NA,NA,NA,NA,NA,NA,NA,NA,NA,NA,NA,NA,NA,NA,NA,NA,NA,NA,NA,NA,NA,NA,NA,NA,NA,NA,NA,NA,Kyle,Pitts,ATL,TE,25,-1
TE,15329,weighted,NA,NA,NA,NA,NA,NA,-1.1211538461538464,0.6152102394478922,0,0,0.023650472334682864,0.01635338927330099,49.68380566801619,6.98228247881772,619.9453441295547,118.13430241573272,3.8018133173609034,0.8880827836831026,NA,NA,NA,NA,NA,NA,NA,NA,NA,NA,NA,NA,NA,NA,NA,NA,NA,NA,NA,NA,NA,NA,NA,NA,NA,NA,NA,NA,NA,NA,NA,NA,NA,NA,NA,NA,NA,NA,Kyle,Pitts,ATL,TE,25,-1
TE,13772,average,NA,NA,NA,NA,NA,NA,0,0,0,0,0.4,0.282842712474619,51.0375,9.227898305836337,531.6,103.66219864816406,3.1747200104110322,0.9096470661104809,NA,NA,NA,NA,NA,NA,NA,NA,NA,NA,NA,NA,NA,NA,NA,NA,NA,NA,NA,NA,NA,NA,NA,NA,NA,NA,NA,NA,NA,NA,NA,NA,NA,NA,NA,NA,NA,NA,Dalton,Schultz,HOU,TE,29,2
TE,13772,robust,NA,NA,NA,NA,NA,NA,0,0,0,0,0.4,0,52.2,7.78365,544.45,93.55205999999998,3.0494400208220647,0.5930400000000001,NA,NA,NA,NA,NA,NA,NA,NA,NA,NA,NA,NA,NA,NA,NA,NA,NA,NA,NA,NA,NA,NA,NA,NA,NA,NA,NA,NA,NA,NA,NA,NA,NA,NA,NA,NA,NA,NA,Dalton,Schultz,HOU,TE,29,2
TE,13772,weighted,NA,NA,NA,NA,NA,NA,0,0,0,0,0.3975708502024292,0.30610709534244307,51.12753036437247,9.870178014235782,533.578947368421,111.08566500773577,3.1209603348456207,0.9455467267172889,NA,NA,NA,NA,NA,NA,NA,NA,NA,NA,NA,NA,NA,NA,NA,NA,NA,NA,NA,NA,NA,NA,NA,NA,NA,NA,NA,NA,NA,NA,NA,NA,NA,NA,NA,NA,NA,NA,Dalton,Schultz,HOU,TE,29,2
TE,14138,average,NA,NA,NA,NA,NA,NA,0,0,0,0,0.375,0.31339158526400435,69.75,14.827676824101609,728.8125,163.02277174414272,4.484284999240447,1.2016378001353767,NA,NA,NA,NA,NA,NA,NA,NA,NA,NA,NA,NA,NA,NA,NA,NA,NA,NA,NA,NA,NA,NA,NA,NA,NA,NA,NA,NA,NA,NA,NA,NA,NA,NA,NA,NA,NA,NA,T.J.,Hockenson,MIN,TE,28,1
TE,14138,robust,NA,NA,NA,NA,NA,NA,0,0,0,0,0.375,0.0926625,73.5,7.8577799999999955,767.75,42.9954,4.618569998480894,0.9446237594955477,NA,NA,NA,NA,NA,NA,NA,NA,NA,NA,NA,NA,NA,NA,NA,NA,NA,NA,NA,NA,NA,NA,NA,NA,NA,NA,NA,NA,NA,NA,NA,NA,NA,NA,NA,NA,NA,NA,T.J.,Hockenson,MIN,TE,28,1
TE,14138,weighted,NA,NA,NA,NA,NA,NA,0,0,0,0,0.3546305668016194,0.33445515134395454,69.08886639676113,16.100283070197666,720.6518218623482,176.54095272819947,4.4176684202531025,1.2871854932029279,NA,NA,NA,NA,NA,NA,NA,NA,NA,NA,NA,NA,NA,NA,NA,NA,NA,NA,NA,NA,NA,NA,NA,NA,NA,NA,NA,NA,NA,NA,NA,NA,NA,NA,NA,NA,NA,NA,T.J.,Hockenson,MIN,TE,28,1
TE,17103,average,NA,NA,NA,NA,NA,NA,0,0,0,0,0.3,0.15275252316519466,32.114285714285714,5.659925962833958,331.2,68.27454381636932,1.9428571428571428,0.8618916073713346,NA,NA,NA,NA,NA,NA,NA,NA,NA,NA,NA,NA,NA,NA,NA,NA,NA,NA,NA,NA,NA,NA,NA,NA,NA,NA,NA,NA,NA,NA,NA,NA,NA,NA,NA,NA,NA,NA,Harold,Fannin,CLE,TE,21,-5
TE,17103,robust,NA,NA,NA,NA,NA,NA,0,0,0,0,0.3,0,32.2,4.4478,330.85,66.12396000000003,1.95,1.4826,NA,NA,NA,NA,NA,NA,NA,NA,NA,NA,NA,NA,NA,NA,NA,NA,NA,NA,NA,NA,NA,NA,NA,NA,NA,NA,NA,NA,NA,NA,NA,NA,NA,NA,NA,NA,NA,NA,Harold,Fannin,CLE,TE,21,-5
TE,17103,weighted,NA,NA,NA,NA,NA,NA,0,0,0,0,0.2824009324009324,0.16078723499773734,32.2030303030303,6.274845110422941,332.76223776223776,73.752624171111,1.9377622377622377,0.9408014717873763,NA,NA,NA,NA,NA,NA,NA,NA,NA,NA,NA,NA,NA,NA,NA,NA,NA,NA,NA,NA,NA,NA,NA,NA,NA,NA,NA,NA,NA,NA,NA,NA,NA,NA,NA,NA,NA,NA,Harold,Fannin,CLE,TE,21,-5
TE,15798,average,NA,NA,NA,NA,NA,NA,0,0,0,0,0.6,0.27774602993176545,37.2125,10.340825816704804,444.0375,102.45032158493765,4.553378587786533,0.9433855407496535,NA,NA,NA,NA,NA,NA,NA,NA,NA,NA,NA,NA,NA,NA,NA,NA,NA,NA,NA,NA,NA,NA,NA,NA,NA,NA,NA,NA,NA,NA,NA,NA,NA,NA,NA,NA,NA,NA,Isaiah,Likely,BAL,TE,25,-2
TE,15798,robust,NA,NA,NA,NA,NA,NA,0,0,0,0,0.625,0.07412999999999997,37.625,8.524949999999999,447.075,82.06191000000003,4.55,0.7413,NA,NA,NA,NA,NA,NA,NA,NA,NA,NA,NA,NA,NA,NA,NA,NA,NA,NA,NA,NA,NA,NA,NA,NA,NA,NA,NA,NA,NA,NA,NA,NA,NA,NA,NA,NA,NA,NA,Isaiah,Likely,BAL,TE,25,-2
TE,15798,weighted,NA,NA,NA,NA,NA,NA,0,0,0,0,0.582995951417004,0.2991947329748344,36.51052631578948,11.015824181224326,436.75,109.02534236439143,4.509831711840075,1.0070891814940977,NA,NA,NA,NA,NA,NA,NA,NA,NA,NA,NA,NA,NA,NA,NA,NA,NA,NA,NA,NA,NA,NA,NA,NA,NA,NA,NA,NA,NA,NA,NA,NA,NA,NA,NA,NA,NA,NA,Isaiah,Likely,BAL,TE,25,-2
TE,12263,average,NA,NA,NA,NA,NA,NA,-0.1,0.05345224838248488,0,0,0.43333333333333335,0.3559026084010437,45.5375,9.591504797773615,496.1,109.79653910756932,3.293933763437014,0.7684428470386672,NA,NA,NA,NA,NA,NA,NA,NA,NA,NA,NA,NA,NA,NA,NA,NA,NA,NA,NA,NA,NA,NA,NA,NA,NA,NA,NA,NA,NA,NA,NA,NA,NA,NA,NA,NA,NA,NA,Darren,Waller,MIA,TE,33,5
TE,12263,robust,NA,NA,NA,NA,NA,NA,-0.1,0,0,0,0.43333333333333335,0,48.25,3.7064999999999997,528.7,26.686799999999998,3.05,0.07413000000000006,NA,NA,NA,NA,NA,NA,NA,NA,NA,NA,NA,NA,NA,NA,NA,NA,NA,NA,NA,NA,NA,NA,NA,NA,NA,NA,NA,NA,NA,NA,NA,NA,NA,NA,NA,NA,NA,NA,Darren,Waller,MIA,TE,33,5
TE,12263,weighted,NA,NA,NA,NA,NA,NA,-0.10192307692307692,0.055928203586172016,0,0,0.4799257759784075,0.35819316189700356,44.97935222672065,10.382672401805651,489.47570850202425,118.82918907159797,3.2760031517960475,0.7882340564971785,NA,NA,NA,NA,NA,NA,NA,NA,NA,NA,NA,NA,NA,NA,NA,NA,NA,NA,NA,NA,NA,NA,NA,NA,NA,NA,NA,NA,NA,NA,NA,NA,NA,NA,NA,NA,NA,NA,Darren,Waller,MIA,TE,33,5
TE,16723,average,NA,NA,NA,NA,NA,NA,0,0,0,0,0.03333333333333333,0.03333333333333334,31.071428571428573,6.601695308962764,291.65714285714284,61.05753726726011,2.757142857142857,1.0453980786557546,NA,NA,NA,NA,NA,NA,NA,NA,NA,NA,NA,NA,NA,NA,NA,NA,NA,NA,NA,NA,NA,NA,NA,NA,NA,NA,NA,NA,NA,NA,NA,NA,NA,NA,NA,NA,NA,NA,AJ,Barner,SEA,TE,23,-4
TE,16723,robust,NA,NA,NA,NA,NA,NA,0,0,0,0,0.03333333333333333,0,30.325,5.9304,291.25,86.88036000000002,2.5,0.5930399999999998,NA,NA,NA,NA,NA,NA,NA,NA,NA,NA,NA,NA,NA,NA,NA,NA,NA,NA,NA,NA,NA,NA,NA,NA,NA,NA,NA,NA,NA,NA,NA,NA,NA,NA,NA,NA,NA,NA,AJ,Barner,SEA,TE,23,-4
TE,16723,weighted,NA,NA,NA,NA,NA,NA,0,0,0,0,0.022183372183372182,0.01723771860602253,30.89324009324009,7.213271942070522,290.6013986013986,66.54694408418503,2.792307692307692,1.1371815773349017,NA,NA,NA,NA,NA,NA,NA,NA,NA,NA,NA,NA,NA,NA,NA,NA,NA,NA,NA,NA,NA,NA,NA,NA,NA,NA,NA,NA,NA,NA,NA,NA,NA,NA,NA,NA,NA,NA,AJ,Barner,SEA,TE,23,-4
TE,16269,average,NA,NA,NA,NA,NA,NA,0,0,0,0,0.4666666666666667,0.24102953780654787,54.7125,10.437766249811991,539.6,107.60785951115015,3.319481023277112,1.0676703635022617,NA,NA,NA,NA,NA,NA,NA,NA,NA,NA,NA,NA,NA,NA,NA,NA,NA,NA,NA,NA,NA,NA,NA,NA,NA,NA,NA,NA,NA,NA,NA,NA,NA,NA,NA,NA,NA,NA,Brenton,Strange,JAC,TE,25,-3
TE,16269,robust,NA,NA,NA,NA,NA,NA,0,0,0,0,0.4666666666666667,0,56.5,6.6716999999999995,550.3499999999999,65.82743999999997,3.35,1.2274802604425836,NA,NA,NA,NA,NA,NA,NA,NA,NA,NA,NA,NA,NA,NA,NA,NA,NA,NA,NA,NA,NA,NA,NA,NA,NA,NA,NA,NA,NA,NA,NA,NA,NA,NA,NA,NA,NA,NA,Brenton,Strange,JAC,TE,25,-3
TE,16269,weighted,NA,NA,NA,NA,NA,NA,0,0,0,0,0.46045883940620785,0.2622916776383524,54.428137651821864,11.320641923685626,535.1346153846154,115.51996185044823,3.249048850413154,1.1257679863599905,NA,NA,NA,NA,NA,NA,NA,NA,NA,NA,NA,NA,NA,NA,NA,NA,NA,NA,NA,NA,NA,NA,NA,NA,NA,NA,NA,NA,NA,NA,NA,NA,NA,NA,NA,NA,NA,NA,Brenton,Strange,JAC,TE,25,-3
TE,14861,average,NA,NA,NA,NA,NA,NA,2.5,1.3363062095621219,0.1,0.05345224838248488,0.4,0.282842712474619,47.9875,8.021477865260064,506.925,84.34649200936406,3.3322947275154773,1.0463126052777951,NA,NA,NA,NA,NA,NA,NA,NA,NA,NA,NA,NA,NA,NA,NA,NA,NA,NA,NA,NA,NA,NA,NA,NA,NA,NA,NA,NA,NA,NA,NA,NA,NA,NA,NA,NA,NA,NA,Juwan,Johnson,NOS,TE,29,0
TE,14861,robust,NA,NA,NA,NA,NA,NA,2.5,0,0.1,0,0.4,0,49.75,4.4478,521.1,51.59448000000001,3.243768365092863,1.2910793479422145,NA,NA,NA,NA,NA,NA,NA,NA,NA,NA,NA,NA,NA,NA,NA,NA,NA,NA,NA,NA,NA,NA,NA,NA,NA,NA,NA,NA,NA,NA,NA,NA,NA,NA,NA,NA,NA,NA,Juwan,Johnson,NOS,TE,29,0
TE,14861,weighted,NA,NA,NA,NA,NA,NA,2.5480769230769234,1.3982050896543003,0.10192307692307692,0.055928203586172016,0.4305668016194332,0.2957428517287196,48.155668016194326,8.761355538398425,508.9230769230769,91.41068931603837,3.3026179317976685,1.1233829424024901,NA,NA,NA,NA,NA,NA,NA,NA,NA,NA,NA,NA,NA,NA,NA,NA,NA,NA,NA,NA,NA,NA,NA,NA,NA,NA,NA,NA,NA,NA,NA,NA,NA,NA,NA,NA,NA,NA,Juwan,Johnson,NOS,TE,29,0
TE,17106,average,NA,NA,NA,NA,NA,NA,0,0,0,0,0.26666666666666666,0.24688535993934707,48.8875,8.160083595510176,496.75,93.31015868749616,3.224137469354626,1.1735724988317229,NA,NA,NA,NA,NA,NA,NA,NA,NA,NA,NA,NA,NA,NA,NA,NA,NA,NA,NA,NA,NA,NA,NA,NA,NA,NA,NA,NA,NA,NA,NA,NA,NA,NA,NA,NA,NA,NA,Mason,Taylor,NYJ,TE,21,-5
TE,17106,robust,NA,NA,NA,NA,NA,NA,0,0,0,0,0.26666666666666666,0,51.15,4.4478,524.25,34.8411,3,0,NA,NA,NA,NA,NA,NA,NA,NA,NA,NA,NA,NA,NA,NA,NA,NA,NA,NA,NA,NA,NA,NA,NA,NA,NA,NA,NA,NA,NA,NA,NA,NA,NA,NA,NA,NA,NA,NA,Mason,Taylor,NYJ,TE,21,-5
TE,17106,weighted,NA,NA,NA,NA,NA,NA,0,0,0,0,0.1892037786774629,0.1308271141864079,48.51842105263158,8.727421130539971,494.09615384615387,101.27771882886339,3.1994969313044646,1.1999816570340658,NA,NA,NA,NA,NA,NA,NA,NA,NA,NA,NA,NA,NA,NA,NA,NA,NA,NA,NA,NA,NA,NA,NA,NA,NA,NA,NA,NA,NA,NA,NA,NA,NA,NA,NA,NA,NA,NA,Mason,Taylor,NYJ,TE,21,-5
TE,13189,average,NA,NA,NA,NA,NA,NA,2,1.8516401995451028,0,0,0.675,0.29940417021620985,68.9375,15.803881756436567,642.2625,169.71263895605586,3.932640262158415,1.119290682980731,NA,NA,NA,NA,NA,NA,NA,NA,NA,NA,NA,NA,NA,NA,NA,NA,NA,NA,NA,NA,NA,NA,NA,NA,NA,NA,NA,NA,NA,NA,NA,NA,NA,NA,NA,NA,NA,NA,Evan,Engram,DEN,TE,31,3
TE,13189,robust,NA,NA,NA,NA,NA,NA,2,0,0,0,0.70625,0.0926625,72.1,9.636899999999999,673.775,104.44916999999998,4.01528052431683,1.3343400000000005,NA,NA,NA,NA,NA,NA,NA,NA,NA,NA,NA,NA,NA,NA,NA,NA,NA,NA,NA,NA,NA,NA,NA,NA,NA,NA,NA,NA,NA,NA,NA,NA,NA,NA,NA,NA,NA,NA,Evan,Engram,DEN,TE,31,3
TE,13189,weighted,NA,NA,NA,NA,NA,NA,2.0991902834008096,2.051972476570946,0,0,0.6399544534412955,0.31105646427065187,68.46174089068826,17.246013852566296,638.8663967611335,183.2300060084516,3.83840675368902,1.196635256992836,NA,NA,NA,NA,NA,NA,NA,NA,NA,NA,NA,NA,NA,NA,NA,NA,NA,NA,NA,NA,NA,NA,NA,NA,NA,NA,NA,NA,NA,NA,NA,NA,NA,NA,NA,NA,NA,NA,Evan,Engram,DEN,TE,31,3
TE,17104,average,NA,NA,NA,NA,NA,NA,0,0,0,0,0.525,0.397761594066453,57.6625,14.889012007901282,627.575,166.81217624279452,4.346771627782598,1.1977266076716773,NA,NA,NA,NA,NA,NA,NA,NA,NA,NA,NA,NA,NA,NA,NA,NA,NA,NA,NA,NA,NA,NA,NA,NA,NA,NA,NA,NA,NA,NA,NA,NA,NA,NA,NA,NA,NA,NA,Colston,Loveland,CHI,TE,21,-5
TE,17104,robust,NA,NA,NA,NA,NA,NA,0,0,0,0,0.525,0.35211749999999997,61.075,5.9304,650.4,75.6126,4.45,0.8704144614019205,NA,NA,NA,NA,NA,NA,NA,NA,NA,NA,NA,NA,NA,NA,NA,NA,NA,NA,NA,NA,NA,NA,NA,NA,NA,NA,NA,NA,NA,NA,NA,NA,NA,NA,NA,NA,NA,NA,Colston,Loveland,CHI,TE,21,-5
TE,17104,weighted,NA,NA,NA,NA,NA,NA,0,0,0,0,0.43980263157894744,0.3498005490617662,57.72165991902835,16.04725433676801,630.0678137651821,177.1907810862674,4.385063251916905,1.2620486160329996,NA,NA,NA,NA,NA,NA,NA,NA,NA,NA,NA,NA,NA,NA,NA,NA,NA,NA,NA,NA,NA,NA,NA,NA,NA,NA,NA,NA,NA,NA,NA,NA,NA,NA,NA,NA,NA,NA,Colston,Loveland,CHI,TE,21,-5
TE,15873,average,NA,NA,NA,NA,NA,NA,0,0,0,0,0,0,19.68,9.888730960037288,204.94,110.34635472003595,0.72,0.4381780460041329,NA,NA,NA,NA,NA,NA,NA,NA,NA,NA,NA,NA,NA,NA,NA,NA,NA,NA,NA,NA,NA,NA,NA,NA,NA,NA,NA,NA,NA,NA,NA,NA,NA,NA,NA,NA,NA,NA,Daniel,Bellinger,NYG,TE,25,-2
TE,15873,robust,NA,NA,NA,NA,NA,NA,0,0,0,0,0,0,18,7.561259999999999,202.85,62.2692,0.8,0,NA,NA,NA,NA,NA,NA,NA,NA,NA,NA,NA,NA,NA,NA,NA,NA,NA,NA,NA,NA,NA,NA,NA,NA,NA,NA,NA,NA,NA,NA,NA,NA,NA,NA,NA,NA,NA,NA,Daniel,Bellinger,NYG,TE,25,-2
TE,15873,weighted,NA,NA,NA,NA,NA,NA,0,0,0,0,0,0,21.47272727272727,10.69585426350681,228.81090909090906,116.45425128331483,0.7418181818181818,0.5056634352940342,NA,NA,NA,NA,NA,NA,NA,NA,NA,NA,NA,NA,NA,NA,NA,NA,NA,NA,NA,NA,NA,NA,NA,NA,NA,NA,NA,NA,NA,NA,NA,NA,NA,NA,NA,NA,NA,NA,Daniel,Bellinger,NYG,TE,25,-2
TE,15331,average,NA,NA,NA,NA,NA,NA,0,0,0,0,0.85,0.40883108632154813,51.325,13.598608122052156,502.175,123.1292671486817,3.571610068237889,1.0539937871361489,NA,NA,NA,NA,NA,NA,NA,NA,NA,NA,NA,NA,NA,NA,NA,NA,NA,NA,NA,NA,NA,NA,NA,NA,NA,NA,NA,NA,NA,NA,NA,NA,NA,NA,NA,NA,NA,NA,Pat,Freiermuth,PIT,TE,27,-1
TE,15331,robust,NA,NA,NA,NA,NA,NA,0,0,0,0,0.8625,0.03706500000000003,53.975,4.521930000000001,523.6,59.007480000000015,3.5682201364757775,0.9435863486779754,NA,NA,NA,NA,NA,NA,NA,NA,NA,NA,NA,NA,NA,NA,NA,NA,NA,NA,NA,NA,NA,NA,NA,NA,NA,NA,NA,NA,NA,NA,NA,NA,NA,NA,NA,NA,NA,NA,Pat,Freiermuth,PIT,TE,27,-1
TE,15331,weighted,NA,NA,NA,NA,NA,NA,0,0,0,0,0.8399291497975708,0.44536179924881225,51.42449392712551,14.913336891998178,502.9342105263158,134.13268738878264,3.542787926080369,1.1241651025095343,NA,NA,NA,NA,NA,NA,NA,NA,NA,NA,NA,NA,NA,NA,NA,NA,NA,NA,NA,NA,NA,NA,NA,NA,NA,NA,NA,NA,NA,NA,NA,NA,NA,NA,NA,NA,NA,NA,Pat,Freiermuth,PIT,TE,27,-1
TE,13193,average,NA,NA,NA,NA,NA,NA,6.6,5.620371111285395,0,0,0.825,0.38683699040145725,54.4875,13.87757054695505,549.4875,151.90302769013056,4.086616248459831,1.5534782613553246,NA,NA,NA,NA,NA,NA,NA,NA,NA,NA,NA,NA,NA,NA,NA,NA,NA,NA,NA,NA,NA,NA,NA,NA,NA,NA,NA,NA,NA,NA,NA,NA,NA,NA,NA,NA,NA,NA,Jonnu,Smith,PIT,TE,30,3
TE,13193,robust,NA,NA,NA,NA,NA,NA,6.199999999999999,1.1860799999999996,0,0,0.84375,0.05559750000000005,56.225,7.4871300000000005,564.75,28.984830000000017,3.95,1.3343399999999999,NA,NA,NA,NA,NA,NA,NA,NA,NA,NA,NA,NA,NA,NA,NA,NA,NA,NA,NA,NA,NA,NA,NA,NA,NA,NA,NA,NA,NA,NA,NA,NA,NA,NA,NA,NA,NA,NA,Jonnu,Smith,PIT,TE,30,3
TE,13193,weighted,NA,NA,NA,NA,NA,NA,6.826315789473684,6.300132360461383,0,0,0.8113613360323887,0.4207081696323204,54.47267206477733,14.918314021640677,546.7287449392712,163.1859032753699,4.03692398623302,1.6261597758507245,NA,NA,NA,NA,NA,NA,NA,NA,NA,NA,NA,NA,NA,NA,NA,NA,NA,NA,NA,NA,NA,NA,NA,NA,NA,NA,NA,NA,NA,NA,NA,NA,NA,NA,NA,NA,NA,NA,Jonnu,Smith,PIT,TE,30,3
TE,14137,average,NA,NA,NA,NA,NA,NA,-0.8,0.5059644256269407,0,0,0.3666666666666667,0.3483293460696835,35.13333333333333,8.13256827002803,348.1666666666667,71.73678740135125,1.85,0.5856620185738529,NA,NA,NA,NA,NA,NA,NA,NA,NA,NA,NA,NA,NA,NA,NA,NA,NA,NA,NA,NA,NA,NA,NA,NA,NA,NA,NA,NA,NA,NA,NA,NA,NA,NA,NA,NA,NA,NA,Noah,Fant,CIN,TE,28,1
TE,14137,robust,NA,NA,NA,NA,NA,NA,-0.8,0,0,0,0.3666666666666667,0.19768000000000002,35.5,6.078660000000002,348,73.3887,2,0,NA,NA,NA,NA,NA,NA,NA,NA,NA,NA,NA,NA,NA,NA,NA,NA,NA,NA,NA,NA,NA,NA,NA,NA,NA,NA,NA,NA,NA,NA,NA,NA,NA,NA,NA,NA,NA,NA,Noah,Fant,CIN,TE,28,1
TE,14137,weighted,NA,NA,NA,NA,NA,NA,-0.8214992927864215,0.547474577035718,0,0,0.4229137199434229,0.36445611541054057,34.762659123055165,9.075460282703052,340.01555869872703,78.10505259993582,1.7388967468175391,0.5827360452474886,NA,NA,NA,NA,NA,NA,NA,NA,NA,NA,NA,NA,NA,NA,NA,NA,NA,NA,NA,NA,NA,NA,NA,NA,NA,NA,NA,NA,NA,NA,NA,NA,NA,NA,NA,NA,NA,NA,Noah,Fant,CIN,TE,28,1
TE,15916,average,NA,NA,NA,NA,NA,NA,0,0,0,0,0,0,9.8,1.9924858845171276,130.63333333333333,32.614465093472454,0.9666666666666667,0.960902353693305,NA,NA,NA,NA,NA,NA,NA,NA,NA,NA,NA,NA,NA,NA,NA,NA,NA,NA,NA,NA,NA,NA,NA,NA,NA,NA,NA,NA,NA,NA,NA,NA,NA,NA,NA,NA,NA,NA,Andrew,Ogletree,IND,TE,27,-2
TE,15916,robust,NA,NA,NA,NA,NA,NA,0,0,0,0,0,0,10.075,0.14825999999999948,131.225,42.9954,0.925,1.03782,NA,NA,NA,NA,NA,NA,NA,NA,NA,NA,NA,NA,NA,NA,NA,NA,NA,NA,NA,NA,NA,NA,NA,NA,NA,NA,NA,NA,NA,NA,NA,NA,NA,NA,NA,NA,NA,NA,Andrew,Ogletree,IND,TE,27,-2
TE,15916,weighted,NA,NA,NA,NA,NA,NA,0,0,0,0,0,0,10.950522648083624,0.0707106781186545,147.65156794425087,20.506096654409877,1.0599303135888503,1.3435028842544405,NA,NA,NA,NA,NA,NA,NA,NA,NA,NA,NA,NA,NA,NA,NA,NA,NA,NA,NA,NA,NA,NA,NA,NA,NA,NA,NA,NA,NA,NA,NA,NA,NA,NA,NA,NA,NA,NA,Andrew,Ogletree,IND,TE,27,-2
TE,15889,average,NA,NA,NA,NA,NA,NA,8.666666666666666,2.6666666666666665,0,0,0.47500000000000003,0.35296364307578953,54.214285714285715,13.886015575802462,539.2142857142857,144.21912065293134,2.9857142857142858,1.3371967836093677,NA,NA,NA,NA,NA,NA,NA,NA,NA,NA,NA,NA,NA,NA,NA,NA,NA,NA,NA,NA,NA,NA,NA,NA,NA,NA,NA,NA,NA,NA,NA,NA,NA,NA,NA,NA,NA,NA,Chigoziem,Okonkwo,TEN,TE,26,-2
TE,15889,robust,NA,NA,NA,NA,NA,NA,8.666666666666666,0,0,0,0.47500000000000003,0.48184499999999997,58.875,2.9652,582.75,27.428099999999997,3,1.4826,NA,NA,NA,NA,NA,NA,NA,NA,NA,NA,NA,NA,NA,NA,NA,NA,NA,NA,NA,NA,NA,NA,NA,NA,NA,NA,NA,NA,NA,NA,NA,NA,NA,NA,NA,NA,NA,NA,Chigoziem,Okonkwo,TEN,TE,26,-2
TE,15889,weighted,NA,NA,NA,NA,NA,NA,8.73193473193473,2.875547704413265,0,0,0.41832750582750583,0.35204404493029695,53.69230769230769,15.237474884829243,532.981351981352,157.72185454774626,2.896736596736597,1.4213249990883985,NA,NA,NA,NA,NA,NA,NA,NA,NA,NA,NA,NA,NA,NA,NA,NA,NA,NA,NA,NA,NA,NA,NA,NA,NA,NA,NA,NA,NA,NA,NA,NA,NA,NA,NA,NA,NA,NA,Chigoziem,Okonkwo,TEN,TE,26,-2
TE,12678,average,NA,NA,NA,NA,NA,NA,0,0,0,0,0.03333333333333333,0.030860669992418384,45.2125,12.955576570948677,429.3625,127.82407483390152,3.608598886187598,0.962457581525239,NA,NA,NA,NA,NA,NA,NA,NA,NA,NA,NA,NA,NA,NA,NA,NA,NA,NA,NA,NA,NA,NA,NA,NA,NA,NA,NA,NA,NA,NA,NA,NA,NA,NA,NA,NA,NA,NA,Tyler,Higbee,LAR,TE,32,4
TE,12678,robust,NA,NA,NA,NA,NA,NA,0,0,0,0,0.03333333333333333,0,45.400000000000006,9.488639999999997,432.225,91.17989999999999,3.567197772375197,0.7413,NA,NA,NA,NA,NA,NA,NA,NA,NA,NA,NA,NA,NA,NA,NA,NA,NA,NA,NA,NA,NA,NA,NA,NA,NA,NA,NA,NA,NA,NA,NA,NA,NA,NA,NA,NA,NA,NA,Tyler,Higbee,LAR,TE,32,4
TE,12678,weighted,NA,NA,NA,NA,NA,NA,0,0,0,0,0.023650472334682864,0.01635338927330099,44.8917004048583,13.90861892264508,426.25809716599196,136.95247592142005,3.564517046189375,1.02814896648133,NA,NA,NA,NA,NA,NA,NA,NA,NA,NA,NA,NA,NA,NA,NA,NA,NA,NA,NA,NA,NA,NA,NA,NA,NA,NA,NA,NA,NA,NA,NA,NA,NA,NA,NA,NA,NA,NA,Tyler,Higbee,LAR,TE,32,4
TE,16212,average,NA,NA,NA,NA,NA,NA,0,0,0,0,0.03333333333333333,0.030860669992418384,25.7625,3.362795393291548,241.7625,40.9905193742581,1.562169047263812,0.47779673467226436,NA,NA,NA,NA,NA,NA,NA,NA,NA,NA,NA,NA,NA,NA,NA,NA,NA,NA,NA,NA,NA,NA,NA,NA,NA,NA,NA,NA,NA,NA,NA,NA,NA,NA,NA,NA,NA,NA,Michael,Mayer,LVR,TE,24,-3
TE,16212,robust,NA,NA,NA,NA,NA,NA,0,0,0,0,0.03333333333333333,0,25.3,1.927380000000001,237.55,35.65653000000002,1.5,0.37261268210668924,NA,NA,NA,NA,NA,NA,NA,NA,NA,NA,NA,NA,NA,NA,NA,NA,NA,NA,NA,NA,NA,NA,NA,NA,NA,NA,NA,NA,NA,NA,NA,NA,NA,NA,NA,NA,NA,NA,Michael,Mayer,LVR,TE,24,-3
TE,16212,weighted,NA,NA,NA,NA,NA,NA,0,0,0,0,0.023650472334682864,0.01635338927330099,25.469838056680164,3.571634316731206,239.24089068825913,44.989771695963334,1.545198187403203,0.5070864093338938,NA,NA,NA,NA,NA,NA,NA,NA,NA,NA,NA,NA,NA,NA,NA,NA,NA,NA,NA,NA,NA,NA,NA,NA,NA,NA,NA,NA,NA,NA,NA,NA,NA,NA,NA,NA,NA,NA,Michael,Mayer,LVR,TE,24,-3
TE,14239,average,NA,NA,NA,NA,NA,NA,0,0,0,0,0,0,19.757142857142856,4.708806339493814,226.27142857142857,66.06448148805616,1.8428571428571427,0.8202786982831767,NA,NA,NA,NA,NA,NA,NA,NA,NA,NA,NA,NA,NA,NA,NA,NA,NA,NA,NA,NA,NA,NA,NA,NA,NA,NA,NA,NA,NA,NA,NA,NA,NA,NA,NA,NA,NA,NA,Foster,Moreau,NOS,TE,28,1
TE,14239,robust,NA,NA,NA,NA,NA,NA,0,0,0,0,0,0,19.8,5.782139999999997,225.25,93.25554,1.75,0.7413,NA,NA,NA,NA,NA,NA,NA,NA,NA,NA,NA,NA,NA,NA,NA,NA,NA,NA,NA,NA,NA,NA,NA,NA,NA,NA,NA,NA,NA,NA,NA,NA,NA,NA,NA,NA,NA,NA,Foster,Moreau,NOS,TE,28,1
TE,14239,weighted,NA,NA,NA,NA,NA,NA,0,0,0,0,0,0,19.75221445221445,5.098144187687075,225.94289044289042,71.3445562069285,1.8925407925407924,0.88501712325526,NA,NA,NA,NA,NA,NA,NA,NA,NA,NA,NA,NA,NA,NA,NA,NA,NA,NA,NA,NA,NA,NA,NA,NA,NA,NA,NA,NA,NA,NA,NA,NA,NA,NA,NA,NA,NA,NA,Foster,Moreau,NOS,TE,28,1
TE,13424,average,NA,NA,NA,NA,NA,NA,194.5,61.645491860043315,2.3050100474972597,0.9500381462123393,0.26666666666666666,0.3771236166328254,13.85,10.829127388668027,127.25,106.70637281812179,0.9195652173913043,1.183128082876699,NA,NA,NA,NA,NA,NA,NA,NA,NA,NA,NA,NA,NA,NA,NA,NA,NA,NA,NA,NA,NA,NA,NA,NA,NA,NA,NA,NA,NA,NA,NA,NA,NA,NA,NA,NA,NA,NA,Taysom,Hill,NOS,TE,35,3
TE,13424,robust,NA,NA,NA,NA,NA,NA,194.5,55.968149999999994,2.249150529777128,0.7777352877237851,0.2,0.19768,13.850000000000001,12.67623,127.25,124.5384,0.8999999999999999,0.8895599999999999,NA,NA,NA,NA,NA,NA,NA,NA,NA,NA,NA,NA,NA,NA,NA,NA,NA,NA,NA,NA,NA,NA,NA,NA,NA,NA,NA,NA,NA,NA,NA,NA,NA,NA,NA,NA,NA,NA,Taysom,Hill,NOS,TE,35,3
TE,13424,weighted,NA,NA,NA,NA,NA,NA,192.3273381294964,74.67397879320674,2.2886161001779506,1.1483227783679555,0.35555555555555557,0.4131776778986505,17.49928057553957,9.450982759985,160.7505995203837,100.03318965630956,1.1812324053800436,1.2313718285371762,NA,NA,NA,NA,NA,NA,NA,NA,NA,NA,NA,NA,NA,NA,NA,NA,NA,NA,NA,NA,NA,NA,NA,NA,NA,NA,NA,NA,NA,NA,NA,NA,NA,NA,NA,NA,NA,NA,Taysom,Hill,NOS,TE,35,3
TE,15626,average,NA,NA,NA,NA,NA,NA,0,0,0,0,0,0,15.675,1.043631480296885,137.55,16.431981012647256,1.975,0.20615528128088312,NA,NA,NA,NA,NA,NA,NA,NA,NA,NA,NA,NA,NA,NA,NA,NA,NA,NA,NA,NA,NA,NA,NA,NA,NA,NA,NA,NA,NA,NA,NA,NA,NA,NA,NA,NA,NA,NA,Brock,Wright,DET,TE,27,-1
TE,15626,robust,NA,NA,NA,NA,NA,NA,0,0,0,0,0,0,15.675,0.9636900000000005,136.55,13.343399999999999,2,0.14826000000000011,NA,NA,NA,NA,NA,NA,NA,NA,NA,NA,NA,NA,NA,NA,NA,NA,NA,NA,NA,NA,NA,NA,NA,NA,NA,NA,NA,NA,NA,NA,NA,NA,NA,NA,NA,NA,NA,NA,Brock,Wright,DET,TE,27,-1
TE,15626,weighted,NA,NA,NA,NA,NA,NA,0,0,0,0,0,0,15.849756097560977,1.1390396788641814,137.36585365853657,19.669874778609,1.8960975609756099,0.17504386177553763,NA,NA,NA,NA,NA,NA,NA,NA,NA,NA,NA,NA,NA,NA,NA,NA,NA,NA,NA,NA,NA,NA,NA,NA,NA,NA,NA,NA,NA,NA,NA,NA,NA,NA,NA,NA,NA,NA,Brock,Wright,DET,TE,27,-1
TE,14209,average,NA,NA,NA,NA,NA,NA,0,0,0,0,0,0,15.666666666666666,3.8297084310253524,166.58333333333334,49.84818619234472,1.4666666666666668,0.4546060565661952,NA,NA,NA,NA,NA,NA,NA,NA,NA,NA,NA,NA,NA,NA,NA,NA,NA,NA,NA,NA,NA,NA,NA,NA,NA,NA,NA,NA,NA,NA,NA,NA,NA,NA,NA,NA,NA,NA,Josh,Oliver,MIN,TE,28,1
TE,14209,robust,NA,NA,NA,NA,NA,NA,0,0,0,0,0,0,16,4.4478,164.5,57.080099999999995,1.5,0.5930399999999998,NA,NA,NA,NA,NA,NA,NA,NA,NA,NA,NA,NA,NA,NA,NA,NA,NA,NA,NA,NA,NA,NA,NA,NA,NA,NA,NA,NA,NA,NA,NA,NA,NA,NA,NA,NA,NA,NA,Josh,Oliver,MIN,TE,28,1
TE,14209,weighted,NA,NA,NA,NA,NA,NA,0,0,0,0,0,0,15.22065063649222,4.162159392623406,162.1753889674682,55.23797071733446,1.4393210749646395,0.5055259378811316,NA,NA,NA,NA,NA,NA,NA,NA,NA,NA,NA,NA,NA,NA,NA,NA,NA,NA,NA,NA,NA,NA,NA,NA,NA,NA,NA,NA,NA,NA,NA,NA,NA,NA,NA,NA,NA,NA,Josh,Oliver,MIN,TE,28,1
TE,17108,average,NA,NA,NA,NA,NA,NA,0,0,0,0,0.4666666666666667,0.2690370836538197,41.125,10.736286934636999,448.2625,127.07515141499087,2.801226481194448,1.4893878760842467,NA,NA,NA,NA,NA,NA,NA,NA,NA,NA,NA,NA,NA,NA,NA,NA,NA,NA,NA,NA,NA,NA,NA,NA,NA,NA,NA,NA,NA,NA,NA,NA,NA,NA,NA,NA,NA,NA,Elijah,Arroyo,SEA,TE,22,-5
TE,17108,robust,NA,NA,NA,NA,NA,NA,0,0,0,0,0.4666666666666667,0,43.25,5.9304,466.025,85.91666999999998,3,0.8968335240755556,NA,NA,NA,NA,NA,NA,NA,NA,NA,NA,NA,NA,NA,NA,NA,NA,NA,NA,NA,NA,NA,NA,NA,NA,NA,NA,NA,NA,NA,NA,NA,NA,NA,NA,NA,NA,NA,NA,Elijah,Arroyo,SEA,TE,22,-5
TE,17108,weighted,NA,NA,NA,NA,NA,NA,0,0,0,0,0.47786774628879897,0.29181610544178443,40.990890688259114,11.560465488970765,447.53643724696354,135.52921022343213,2.76222220692533,1.5877454273297482,NA,NA,NA,NA,NA,NA,NA,NA,NA,NA,NA,NA,NA,NA,NA,NA,NA,NA,NA,NA,NA,NA,NA,NA,NA,NA,NA,NA,NA,NA,NA,NA,NA,NA,NA,NA,NA,NA,Elijah,Arroyo,SEA,TE,22,-5
TE,15795,average,NA,NA,NA,NA,NA,NA,1.5,1.224744871391589,0,0,0.03333333333333333,0.047140452079103175,10.1,4.803470967262458,138.25,81.891696770796,1.375,0.8180260794538684,NA,NA,NA,NA,NA,NA,NA,NA,NA,NA,NA,NA,NA,NA,NA,NA,NA,NA,NA,NA,NA,NA,NA,NA,NA,NA,NA,NA,NA,NA,NA,NA,NA,NA,NA,NA,NA,NA,Charlie,Kolar,BAL,TE,26,-2
TE,15795,robust,NA,NA,NA,NA,NA,NA,1.5,1.11195,0,0,0.025,0.02471,9.75,3.7806299999999995,124.5,51.149699999999996,1.375,0.81543,NA,NA,NA,NA,NA,NA,NA,NA,NA,NA,NA,NA,NA,NA,NA,NA,NA,NA,NA,NA,NA,NA,NA,NA,NA,NA,NA,NA,NA,NA,NA,NA,NA,NA,NA,NA,NA,NA,Charlie,Kolar,BAL,TE,26,-2
TE,15795,weighted,NA,NA,NA,NA,NA,NA,1.5695121951219513,1.4763777545354246,0,0,0.04463414634146341,0.05209323037895959,11.897560975609757,4.13790584297744,165.58048780487803,78.53895872614964,1.7346341463414634,0.5919939036430886,NA,NA,NA,NA,NA,NA,NA,NA,NA,NA,NA,NA,NA,NA,NA,NA,NA,NA,NA,NA,NA,NA,NA,NA,NA,NA,NA,NA,NA,NA,NA,NA,NA,NA,NA,NA,NA,NA,Charlie,Kolar,BAL,TE,26,-2
TE,12677,average,NA,NA,NA,NA,NA,NA,0,0,0,0,0.23333333333333334,0.12018504251546631,30.900000000000002,11.439551273250771,310.5285714285714,108.63481201232126,1.8714285714285714,0.3946064947695181,NA,NA,NA,NA,NA,NA,NA,NA,NA,NA,NA,NA,NA,NA,NA,NA,NA,NA,NA,NA,NA,NA,NA,NA,NA,NA,NA,NA,NA,NA,NA,NA,NA,NA,NA,NA,NA,NA,Austin,Hooper,NEP,TE,31,4
TE,12677,robust,NA,NA,NA,NA,NA,NA,0,0,0,0,0.23333333333333334,0,31,13.936439999999997,308.75,151.66998,2,0,NA,NA,NA,NA,NA,NA,NA,NA,NA,NA,NA,NA,NA,NA,NA,NA,NA,NA,NA,NA,NA,NA,NA,NA,NA,NA,NA,NA,NA,NA,NA,NA,NA,NA,NA,NA,NA,NA,Austin,Hooper,NEP,TE,31,4
TE,12677,weighted,NA,NA,NA,NA,NA,NA,0,0,0,0,0.20493395493395494,0.10472857569343841,30.94102564102564,12.541944331977422,310.9382284382284,118.7043259687745,1.8641025641025641,0.43449618784466765,NA,NA,NA,NA,NA,NA,NA,NA,NA,NA,NA,NA,NA,NA,NA,NA,NA,NA,NA,NA,NA,NA,NA,NA,NA,NA,NA,NA,NA,NA,NA,NA,NA,NA,NA,NA,NA,NA,Austin,Hooper,NEP,TE,31,4
TE,16219,average,NA,NA,NA,NA,NA,NA,0,0,0,0,0,0,8.366666666666667,4.505922029211484,70.3,39.99462463881865,0.8333333333333334,1.011599393699568,NA,NA,NA,NA,NA,NA,NA,NA,NA,NA,NA,NA,NA,NA,NA,NA,NA,NA,NA,NA,NA,NA,NA,NA,NA,NA,NA,NA,NA,NA,NA,NA,NA,NA,NA,NA,NA,NA,Davis,Allen,LAR,TE,24,-3
TE,16219,robust,NA,NA,NA,NA,NA,NA,0,0,0,0,0,0,8.3,6.078659999999999,67.225,29.80026,0.7000000000000001,0.14825999999999995,NA,NA,NA,NA,NA,NA,NA,NA,NA,NA,NA,NA,NA,NA,NA,NA,NA,NA,NA,NA,NA,NA,NA,NA,NA,NA,NA,NA,NA,NA,NA,NA,NA,NA,NA,NA,NA,NA,Davis,Allen,LAR,TE,24,-3
TE,16219,weighted,NA,NA,NA,NA,NA,NA,0,0,0,0,0,0,10.575609756097561,3.464823227814083,86.79790940766549,40.305086527633215,1.1588850174216028,1.2020815280171309,NA,NA,NA,NA,NA,NA,NA,NA,NA,NA,NA,NA,NA,NA,NA,NA,NA,NA,NA,NA,NA,NA,NA,NA,NA,NA,NA,NA,NA,NA,NA,NA,NA,NA,NA,NA,NA,NA,Davis,Allen,LAR,TE,24,-3
TE,16216,average,NA,NA,NA,NA,NA,NA,0,0,0,0,0,0,15.66,2.83160731740826,156.78,27.393283848418026,0.88,0.16431676725154987,NA,NA,NA,NA,NA,NA,NA,NA,NA,NA,NA,NA,NA,NA,NA,NA,NA,NA,NA,NA,NA,NA,NA,NA,NA,NA,NA,NA,NA,NA,NA,NA,NA,NA,NA,NA,NA,NA,Darnell,Washington,PIT,TE,24,-3
TE,16216,robust,NA,NA,NA,NA,NA,NA,0,0,0,0,0,0,15.5,1.3343399999999979,153.45,19.273799999999998,0.85,0,NA,NA,NA,NA,NA,NA,NA,NA,NA,NA,NA,NA,NA,NA,NA,NA,NA,NA,NA,NA,NA,NA,NA,NA,NA,NA,NA,NA,NA,NA,NA,NA,NA,NA,NA,NA,NA,NA,Darnell,Washington,PIT,TE,24,-3
TE,16216,weighted,NA,NA,NA,NA,NA,NA,0,0,0,0,0,0,16.49490909090909,2.398064526318104,164.77090909090907,22.77518399510899,0.9225454545454544,0.1516990305882103,NA,NA,NA,NA,NA,NA,NA,NA,NA,NA,NA,NA,NA,NA,NA,NA,NA,NA,NA,NA,NA,NA,NA,NA,NA,NA,NA,NA,NA,NA,NA,NA,NA,NA,NA,NA,NA,NA,Darnell,Washington,PIT,TE,24,-3
TE,17107,average,NA,NA,NA,NA,NA,NA,0,0,0,0,0.13333333333333333,0.13333333333333336,20.714285714285715,7.631388814501279,225.2,106.20018832375015,1.8571428571428572,0.667974906856894,NA,NA,NA,NA,NA,NA,NA,NA,NA,NA,NA,NA,NA,NA,NA,NA,NA,NA,NA,NA,NA,NA,NA,NA,NA,NA,NA,NA,NA,NA,NA,NA,NA,NA,NA,NA,NA,NA,Terrance,Ferguson,LAR,TE,22,-5
TE,17107,robust,NA,NA,NA,NA,NA,NA,0,0,0,0,0.13333333333333333,0,21.25,7.412999999999999,222.6,57.8214,1.95,0.14826000000000011,NA,NA,NA,NA,NA,NA,NA,NA,NA,NA,NA,NA,NA,NA,NA,NA,NA,NA,NA,NA,NA,NA,NA,NA,NA,NA,NA,NA,NA,NA,NA,NA,NA,NA,NA,NA,NA,NA,Terrance,Ferguson,LAR,TE,22,-5
TE,17107,weighted,NA,NA,NA,NA,NA,NA,0,0,0,0,0.08873348873348873,0.06895087442409012,20.13170163170163,8.121966883686495,218.99883449883453,111.5342157669912,1.8254079254079254,0.7068680215465379,NA,NA,NA,NA,NA,NA,NA,NA,NA,NA,NA,NA,NA,NA,NA,NA,NA,NA,NA,NA,NA,NA,NA,NA,NA,NA,NA,NA,NA,NA,NA,NA,NA,NA,NA,NA,NA,NA,Terrance,Ferguson,LAR,TE,22,-5
TE,17105,average,NA,NA,NA,NA,NA,NA,0,0,0,0,0.13333333333333333,0.13333333333333336,21.557142857142857,4.054568264257467,211.97142857142856,50.87637678024757,1.2857142857142858,0.501426536422407,NA,NA,NA,NA,NA,NA,NA,NA,NA,NA,NA,NA,NA,NA,NA,NA,NA,NA,NA,NA,NA,NA,NA,NA,NA,NA,NA,NA,NA,NA,NA,NA,NA,NA,NA,NA,NA,NA,Gunnar,Helm,TEN,TE,23,-5
TE,17105,robust,NA,NA,NA,NA,NA,NA,0,0,0,0,0.13333333333333333,0,21.475,4.4478,210.25,58.11791999999998,1.15,0.2965199999999999,NA,NA,NA,NA,NA,NA,NA,NA,NA,NA,NA,NA,NA,NA,NA,NA,NA,NA,NA,NA,NA,NA,NA,NA,NA,NA,NA,NA,NA,NA,NA,NA,NA,NA,NA,NA,NA,NA,Gunnar,Helm,TEN,TE,23,-5
TE,17105,weighted,NA,NA,NA,NA,NA,NA,0,0,0,0,0.08873348873348873,0.06895087442409012,21.394871794871793,4.4605288256170486,209.6095571095571,55.24885894208299,1.2932400932400931,0.5446932250995812,NA,NA,NA,NA,NA,NA,NA,NA,NA,NA,NA,NA,NA,NA,NA,NA,NA,NA,NA,NA,NA,NA,NA,NA,NA,NA,NA,NA,NA,NA,NA,NA,NA,NA,NA,NA,NA,NA,Gunnar,Helm,TEN,TE,23,-5
TE,16643,average,NA,NA,NA,NA,NA,NA,0,0,0,0,0.03333333333333333,0.03333333333333334,40.51428571428571,11.121664829126464,410.2,118.28389577622137,2.111425945996638,0.8673207948760403,NA,NA,NA,NA,NA,NA,NA,NA,NA,NA,NA,NA,NA,NA,NA,NA,NA,NA,NA,NA,NA,NA,NA,NA,NA,NA,NA,NA,NA,NA,NA,NA,NA,NA,NA,NA,NA,NA,Ja'Tavion,Sanders,CAR,TE,22,-4
TE,16643,robust,NA,NA,NA,NA,NA,NA,0,0,0,0,0.03333333333333333,0,44.05,4.151279999999995,440.6,55.74576000000003,2.1,0.8895600000000001,NA,NA,NA,NA,NA,NA,NA,NA,NA,NA,NA,NA,NA,NA,NA,NA,NA,NA,NA,NA,NA,NA,NA,NA,NA,NA,NA,NA,NA,NA,NA,NA,NA,NA,NA,NA,NA,NA,Ja'Tavion,Sanders,CAR,TE,22,-4
TE,16643,weighted,NA,NA,NA,NA,NA,NA,0,0,0,0,0.022273603082851638,0.017199254236697274,39.872601156069365,12.057271523037347,404.09017341040465,128.5984008249042,2.0603440587941506,0.9386223627143467,NA,NA,NA,NA,NA,NA,NA,NA,NA,NA,NA,NA,NA,NA,NA,NA,NA,NA,NA,NA,NA,NA,NA,NA,NA,NA,NA,NA,NA,NA,NA,NA,NA,NA,NA,NA,NA,NA,Ja'Tavion,Sanders,CAR,TE,22,-4
TE,13672,average,NA,NA,NA,NA,NA,NA,0,0,0,0,0.4,0.2138089935299395,50.9125,15.871037188179335,507.9125,164.71049439633686,2.8422801057710076,1.1375629877337712,NA,NA,NA,NA,NA,NA,NA,NA,NA,NA,NA,NA,NA,NA,NA,NA,NA,NA,NA,NA,NA,NA,NA,NA,NA,NA,NA,NA,NA,NA,NA,NA,NA,NA,NA,NA,NA,NA,Mike,Gesicki,CIN,TE,30,2
TE,13672,robust,NA,NA,NA,NA,NA,NA,0,0,0,0,0.4,0,54.25,8.1543,541.5,114.9015,2.85,1.1860799999999996,NA,NA,NA,NA,NA,NA,NA,NA,NA,NA,NA,NA,NA,NA,NA,NA,NA,NA,NA,NA,NA,NA,NA,NA,NA,NA,NA,NA,NA,NA,NA,NA,NA,NA,NA,NA,NA,NA,Mike,Gesicki,CIN,TE,30,2
TE,13672,weighted,NA,NA,NA,NA,NA,NA,0,0,0,0,0.3987854251012146,0.23297085406125206,50.516194331983804,17.234882117603895,503.6325910931174,178.6086744032463,2.779728046560575,1.2130868727860773,NA,NA,NA,NA,NA,NA,NA,NA,NA,NA,NA,NA,NA,NA,NA,NA,NA,NA,NA,NA,NA,NA,NA,NA,NA,NA,NA,NA,NA,NA,NA,NA,NA,NA,NA,NA,NA,NA,Mike,Gesicki,CIN,TE,30,2
TE,14867,average,NA,NA,NA,NA,NA,NA,0.5,0.2672612419124244,0,0,0.35,0.30937725468153876,32.6875,16.396814803927185,322.3375,167.77688362397075,2.5367328799431155,1.3928185684880685,NA,NA,NA,NA,NA,NA,NA,NA,NA,NA,NA,NA,NA,NA,NA,NA,NA,NA,NA,NA,NA,NA,NA,NA,NA,NA,NA,NA,NA,NA,NA,NA,NA,NA,NA,NA,NA,NA,Cole,Kmet,CHI,TE,26,0
TE,14867,robust,NA,NA,NA,NA,NA,NA,0.5,0,0,0,0.35,0.03706500000000003,30.75,12.6021,312.25,143.58981000000003,2.5,1.4826,NA,NA,NA,NA,NA,NA,NA,NA,NA,NA,NA,NA,NA,NA,NA,NA,NA,NA,NA,NA,NA,NA,NA,NA,NA,NA,NA,NA,NA,NA,NA,NA,NA,NA,NA,NA,NA,NA,Cole,Kmet,CHI,TE,26,0
TE,14867,weighted,NA,NA,NA,NA,NA,NA,0.5096153846153846,0.27964101793086005,0,0,0.3404352226720648,0.33371247372112833,32.66214574898786,17.645076483738297,322.0506072874494,180.3908786502285,2.511135825041336,1.510790469963875,NA,NA,NA,NA,NA,NA,NA,NA,NA,NA,NA,NA,NA,NA,NA,NA,NA,NA,NA,NA,NA,NA,NA,NA,NA,NA,NA,NA,NA,NA,NA,NA,NA,NA,NA,NA,NA,NA,Cole,Kmet,CHI,TE,26,0
TE,16215,average,NA,NA,NA,NA,NA,NA,0.5,0.2672612419124244,0,0,0,0,18.2375,4.690396724006556,171,50.54842091641298,0.9881543637386538,0.5859875597881187,NA,NA,NA,NA,NA,NA,NA,NA,NA,NA,NA,NA,NA,NA,NA,NA,NA,NA,NA,NA,NA,NA,NA,NA,NA,NA,NA,NA,NA,NA,NA,NA,NA,NA,NA,NA,NA,NA,Luke,Musgrave,GBP,TE,25,-3
TE,16215,robust,NA,NA,NA,NA,NA,NA,0.5,0,0,0,0,0,17.725,3.9288900000000004,168,37.065,1,0.2965199999999999,NA,NA,NA,NA,NA,NA,NA,NA,NA,NA,NA,NA,NA,NA,NA,NA,NA,NA,NA,NA,NA,NA,NA,NA,NA,NA,NA,NA,NA,NA,NA,NA,NA,NA,NA,NA,NA,NA,Luke,Musgrave,GBP,TE,25,-3
TE,16215,weighted,NA,NA,NA,NA,NA,NA,0.5096153846153846,0.27964101793086005,0,0,0,0,18.062955465587045,5.091627283667842,168.80263157894737,53.627788754580166,0.9440086419921053,0.6166665088991742,NA,NA,NA,NA,NA,NA,NA,NA,NA,NA,NA,NA,NA,NA,NA,NA,NA,NA,NA,NA,NA,NA,NA,NA,NA,NA,NA,NA,NA,NA,NA,NA,NA,NA,NA,NA,NA,NA,Luke,Musgrave,GBP,TE,25,-3
TE,16333,average,NA,NA,NA,NA,NA,NA,0,0,0,0,0,0,16.05,3.871821276866999,161.56666666666666,43.063751191305506,1.1333333333333333,0.2804757862395017,NA,NA,NA,NA,NA,NA,NA,NA,NA,NA,NA,NA,NA,NA,NA,NA,NA,NA,NA,NA,NA,NA,NA,NA,NA,NA,NA,NA,NA,NA,NA,NA,NA,NA,NA,NA,NA,NA,Elijah,Higgins,ARI,TE,25,-3
TE,16333,robust,NA,NA,NA,NA,NA,NA,0,0,0,0,0,0,16,4.4478,155,35.28587999999999,1.05,0,NA,NA,NA,NA,NA,NA,NA,NA,NA,NA,NA,NA,NA,NA,NA,NA,NA,NA,NA,NA,NA,NA,NA,NA,NA,NA,NA,NA,NA,NA,NA,NA,NA,NA,NA,NA,NA,NA,Elijah,Higgins,ARI,TE,25,-3
TE,16333,weighted,NA,NA,NA,NA,NA,NA,0,0,0,0,0,0,16.893635077793494,3.5030768157696803,170.6661951909477,39.46478947044142,1.1405940594059407,0.31378094744095536,NA,NA,NA,NA,NA,NA,NA,NA,NA,NA,NA,NA,NA,NA,NA,NA,NA,NA,NA,NA,NA,NA,NA,NA,NA,NA,NA,NA,NA,NA,NA,NA,NA,NA,NA,NA,NA,NA,Elijah,Higgins,ARI,TE,25,-3
TE,13675,average,NA,NA,NA,NA,NA,NA,0,0,0,0,0,0,31.6,13.111935674905409,303.075,122.96428924111028,2.304175751495554,1.1564065559959122,NA,NA,NA,NA,NA,NA,NA,NA,NA,NA,NA,NA,NA,NA,NA,NA,NA,NA,NA,NA,NA,NA,NA,NA,NA,NA,NA,NA,NA,NA,NA,NA,NA,NA,NA,NA,NA,NA,Tyler,Conklin,LAC,TE,30,2
TE,13675,robust,NA,NA,NA,NA,NA,NA,0,0,0,0,0,0,31.225,3.113460000000002,296.15,40.474980000000016,2.05,0.07413000000000006,NA,NA,NA,NA,NA,NA,NA,NA,NA,NA,NA,NA,NA,NA,NA,NA,NA,NA,NA,NA,NA,NA,NA,NA,NA,NA,NA,NA,NA,NA,NA,NA,NA,NA,NA,NA,NA,NA,Tyler,Conklin,LAC,TE,30,2
TE,13675,weighted,NA,NA,NA,NA,NA,NA,0,0,0,0,0,0,30.788056680161944,13.657803415307562,294.97975708502025,127.2203506701021,2.245488645298964,1.1879933112402745,NA,NA,NA,NA,NA,NA,NA,NA,NA,NA,NA,NA,NA,NA,NA,NA,NA,NA,NA,NA,NA,NA,NA,NA,NA,NA,NA,NA,NA,NA,NA,NA,NA,NA,NA,NA,NA,NA,Tyler,Conklin,LAC,TE,30,2
TE,13763,average,NA,NA,NA,NA,NA,NA,0.5,0.2672612419124244,0,0,0.26666666666666666,0.20236694629405502,36.4625,12.882650292988185,356.8625,123.03359515073224,2.1790246513587004,0.6394856229368182,NA,NA,NA,NA,NA,NA,NA,NA,NA,NA,NA,NA,NA,NA,NA,NA,NA,NA,NA,NA,NA,NA,NA,NA,NA,NA,NA,NA,NA,NA,NA,NA,NA,NA,NA,NA,NA,NA,Will,Dissly,LAC,TE,29,2
TE,13763,robust,NA,NA,NA,NA,NA,NA,0.5,0,0,0,0.26666666666666666,0,38.2,11.786669999999994,372.7,111.26913,2.125,0.37065,NA,NA,NA,NA,NA,NA,NA,NA,NA,NA,NA,NA,NA,NA,NA,NA,NA,NA,NA,NA,NA,NA,NA,NA,NA,NA,NA,NA,NA,NA,NA,NA,NA,NA,NA,NA,NA,NA,Will,Dissly,LAC,TE,29,2
TE,13763,weighted,NA,NA,NA,NA,NA,NA,0.5096153846153846,0.27964101793086005,0,0,0.2898110661268556,0.20755556781564893,36.09979757085021,13.986340691211565,352.62246963562757,133.70920209360827,2.1287304022399276,0.6812093819179854,NA,NA,NA,NA,NA,NA,NA,NA,NA,NA,NA,NA,NA,NA,NA,NA,NA,NA,NA,NA,NA,NA,NA,NA,NA,NA,NA,NA,NA,NA,NA,NA,NA,NA,NA,NA,NA,NA,Will,Dissly,LAC,TE,29,2
TE,15344,average,NA,NA,NA,NA,NA,NA,0,0,0,0,0.19999999999999998,0.2449489742783178,10.52,3.0548322376196047,100.26,27.042337177100652,0.5,0.5,NA,NA,NA,NA,NA,NA,NA,NA,NA,NA,NA,NA,NA,NA,NA,NA,NA,NA,NA,NA,NA,NA,NA,NA,NA,NA,NA,NA,NA,NA,NA,NA,NA,NA,NA,NA,NA,NA,John,Bates,WAS,TE,28,-1
TE,15344,robust,NA,NA,NA,NA,NA,NA,0,0,0,0,0.19999999999999998,0.29651999999999995,10.5,4.4478,104,41.5128,0.5,0.7413,NA,NA,NA,NA,NA,NA,NA,NA,NA,NA,NA,NA,NA,NA,NA,NA,NA,NA,NA,NA,NA,NA,NA,NA,NA,NA,NA,NA,NA,NA,NA,NA,NA,NA,NA,NA,NA,NA,John,Bates,WAS,TE,28,-1
TE,15344,weighted,NA,NA,NA,NA,NA,NA,0,0,0,0,0.2490299823633157,0.2530199434998149,10.994003527336861,3.100945634722441,104.85714285714286,26.39688607737255,0.5326278659611994,0.576831548635404,NA,NA,NA,NA,NA,NA,NA,NA,NA,NA,NA,NA,NA,NA,NA,NA,NA,NA,NA,NA,NA,NA,NA,NA,NA,NA,NA,NA,NA,NA,NA,NA,NA,NA,NA,NA,NA,NA,John,Bates,WAS,TE,28,-1
TE,15332,average,NA,NA,NA,NA,NA,NA,0,0,0,0,0.36666666666666664,0.20275875100994065,19.928571428571427,4.832085224729342,188.37142857142857,50.74871802274793,1.9,0.7505553499465135,NA,NA,NA,NA,NA,NA,NA,NA,NA,NA,NA,NA,NA,NA,NA,NA,NA,NA,NA,NA,NA,NA,NA,NA,NA,NA,NA,NA,NA,NA,NA,NA,NA,NA,NA,NA,NA,NA,Tommy,Tremble,CAR,TE,25,-1
TE,15332,robust,NA,NA,NA,NA,NA,NA,0,0,0,0,0.36666666666666664,0,20.075,6.226919999999999,193.9,29.651999999999997,1.925,0.8895600000000001,NA,NA,NA,NA,NA,NA,NA,NA,NA,NA,NA,NA,NA,NA,NA,NA,NA,NA,NA,NA,NA,NA,NA,NA,NA,NA,NA,NA,NA,NA,NA,NA,NA,NA,NA,NA,NA,NA,Tommy,Tremble,CAR,TE,25,-1
TE,15332,weighted,NA,NA,NA,NA,NA,NA,0,0,0,0,0.35986790986790984,0.22210472638506124,19.88158508158508,5.148381596851139,187.7995337995338,54.46165663612519,1.9104895104895105,0.7957430522899075,NA,NA,NA,NA,NA,NA,NA,NA,NA,NA,NA,NA,NA,NA,NA,NA,NA,NA,NA,NA,NA,NA,NA,NA,NA,NA,NA,NA,NA,NA,NA,NA,NA,NA,NA,NA,NA,NA,Tommy,Tremble,CAR,TE,25,-1
TE,15796,average,NA,NA,NA,NA,NA,NA,0,0,0,0,0,0,14.879999999999999,4.822032766375608,118.86,28.341630157773213,0.38,0.521536192416212,NA,NA,NA,NA,NA,NA,NA,NA,NA,NA,NA,NA,NA,NA,NA,NA,NA,NA,NA,NA,NA,NA,NA,NA,NA,NA,NA,NA,NA,NA,NA,NA,NA,NA,NA,NA,NA,NA,Jeremy,Ruckert,NYJ,TE,25,-2
TE,15796,robust,NA,NA,NA,NA,NA,NA,0,0,0,0,0,0,15.5,4.4478,124.15,20.7564,0.45,0,NA,NA,NA,NA,NA,NA,NA,NA,NA,NA,NA,NA,NA,NA,NA,NA,NA,NA,NA,NA,NA,NA,NA,NA,NA,NA,NA,NA,NA,NA,NA,NA,NA,NA,NA,NA,NA,NA,Jeremy,Ruckert,NYJ,TE,25,-2
TE,15796,weighted,NA,NA,NA,NA,NA,NA,0,0,0,0,0,0,14.21410934744268,5.56150607501866,111.6931216931217,30.21218523877804,0.25573192239858905,0.504385767496465,NA,NA,NA,NA,NA,NA,NA,NA,NA,NA,NA,NA,NA,NA,NA,NA,NA,NA,NA,NA,NA,NA,NA,NA,NA,NA,NA,NA,NA,NA,NA,NA,NA,NA,NA,NA,NA,NA,Jeremy,Ruckert,NYJ,TE,25,-2
TE,14143,average,NA,NA,NA,NA,NA,NA,0,0,0,0,0,0,21.7125,6.407459380619257,242.725,66.24137140574828,1.7636880459210909,0.4791577972743771,NA,NA,NA,NA,NA,NA,NA,NA,NA,NA,NA,NA,NA,NA,NA,NA,NA,NA,NA,NA,NA,NA,NA,NA,NA,NA,NA,NA,NA,NA,NA,NA,NA,NA,NA,NA,NA,NA,Dawson,Knox,BUF,TE,29,1
TE,14143,robust,NA,NA,NA,NA,NA,NA,0,0,0,0,0,0,21.975,5.9304,251.75,45.36756000000003,1.95,0.07413000000000006,NA,NA,NA,NA,NA,NA,NA,NA,NA,NA,NA,NA,NA,NA,NA,NA,NA,NA,NA,NA,NA,NA,NA,NA,NA,NA,NA,NA,NA,NA,NA,NA,NA,NA,NA,NA,NA,NA,Dawson,Knox,BUF,TE,29,1
TE,14143,weighted,NA,NA,NA,NA,NA,NA,0,0,0,0,0,0,21.501619433198382,6.993317596865479,240.97064777327935,72.08483384981234,1.73708053416795,0.5150240732342187,NA,NA,NA,NA,NA,NA,NA,NA,NA,NA,NA,NA,NA,NA,NA,NA,NA,NA,NA,NA,NA,NA,NA,NA,NA,NA,NA,NA,NA,NA,NA,NA,NA,NA,NA,NA,NA,NA,Dawson,Knox,BUF,TE,29,1
TE,15797,average,NA,NA,NA,NA,NA,NA,0,0,0,0,0,0,9.05,9.445104552094698,95.125,110.16379850023328,0.75,0.9574271077563381,NA,NA,NA,NA,NA,NA,NA,NA,NA,NA,NA,NA,NA,NA,NA,NA,NA,NA,NA,NA,NA,NA,NA,NA,NA,NA,NA,NA,NA,NA,NA,NA,NA,NA,NA,NA,NA,NA,Greg,Dulcich,MIA,TE,25,-2
TE,15797,robust,NA,NA,NA,NA,NA,NA,0,0,0,0,0,0,8.3,6.6716999999999995,82.25,69.31155,0.75,0.7413,NA,NA,NA,NA,NA,NA,NA,NA,NA,NA,NA,NA,NA,NA,NA,NA,NA,NA,NA,NA,NA,NA,NA,NA,NA,NA,NA,NA,NA,NA,NA,NA,NA,NA,NA,NA,NA,NA,Greg,Dulcich,MIA,TE,25,-2
TE,15797,weighted,NA,NA,NA,NA,NA,NA,0,0,0,0,0,0,11.244878048780489,9.312246713079093,117.75365853658536,112.89836476605745,0.9536585365853659,0.9842518363569498,NA,NA,NA,NA,NA,NA,NA,NA,NA,NA,NA,NA,NA,NA,NA,NA,NA,NA,NA,NA,NA,NA,NA,NA,NA,NA,NA,NA,NA,NA,NA,NA,NA,NA,NA,NA,NA,NA,Greg,Dulcich,MIA,TE,25,-2
TE,15804,average,NA,NA,NA,NA,NA,NA,0,0,0,0,0,0,15.766666666666667,8.100041152158838,184.46666666666667,97.5980874129543,1.0216948515464788,0.7099988785797104,NA,NA,NA,NA,NA,NA,NA,NA,NA,NA,NA,NA,NA,NA,NA,NA,NA,NA,NA,NA,NA,NA,NA,NA,NA,NA,NA,NA,NA,NA,NA,NA,NA,NA,NA,NA,NA,NA,Grant,Calcaterra,PHI,TE,27,-2
TE,15804,robust,NA,NA,NA,NA,NA,NA,0,0,0,0,0,0,14.8,8.8956,179.4,112.6776,1,0.07412999999999997,NA,NA,NA,NA,NA,NA,NA,NA,NA,NA,NA,NA,NA,NA,NA,NA,NA,NA,NA,NA,NA,NA,NA,NA,NA,NA,NA,NA,NA,NA,NA,NA,NA,NA,NA,NA,NA,NA,Grant,Calcaterra,PHI,TE,27,-2
TE,15804,weighted,NA,NA,NA,NA,NA,NA,0,0,0,0,0,0,15.92912482065997,8.840767933871929,187.64992826398853,106.23245644634758,1.0257130332944815,0.7795875504230118,NA,NA,NA,NA,NA,NA,NA,NA,NA,NA,NA,NA,NA,NA,NA,NA,NA,NA,NA,NA,NA,NA,NA,NA,NA,NA,NA,NA,NA,NA,NA,NA,NA,NA,NA,NA,NA,NA,Grant,Calcaterra,PHI,TE,27,-2
TE,15419,average,NA,NA,NA,NA,NA,NA,0,0,0,0,0,0,10.1,5.5051491048532615,114.525,60.080799761654305,0.525,0.55,NA,NA,NA,NA,NA,NA,NA,NA,NA,NA,NA,NA,NA,NA,NA,NA,NA,NA,NA,NA,NA,NA,NA,NA,NA,NA,NA,NA,NA,NA,NA,NA,NA,NA,NA,NA,NA,NA,Kylen,Granson,PHI,TE,27,-1
TE,15419,robust,NA,NA,NA,NA,NA,NA,0,0,0,0,0,0,10.1,5.48562,114.525,60.71247,0.525,0.6671699999999999,NA,NA,NA,NA,NA,NA,NA,NA,NA,NA,NA,NA,NA,NA,NA,NA,NA,NA,NA,NA,NA,NA,NA,NA,NA,NA,NA,NA,NA,NA,NA,NA,NA,NA,NA,NA,NA,NA,Kylen,Granson,PHI,TE,27,-1
TE,15419,weighted,NA,NA,NA,NA,NA,NA,0,0,0,0,0,0,11.877560975609756,4.466881022435879,134.99024390243903,46.00923988467453,0.6536585365853659,0.583479539251792,NA,NA,NA,NA,NA,NA,NA,NA,NA,NA,NA,NA,NA,NA,NA,NA,NA,NA,NA,NA,NA,NA,NA,NA,NA,NA,NA,NA,NA,NA,NA,NA,NA,NA,NA,NA,NA,NA,Kylen,Granson,PHI,TE,27,-1
TE,16425,average,NA,NA,NA,NA,NA,NA,0,0,0,0,0.16666666666666669,0.14719601443879746,15.56,4.744259689350911,139.98,35.962508255125925,0.9,0.282842712474619,NA,NA,NA,NA,NA,NA,NA,NA,NA,NA,NA,NA,NA,NA,NA,NA,NA,NA,NA,NA,NA,NA,NA,NA,NA,NA,NA,NA,NA,NA,NA,NA,NA,NA,NA,NA,NA,NA,Julian,Hill,MIA,TE,25,-3
TE,16425,robust,NA,NA,NA,NA,NA,NA,0,0,0,0,0.16666666666666669,0.09884000000000001,15.1,3.2617199999999986,142,34.24805999999999,1,0,NA,NA,NA,NA,NA,NA,NA,NA,NA,NA,NA,NA,NA,NA,NA,NA,NA,NA,NA,NA,NA,NA,NA,NA,NA,NA,NA,NA,NA,NA,NA,NA,NA,NA,NA,NA,NA,NA,Julian,Hill,MIA,TE,25,-3
TE,16425,weighted,NA,NA,NA,NA,NA,NA,0,0,0,0,0.10907534246575344,0.07885819727513668,15.12705479452055,5.317739317256796,136.8527397260274,40.42870496660098,0.854109589041096,0.297310906436783,NA,NA,NA,NA,NA,NA,NA,NA,NA,NA,NA,NA,NA,NA,NA,NA,NA,NA,NA,NA,NA,NA,NA,NA,NA,NA,NA,NA,NA,NA,NA,NA,NA,NA,NA,NA,NA,NA,Julian,Hill,MIA,TE,25,-3
TE,14870,average,NA,NA,NA,NA,NA,NA,0,0,0,0,0,0,11.983333333333334,3.9397546454908414,126.13333333333334,42.39937106451777,1.2833333333333332,0.40207793606049397,NA,NA,NA,NA,NA,NA,NA,NA,NA,NA,NA,NA,NA,NA,NA,NA,NA,NA,NA,NA,NA,NA,NA,NA,NA,NA,NA,NA,NA,NA,NA,NA,NA,NA,NA,NA,NA,NA,Adam,Trautman,DEN,TE,28,0
TE,14870,robust,NA,NA,NA,NA,NA,NA,0,0,0,0,0,0,12.45,1.5567299999999997,130.5,23.57334000000001,1.25,0.14826000000000011,NA,NA,NA,NA,NA,NA,NA,NA,NA,NA,NA,NA,NA,NA,NA,NA,NA,NA,NA,NA,NA,NA,NA,NA,NA,NA,NA,NA,NA,NA,NA,NA,NA,NA,NA,NA,NA,NA,Adam,Trautman,DEN,TE,28,0
TE,14870,weighted,NA,NA,NA,NA,NA,NA,0,0,0,0,0,0,11.535785007072137,4.257258157947086,120.41725601131543,45.172260647126016,1.2141442715700141,0.41284736293990076,NA,NA,NA,NA,NA,NA,NA,NA,NA,NA,NA,NA,NA,NA,NA,NA,NA,NA,NA,NA,NA,NA,NA,NA,NA,NA,NA,NA,NA,NA,NA,NA,NA,NA,NA,NA,NA,NA,Adam,Trautman,DEN,TE,28,0
TE,15334,average,NA,NA,NA,NA,NA,NA,0,0,0,0,0.26666666666666666,0.46188021535170065,10.033333333333333,1.6502525059315412,90.3,24.8549793803978,0.4666666666666667,0.5033222956847166,NA,NA,NA,NA,NA,NA,NA,NA,NA,NA,NA,NA,NA,NA,NA,NA,NA,NA,NA,NA,NA,NA,NA,NA,NA,NA,NA,NA,NA,NA,NA,NA,NA,NA,NA,NA,NA,NA,Hunter,Long,JAC,TE,27,-1
TE,15334,robust,NA,NA,NA,NA,NA,NA,0,0,0,0,0.2,0,10.025,2.372159999999999,86.725,0.14825999999999157,0.45,0.59304,NA,NA,NA,NA,NA,NA,NA,NA,NA,NA,NA,NA,NA,NA,NA,NA,NA,NA,NA,NA,NA,NA,NA,NA,NA,NA,NA,NA,NA,NA,NA,NA,NA,NA,NA,NA,NA,NA,Hunter,Long,JAC,TE,27,-1
TE,15334,weighted,NA,NA,NA,NA,NA,NA,0,0,0,0,0.39581881533101043,0.5656854249492381,10.841114982578397,1.2020815280171304,97.27526132404182,30.405591591021544,0.5052264808362369,0.7071067811865476,NA,NA,NA,NA,NA,NA,NA,NA,NA,NA,NA,NA,NA,NA,NA,NA,NA,NA,NA,NA,NA,NA,NA,NA,NA,NA,NA,NA,NA,NA,NA,NA,NA,NA,NA,NA,NA,NA,Hunter,Long,JAC,TE,27,-1
TE,16940,average,NA,NA,NA,NA,NA,NA,1,0,0,0,0,0,7.666666666666666,3.5104605585782234,80.76666666666667,37.255379924694545,0.5666666666666667,0.5131601439446883,NA,NA,NA,NA,NA,NA,NA,NA,NA,NA,NA,NA,NA,NA,NA,NA,NA,NA,NA,NA,NA,NA,NA,NA,NA,NA,NA,NA,NA,NA,NA,NA,NA,NA,NA,NA,NA,NA,Blake,Whiteheart,CLE,TE,25,-3
TE,16940,robust,NA,NA,NA,NA,NA,NA,1,0,0,0,0,0,7.25,1.0378200000000002,81.575,47.88797999999999,0.6,0.44478000000000006,NA,NA,NA,NA,NA,NA,NA,NA,NA,NA,NA,NA,NA,NA,NA,NA,NA,NA,NA,NA,NA,NA,NA,NA,NA,NA,NA,NA,NA,NA,NA,NA,NA,NA,NA,NA,NA,NA,Blake,Whiteheart,CLE,TE,25,-3
TE,16940,weighted,NA,NA,NA,NA,NA,NA,1,0,0,0,0,0,5.6536585365853655,0.4949747468305834,62.78048780487806,29.698484809834994,0.5052264808362369,0.7071067811865476,NA,NA,NA,NA,NA,NA,NA,NA,NA,NA,NA,NA,NA,NA,NA,NA,NA,NA,NA,NA,NA,NA,NA,NA,NA,NA,NA,NA,NA,NA,NA,NA,NA,NA,NA,NA,NA,NA,Blake,Whiteheart,CLE,TE,25,-3
TE,16218,average,NA,NA,NA,NA,NA,NA,0,0,0,0,0,0,11.9,4.887398762804879,138.9,69.86587149674725,1.775,1.3573871960498227,NA,NA,NA,NA,NA,NA,NA,NA,NA,NA,NA,NA,NA,NA,NA,NA,NA,NA,NA,NA,NA,NA,NA,NA,NA,NA,NA,NA,NA,NA,NA,NA,NA,NA,NA,NA,NA,NA,Payne,Durham,TBB,TE,25,-3
TE,16218,robust,NA,NA,NA,NA,NA,NA,0,0,0,0,0,0,12.675,2.8169400000000002,138.9,77.39172,1.225,0.22239000000000003,NA,NA,NA,NA,NA,NA,NA,NA,NA,NA,NA,NA,NA,NA,NA,NA,NA,NA,NA,NA,NA,NA,NA,NA,NA,NA,NA,NA,NA,NA,NA,NA,NA,NA,NA,NA,NA,NA,Payne,Durham,TBB,TE,25,-3
TE,16218,weighted,NA,NA,NA,NA,NA,NA,0,0,0,0,0,0,11.705853658536585,6.092662240815193,144.94634146341463,85.74039745456794,1.9697560975609756,1.6337427099050175,NA,NA,NA,NA,NA,NA,NA,NA,NA,NA,NA,NA,NA,NA,NA,NA,NA,NA,NA,NA,NA,NA,NA,NA,NA,NA,NA,NA,NA,NA,NA,NA,NA,NA,NA,NA,NA,NA,Payne,Durham,TBB,TE,25,-3
TE,17109,average,NA,NA,NA,NA,NA,NA,0,0,0,0,0,0,7.65,6.452131430775415,82.425,86.94934828201225,0.6,0.4898979485566356,NA,NA,NA,NA,NA,NA,NA,NA,NA,NA,NA,NA,NA,NA,NA,NA,NA,NA,NA,NA,NA,NA,NA,NA,NA,NA,NA,NA,NA,NA,NA,NA,NA,NA,NA,NA,NA,NA,Mitchell,Evans,CAR,TE,22,-5
TE,17109,robust,NA,NA,NA,NA,NA,NA,0,0,0,0,0,0,5.975,2.9652000000000003,55.775000000000006,32.39481,0.6,0.44478000000000006,NA,NA,NA,NA,NA,NA,NA,NA,NA,NA,NA,NA,NA,NA,NA,NA,NA,NA,NA,NA,NA,NA,NA,NA,NA,NA,NA,NA,NA,NA,NA,NA,NA,NA,NA,NA,NA,NA,Mitchell,Evans,CAR,TE,22,-5
TE,17109,weighted,NA,NA,NA,NA,NA,NA,0,0,0,0,0,0,7.664878048780489,7.621182303933707,84.10243902439025,102.08654059292705,0.6536585365853659,0.583479539251792,NA,NA,NA,NA,NA,NA,NA,NA,NA,NA,NA,NA,NA,NA,NA,NA,NA,NA,NA,NA,NA,NA,NA,NA,NA,NA,NA,NA,NA,NA,NA,NA,NA,NA,NA,NA,NA,NA,Mitchell,Evans,CAR,TE,22,-5
TE,14146,average,NA,NA,NA,NA,NA,NA,-1.3,1.0614455552060438,0,0,0,0,14.95,8.35324288325598,104.15,49.9728926519168,0.9,0.11547005383792512,NA,NA,NA,NA,NA,NA,NA,NA,NA,NA,NA,NA,NA,NA,NA,NA,NA,NA,NA,NA,NA,NA,NA,NA,NA,NA,NA,NA,NA,NA,NA,NA,NA,NA,NA,NA,NA,NA,Drew,Sample,CIN,TE,29,1
TE,14146,robust,NA,NA,NA,NA,NA,NA,-1.3,0.9636899999999999,0,0,0,0,14.95,9.636899999999999,104.15,50.70492,0.9,0.14825999999999995,NA,NA,NA,NA,NA,NA,NA,NA,NA,NA,NA,NA,NA,NA,NA,NA,NA,NA,NA,NA,NA,NA,NA,NA,NA,NA,NA,NA,NA,NA,NA,NA,NA,NA,NA,NA,NA,NA,Drew,Sample,CIN,TE,29,1
TE,14146,weighted,NA,NA,NA,NA,NA,NA,-1.3602439024390245,1.2795273872640347,0,0,0,0,16.30731707317073,9.733062525639046,109.55853658536586,59.760641601221515,0.9307317073170732,0.1166959078503584,NA,NA,NA,NA,NA,NA,NA,NA,NA,NA,NA,NA,NA,NA,NA,NA,NA,NA,NA,NA,NA,NA,NA,NA,NA,NA,NA,NA,NA,NA,NA,NA,NA,NA,NA,NA,NA,NA,Drew,Sample,CIN,TE,29,1
TE,13940,average,NA,NA,NA,NA,NA,NA,0,0,0,0,0,0,12.616666666666667,3.8618216772226375,105.53333333333333,34.702545535834496,1.0333333333333332,0.19663841605003496,NA,NA,NA,NA,NA,NA,NA,NA,NA,NA,NA,NA,NA,NA,NA,NA,NA,NA,NA,NA,NA,NA,NA,NA,NA,NA,NA,NA,NA,NA,NA,NA,NA,NA,NA,NA,NA,NA,Johnny,Mundt,JAC,TE,31,3
TE,13940,robust,NA,NA,NA,NA,NA,NA,0,0,0,0,0,0,11.7,1.7049900000000004,101.1,20.90466,1,0,NA,NA,NA,NA,NA,NA,NA,NA,NA,NA,NA,NA,NA,NA,NA,NA,NA,NA,NA,NA,NA,NA,NA,NA,NA,NA,NA,NA,NA,NA,NA,NA,NA,NA,NA,NA,NA,NA,Johnny,Mundt,JAC,TE,31,3
TE,13940,weighted,NA,NA,NA,NA,NA,NA,0,0,0,0,0,0,12.196039603960397,4.093445896461382,101.4823196605375,36.711704330861615,1.0803394625176805,0.17930339853768876,NA,NA,NA,NA,NA,NA,NA,NA,NA,NA,NA,NA,NA,NA,NA,NA,NA,NA,NA,NA,NA,NA,NA,NA,NA,NA,NA,NA,NA,NA,NA,NA,NA,NA,NA,NA,NA,NA,Johnny,Mundt,JAC,TE,31,3
TE,17213,average,NA,NA,NA,NA,NA,NA,NA,NA,NA,NA,0,0,5.15,0.21213203435596414,60.6,4.808326112068521,0.7,0.4242640687119285,NA,NA,NA,NA,NA,NA,NA,NA,NA,NA,NA,NA,NA,NA,NA,NA,NA,NA,NA,NA,NA,NA,NA,NA,NA,NA,NA,NA,NA,NA,NA,NA,NA,NA,NA,NA,NA,NA,Jackson,Hawes,BUF,TE,25,-5
TE,17213,robust,NA,NA,NA,NA,NA,NA,NA,NA,NA,NA,0,0,5.15,0.22238999999999987,60.6,5.0408399999999975,0.7,0.44477999999999995,NA,NA,NA,NA,NA,NA,NA,NA,NA,NA,NA,NA,NA,NA,NA,NA,NA,NA,NA,NA,NA,NA,NA,NA,NA,NA,NA,NA,NA,NA,NA,NA,NA,NA,NA,NA,NA,NA,Jackson,Hawes,BUF,TE,25,-5
TE,17213,weighted,NA,NA,NA,NA,NA,NA,NA,NA,NA,NA,0,NA,5,NA,64,NA,1,NA,NA,NA,NA,NA,NA,NA,NA,NA,NA,NA,NA,NA,NA,NA,NA,NA,NA,NA,NA,NA,NA,NA,NA,NA,NA,NA,NA,NA,NA,NA,NA,NA,NA,NA,NA,NA,NA,NA,Jackson,Hawes,BUF,TE,25,-5
TE,12955,average,NA,NA,NA,NA,NA,NA,0,0,0,0,0,0,3.6333333333333333,1.484362938547488,36.1,9.296773633901172,0.5666666666666667,0.37859388972001823,NA,NA,NA,NA,NA,NA,NA,NA,NA,NA,NA,NA,NA,NA,NA,NA,NA,NA,NA,NA,NA,NA,NA,NA,NA,NA,NA,NA,NA,NA,NA,NA,NA,NA,NA,NA,NA,NA,Chris,Manhertz,NYG,TE,33,4
TE,12955,robust,NA,NA,NA,NA,NA,NA,0,0,0,0,0,0,3.725,1.3343400000000005,36.575,9.340379999999996,0.525,0.14826000000000003,NA,NA,NA,NA,NA,NA,NA,NA,NA,NA,NA,NA,NA,NA,NA,NA,NA,NA,NA,NA,NA,NA,NA,NA,NA,NA,NA,NA,NA,NA,NA,NA,NA,NA,NA,NA,NA,NA,Chris,Manhertz,NYG,TE,33,4
TE,12955,weighted,NA,NA,NA,NA,NA,NA,0,0,0,0,0,0,3.0104529616724736,1.4142135623730951,32.062717770034844,8.485281374238571,0.6536585365853659,0.4949747468305833,NA,NA,NA,NA,NA,NA,NA,NA,NA,NA,NA,NA,NA,NA,NA,NA,NA,NA,NA,NA,NA,NA,NA,NA,NA,NA,NA,NA,NA,NA,NA,NA,NA,NA,NA,NA,NA,NA,Chris,Manhertz,NYG,TE,33,4
TE,15541,average,NA,NA,NA,NA,NA,NA,NA,NA,NA,NA,0,0,3.75,3.181980515339464,37,31.11269837220809,0.5,0.7071067811865476,NA,NA,NA,NA,NA,NA,NA,NA,NA,NA,NA,NA,NA,NA,NA,NA,NA,NA,NA,NA,NA,NA,NA,NA,NA,NA,NA,NA,NA,NA,NA,NA,NA,NA,NA,NA,NA,NA,Jack,Stoll,NOS,TE,27,-1
TE,15541,robust,NA,NA,NA,NA,NA,NA,NA,NA,NA,NA,0,0,3.75,3.3358499999999998,37,32.6172,0.5,0.7413,NA,NA,NA,NA,NA,NA,NA,NA,NA,NA,NA,NA,NA,NA,NA,NA,NA,NA,NA,NA,NA,NA,NA,NA,NA,NA,NA,NA,NA,NA,NA,NA,NA,NA,NA,NA,NA,NA,Jack,Stoll,NOS,TE,27,-1
TE,15541,weighted,NA,NA,NA,NA,NA,NA,NA,NA,NA,NA,0,NA,6,NA,59,NA,1,NA,NA,NA,NA,NA,NA,NA,NA,NA,NA,NA,NA,NA,NA,NA,NA,NA,NA,NA,NA,NA,NA,NA,NA,NA,NA,NA,NA,NA,NA,NA,NA,NA,NA,NA,NA,NA,NA,NA,Jack,Stoll,NOS,TE,27,-1
TE,15800,average,NA,NA,NA,NA,NA,NA,2,1.632993161855452,0,0,0,0,10.2,1.6062378404209008,76.275,18.082288756312533,0.875,0.39475730941090037,NA,NA,NA,NA,NA,NA,NA,NA,NA,NA,NA,NA,NA,NA,NA,NA,NA,NA,NA,NA,NA,NA,NA,NA,NA,NA,NA,NA,NA,NA,NA,NA,NA,NA,NA,NA,NA,NA,Connor,Heyward,PIT,TE,26,-2
TE,15800,robust,NA,NA,NA,NA,NA,NA,2,1.4826,0,0,0,0,10.325,1.1860799999999996,76.275,20.830529999999996,1,0.14825999999999995,NA,NA,NA,NA,NA,NA,NA,NA,NA,NA,NA,NA,NA,NA,NA,NA,NA,NA,NA,NA,NA,NA,NA,NA,NA,NA,NA,NA,NA,NA,NA,NA,NA,NA,NA,NA,NA,NA,Connor,Heyward,PIT,TE,26,-2
TE,15800,weighted,NA,NA,NA,NA,NA,NA,1.9073170731707318,1.9685036727138996,0,0,0,0,10.181463414634145,2.0085306787912387,71.51463414634146,19.763752238892813,0.7575609756097561,0.4084356774762544,NA,NA,NA,NA,NA,NA,NA,NA,NA,NA,NA,NA,NA,NA,NA,NA,NA,NA,NA,NA,NA,NA,NA,NA,NA,NA,NA,NA,NA,NA,NA,NA,NA,NA,NA,NA,NA,NA,Connor,Heyward,PIT,TE,26,-2
TE,16474,average,NA,NA,NA,NA,NA,NA,0,0,0,0,0,0,8.85,3.5341194094144583,72.5,31.984371183438952,1.1,0.19999999999999996,NA,NA,NA,NA,NA,NA,NA,NA,NA,NA,NA,NA,NA,NA,NA,NA,NA,NA,NA,NA,NA,NA,NA,NA,NA,NA,NA,NA,NA,NA,NA,NA,NA,NA,NA,NA,NA,NA,Nate,Adkins,DEN,TE,26,-3
TE,16474,robust,NA,NA,NA,NA,NA,NA,0,0,0,0,0,0,7.85,1.4826,63.25,13.343399999999999,1,0,NA,NA,NA,NA,NA,NA,NA,NA,NA,NA,NA,NA,NA,NA,NA,NA,NA,NA,NA,NA,NA,NA,NA,NA,NA,NA,NA,NA,NA,NA,NA,NA,NA,NA,NA,NA,NA,NA,Nate,Adkins,DEN,TE,26,-3
TE,16474,weighted,NA,NA,NA,NA,NA,NA,0,0,0,0,0,0,9.59219512195122,3.551963421858531,79.4390243902439,31.796971488241056,1.1385365853658538,0.23339181570071676,NA,NA,NA,NA,NA,NA,NA,NA,NA,NA,NA,NA,NA,NA,NA,NA,NA,NA,NA,NA,NA,NA,NA,NA,NA,NA,NA,NA,NA,NA,NA,NA,NA,NA,NA,NA,NA,NA,Nate,Adkins,DEN,TE,26,-3
TE,15335,average,NA,NA,NA,NA,NA,NA,0,0,0,0,0.3333333333333333,0.4714045207910317,10.5,5.404319260246074,93.375,44.6605250752832,0.375,0.45,NA,NA,NA,NA,NA,NA,NA,NA,NA,NA,NA,NA,NA,NA,NA,NA,NA,NA,NA,NA,NA,NA,NA,NA,NA,NA,NA,NA,NA,NA,NA,NA,NA,NA,NA,NA,NA,NA,Luke,Farrell,SFO,TE,28,-1
TE,15335,robust,NA,NA,NA,NA,NA,NA,0,0,0,0,0.25,0.2471,10.5,5.11497,93.375,40.0302,0.325,0.29652,NA,NA,NA,NA,NA,NA,NA,NA,NA,NA,NA,NA,NA,NA,NA,NA,NA,NA,NA,NA,NA,NA,NA,NA,NA,NA,NA,NA,NA,NA,NA,NA,NA,NA,NA,NA,NA,NA,Luke,Farrell,SFO,TE,28,-1
TE,15335,weighted,NA,NA,NA,NA,NA,NA,0,0,0,0,0.45365853658536587,0.5219873764581907,11.689756097560975,5.540936446545591,102.60243902439024,46.419176524221214,0.3882926829268292,0.557058670054556,NA,NA,NA,NA,NA,NA,NA,NA,NA,NA,NA,NA,NA,NA,NA,NA,NA,NA,NA,NA,NA,NA,NA,NA,NA,NA,NA,NA,NA,NA,NA,NA,NA,NA,NA,NA,NA,NA,Luke,Farrell,SFO,TE,28,-1
TE,16222,average,NA,NA,NA,NA,NA,NA,11,6.3508529610858835,0,0,0.8333333333333334,0.08819171036881969,58.98571428571429,3.2916199514466897,705.5142857142857,47.44313889880631,5.191511908503498,0.9094894175016208,NA,NA,NA,NA,NA,NA,NA,NA,NA,NA,NA,NA,NA,NA,NA,NA,NA,NA,NA,NA,NA,NA,NA,NA,NA,NA,NA,NA,NA,NA,NA,NA,NA,NA,NA,NA,NA,NA,Tucker,Kraft,GBP,TE,25,-3
TE,16222,robust,NA,NA,NA,NA,NA,NA,11,0,0,0,0.8333333333333334,0,58.875,4.4478,710,19.273799999999998,5.070291679762246,0.29652000000000023,NA,NA,NA,NA,NA,NA,NA,NA,NA,NA,NA,NA,NA,NA,NA,NA,NA,NA,NA,NA,NA,NA,NA,NA,NA,NA,NA,NA,NA,NA,NA,NA,NA,NA,NA,NA,NA,NA,Tucker,Kraft,GBP,TE,25,-3
TE,16222,weighted,NA,NA,NA,NA,NA,NA,11.247924080664294,6.755155624137422,0,0,0.8385527876631079,0.09544075129493101,59.65931198102017,3.178683677548758,713.0498220640569,43.99988013909194,5.19463325828966,0.956881955731065,NA,NA,NA,NA,NA,NA,NA,NA,NA,NA,NA,NA,NA,NA,NA,NA,NA,NA,NA,NA,NA,NA,NA,NA,NA,NA,NA,NA,NA,NA,NA,NA,NA,NA,NA,NA,NA,NA,Tucker,Kraft,GBP,TE,25,-3
TE,16644,average,NA,NA,NA,NA,NA,NA,0,0,0,0,0,0,16.98,6.7957339559461865,172.64,57.63200499722355,1.3,0.8366600265340756,NA,NA,NA,NA,NA,NA,NA,NA,NA,NA,NA,NA,NA,NA,NA,NA,NA,NA,NA,NA,NA,NA,NA,NA,NA,NA,NA,NA,NA,NA,NA,NA,NA,NA,NA,NA,NA,NA,Ben,Sinnott,WAS,TE,23,-4
TE,16644,robust,NA,NA,NA,NA,NA,NA,0,0,0,0,0,0,19,2.9652,184,40.0302,1.5,0.7413,NA,NA,NA,NA,NA,NA,NA,NA,NA,NA,NA,NA,NA,NA,NA,NA,NA,NA,NA,NA,NA,NA,NA,NA,NA,NA,NA,NA,NA,NA,NA,NA,NA,NA,NA,NA,NA,NA,Ben,Sinnott,WAS,TE,23,-4
TE,16644,weighted,NA,NA,NA,NA,NA,NA,0,0,0,0,0,0,16.66797153024911,7.810963078504491,171.08718861209965,66.41328901577504,1.2153024911032029,0.949345939364639,NA,NA,NA,NA,NA,NA,NA,NA,NA,NA,NA,NA,NA,NA,NA,NA,NA,NA,NA,NA,NA,NA,NA,NA,NA,NA,NA,NA,NA,NA,NA,NA,NA,NA,NA,NA,NA,NA,Ben,Sinnott,WAS,TE,23,-4
TE,15337,average,NA,NA,NA,NA,NA,NA,-0.13333333333333344,2.2100779272334368,0,0,0.05,0.02886751345948129,36.44285714285714,5.692643540235983,366.98571428571427,68.7481012724819,3.43789163119826,0.8464230898403893,NA,NA,NA,NA,NA,NA,NA,NA,NA,NA,NA,NA,NA,NA,NA,NA,NA,NA,NA,NA,NA,NA,NA,NA,NA,NA,NA,NA,NA,NA,NA,NA,NA,NA,NA,NA,NA,NA,Noah,Gray,KCC,TE,26,-1
TE,15337,robust,NA,NA,NA,NA,NA,NA,-0.13333333333333344,0,0,0,0.05,0,36.775,7.412999999999999,360.75,88.95599999999999,3.5,0.3932469269017806,NA,NA,NA,NA,NA,NA,NA,NA,NA,NA,NA,NA,NA,NA,NA,NA,NA,NA,NA,NA,NA,NA,NA,NA,NA,NA,NA,NA,NA,NA,NA,NA,NA,NA,NA,NA,NA,NA,Noah,Gray,KCC,TE,26,-1
TE,15337,weighted,NA,NA,NA,NA,NA,NA,-0.20664294187425866,2.378218764496714,0,0,0.041577698695136424,0.020513053956701447,37.29300118623962,5.4782862071209095,373.48635824436536,70.62445274980237,3.5023503966671607,0.900093235803968,NA,NA,NA,NA,NA,NA,NA,NA,NA,NA,NA,NA,NA,NA,NA,NA,NA,NA,NA,NA,NA,NA,NA,NA,NA,NA,NA,NA,NA,NA,NA,NA,NA,NA,NA,NA,NA,NA,Noah,Gray,KCC,TE,26,-1
TE,16642,average,NA,NA,NA,NA,NA,NA,0,0,0,0,0,0,18.86,3.2354288741989063,174.6,37.753145564310266,1.14,0.5458937625582472,NA,NA,NA,NA,NA,NA,NA,NA,NA,NA,NA,NA,NA,NA,NA,NA,NA,NA,NA,NA,NA,NA,NA,NA,NA,NA,NA,NA,NA,NA,NA,NA,NA,NA,NA,NA,NA,NA,Cade,Stover,HOU,TE,25,-4
TE,16642,robust,NA,NA,NA,NA,NA,NA,0,0,0,0,0,0,18.45,2.0756399999999977,170,25.2042,1.1,0.2965199999999999,NA,NA,NA,NA,NA,NA,NA,NA,NA,NA,NA,NA,NA,NA,NA,NA,NA,NA,NA,NA,NA,NA,NA,NA,NA,NA,NA,NA,NA,NA,NA,NA,NA,NA,NA,NA,NA,NA,Cade,Stover,HOU,TE,25,-4
TE,16642,weighted,NA,NA,NA,NA,NA,NA,0,0,0,0,0,0,19.222064056939498,3.5743299111465907,177.33274021352312,42.89314150858811,1.1227758007117437,0.6302744618016397,NA,NA,NA,NA,NA,NA,NA,NA,NA,NA,NA,NA,NA,NA,NA,NA,NA,NA,NA,NA,NA,NA,NA,NA,NA,NA,NA,NA,NA,NA,NA,NA,NA,NA,NA,NA,NA,NA,Cade,Stover,HOU,TE,25,-4
TE,16221,average,NA,NA,NA,NA,NA,NA,0,0,0,0,0,0,17.583333333333332,6.420721662450934,157.7,60.20149499804801,1.2833333333333332,0.40207793606049397,NA,NA,NA,NA,NA,NA,NA,NA,NA,NA,NA,NA,NA,NA,NA,NA,NA,NA,NA,NA,NA,NA,NA,NA,NA,NA,NA,NA,NA,NA,NA,NA,NA,NA,NA,NA,NA,NA,Luke,Schoonmaker,DAL,TE,27,-3
TE,16221,robust,NA,NA,NA,NA,NA,NA,0,0,0,0,0,0,16.5,2.8910699999999987,143,32.76545999999999,1.25,0.14826000000000011,NA,NA,NA,NA,NA,NA,NA,NA,NA,NA,NA,NA,NA,NA,NA,NA,NA,NA,NA,NA,NA,NA,NA,NA,NA,NA,NA,NA,NA,NA,NA,NA,NA,NA,NA,NA,NA,NA,Luke,Schoonmaker,DAL,TE,27,-3
TE,16221,weighted,NA,NA,NA,NA,NA,NA,0,0,0,0,0,0,17.906311360448807,7.081018103781315,160.90603085553997,66.4542200239888,1.311360448807854,0.45400554686464356,NA,NA,NA,NA,NA,NA,NA,NA,NA,NA,NA,NA,NA,NA,NA,NA,NA,NA,NA,NA,NA,NA,NA,NA,NA,NA,NA,NA,NA,NA,NA,NA,NA,NA,NA,NA,NA,NA,Luke,Schoonmaker,DAL,TE,27,-3
TE,14984,average,NA,NA,NA,NA,NA,NA,0,0,0,0,0,0,12.033333333333333,1.8770544300401446,106.83333333333333,21.507750540987157,0.3333333333333333,0.5773502691896257,NA,NA,NA,NA,NA,NA,NA,NA,NA,NA,NA,NA,NA,NA,NA,NA,NA,NA,NA,NA,NA,NA,NA,NA,NA,NA,NA,NA,NA,NA,NA,NA,NA,NA,NA,NA,NA,NA,Charlie,Woerner,ATL,TE,28,0
TE,14984,robust,NA,NA,NA,NA,NA,NA,0,0,0,0,0,0,12.125,1.9273799999999983,104.375,7.412999999999999,0.25,0,NA,NA,NA,NA,NA,NA,NA,NA,NA,NA,NA,NA,NA,NA,NA,NA,NA,NA,NA,NA,NA,NA,NA,NA,NA,NA,NA,NA,NA,NA,NA,NA,NA,NA,NA,NA,NA,NA,Charlie,Woerner,ATL,TE,28,0
TE,14984,weighted,NA,NA,NA,NA,NA,NA,0,0,0,0,0,0,11.286037735849057,1.697056274847714,94.67924528301884,3.535533905932737,0,0,NA,NA,NA,NA,NA,NA,NA,NA,NA,NA,NA,NA,NA,NA,NA,NA,NA,NA,NA,NA,NA,NA,NA,NA,NA,NA,NA,NA,NA,NA,NA,NA,NA,NA,NA,NA,NA,NA,Charlie,Woerner,ATL,TE,28,0
TE,14871,average,NA,NA,NA,NA,NA,NA,0,0,0,0,0,0,19.03333333333333,7.510215265445681,184.3,73.43752446808102,1.2,0.43588989435406733,NA,NA,NA,NA,NA,NA,NA,NA,NA,NA,NA,NA,NA,NA,NA,NA,NA,NA,NA,NA,NA,NA,NA,NA,NA,NA,NA,NA,NA,NA,NA,NA,NA,NA,NA,NA,NA,NA,Colby,Parkinson,LAR,TE,26,0
TE,14871,robust,NA,NA,NA,NA,NA,NA,0,0,0,0,0,0,19.65,5.1891,186.475,88.95599999999999,1.15,0.14825999999999995,NA,NA,NA,NA,NA,NA,NA,NA,NA,NA,NA,NA,NA,NA,NA,NA,NA,NA,NA,NA,NA,NA,NA,NA,NA,NA,NA,NA,NA,NA,NA,NA,NA,NA,NA,NA,NA,NA,Colby,Parkinson,LAR,TE,26,0
TE,14871,weighted,NA,NA,NA,NA,NA,NA,0,0,0,0,0,0,23.12452830188679,2.474873734152916,220.84905660377356,42.426406871192846,1.3750943396226412,0.4949747468305832,NA,NA,NA,NA,NA,NA,NA,NA,NA,NA,NA,NA,NA,NA,NA,NA,NA,NA,NA,NA,NA,NA,NA,NA,NA,NA,NA,NA,NA,NA,NA,NA,NA,NA,NA,NA,NA,NA,Colby,Parkinson,LAR,TE,26,0
TE,16113,average,NA,NA,NA,NA,NA,NA,0,0,0,0,0.15,0.1224744871391589,17.05,8.807004787856842,193.575,115.97495059997512,1.45,1.3203534880225574,NA,NA,NA,NA,NA,NA,NA,NA,NA,NA,NA,NA,NA,NA,NA,NA,NA,NA,NA,NA,NA,NA,NA,NA,NA,NA,NA,NA,NA,NA,NA,NA,NA,NA,NA,NA,NA,NA,Stone,Smartt,NYJ,TE,27,-2
TE,16113,robust,NA,NA,NA,NA,NA,NA,0,0,0,0,0.15,0.11119499999999999,16.575,6.74583,171.75,65.01201,1.45,1.4826,NA,NA,NA,NA,NA,NA,NA,NA,NA,NA,NA,NA,NA,NA,NA,NA,NA,NA,NA,NA,NA,NA,NA,NA,NA,NA,NA,NA,NA,NA,NA,NA,NA,NA,NA,NA,NA,NA,Stone,Smartt,NYJ,TE,27,-2
TE,16113,weighted,NA,NA,NA,NA,NA,NA,0,0,0,0,0.09879807692307692,0.08726368676199726,19.30673076923077,8.244977151671772,219.0168269230769,114.09946435629035,1.6129807692307694,1.508300076321364,NA,NA,NA,NA,NA,NA,NA,NA,NA,NA,NA,NA,NA,NA,NA,NA,NA,NA,NA,NA,NA,NA,NA,NA,NA,NA,NA,NA,NA,NA,NA,NA,NA,NA,NA,NA,NA,NA,Stone,Smartt,NYJ,TE,27,-2
TE,15905,average,NA,NA,NA,NA,NA,NA,0,0,0,0,0,0,4.300000000000001,2.9698484809834995,62.25,52.67945519839779,0.3,0.4242640687119285,NA,NA,NA,NA,NA,NA,NA,NA,NA,NA,NA,NA,NA,NA,NA,NA,NA,NA,NA,NA,NA,NA,NA,NA,NA,NA,NA,NA,NA,NA,NA,NA,NA,NA,NA,NA,NA,NA,Teagan,Quitoriano,ATL,TE,25,-2
TE,15905,robust,NA,NA,NA,NA,NA,NA,0,0,0,0,0,0,4.300000000000001,3.11346,62.25,55.22685,0.3,0.44477999999999995,NA,NA,NA,NA,NA,NA,NA,NA,NA,NA,NA,NA,NA,NA,NA,NA,NA,NA,NA,NA,NA,NA,NA,NA,NA,NA,NA,NA,NA,NA,NA,NA,NA,NA,NA,NA,NA,NA,Teagan,Quitoriano,ATL,TE,25,-2
TE,15905,weighted,NA,NA,NA,NA,NA,NA,0,NA,0,NA,0,NA,2.2,NA,25,NA,0,NA,NA,NA,NA,NA,NA,NA,NA,NA,NA,NA,NA,NA,NA,NA,NA,NA,NA,NA,NA,NA,NA,NA,NA,NA,NA,NA,NA,NA,NA,NA,NA,NA,NA,NA,NA,NA,NA,NA,Teagan,Quitoriano,ATL,TE,25,-2
TE,15970,average,NA,NA,NA,NA,NA,NA,0,0,0,0,0,0,17.94,5.1776442519740575,154.46,43.458693031429284,0.46683091669027116,0.41306673547471967,NA,NA,NA,NA,NA,NA,NA,NA,NA,NA,NA,NA,NA,NA,NA,NA,NA,NA,NA,NA,NA,NA,NA,NA,NA,NA,NA,NA,NA,NA,NA,NA,NA,NA,NA,NA,NA,NA,Lucas,Krull,DEN,TE,27,-2
TE,15970,robust,NA,NA,NA,NA,NA,NA,0,0,0,0,0,0,18.5,2.668680000000001,155,48.925799999999995,0.5,0.59304,NA,NA,NA,NA,NA,NA,NA,NA,NA,NA,NA,NA,NA,NA,NA,NA,NA,NA,NA,NA,NA,NA,NA,NA,NA,NA,NA,NA,NA,NA,NA,NA,NA,NA,NA,NA,NA,NA,Lucas,Krull,DEN,TE,27,-2
TE,15970,weighted,NA,NA,NA,NA,NA,NA,0,0,0,0,0,0,19.964468864468863,2.880551311010036,170.67948717948718,28.409024188074728,0.45355328910013964,0.475464720911533,NA,NA,NA,NA,NA,NA,NA,NA,NA,NA,NA,NA,NA,NA,NA,NA,NA,NA,NA,NA,NA,NA,NA,NA,NA,NA,NA,NA,NA,NA,NA,NA,NA,NA,NA,NA,NA,NA,Lucas,Krull,DEN,TE,27,-2
TE,16796,average,NA,NA,NA,NA,NA,NA,0,0,NA,NA,0,0,8.6,1.979898987322333,99.1,30.97127701597078,0.35,0.49497474683058323,NA,NA,NA,NA,NA,NA,NA,NA,NA,NA,NA,NA,NA,NA,NA,NA,NA,NA,NA,NA,NA,NA,NA,NA,NA,NA,NA,NA,NA,NA,NA,NA,NA,NA,NA,NA,NA,NA,Devin,Culp,TBB,TE,25,-4
TE,16796,robust,NA,NA,NA,NA,NA,NA,0,0,NA,NA,0,0,8.6,2.07564,99.1,32.468939999999996,0.35,0.51891,NA,NA,NA,NA,NA,NA,NA,NA,NA,NA,NA,NA,NA,NA,NA,NA,NA,NA,NA,NA,NA,NA,NA,NA,NA,NA,NA,NA,NA,NA,NA,NA,NA,NA,NA,NA,NA,NA,Devin,Culp,TBB,TE,25,-4
TE,16796,weighted,NA,NA,NA,NA,NA,NA,0,NA,NA,NA,0,NA,10,NA,121,NA,0,NA,NA,NA,NA,NA,NA,NA,NA,NA,NA,NA,NA,NA,NA,NA,NA,NA,NA,NA,NA,NA,NA,NA,NA,NA,NA,NA,NA,NA,NA,NA,NA,NA,NA,NA,NA,NA,NA,NA,Devin,Culp,TBB,TE,25,-4
TE,17259,average,NA,NA,NA,NA,NA,NA,0,0,NA,NA,0,0,8.8,1.6970562748477143,85.75,15.90990257669732,0.8,0.28284271247461906,NA,NA,NA,NA,NA,NA,NA,NA,NA,NA,NA,NA,NA,NA,NA,NA,NA,NA,NA,NA,NA,NA,NA,NA,NA,NA,NA,NA,NA,NA,NA,NA,NA,NA,NA,NA,NA,NA,Moliki,Matavao,NOS,TE,22,-5
TE,17259,robust,NA,NA,NA,NA,NA,NA,0,0,NA,NA,0,0,8.8,1.7791200000000003,85.75,16.67925,0.8,0.29652,NA,NA,NA,NA,NA,NA,NA,NA,NA,NA,NA,NA,NA,NA,NA,NA,NA,NA,NA,NA,NA,NA,NA,NA,NA,NA,NA,NA,NA,NA,NA,NA,NA,NA,NA,NA,NA,NA,Moliki,Matavao,NOS,TE,22,-5
TE,17259,weighted,NA,NA,NA,NA,NA,NA,0,NA,NA,NA,0,NA,10,NA,97,NA,1,NA,NA,NA,NA,NA,NA,NA,NA,NA,NA,NA,NA,NA,NA,NA,NA,NA,NA,NA,NA,NA,NA,NA,NA,NA,NA,NA,NA,NA,NA,NA,NA,NA,NA,NA,NA,NA,NA,NA,Moliki,Matavao,NOS,TE,22,-5
TE,16647,average,NA,NA,NA,NA,NA,NA,0,0,0,0,0,0,9.725,1.7651723239767083,96.15,16.611943494566393,0.4,0.4898979485566356,NA,NA,NA,NA,NA,NA,NA,NA,NA,NA,NA,NA,NA,NA,NA,NA,NA,NA,NA,NA,NA,NA,NA,NA,NA,NA,NA,NA,NA,NA,NA,NA,NA,NA,NA,NA,NA,NA,Brevyn,Spann-Ford,DAL,TE,26,-4
TE,16647,robust,NA,NA,NA,NA,NA,NA,0,0,0,0,0,0,9.725000000000001,1.6308600000000013,96.75,14.0847,0.4,0.44477999999999995,NA,NA,NA,NA,NA,NA,NA,NA,NA,NA,NA,NA,NA,NA,NA,NA,NA,NA,NA,NA,NA,NA,NA,NA,NA,NA,NA,NA,NA,NA,NA,NA,NA,NA,NA,NA,NA,NA,Brevyn,Spann-Ford,DAL,TE,26,-4
TE,16647,weighted,NA,NA,NA,NA,NA,NA,0,0,0,0,0,0,10.3758024691358,1.5142007002321434,103.47901234567901,10.372861245208318,0.34567901234567905,0.5830568441497603,NA,NA,NA,NA,NA,NA,NA,NA,NA,NA,NA,NA,NA,NA,NA,NA,NA,NA,NA,NA,NA,NA,NA,NA,NA,NA,NA,NA,NA,NA,NA,NA,NA,NA,NA,NA,NA,NA,Brevyn,Spann-Ford,DAL,TE,26,-4
TE,15991,average,NA,NA,NA,NA,NA,NA,0,0,0,0,0,0,4.8,5.374011537017761,35.55,47.446865017617334,0.35,0.49497474683058323,NA,NA,NA,NA,NA,NA,NA,NA,NA,NA,NA,NA,NA,NA,NA,NA,NA,NA,NA,NA,NA,NA,NA,NA,NA,NA,NA,NA,NA,NA,NA,NA,NA,NA,NA,NA,NA,NA,Tanner,Conner,MIA,TE,27,-2
TE,15991,robust,NA,NA,NA,NA,NA,NA,0,0,0,0,0,0,4.8,5.6338799999999996,35.55,49.741229999999995,0.35,0.51891,NA,NA,NA,NA,NA,NA,NA,NA,NA,NA,NA,NA,NA,NA,NA,NA,NA,NA,NA,NA,NA,NA,NA,NA,NA,NA,NA,NA,NA,NA,NA,NA,NA,NA,NA,NA,NA,NA,Tanner,Conner,MIA,TE,27,-2
TE,15991,weighted,NA,NA,NA,NA,NA,NA,0,NA,0,NA,0,NA,1,NA,2,NA,0,NA,NA,NA,NA,NA,NA,NA,NA,NA,NA,NA,NA,NA,NA,NA,NA,NA,NA,NA,NA,NA,NA,NA,NA,NA,NA,NA,NA,NA,NA,NA,NA,NA,NA,NA,NA,NA,NA,NA,Tanner,Conner,MIA,TE,27,-2
TE,17231,average,NA,NA,NA,NA,NA,NA,0,0,0,0,0,0,4.55,1.3435028842544403,45.25,20.152543263816604,0.3,0.4242640687119285,NA,NA,NA,NA,NA,NA,NA,NA,NA,NA,NA,NA,NA,NA,NA,NA,NA,NA,NA,NA,NA,NA,NA,NA,NA,NA,NA,NA,NA,NA,NA,NA,NA,NA,NA,NA,NA,NA,Gavin,Bartholomew,MIN,TE,22,-5
TE,17231,robust,NA,NA,NA,NA,NA,NA,0,0,0,0,0,0,4.55,1.4084699999999999,45.25,21.12705,0.3,0.44477999999999995,NA,NA,NA,NA,NA,NA,NA,NA,NA,NA,NA,NA,NA,NA,NA,NA,NA,NA,NA,NA,NA,NA,NA,NA,NA,NA,NA,NA,NA,NA,NA,NA,NA,NA,NA,NA,NA,NA,Gavin,Bartholomew,MIN,TE,22,-5
TE,17231,weighted,NA,NA,NA,NA,NA,NA,0,NA,0,NA,0,NA,3.6,NA,30.999999999999996,NA,0,NA,NA,NA,NA,NA,NA,NA,NA,NA,NA,NA,NA,NA,NA,NA,NA,NA,NA,NA,NA,NA,NA,NA,NA,NA,NA,NA,NA,NA,NA,NA,NA,NA,NA,NA,NA,NA,NA,NA,Gavin,Bartholomew,MIN,TE,22,-5
TE,15339,average,NA,NA,NA,NA,NA,NA,0,0,0,0,0,0,4.2,2.262741699796952,43.15,22.839549032325483,0.3,0.282842712474619,NA,NA,NA,NA,NA,NA,NA,NA,NA,NA,NA,NA,NA,NA,NA,NA,NA,NA,NA,NA,NA,NA,NA,NA,NA,NA,NA,NA,NA,NA,NA,NA,NA,NA,NA,NA,NA,NA,Kenny,Yeboah,DET,TE,27,-1
TE,15339,robust,NA,NA,NA,NA,NA,NA,0,0,0,0,0,0,4.2,2.3721599999999996,43.15,23.943989999999996,0.3,0.29652,NA,NA,NA,NA,NA,NA,NA,NA,NA,NA,NA,NA,NA,NA,NA,NA,NA,NA,NA,NA,NA,NA,NA,NA,NA,NA,NA,NA,NA,NA,NA,NA,NA,NA,NA,NA,NA,NA,Kenny,Yeboah,DET,TE,27,-1
TE,15339,weighted,NA,NA,NA,NA,NA,NA,0,NA,0,NA,0,NA,2.6,NA,27,NA,0.1,NA,NA,NA,NA,NA,NA,NA,NA,NA,NA,NA,NA,NA,NA,NA,NA,NA,NA,NA,NA,NA,NA,NA,NA,NA,NA,NA,NA,NA,NA,NA,NA,NA,NA,NA,NA,NA,NA,NA,Kenny,Yeboah,DET,TE,27,-1
TE,13315,average,NA,NA,NA,NA,NA,NA,0,0,0,0,0,0,7.1,0.5656854249492379,54.4,7.6367532368147115,0.35,0.21213203435596426,NA,NA,NA,NA,NA,NA,NA,NA,NA,NA,NA,NA,NA,NA,NA,NA,NA,NA,NA,NA,NA,NA,NA,NA,NA,NA,NA,NA,NA,NA,NA,NA,NA,NA,NA,NA,NA,NA,Eric,Saubert,SEA,TE,31,3
TE,13315,robust,NA,NA,NA,NA,NA,NA,0,0,0,0,0,0,7.1,0.5930399999999998,54.4,8.006039999999997,0.35,0.22238999999999998,NA,NA,NA,NA,NA,NA,NA,NA,NA,NA,NA,NA,NA,NA,NA,NA,NA,NA,NA,NA,NA,NA,NA,NA,NA,NA,NA,NA,NA,NA,NA,NA,NA,NA,NA,NA,NA,NA,Eric,Saubert,SEA,TE,31,3
TE,13315,weighted,NA,NA,NA,NA,NA,NA,0,NA,0,NA,0,NA,7.5,NA,49,NA,0.2,NA,NA,NA,NA,NA,NA,NA,NA,NA,NA,NA,NA,NA,NA,NA,NA,NA,NA,NA,NA,NA,NA,NA,NA,NA,NA,NA,NA,NA,NA,NA,NA,NA,NA,NA,NA,NA,NA,NA,Eric,Saubert,SEA,TE,31,3
TE,16706,average,NA,NA,NA,NA,NA,NA,0,0,0,0,0,0,9.399999999999999,3.959797974644666,62.65,3.3234018715767757,0.2,0.28284271247461906,NA,NA,NA,NA,NA,NA,NA,NA,NA,NA,NA,NA,NA,NA,NA,NA,NA,NA,NA,NA,NA,NA,NA,NA,NA,NA,NA,NA,NA,NA,NA,NA,NA,NA,NA,NA,NA,NA,Tip,Reiman,ARI,TE,24,-4
TE,16706,robust,NA,NA,NA,NA,NA,NA,0,0,0,0,0,0,9.399999999999999,4.15128,62.65,3.484110000000002,0.2,0.29652,NA,NA,NA,NA,NA,NA,NA,NA,NA,NA,NA,NA,NA,NA,NA,NA,NA,NA,NA,NA,NA,NA,NA,NA,NA,NA,NA,NA,NA,NA,NA,NA,NA,NA,NA,NA,NA,NA,Tip,Reiman,ARI,TE,24,-4
TE,16706,weighted,NA,NA,NA,NA,NA,NA,0,NA,0,NA,0,NA,12.2,NA,65,NA,0,NA,NA,NA,NA,NA,NA,NA,NA,NA,NA,NA,NA,NA,NA,NA,NA,NA,NA,NA,NA,NA,NA,NA,NA,NA,NA,NA,NA,NA,NA,NA,NA,NA,NA,NA,NA,NA,NA,NA,Tip,Reiman,ARI,TE,24,-4
TE,13678,average,NA,NA,NA,NA,NA,NA,0,0,0,0,0,0,7.2,6.520736154760443,61.833333333333336,61.56771340023384,0.4666666666666667,0.5033222956847166,NA,NA,NA,NA,NA,NA,NA,NA,NA,NA,NA,NA,NA,NA,NA,NA,NA,NA,NA,NA,NA,NA,NA,NA,NA,NA,NA,NA,NA,NA,NA,NA,NA,NA,NA,NA,NA,NA,Ian,Thomas,LVR,TE,29,2
TE,13678,robust,NA,NA,NA,NA,NA,NA,0,0,0,0,0,0,7.05,8.30256,61,83.76689999999999,0.45,0.59304,NA,NA,NA,NA,NA,NA,NA,NA,NA,NA,NA,NA,NA,NA,NA,NA,NA,NA,NA,NA,NA,NA,NA,NA,NA,NA,NA,NA,NA,NA,NA,NA,NA,NA,NA,NA,NA,NA,Ian,Thomas,LVR,TE,29,2
TE,13678,weighted,NA,NA,NA,NA,NA,NA,0,0,0,0,0,0,7.033962264150943,9.192388155425116,59.09056603773585,86.97413408594532,0.46415094339622637,0.7071067811865475,NA,NA,NA,NA,NA,NA,NA,NA,NA,NA,NA,NA,NA,NA,NA,NA,NA,NA,NA,NA,NA,NA,NA,NA,NA,NA,NA,NA,NA,NA,NA,NA,NA,NA,NA,NA,NA,NA,Ian,Thomas,LVR,TE,29,2
TE,16483,average,NA,NA,NA,NA,NA,NA,0,0,0,0,0,0,4.25,1.0606601717798212,37,19.79898987322333,0.8,0.42426406871192857,NA,NA,NA,NA,NA,NA,NA,NA,NA,NA,NA,NA,NA,NA,NA,NA,NA,NA,NA,NA,NA,NA,NA,NA,NA,NA,NA,NA,NA,NA,NA,NA,NA,NA,NA,NA,NA,NA,Ben,Sims,MIN,TE,25,-3
TE,16483,robust,NA,NA,NA,NA,NA,NA,0,0,0,0,0,0,4.25,1.11195,37,20.7564,0.8,0.44478000000000006,NA,NA,NA,NA,NA,NA,NA,NA,NA,NA,NA,NA,NA,NA,NA,NA,NA,NA,NA,NA,NA,NA,NA,NA,NA,NA,NA,NA,NA,NA,NA,NA,NA,NA,NA,NA,NA,NA,Ben,Sims,MIN,TE,25,-3
TE,16483,weighted,NA,NA,NA,NA,NA,NA,0,NA,0,NA,0,NA,3.5,NA,23,NA,1.1,NA,NA,NA,NA,NA,NA,NA,NA,NA,NA,NA,NA,NA,NA,NA,NA,NA,NA,NA,NA,NA,NA,NA,NA,NA,NA,NA,NA,NA,NA,NA,NA,NA,NA,NA,NA,NA,NA,NA,Ben,Sims,MIN,TE,25,-3
TE,15840,average,NA,NA,NA,NA,NA,NA,0,0,NA,NA,0,0,12.75,13.08147545195113,153.75,151.67440456451445,0.75,0.3535533905932738,NA,NA,NA,NA,NA,NA,NA,NA,NA,NA,NA,NA,NA,NA,NA,NA,NA,NA,NA,NA,NA,NA,NA,NA,NA,NA,NA,NA,NA,NA,NA,NA,NA,NA,NA,NA,NA,NA,Jelani,Woods,NYJ,TE,27,-2
TE,15840,robust,NA,NA,NA,NA,NA,NA,0,0,NA,NA,0,0,12.75,13.714049999999999,153.75,159.00885,0.75,0.37065,NA,NA,NA,NA,NA,NA,NA,NA,NA,NA,NA,NA,NA,NA,NA,NA,NA,NA,NA,NA,NA,NA,NA,NA,NA,NA,NA,NA,NA,NA,NA,NA,NA,NA,NA,NA,NA,NA,Jelani,Woods,NYJ,TE,27,-2
TE,15840,weighted,NA,NA,NA,NA,NA,NA,0,NA,NA,NA,0,NA,22,NA,261,NA,1,NA,NA,NA,NA,NA,NA,NA,NA,NA,NA,NA,NA,NA,NA,NA,NA,NA,NA,NA,NA,NA,NA,NA,NA,NA,NA,NA,NA,NA,NA,NA,NA,NA,NA,NA,NA,NA,NA,NA,Jelani,Woods,NYJ,TE,27,-2
TE,16648,average,NA,NA,NA,NA,NA,NA,0,0,0,0,0,0,3.8000000000000003,2.2627416997969525,33.05,28.354981925580557,0.2,0.28284271247461906,NA,NA,NA,NA,NA,NA,NA,NA,NA,NA,NA,NA,NA,NA,NA,NA,NA,NA,NA,NA,NA,NA,NA,NA,NA,NA,NA,NA,NA,NA,NA,NA,NA,NA,NA,NA,NA,NA,Jared,Wiley,KCC,TE,25,-4
TE,16648,robust,NA,NA,NA,NA,NA,NA,0,0,0,0,0,0,3.8000000000000003,2.37216,33.05,29.726129999999998,0.2,0.29652,NA,NA,NA,NA,NA,NA,NA,NA,NA,NA,NA,NA,NA,NA,NA,NA,NA,NA,NA,NA,NA,NA,NA,NA,NA,NA,NA,NA,NA,NA,NA,NA,NA,NA,NA,NA,NA,NA,Jared,Wiley,KCC,TE,25,-4
TE,16648,weighted,NA,NA,NA,NA,NA,NA,0,NA,0,NA,0,NA,2.2,NA,13,NA,0,NA,NA,NA,NA,NA,NA,NA,NA,NA,NA,NA,NA,NA,NA,NA,NA,NA,NA,NA,NA,NA,NA,NA,NA,NA,NA,NA,NA,NA,NA,NA,NA,NA,NA,NA,NA,NA,NA,NA,Jared,Wiley,KCC,TE,25,-4
TE,13676,average,NA,NA,NA,NA,NA,NA,0,0,0,0,0,0,8.333333333333334,4.908496035786658,71.2,51.06388156025744,0.13333333333333333,0.23094010767585033,NA,NA,NA,NA,NA,NA,NA,NA,NA,NA,NA,NA,NA,NA,NA,NA,NA,NA,NA,NA,NA,NA,NA,NA,NA,NA,NA,NA,NA,NA,NA,NA,NA,NA,NA,NA,NA,NA,Durham,Smythe,CHI,TE,30,2
TE,13676,robust,NA,NA,NA,NA,NA,NA,0,0,0,0,0,0,7.6499999999999995,0.29651999999999895,64.8,11.267760000000001,0.1,0,NA,NA,NA,NA,NA,NA,NA,NA,NA,NA,NA,NA,NA,NA,NA,NA,NA,NA,NA,NA,NA,NA,NA,NA,NA,NA,NA,NA,NA,NA,NA,NA,NA,NA,NA,NA,NA,NA,Durham,Smythe,CHI,TE,30,2
TE,13676,weighted,NA,NA,NA,NA,NA,NA,0,0,0,0,0,0,9.498867924528302,5.939696961966999,80.70188679245283,65.05382386916236,0,0,NA,NA,NA,NA,NA,NA,NA,NA,NA,NA,NA,NA,NA,NA,NA,NA,NA,NA,NA,NA,NA,NA,NA,NA,NA,NA,NA,NA,NA,NA,NA,NA,NA,NA,NA,NA,NA,NA,Durham,Smythe,CHI,TE,30,2
TE,16220,average,NA,NA,NA,NA,NA,NA,0,0,0,0,0,0,9,5.050742519669757,91.23333333333333,54.22235086505687,0.16666666666666666,0.15275252316519466,NA,NA,NA,NA,NA,NA,NA,NA,NA,NA,NA,NA,NA,NA,NA,NA,NA,NA,NA,NA,NA,NA,NA,NA,NA,NA,NA,NA,NA,NA,NA,NA,NA,NA,NA,NA,NA,NA,Will,Mallory,IND,TE,26,-3
TE,16220,robust,NA,NA,NA,NA,NA,NA,0,0,0,0,0,0,9.024999999999999,7.26474,90.425,73.09217999999998,0.175,0.14825999999999995,NA,NA,NA,NA,NA,NA,NA,NA,NA,NA,NA,NA,NA,NA,NA,NA,NA,NA,NA,NA,NA,NA,NA,NA,NA,NA,NA,NA,NA,NA,NA,NA,NA,NA,NA,NA,NA,NA,Will,Mallory,IND,TE,26,-3
TE,16220,weighted,NA,NA,NA,NA,NA,NA,0,0,0,0,0,0,11.374339622641507,3.4648232278140823,115.38490566037734,41.71930009000629,0.1071698113207547,0.14142135623730948,NA,NA,NA,NA,NA,NA,NA,NA,NA,NA,NA,NA,NA,NA,NA,NA,NA,NA,NA,NA,NA,NA,NA,NA,NA,NA,NA,NA,NA,NA,NA,NA,NA,NA,NA,NA,NA,NA,Will,Mallory,IND,TE,26,-3
TE,16831,average,NA,NA,NA,NA,NA,NA,0,0,0,0,0,0,5.2,2.1213203435596424,42.6,7.6367532368147115,0.15,0.21213203435596426,NA,NA,NA,NA,NA,NA,NA,NA,NA,NA,NA,NA,NA,NA,NA,NA,NA,NA,NA,NA,NA,NA,NA,NA,NA,NA,NA,NA,NA,NA,NA,NA,NA,NA,NA,NA,NA,NA,David,Martin-Robinson,TEN,TE,26,-4
TE,16831,robust,NA,NA,NA,NA,NA,NA,0,0,0,0,0,0,5.2,2.2239,42.6,8.006039999999997,0.15,0.22238999999999998,NA,NA,NA,NA,NA,NA,NA,NA,NA,NA,NA,NA,NA,NA,NA,NA,NA,NA,NA,NA,NA,NA,NA,NA,NA,NA,NA,NA,NA,NA,NA,NA,NA,NA,NA,NA,NA,NA,David,Martin-Robinson,TEN,TE,26,-4
TE,16831,weighted,NA,NA,NA,NA,NA,NA,0,NA,0,NA,0,NA,6.7,NA,48,NA,0,NA,NA,NA,NA,NA,NA,NA,NA,NA,NA,NA,NA,NA,NA,NA,NA,NA,NA,NA,NA,NA,NA,NA,NA,NA,NA,NA,NA,NA,NA,NA,NA,NA,NA,NA,NA,NA,NA,NA,David,Martin-Robinson,TEN,TE,26,-4
TE,13246,average,NA,NA,NA,NA,NA,NA,0,0,0,0,0,0,10.333333333333332,6.524824390995771,120.63333333333333,78.41749379655877,1.1333333333333333,0.9018499505645788,NA,NA,NA,NA,NA,NA,NA,NA,NA,NA,NA,NA,NA,NA,NA,NA,NA,NA,NA,NA,NA,NA,NA,NA,NA,NA,NA,NA,NA,NA,NA,NA,NA,NA,NA,NA,NA,NA,Mo,Alie-Cox,IND,TE,32,3
TE,13246,robust,NA,NA,NA,NA,NA,NA,0,0,0,0,0,0,11.25,0.29651999999999895,129.225,31.1346,1.15,1.18608,NA,NA,NA,NA,NA,NA,NA,NA,NA,NA,NA,NA,NA,NA,NA,NA,NA,NA,NA,NA,NA,NA,NA,NA,NA,NA,NA,NA,NA,NA,NA,NA,NA,NA,NA,NA,NA,NA,Mo,Alie-Cox,IND,TE,32,3
TE,13246,weighted,NA,NA,NA,NA,NA,NA,0,0,0,0,0,0,14.107169811320752,0.141421356237309,164.74716981132076,14.849242404917495,1.571320754716981,0.565685424949238,NA,NA,NA,NA,NA,NA,NA,NA,NA,NA,NA,NA,NA,NA,NA,NA,NA,NA,NA,NA,NA,NA,NA,NA,NA,NA,NA,NA,NA,NA,NA,NA,NA,NA,NA,NA,NA,NA,Mo,Alie-Cox,IND,TE,32,3
TE,14370,average,NA,NA,NA,NA,NA,NA,0,0,0,0,0.45,0.3674234614174767,17.725,10.41965290528752,155.625,87.83637724010859,0.6324143352851876,0.4436224649662582,NA,NA,NA,NA,NA,NA,NA,NA,NA,NA,NA,NA,NA,NA,NA,NA,NA,NA,NA,NA,NA,NA,NA,NA,NA,NA,NA,NA,NA,NA,NA,NA,NA,NA,NA,NA,NA,NA,Tanner,Hudson,CIN,TE,31,2
TE,14370,robust,NA,NA,NA,NA,NA,NA,0,0,0,0,0.45,0.33358499999999996,19.75,5.1891,183,28.1694,0.6324143352851876,0.5408949869876382,NA,NA,NA,NA,NA,NA,NA,NA,NA,NA,NA,NA,NA,NA,NA,NA,NA,NA,NA,NA,NA,NA,NA,NA,NA,NA,NA,NA,NA,NA,NA,NA,NA,NA,NA,NA,NA,NA,Tanner,Hudson,CIN,TE,31,2
TE,14370,weighted,NA,NA,NA,NA,NA,NA,0,0,0,0,0.6117721518987341,0.2646984126020105,22.82025316455696,3.973465421989055,199.50886075949364,21.052188059245157,0.7581150742994873,0.42096817301107187,NA,NA,NA,NA,NA,NA,NA,NA,NA,NA,NA,NA,NA,NA,NA,NA,NA,NA,NA,NA,NA,NA,NA,NA,NA,NA,NA,NA,NA,NA,NA,NA,NA,NA,NA,NA,NA,NA,Tanner,Hudson,CIN,TE,31,2
TE,16645,average,NA,NA,NA,NA,NA,NA,0,0,0,0,0,0,3.8,2.1213203435596424,37.25,23.68807716974934,0.1,0.14142135623730953,NA,NA,NA,NA,NA,NA,NA,NA,NA,NA,NA,NA,NA,NA,NA,NA,NA,NA,NA,NA,NA,NA,NA,NA,NA,NA,NA,NA,NA,NA,NA,NA,NA,NA,NA,NA,NA,NA,Erick,All,CIN,TE,25,-4
TE,16645,robust,NA,NA,NA,NA,NA,NA,0,0,0,0,0,0,3.8,2.2239,37.25,24.83355,0.1,0.14826,NA,NA,NA,NA,NA,NA,NA,NA,NA,NA,NA,NA,NA,NA,NA,NA,NA,NA,NA,NA,NA,NA,NA,NA,NA,NA,NA,NA,NA,NA,NA,NA,NA,NA,NA,NA,NA,NA,Erick,All,CIN,TE,25,-4
TE,16645,weighted,NA,NA,NA,NA,NA,NA,0,NA,0,NA,0,NA,5.3,NA,54,NA,0,NA,NA,NA,NA,NA,NA,NA,NA,NA,NA,NA,NA,NA,NA,NA,NA,NA,NA,NA,NA,NA,NA,NA,NA,NA,NA,NA,NA,NA,NA,NA,NA,NA,NA,NA,NA,NA,NA,NA,Erick,All,CIN,TE,25,-4
TE,16839,average,NA,NA,NA,NA,NA,NA,0,0,0,0,0,0,2.6,1.131370849898476,24.15,8.273149339882606,0.05,0.07071067811865477,NA,NA,NA,NA,NA,NA,NA,NA,NA,NA,NA,NA,NA,NA,NA,NA,NA,NA,NA,NA,NA,NA,NA,NA,NA,NA,NA,NA,NA,NA,NA,NA,NA,NA,NA,NA,NA,NA,Jack,Westover,NEP,TE,26,-4
TE,16839,robust,NA,NA,NA,NA,NA,NA,0,0,0,0,0,0,2.6,1.1860799999999998,24.15,8.67321,0.05,0.07413,NA,NA,NA,NA,NA,NA,NA,NA,NA,NA,NA,NA,NA,NA,NA,NA,NA,NA,NA,NA,NA,NA,NA,NA,NA,NA,NA,NA,NA,NA,NA,NA,NA,NA,NA,NA,NA,NA,Jack,Westover,NEP,TE,26,-4
TE,16839,weighted,NA,NA,NA,NA,NA,NA,0,NA,0,NA,0,NA,3.4,NA,30,NA,0,NA,NA,NA,NA,NA,NA,NA,NA,NA,NA,NA,NA,NA,NA,NA,NA,NA,NA,NA,NA,NA,NA,NA,NA,NA,NA,NA,NA,NA,NA,NA,NA,NA,NA,NA,NA,NA,NA,NA,Jack,Westover,NEP,TE,26,-4
TE,15244,average,NA,NA,NA,NA,NA,NA,0,0,0,0,0,0,0.9,1.2727922061357855,9.35,11.808683245815343,0.05,0.07071067811865477,NA,NA,NA,NA,NA,NA,NA,NA,NA,NA,NA,NA,NA,NA,NA,NA,NA,NA,NA,NA,NA,NA,NA,NA,NA,NA,NA,NA,NA,NA,NA,NA,NA,NA,NA,NA,NA,NA,Feleipe,Franks,ATL,TE,28,-1
TE,15244,robust,NA,NA,NA,NA,NA,NA,0,0,0,0,0,0,0.9,1.3343399999999999,9.35,12.37971,0.05,0.07413,NA,NA,NA,NA,NA,NA,NA,NA,NA,NA,NA,NA,NA,NA,NA,NA,NA,NA,NA,NA,NA,NA,NA,NA,NA,NA,NA,NA,NA,NA,NA,NA,NA,NA,NA,NA,NA,NA,Feleipe,Franks,ATL,TE,28,-1
TE,15244,weighted,NA,NA,NA,NA,NA,NA,0,NA,0,NA,0,NA,0,NA,1,NA,0,NA,NA,NA,NA,NA,NA,NA,NA,NA,NA,NA,NA,NA,NA,NA,NA,NA,NA,NA,NA,NA,NA,NA,NA,NA,NA,NA,NA,NA,NA,NA,NA,NA,NA,NA,NA,NA,NA,NA,Feleipe,Franks,ATL,TE,28,-1
TE,13994,average,NA,NA,NA,NA,NA,NA,0,0,NA,NA,0,0,7.25,6.7175144212722016,75.5,71.4177848998413,0.5,0.7071067811865476,NA,NA,NA,NA,NA,NA,NA,NA,NA,NA,NA,NA,NA,NA,NA,NA,NA,NA,NA,NA,NA,NA,NA,NA,NA,NA,NA,NA,NA,NA,NA,NA,NA,NA,NA,NA,NA,NA,Pharaoh,Brown,ARI,TE,31,3
TE,13994,robust,NA,NA,NA,NA,NA,NA,0,0,NA,NA,0,0,7.25,7.04235,75.5,74.87129999999999,0.5,0.7413,NA,NA,NA,NA,NA,NA,NA,NA,NA,NA,NA,NA,NA,NA,NA,NA,NA,NA,NA,NA,NA,NA,NA,NA,NA,NA,NA,NA,NA,NA,NA,NA,NA,NA,NA,NA,NA,NA,Pharaoh,Brown,ARI,TE,31,3
TE,13994,weighted,NA,NA,NA,NA,NA,NA,0,NA,NA,NA,0,NA,12,NA,126,NA,1,NA,NA,NA,NA,NA,NA,NA,NA,NA,NA,NA,NA,NA,NA,NA,NA,NA,NA,NA,NA,NA,NA,NA,NA,NA,NA,NA,NA,NA,NA,NA,NA,NA,NA,NA,NA,NA,NA,NA,Pharaoh,Brown,ARI,TE,31,3
TE,15909,average,NA,NA,NA,NA,NA,NA,0,0,NA,NA,0,0,6.95,7.14177848998413,73.4,78.63027406794409,0.05,0.07071067811865477,NA,NA,NA,NA,NA,NA,NA,NA,NA,NA,NA,NA,NA,NA,NA,NA,NA,NA,NA,NA,NA,NA,NA,NA,NA,NA,NA,NA,NA,NA,NA,NA,NA,NA,NA,NA,NA,NA,James,Mitchell,CAR,TE,26,-2
TE,15909,robust,NA,NA,NA,NA,NA,NA,0,0,NA,NA,0,0,6.95,7.4871300000000005,73.4,82.43256,0.05,0.07413,NA,NA,NA,NA,NA,NA,NA,NA,NA,NA,NA,NA,NA,NA,NA,NA,NA,NA,NA,NA,NA,NA,NA,NA,NA,NA,NA,NA,NA,NA,NA,NA,NA,NA,NA,NA,NA,NA,James,Mitchell,CAR,TE,26,-2
TE,15909,weighted,NA,NA,NA,NA,NA,NA,0,NA,NA,NA,0,NA,12,NA,129,NA,0,NA,NA,NA,NA,NA,NA,NA,NA,NA,NA,NA,NA,NA,NA,NA,NA,NA,NA,NA,NA,NA,NA,NA,NA,NA,NA,NA,NA,NA,NA,NA,NA,NA,NA,NA,NA,NA,NA,NA,James,Mitchell,CAR,TE,26,-2
TE,16312,average,NA,NA,NA,NA,NA,NA,0,0,NA,NA,0,0,13.75,17.324116139070416,127.25,158.03836559519337,0.5,0.7071067811865476,NA,NA,NA,NA,NA,NA,NA,NA,NA,NA,NA,NA,NA,NA,NA,NA,NA,NA,NA,NA,NA,NA,NA,NA,NA,NA,NA,NA,NA,NA,NA,NA,NA,NA,NA,NA,NA,NA,Josh,Whyle,FA,TE,26,-3
TE,16312,robust,NA,NA,NA,NA,NA,NA,0,0,NA,NA,0,0,13.75,18.161849999999998,127.25,165.68054999999998,0.5,0.7413,NA,NA,NA,NA,NA,NA,NA,NA,NA,NA,NA,NA,NA,NA,NA,NA,NA,NA,NA,NA,NA,NA,NA,NA,NA,NA,NA,NA,NA,NA,NA,NA,NA,NA,NA,NA,NA,NA,Josh,Whyle,FA,TE,26,-3
TE,16312,weighted,NA,NA,NA,NA,NA,NA,0,NA,NA,NA,0,NA,26,NA,239,NA,1,NA,NA,NA,NA,NA,NA,NA,NA,NA,NA,NA,NA,NA,NA,NA,NA,NA,NA,NA,NA,NA,NA,NA,NA,NA,NA,NA,NA,NA,NA,NA,NA,NA,NA,NA,NA,NA,NA,NA,Josh,Whyle,FA,TE,26,-3
TE,13427,average,NA,NA,NA,NA,NA,NA,0,0,NA,NA,0,0,5,5.656854249492381,53,60.81118318204309,0,0,NA,NA,NA,NA,NA,NA,NA,NA,NA,NA,NA,NA,NA,NA,NA,NA,NA,NA,NA,NA,NA,NA,NA,NA,NA,NA,NA,NA,NA,NA,NA,NA,NA,NA,NA,NA,NA,NA,Robert,Tonyan,KCC,TE,31,3
TE,13427,robust,NA,NA,NA,NA,NA,NA,0,0,NA,NA,0,0,5,5.9304,53,63.751799999999996,0,0,NA,NA,NA,NA,NA,NA,NA,NA,NA,NA,NA,NA,NA,NA,NA,NA,NA,NA,NA,NA,NA,NA,NA,NA,NA,NA,NA,NA,NA,NA,NA,NA,NA,NA,NA,NA,NA,NA,Robert,Tonyan,KCC,TE,31,3
TE,13427,weighted,NA,NA,NA,NA,NA,NA,0,NA,NA,NA,0,NA,9,NA,96,NA,0,NA,NA,NA,NA,NA,NA,NA,NA,NA,NA,NA,NA,NA,NA,NA,NA,NA,NA,NA,NA,NA,NA,NA,NA,NA,NA,NA,NA,NA,NA,NA,NA,NA,NA,NA,NA,NA,NA,NA,Robert,Tonyan,KCC,TE,31,3
TE,12680,average,NA,NA,NA,NA,NA,NA,0,0,NA,NA,0,0,7,8.48528137423857,60,70.71067811865476,1,1.4142135623730951,NA,NA,NA,NA,NA,NA,NA,NA,NA,NA,NA,NA,NA,NA,NA,NA,NA,NA,NA,NA,NA,NA,NA,NA,NA,NA,NA,NA,NA,NA,NA,NA,NA,NA,NA,NA,NA,NA,Nick,Vannett,MIN,TE,32,4
TE,12680,robust,NA,NA,NA,NA,NA,NA,0,0,NA,NA,0,0,7,8.8956,60,74.13,1,1.4826,NA,NA,NA,NA,NA,NA,NA,NA,NA,NA,NA,NA,NA,NA,NA,NA,NA,NA,NA,NA,NA,NA,NA,NA,NA,NA,NA,NA,NA,NA,NA,NA,NA,NA,NA,NA,NA,NA,Nick,Vannett,MIN,TE,32,4
TE,12680,weighted,NA,NA,NA,NA,NA,NA,0,NA,NA,NA,0,NA,13,NA,110,NA,2,NA,NA,NA,NA,NA,NA,NA,NA,NA,NA,NA,NA,NA,NA,NA,NA,NA,NA,NA,NA,NA,NA,NA,NA,NA,NA,NA,NA,NA,NA,NA,NA,NA,NA,NA,NA,NA,NA,NA,Nick,Vannett,MIN,TE,32,4
TE,14875,average,NA,NA,NA,NA,NA,NA,0,0,NA,NA,0,0,8.25,10.960155108391486,69.75,90.86322138247135,1,1.4142135623730951,NA,NA,NA,NA,NA,NA,NA,NA,NA,NA,NA,NA,NA,NA,NA,NA,NA,NA,NA,NA,NA,NA,NA,NA,NA,NA,NA,NA,NA,NA,NA,NA,NA,NA,NA,NA,NA,NA,Harrison,Bryant,HOU,TE,27,0
TE,14875,robust,NA,NA,NA,NA,NA,NA,0,0,NA,NA,0,0,8.25,11.49015,69.75,95.25704999999999,1,1.4826,NA,NA,NA,NA,NA,NA,NA,NA,NA,NA,NA,NA,NA,NA,NA,NA,NA,NA,NA,NA,NA,NA,NA,NA,NA,NA,NA,NA,NA,NA,NA,NA,NA,NA,NA,NA,NA,NA,Harrison,Bryant,HOU,TE,27,0
TE,14875,weighted,NA,NA,NA,NA,NA,NA,0,NA,NA,NA,0,NA,16,NA,134,NA,2,NA,NA,NA,NA,NA,NA,NA,NA,NA,NA,NA,NA,NA,NA,NA,NA,NA,NA,NA,NA,NA,NA,NA,NA,NA,NA,NA,NA,NA,NA,NA,NA,NA,NA,NA,NA,NA,NA,NA,Harrison,Bryant,HOU,TE,27,0
TE,15330,average,NA,NA,NA,NA,NA,NA,0,0,0,0,0,0,15.15,8.273149339882606,149.5,82.73149339882606,0.6,0.565685424949238,NA,NA,NA,NA,NA,NA,NA,NA,NA,NA,NA,NA,NA,NA,NA,NA,NA,NA,NA,NA,NA,NA,NA,NA,NA,NA,NA,NA,NA,NA,NA,NA,NA,NA,NA,NA,NA,NA,Brevin,Jordan,HOU,TE,25,-1
TE,15330,robust,NA,NA,NA,NA,NA,NA,0,0,0,0,0,0,15.15,8.67321,149.5,86.73209999999999,0.6,0.59304,NA,NA,NA,NA,NA,NA,NA,NA,NA,NA,NA,NA,NA,NA,NA,NA,NA,NA,NA,NA,NA,NA,NA,NA,NA,NA,NA,NA,NA,NA,NA,NA,NA,NA,NA,NA,NA,NA,Brevin,Jordan,HOU,TE,25,-1
TE,15330,weighted,NA,NA,NA,NA,NA,NA,0,0,0,0,0,0,14.730566037735848,8.273149339882604,145.3056603773585,82.73149339882605,0.5713207547169812,0.5656854249492379,NA,NA,NA,NA,NA,NA,NA,NA,NA,NA,NA,NA,NA,NA,NA,NA,NA,NA,NA,NA,NA,NA,NA,NA,NA,NA,NA,NA,NA,NA,NA,NA,NA,NA,NA,NA,NA,NA,Brevin,Jordan,HOU,TE,25,-1
TE,14341,average,NA,NA,NA,NA,NA,NA,0,0,0,0,0,0,10.15,4.030508652763321,123,35.35533905932738,0.5,0.7071067811865476,NA,NA,NA,NA,NA,NA,NA,NA,NA,NA,NA,NA,NA,NA,NA,NA,NA,NA,NA,NA,NA,NA,NA,NA,NA,NA,NA,NA,NA,NA,NA,NA,NA,NA,NA,NA,NA,NA,Donald,Parham,PIT,TE,28,1
TE,14341,robust,NA,NA,NA,NA,NA,NA,0,0,0,0,0,0,10.15,4.22541,123,37.065,0.5,0.7413,NA,NA,NA,NA,NA,NA,NA,NA,NA,NA,NA,NA,NA,NA,NA,NA,NA,NA,NA,NA,NA,NA,NA,NA,NA,NA,NA,NA,NA,NA,NA,NA,NA,NA,NA,NA,NA,NA,Donald,Parham,PIT,TE,28,1
TE,14341,weighted,NA,NA,NA,NA,NA,NA,0,0,0,0,0,0,9.945660377358491,4.03050865276332,121.2075471698113,35.35533905932736,0.46415094339622637,0.7071067811865475,NA,NA,NA,NA,NA,NA,NA,NA,NA,NA,NA,NA,NA,NA,NA,NA,NA,NA,NA,NA,NA,NA,NA,NA,NA,NA,NA,NA,NA,NA,NA,NA,NA,NA,NA,NA,NA,NA,Donald,Parham,PIT,TE,28,1
K,16414,average,NA,NA,NA,NA,NA,NA,NA,NA,NA,NA,NA,NA,NA,NA,NA,NA,NA,NA,NA,NA,NA,NA,NA,NA,NA,NA,0.13140263157894738,0.05454129711165009,6.270684866312033,1.1258572170277912,8.446271126009544,1.4310076926004238,7.668206615036603,1.7117947435476002,7.902430769915152,2.4425206400347297,38.7125,7.202268987716897,NA,NA,NA,NA,NA,NA,NA,NA,NA,NA,NA,NA,NA,NA,NA,NA,NA,NA,Brandon,Aubrey,DAL,K,30,-3
K,16414,robust,NA,NA,NA,NA,NA,NA,NA,NA,NA,NA,NA,NA,NA,NA,NA,NA,NA,NA,NA,NA,NA,NA,NA,NA,NA,NA,0.14546578947368421,0.022153165263157915,6.340564325893666,1.0149254507253438,8.750872577015029,1.204617278743947,8.077614407272623,1.1853639550258837,8.273524975469893,1.5465920753129783,39.15,2.2239,NA,NA,NA,NA,NA,NA,NA,NA,NA,NA,NA,NA,NA,NA,NA,NA,NA,NA,Brandon,Aubrey,DAL,K,30,-3
K,16414,weighted,NA,NA,NA,NA,NA,NA,NA,NA,NA,NA,NA,NA,NA,NA,NA,NA,NA,NA,NA,NA,NA,NA,NA,NA,NA,NA,0.12856829320264226,0.05853815721921956,6.169602539878884,1.190235179201047,8.328786297385664,1.529824073300201,7.609218247471377,1.815462272919898,7.77116501546317,2.667487493332497,38.25222672064777,7.657927730602691,NA,NA,NA,NA,NA,NA,NA,NA,NA,NA,NA,NA,NA,NA,NA,NA,NA,NA,Brandon,Aubrey,DAL,K,30,-3
K,14717,average,NA,NA,NA,NA,NA,NA,NA,NA,NA,NA,NA,NA,NA,NA,NA,NA,NA,NA,NA,NA,NA,NA,NA,NA,NA,NA,0.110553125,0.04630100746647652,6.951868414998849,1.357037581224362,8.218252961812745,1.0837219376122773,6.249627508979027,1.7129952168550018,5.412218721271232,1.2970540648928255,42.8375,7.861649681478164,NA,NA,NA,NA,NA,NA,NA,NA,NA,NA,NA,NA,NA,NA,NA,NA,NA,NA,Chase,McLaughlin,TBB,K,29,1
K,14717,robust,NA,NA,NA,NA,NA,NA,NA,NA,NA,NA,NA,NA,NA,NA,NA,NA,NA,NA,NA,NA,NA,NA,NA,NA,NA,NA,0.12325,0.006616102500000001,7.136543363239015,0.7739629024154586,8.436349781458476,0.8055050724637676,6.4547416002163756,1.4826,5.4896079351349965,0.7413,44.15,3.187589999999998,NA,NA,NA,NA,NA,NA,NA,NA,NA,NA,NA,NA,NA,NA,NA,NA,NA,NA,Chase,McLaughlin,TBB,K,29,1
K,14717,weighted,NA,NA,NA,NA,NA,NA,NA,NA,NA,NA,NA,NA,NA,NA,NA,NA,NA,NA,NA,NA,NA,NA,NA,NA,NA,NA,0.10827176113360323,0.049704300172513774,6.8515449483984945,1.4468778413362724,8.09198318631957,1.118555330318139,6.171474262662903,1.8502777969726598,5.3353622810319274,1.3822008194752717,42.182995951417006,8.338074114686254,NA,NA,NA,NA,NA,NA,NA,NA,NA,NA,NA,NA,NA,NA,NA,NA,NA,NA,Chase,McLaughlin,TBB,K,29,1
K,16292,average,NA,NA,NA,NA,NA,NA,NA,NA,NA,NA,NA,NA,NA,NA,NA,NA,NA,NA,NA,NA,NA,NA,NA,NA,NA,NA,0.09644444444444444,0.041004667003273945,5.75735692565259,0.8046131492205632,8.47963521024099,1.2288020762303258,6.923068529256722,0.7352036756672755,4.246250524219528,0.7753489346370012,31.9,5.4688729578014,NA,NA,NA,NA,NA,NA,NA,NA,NA,NA,NA,NA,NA,NA,NA,NA,NA,NA,Chad,Ryland,ARI,K,26,-3
K,16292,robust,NA,NA,NA,NA,NA,NA,NA,NA,NA,NA,NA,NA,NA,NA,NA,NA,NA,NA,NA,NA,NA,NA,NA,NA,NA,NA,0.10500000000000001,0.006918799999999989,5.988030442804428,0.31255515887658863,8.690593594824836,0.8234566130927967,6.925000000000001,0.8464463254612551,4.350001048439056,0.46506542650266486,31.8,6.52344,NA,NA,NA,NA,NA,NA,NA,NA,NA,NA,NA,NA,NA,NA,NA,NA,NA,NA,Chad,Ryland,ARI,K,26,-3
K,16292,weighted,NA,NA,NA,NA,NA,NA,NA,NA,NA,NA,NA,NA,NA,NA,NA,NA,NA,NA,NA,NA,NA,NA,NA,NA,NA,NA,0.09458895636527216,0.04410171884827066,5.678125060518486,0.8457083668058426,8.363804462718491,1.292643292388986,6.831026156791354,0.7236847997876623,4.20401194928375,0.8350208497644095,31.084412955465588,5.088635894459262,NA,NA,NA,NA,NA,NA,NA,NA,NA,NA,NA,NA,NA,NA,NA,NA,NA,NA,Chad,Ryland,ARI,K,26,-3
K,16846,average,NA,NA,NA,NA,NA,NA,NA,NA,NA,NA,NA,NA,NA,NA,NA,NA,NA,NA,NA,NA,NA,NA,NA,NA,NA,NA,0.0965,0.03944978725273071,4.6371338077524396,0.7936125135162118,7.9786888376731895,1.5937170852984495,6.880822257198149,1.185091514432025,4.863931863268823,0.9990487630487763,49.5125,10.125701033931993,NA,NA,NA,NA,NA,NA,NA,NA,NA,NA,NA,NA,NA,NA,NA,NA,NA,NA,Jake,Bates,DET,K,26,-3
K,16846,robust,NA,NA,NA,NA,NA,NA,NA,NA,NA,NA,NA,NA,NA,NA,NA,NA,NA,NA,NA,NA,NA,NA,NA,NA,NA,NA,0.108,0.008895599999999997,4.83620464715079,0.4136629044153321,8.411434497816593,0.6413678523693996,7.081841958843134,0.824208761364587,5.05,0.24602306562264717,50.25,8.1543,NA,NA,NA,NA,NA,NA,NA,NA,NA,NA,NA,NA,NA,NA,NA,NA,NA,NA,Jake,Bates,DET,K,26,-3
K,16846,weighted,NA,NA,NA,NA,NA,NA,NA,NA,NA,NA,NA,NA,NA,NA,NA,NA,NA,NA,NA,NA,NA,NA,NA,NA,NA,NA,0.09481376518218625,0.04248652374271344,4.574265526716305,0.8477677035348905,7.881135829315635,1.7254712017130844,6.768860988784715,1.2547524076904806,4.797344514093739,1.076997022935799,49.47773279352227,10.951921087699647,NA,NA,NA,NA,NA,NA,NA,NA,NA,NA,NA,NA,NA,NA,NA,NA,NA,NA,Jake,Bates,DET,K,26,-3
K,11936,average,NA,NA,NA,NA,NA,NA,NA,NA,NA,NA,NA,NA,NA,NA,NA,NA,NA,NA,NA,NA,NA,NA,NA,NA,NA,NA,0.10848088235294118,0.04436568991262988,6.907375171998625,1.3581264504472812,8.541880804953559,1.7474866042530794,7.299097265221878,1.239197728183167,6.041848839009288,1.5339920786212227,32.2125,5.1203899126084975,NA,NA,NA,NA,NA,NA,NA,NA,NA,NA,NA,NA,NA,NA,NA,NA,NA,NA,Chris,Boswell,PIT,K,34,6
K,11936,robust,NA,NA,NA,NA,NA,NA,NA,NA,NA,NA,NA,NA,NA,NA,NA,NA,NA,NA,NA,NA,NA,NA,NA,NA,NA,NA,0.12060000000000001,0.005843188235294113,7.189148090815275,0.3964106212590307,9.003637770897832,0.4307802167182657,7.5,0.8263834916408669,6.321333900928792,0.9093400872445817,33.225,2.9652,NA,NA,NA,NA,NA,NA,NA,NA,NA,NA,NA,NA,NA,NA,NA,NA,NA,NA,Chris,Boswell,PIT,K,34,6
K,11936,weighted,NA,NA,NA,NA,NA,NA,NA,NA,NA,NA,NA,NA,NA,NA,NA,NA,NA,NA,NA,NA,NA,NA,NA,NA,NA,NA,0.10672291021671826,0.04776417924620872,6.85320232191179,1.4733743566318638,8.47644880986701,1.8977755453744627,7.232680755234121,1.3248190355539673,5.971471835399407,1.6679181800566407,31.846558704453443,5.312772689162707,NA,NA,NA,NA,NA,NA,NA,NA,NA,NA,NA,NA,NA,NA,NA,NA,NA,NA,Chris,Boswell,PIT,K,34,6
K,14983,average,NA,NA,NA,NA,NA,NA,NA,NA,NA,NA,NA,NA,NA,NA,NA,NA,NA,NA,NA,NA,NA,NA,NA,NA,NA,NA,0.09196,0.03865752896955192,5.70672804972805,1.4845486313199054,7.2443916083916085,1.9580849929336717,5.895397360787361,2.0824724839074933,3.7615439834239837,0.9287902750694698,42.5875,11.474747118284194,NA,NA,NA,NA,NA,NA,NA,NA,NA,NA,NA,NA,NA,NA,NA,NA,NA,NA,Tyler,Bass,BUF,K,28,0
K,14983,robust,NA,NA,NA,NA,NA,NA,NA,NA,NA,NA,NA,NA,NA,NA,NA,NA,NA,NA,NA,NA,NA,NA,NA,NA,NA,NA,0.10285,0.010165693999999994,5.906293706293706,1.2973613986013983,7.616503496503497,1.407039239160839,6.01677592925593,2.0846025136596724,4,0.5373474286247089,43.5,6.894089999999998,NA,NA,NA,NA,NA,NA,NA,NA,NA,NA,NA,NA,NA,NA,NA,NA,NA,NA,Tyler,Bass,BUF,K,28,0
K,14983,weighted,NA,NA,NA,NA,NA,NA,NA,NA,NA,NA,NA,NA,NA,NA,NA,NA,NA,NA,NA,NA,NA,NA,NA,NA,NA,NA,0.08875782726045883,0.040979178250751286,5.4636168285156135,1.4704589932309657,6.946735086775573,1.9643571001849933,5.655600204563768,2.1740183715972825,3.6117634021399208,0.9127950378139222,41.12024291497976,11.851207893737959,NA,NA,NA,NA,NA,NA,NA,NA,NA,NA,NA,NA,NA,NA,NA,NA,NA,NA,Tyler,Bass,BUF,K,28,0
K,11947,average,NA,NA,NA,NA,NA,NA,NA,NA,NA,NA,NA,NA,NA,NA,NA,NA,NA,NA,NA,NA,NA,NA,NA,NA,NA,NA,0.09344414062499999,0.03907773368804692,6.6790435949427485,1.13088747588803,8.821695065430752,1.605582772465513,6.354317354484733,1.4191669727200116,4.0145221374045805,0.9476310914017834,38.3875,7.350498039491707,NA,NA,NA,NA,NA,NA,NA,NA,NA,NA,NA,NA,NA,NA,NA,NA,NA,NA,Brandon,McManus,GBP,K,34,6
K,11947,robust,NA,NA,NA,NA,NA,NA,NA,NA,NA,NA,NA,NA,NA,NA,NA,NA,NA,NA,NA,NA,NA,NA,NA,NA,NA,NA,0.10502421874999998,0.01597733156249998,6.8053200143129775,0.5727285214694657,8.995162213740457,1.1351509923664116,6.45,0.8895600000000001,4,1.341141528549618,38.9,3.2617199999999986,NA,NA,NA,NA,NA,NA,NA,NA,NA,NA,NA,NA,NA,NA,NA,NA,NA,NA,Brandon,McManus,GBP,K,34,6
K,11947,weighted,NA,NA,NA,NA,NA,NA,NA,NA,NA,NA,NA,NA,NA,NA,NA,NA,NA,NA,NA,NA,NA,NA,NA,NA,NA,NA,0.09153457110323886,0.041910488986511375,6.584504430069228,1.1949103817021918,8.698154241299077,1.7018989127845334,6.273202682048265,1.5231884353929694,3.979575706736012,1.0158091130732463,37.567004048582994,7.631342758167576,NA,NA,NA,NA,NA,NA,NA,NA,NA,NA,NA,NA,NA,NA,NA,NA,NA,NA,Brandon,McManus,GBP,K,34,6
K,12437,average,NA,NA,NA,NA,NA,NA,NA,NA,NA,NA,NA,NA,NA,NA,NA,NA,NA,NA,NA,NA,NA,NA,NA,NA,NA,NA,0.10204101562500001,0.04182378509349191,6.023090135938634,1.1322827855647026,7.314374546114742,1.3199073020530558,7.504827316223424,0.9544679721817025,4.925031004080272,1.2365525088280964,33.275,5.448918634528716,NA,NA,NA,NA,NA,NA,NA,NA,NA,NA,NA,NA,NA,NA,NA,NA,NA,NA,Jason,Myers,SEA,K,34,6
K,12437,robust,NA,NA,NA,NA,NA,NA,NA,NA,NA,NA,NA,NA,NA,NA,NA,NA,NA,NA,NA,NA,NA,NA,NA,NA,NA,NA,0.114890625,0.008965096875,6.252881604030501,0.5846275302968403,7.650417574437181,0.6077367973856211,7.731854199534219,0.3675382079389244,5,0.4310879861463274,33.25,3.7064999999999997,NA,NA,NA,NA,NA,NA,NA,NA,NA,NA,NA,NA,NA,NA,NA,NA,NA,NA,Jason,Myers,SEA,K,34,6
K,12437,weighted,NA,NA,NA,NA,NA,NA,NA,NA,NA,NA,NA,NA,NA,NA,NA,NA,NA,NA,NA,NA,NA,NA,NA,NA,NA,NA,0.10053643724696357,0.04509179680753606,5.973873951102408,1.2258215893204647,7.256806000252852,1.4309228940996361,7.447127064667832,1.0207003237327805,4.889964203214093,1.3411905343632953,33.14574898785425,5.901478871925697,NA,NA,NA,NA,NA,NA,NA,NA,NA,NA,NA,NA,NA,NA,NA,NA,NA,NA,Jason,Myers,SEA,K,34,6
K,11945,average,NA,NA,NA,NA,NA,NA,NA,NA,NA,NA,NA,NA,NA,NA,NA,NA,NA,NA,NA,NA,NA,NA,NA,NA,NA,NA,0.097581640625,0.040097248916108275,6.084425699569495,1.0955732311676785,7.507838776412318,1.0669045107147588,7.28803289875802,1.307409253733329,4.442271238985558,1.3790370098500067,34.1375,6.518750428023544,NA,NA,NA,NA,NA,NA,NA,NA,NA,NA,NA,NA,NA,NA,NA,NA,NA,NA,Cairo,Santos,CHI,K,34,6
K,11945,robust,NA,NA,NA,NA,NA,NA,NA,NA,NA,NA,NA,NA,NA,NA,NA,NA,NA,NA,NA,NA,NA,NA,NA,NA,NA,NA,0.10884296874999999,0.0067666790625,6.299937730627306,0.3459263228782288,7.767934073537164,0.43027622647601377,7.526651780601856,0.6705283279790702,4.4761757698180435,0.7413,34.5,4.373670000000004,NA,NA,NA,NA,NA,NA,NA,NA,NA,NA,NA,NA,NA,NA,NA,NA,NA,NA,Cairo,Santos,CHI,K,34,6
K,11945,weighted,NA,NA,NA,NA,NA,NA,NA,NA,NA,NA,NA,NA,NA,NA,NA,NA,NA,NA,NA,NA,NA,NA,NA,NA,NA,NA,0.09640688259109312,0.043351252200237736,6.054376752269547,1.1966771721902019,7.464884322643111,1.1636965762681002,7.2419895120161515,1.4193100028498158,4.441758471182759,1.4890348068258181,33.60222672064777,6.917729892391024,NA,NA,NA,NA,NA,NA,NA,NA,NA,NA,NA,NA,NA,NA,NA,NA,NA,NA,Cairo,Santos,CHI,K,34,6
K,12860,average,NA,NA,NA,NA,NA,NA,NA,NA,NA,NA,NA,NA,NA,NA,NA,NA,NA,NA,NA,NA,NA,NA,NA,NA,NA,NA,0.10919705882352942,0.04892652846286882,7.000254499404552,1.555431673668102,9.80447894127711,1.8880967854442023,6.350346104371957,1.5734741459828938,6.130039522953513,1.924981988375854,32.25714285714286,6.244692984942532,NA,NA,NA,NA,NA,NA,NA,NA,NA,NA,NA,NA,NA,NA,NA,NA,NA,NA,Ka'imi,Fairbairn,HOU,K,31,4
K,12860,robust,NA,NA,NA,NA,NA,NA,NA,NA,NA,NA,NA,NA,NA,NA,NA,NA,NA,NA,NA,NA,NA,NA,NA,NA,NA,NA,0.12330000000000002,0.010155809999999993,7.2138357402841375,0.5961541504990017,10.140674533286369,1.8303973842902435,6.731807751130599,1.2972319313502814,6.158420553163451,1.3053808455180909,33.7,2.9652,NA,NA,NA,NA,NA,NA,NA,NA,NA,NA,NA,NA,NA,NA,NA,NA,NA,NA,Ka'imi,Fairbairn,HOU,K,31,4
K,12860,weighted,NA,NA,NA,NA,NA,NA,NA,NA,NA,NA,NA,NA,NA,NA,NA,NA,NA,NA,NA,NA,NA,NA,NA,NA,NA,NA,0.10646006444535858,0.05277339959867993,6.918444539687935,1.69312487537413,9.679076729305683,2.0385405689651255,6.2651774364904895,1.7022766137049834,6.052822767562932,2.1096821983335303,31.713286713286713,6.688117717947951,NA,NA,NA,NA,NA,NA,NA,NA,NA,NA,NA,NA,NA,NA,NA,NA,NA,NA,Ka'imi,Fairbairn,HOU,K,31,4
K,16681,average,NA,NA,NA,NA,NA,NA,NA,NA,NA,NA,NA,NA,NA,NA,NA,NA,NA,NA,NA,NA,NA,NA,NA,NA,NA,NA,0.203825316011236,0.030687153545681797,5.865465670701801,0.8246414032489054,7.885686697431781,1.2124491891804419,6.291200300732459,1.2872861286773176,5.209895804505452,1.1664064500174203,36.525,7.725976591066937,NA,NA,NA,NA,NA,NA,NA,NA,NA,NA,NA,NA,NA,NA,NA,NA,NA,NA,Will,Reichard,MIN,K,24,-4
K,16681,robust,NA,NA,NA,NA,NA,NA,NA,NA,NA,NA,NA,NA,NA,NA,NA,NA,NA,NA,NA,NA,NA,NA,NA,NA,NA,NA,0.212498595505618,0.011668533988764043,6.063730493133583,0.33723365823969953,8.215389245585875,0.4511161516853922,6.527115811977639,0.7010980971619521,5.244791609010904,0.4393746276636964,37.05,4.596060000000002,NA,NA,NA,NA,NA,NA,NA,NA,NA,NA,NA,NA,NA,NA,NA,NA,NA,NA,Will,Reichard,MIN,K,24,-4
K,16681,weighted,NA,NA,NA,NA,NA,NA,NA,NA,NA,NA,NA,NA,NA,NA,NA,NA,NA,NA,NA,NA,NA,NA,NA,NA,NA,NA,0.2011425258533109,0.032651204801186974,5.7873393927143555,0.8728274730104871,7.783547067214276,1.2929152163047841,6.21370606704636,1.3851677492998469,5.145490659038142,1.260273121516566,35.62651821862348,8.02694628662485,NA,NA,NA,NA,NA,NA,NA,NA,NA,NA,NA,NA,NA,NA,NA,NA,NA,NA,Will,Reichard,MIN,K,24,-4
K,13303,average,NA,NA,NA,NA,NA,NA,NA,NA,NA,NA,NA,NA,NA,NA,NA,NA,NA,NA,NA,NA,NA,NA,NA,NA,NA,NA,0.10003526785714285,0.040648070952362836,6.875530899006776,1.5797182735801998,8.296613872644574,1.7325352597830603,7.052080538150933,1.4393250104610331,4.084844298245614,1.02917830184979,43.375,7.527046470656905,NA,NA,NA,NA,NA,NA,NA,NA,NA,NA,NA,NA,NA,NA,NA,NA,NA,NA,Jake,Elliott,PHI,K,30,3
K,13303,robust,NA,NA,NA,NA,NA,NA,NA,NA,NA,NA,NA,NA,NA,NA,NA,NA,NA,NA,NA,NA,NA,NA,NA,NA,NA,NA,0.113,0.005983350000000014,7.276127935579689,0.5071020467836245,8.732620207927226,0.691735497076023,7.443255966304651,0.36543350637426864,4.296574561403509,0.7180335842105254,44.8,3.8547599999999966,NA,NA,NA,NA,NA,NA,NA,NA,NA,NA,NA,NA,NA,NA,NA,NA,NA,NA,Jake,Elliott,PHI,K,30,3
K,13303,weighted,NA,NA,NA,NA,NA,NA,NA,NA,NA,NA,NA,NA,NA,NA,NA,NA,NA,NA,NA,NA,NA,NA,NA,NA,NA,NA,0.09727787015615963,0.04326776031329652,6.7668704064479686,1.7006882466402662,8.159070838364467,1.853709720129069,6.934310112043492,1.5256719975670519,4.010310924071312,1.100476832119596,42.90910931174089,8.089460166852804,NA,NA,NA,NA,NA,NA,NA,NA,NA,NA,NA,NA,NA,NA,NA,NA,NA,NA,Jake,Elliott,PHI,K,30,3
K,17222,average,NA,NA,NA,NA,NA,NA,NA,NA,NA,NA,NA,NA,NA,NA,NA,NA,NA,NA,NA,NA,NA,NA,NA,NA,NA,NA,0.10934999999999999,0.044672234905235836,5.1878056478405314,1.0088558593824315,8.17450830564784,1.6313274457783558,7.501600279114346,1.385382646598616,3.8150568571935413,1.0589374943701437,44.4625,8.297837497978444,NA,NA,NA,NA,NA,NA,NA,NA,NA,NA,NA,NA,NA,NA,NA,NA,NA,NA,Tyler,Loop,BAL,K,24,-5
K,17222,robust,NA,NA,NA,NA,NA,NA,NA,NA,NA,NA,NA,NA,NA,NA,NA,NA,NA,NA,NA,NA,NA,NA,NA,NA,NA,NA,0.12239999999999998,0.005337360000000029,5.3209775960473635,0.5988926010733452,8.493551069085953,0.8133700966010743,7.6621943073527845,0.9640750642628604,4.017951588171767,0.13606510307859013,45.925,3.7064999999999997,NA,NA,NA,NA,NA,NA,NA,NA,NA,NA,NA,NA,NA,NA,NA,NA,NA,NA,Tyler,Loop,BAL,K,24,-5
K,17222,weighted,NA,NA,NA,NA,NA,NA,NA,NA,NA,NA,NA,NA,NA,NA,NA,NA,NA,NA,NA,NA,NA,NA,NA,NA,NA,NA,0.10698886639676113,0.047868397699004694,5.094775262085308,1.0625567705957377,8.033687217907161,1.7307123967615217,7.358964314415608,1.466580576715903,3.7793416751456923,1.1608286043602656,44.07388663967612,8.973254477851157,NA,NA,NA,NA,NA,NA,NA,NA,NA,NA,NA,NA,NA,NA,NA,NA,NA,NA,Tyler,Loop,BAL,K,24,-5
K,8851,average,NA,NA,NA,NA,NA,NA,NA,NA,NA,NA,NA,NA,NA,NA,NA,NA,NA,NA,NA,NA,NA,NA,NA,NA,NA,NA,0.09611,0.04791713472235167,5.678796331508691,1.3540561197332128,6.616279391145683,2.1548434886867445,7.021572925669836,1.4370075078849769,3.6250374243733794,0.8856857265838284,28.983333333333334,5.265136908634633,NA,NA,NA,NA,NA,NA,NA,NA,NA,NA,NA,NA,NA,NA,NA,NA,NA,NA,Nick,Folk,NYJ,K,41,13
K,8851,robust,NA,NA,NA,NA,NA,NA,NA,NA,NA,NA,NA,NA,NA,NA,NA,NA,NA,NA,NA,NA,NA,NA,NA,NA,NA,NA,0.10983,0.015567300000000003,6,1.1929738265975218,6.545,2.2615257055661186,7,0.3117629412057034,3.5686832901181216,0.8431298459291273,29.45,3.2617199999999986,NA,NA,NA,NA,NA,NA,NA,NA,NA,NA,NA,NA,NA,NA,NA,NA,NA,NA,Nick,Folk,NYJ,K,41,13
K,8851,weighted,NA,NA,NA,NA,NA,NA,NA,NA,NA,NA,NA,NA,NA,NA,NA,NA,NA,NA,NA,NA,NA,NA,NA,NA,NA,NA,0.09414285714285714,0.052412652981967,5.56611042058233,1.4715489970968916,6.4990091088389645,2.3575681952699337,6.849238221649939,1.5131160866077005,3.5557300039001483,0.9649497259110665,28.156462585034014,5.340933572939812,NA,NA,NA,NA,NA,NA,NA,NA,NA,NA,NA,NA,NA,NA,NA,NA,NA,NA,Nick,Folk,NYJ,K,41,13
K,13354,average,NA,NA,NA,NA,NA,NA,NA,NA,NA,NA,NA,NA,NA,NA,NA,NA,NA,NA,NA,NA,NA,NA,NA,NA,NA,NA,0.6256492647743137,0.21160080211288027,7.1087957189390405,1.7379262035050203,8.763512098650535,1.8268921711344073,6.188255912827671,1.4418129455181672,4.252424973631146,1.063917580802151,40.7875,9.1677131437297,NA,NA,NA,NA,NA,NA,NA,NA,NA,NA,NA,NA,NA,NA,NA,NA,NA,NA,Harrison,Butker,KCC,K,30,3
K,13354,robust,NA,NA,NA,NA,NA,NA,NA,NA,NA,NA,NA,NA,NA,NA,NA,NA,NA,NA,NA,NA,NA,NA,NA,NA,NA,NA,0.6291426172379919,0.0463849450944625,7.229483480688691,0.5359216104234529,8.942764076314564,0.6629271009771991,6.461186114471847,0.7120759509837148,4.245661532495735,0.7962359113094459,43,4.4478,NA,NA,NA,NA,NA,NA,NA,NA,NA,NA,NA,NA,NA,NA,NA,NA,NA,NA,Harrison,Butker,KCC,K,30,3
K,13354,weighted,NA,NA,NA,NA,NA,NA,NA,NA,NA,NA,NA,NA,NA,NA,NA,NA,NA,NA,NA,NA,NA,NA,NA,NA,NA,NA,0.6178270745560134,0.22923857246465573,7.016047984531611,1.8753645117261368,8.643659595828291,1.965021215614513,6.0883902398190415,1.5416928374870187,4.19991972545998,1.1468802731969978,40.32692307692308,9.884715785095123,NA,NA,NA,NA,NA,NA,NA,NA,NA,NA,NA,NA,NA,NA,NA,NA,NA,NA,Harrison,Butker,KCC,K,30,3
K,13980,average,NA,NA,NA,NA,NA,NA,NA,NA,NA,NA,NA,NA,NA,NA,NA,NA,NA,NA,NA,NA,NA,NA,NA,NA,NA,NA,0.08,0.0565685424949238,2.145,1.619274528917194,2.94,1.3293607486307093,2.95,2.7577164466275357,1.71,1.0040916292848974,13.5,9.192388155425117,NA,NA,NA,NA,NA,NA,NA,NA,NA,NA,NA,NA,NA,NA,NA,NA,NA,NA,Mike,Badgley,IND,K,30,2
K,13980,robust,NA,NA,NA,NA,NA,NA,NA,NA,NA,NA,NA,NA,NA,NA,NA,NA,NA,NA,NA,NA,NA,NA,NA,NA,NA,NA,0.08,0.05930399999999999,2.145,1.697577,2.94,1.3936439999999999,2.95,2.89107,1.71,1.052646,13.5,9.636899999999999,NA,NA,NA,NA,NA,NA,NA,NA,NA,NA,NA,NA,NA,NA,NA,NA,NA,NA,Mike,Badgley,IND,K,30,2
K,13980,weighted,NA,NA,NA,NA,NA,NA,NA,NA,NA,NA,NA,NA,NA,NA,NA,NA,NA,NA,NA,NA,NA,NA,NA,NA,NA,NA,0.0807017543859649,0.05656854249492379,2.165087719298245,1.6192745289171935,2.9564912280701754,1.3293607486307093,2.984210526315789,2.7577164466275352,1.722456140350877,1.0040916292848971,13.614035087719296,9.192388155425116,NA,NA,NA,NA,NA,NA,NA,NA,NA,NA,NA,NA,NA,NA,NA,NA,NA,NA,Mike,Badgley,IND,K,30,2
K,15979,average,NA,NA,NA,NA,NA,NA,NA,NA,NA,NA,NA,NA,NA,NA,NA,NA,NA,NA,NA,NA,NA,NA,NA,NA,NA,NA,0.5904690150282378,0.2397688796640237,5.922687301511332,1.1651097448381635,9.412289450453612,1.7463853638606932,8.188495257826986,1.8275523324565257,4.688937395389071,1.7004283662040844,35.475,7.606716956555098,NA,NA,NA,NA,NA,NA,NA,NA,NA,NA,NA,NA,NA,NA,NA,NA,NA,NA,Cameron,Dicker,LAC,K,25,-2
K,15979,robust,NA,NA,NA,NA,NA,NA,NA,NA,NA,NA,NA,NA,NA,NA,NA,NA,NA,NA,NA,NA,NA,NA,NA,NA,NA,NA,0.5999881305637982,0.07173587135062702,6.18720111674803,0.5004168880916369,9.692696680599427,1.0378200000000002,8.65,0.9636900000000005,4.986086423392857,1.091224531454644,37.5,3.7064999999999997,NA,NA,NA,NA,NA,NA,NA,NA,NA,NA,NA,NA,NA,NA,NA,NA,NA,NA,Cameron,Dicker,LAC,K,25,-2
K,15979,weighted,NA,NA,NA,NA,NA,NA,NA,NA,NA,NA,NA,NA,NA,NA,NA,NA,NA,NA,NA,NA,NA,NA,NA,NA,NA,NA,0.5855553077050963,0.26009554550512354,5.846299524308829,1.2468455279933153,9.285404388305196,1.858791187060815,8.080448986268227,1.9714298328882163,4.672046305702643,1.8140989990566154,35.11032388663968,8.241124601038038,NA,NA,NA,NA,NA,NA,NA,NA,NA,NA,NA,NA,NA,NA,NA,NA,NA,NA,Cameron,Dicker,LAC,K,25,-2
K,16775,average,NA,NA,NA,NA,NA,NA,NA,NA,NA,NA,NA,NA,NA,NA,NA,NA,NA,NA,NA,NA,NA,NA,NA,NA,NA,NA,0.09295833333333334,0.03831964041154146,7.4543751956181525,1.4835836388446884,8.277231108875474,1.6762528142478268,6.29964647887324,1.532355293909611,4.036246478873239,1.0758310013688994,34.45,7.450215720750259,NA,NA,NA,NA,NA,NA,NA,NA,NA,NA,NA,NA,NA,NA,NA,NA,NA,NA,Joshua,Karty,LAR,K,23,-4
K,16775,robust,NA,NA,NA,NA,NA,NA,NA,NA,NA,NA,NA,NA,NA,NA,NA,NA,NA,NA,NA,NA,NA,NA,NA,NA,NA,NA,0.10350000000000001,0.011366600000000003,7.644503912363067,1.205430366197182,8.534050748938071,1.1579294929577442,6.662895640509725,0.7214321656338026,4.270766934942991,0.7488959633802817,35.4,5.6338800000000004,NA,NA,NA,NA,NA,NA,NA,NA,NA,NA,NA,NA,NA,NA,NA,NA,NA,NA,Joshua,Karty,LAR,K,23,-4
K,16775,weighted,NA,NA,NA,NA,NA,NA,NA,NA,NA,NA,NA,NA,NA,NA,NA,NA,NA,NA,NA,NA,NA,NA,NA,NA,NA,NA,0.09079723346828611,0.04098212951266594,7.353498479405447,1.5873284857691745,8.16663527860822,1.796491534239088,6.197034661952824,1.6442186269715997,4.006265970994659,1.1642304189464967,33.84514170040486,7.90214509996631,NA,NA,NA,NA,NA,NA,NA,NA,NA,NA,NA,NA,NA,NA,NA,NA,NA,NA,Joshua,Karty,LAR,K,23,-4
K,13832,average,NA,NA,NA,NA,NA,NA,NA,NA,NA,NA,NA,NA,NA,NA,NA,NA,NA,NA,NA,NA,NA,NA,NA,NA,NA,NA,0.09281651785714287,0.04168197933610794,5.301195728291317,1.2728818230504984,7.736033263305323,1.9219368192925286,6.3513302722604195,2.293065108346245,4.258401024955437,1.5632375560925686,30.4375,6.264625744151498,NA,NA,NA,NA,NA,NA,NA,NA,NA,NA,NA,NA,NA,NA,NA,NA,NA,NA,Jason,Sanders,MIA,K,30,2
K,13832,robust,NA,NA,NA,NA,NA,NA,NA,NA,NA,NA,NA,NA,NA,NA,NA,NA,NA,NA,NA,NA,NA,NA,NA,NA,NA,NA,0.09861428571428571,0.02168302500000001,5.184124649859944,0.42549997058823513,7.743712184873951,1.332780570588235,6.180651918343095,1.8986945341354726,4.171308585858585,1.6204412773618535,30.25,3.7064999999999997,NA,NA,NA,NA,NA,NA,NA,NA,NA,NA,NA,NA,NA,NA,NA,NA,NA,NA,Jason,Sanders,MIA,K,30,2
K,13832,weighted,NA,NA,NA,NA,NA,NA,NA,NA,NA,NA,NA,NA,NA,NA,NA,NA,NA,NA,NA,NA,NA,NA,NA,NA,NA,NA,0.09084163533834587,0.04440789105138199,5.223146242302589,1.3315552216908968,7.628328938862996,2.0151159572440736,6.236866698689455,2.4155636428792397,4.221246767508378,1.6648243238644735,30.057692307692307,6.624018553745357,NA,NA,NA,NA,NA,NA,NA,NA,NA,NA,NA,NA,NA,NA,NA,NA,NA,NA,Jason,Sanders,MIA,K,30,2
K,15368,average,NA,NA,NA,NA,NA,NA,NA,NA,NA,NA,NA,NA,NA,NA,NA,NA,NA,NA,NA,NA,NA,NA,NA,NA,NA,NA,0.08895769230769232,0.03632716278084256,6.466202864768082,1.5649888431642982,6.592257513822731,1.3834762483808656,6.748015904868079,1.3165725098578385,4.843893638728422,1.4488806308100146,42.2375,8.12894958949626,NA,NA,NA,NA,NA,NA,NA,NA,NA,NA,NA,NA,NA,NA,NA,NA,NA,NA,Evan,McPherson,CIN,K,26,-1
K,15368,robust,NA,NA,NA,NA,NA,NA,NA,NA,NA,NA,NA,NA,NA,NA,NA,NA,NA,NA,NA,NA,NA,NA,NA,NA,NA,NA,0.10235961538461538,0.00230373230769231,6.580188732362645,0.7804630251680686,6.741178976686223,0.6932966977624634,6.917353747058096,1.1747471914529912,5.042835345652737,0.263374738426405,44.475,3.0393299999999956,NA,NA,NA,NA,NA,NA,NA,NA,NA,NA,NA,NA,NA,NA,NA,NA,NA,NA,Evan,McPherson,CIN,K,26,-1
K,15368,weighted,NA,NA,NA,NA,NA,NA,NA,NA,NA,NA,NA,NA,NA,NA,NA,NA,NA,NA,NA,NA,NA,NA,NA,NA,NA,NA,0.08686518997197136,0.03889597945047801,6.380898167398783,1.6949128940083,6.4974986177306775,1.4906516982758438,6.627905076952164,1.3971970601595243,4.7645550683287,1.5541576544205649,41.52834008097166,8.637573378299114,NA,NA,NA,NA,NA,NA,NA,NA,NA,NA,NA,NA,NA,NA,NA,NA,NA,NA,Evan,McPherson,CIN,K,26,-1
K,16680,average,NA,NA,NA,NA,NA,NA,NA,NA,NA,NA,NA,NA,NA,NA,NA,NA,NA,NA,NA,NA,NA,NA,NA,NA,NA,NA,0.09693750000000001,0.039618652980561685,6.7272180335097,1.391485463606774,7.104872905643739,1.468095545229601,7.422802398700643,1.433927641730672,5.13738510207182,1.5533646873844156,31.3,6.253456187238725,NA,NA,NA,NA,NA,NA,NA,NA,NA,NA,NA,NA,NA,NA,NA,NA,NA,NA,Cam,Little,JAC,K,22,-4
K,16680,robust,NA,NA,NA,NA,NA,NA,NA,NA,NA,NA,NA,NA,NA,NA,NA,NA,NA,NA,NA,NA,NA,NA,NA,NA,NA,NA,0.10842857142857143,0.007571850000000012,7.050976686507935,0.5712447013888889,7.469519593253968,0.6857360023148151,7.703164135102348,0.634038726162171,5.113364121280774,0.29908229242174955,31.75,5.9304,NA,NA,NA,NA,NA,NA,NA,NA,NA,NA,NA,NA,NA,NA,NA,NA,NA,NA,Cam,Little,JAC,K,22,-4
K,16680,weighted,NA,NA,NA,NA,NA,NA,NA,NA,NA,NA,NA,NA,NA,NA,NA,NA,NA,NA,NA,NA,NA,NA,NA,NA,NA,NA,0.09509687680740313,0.04256232110090101,6.653624227056244,1.5054495544926114,7.023227711818721,1.584464825751035,7.331194933715648,1.540062865004538,5.0580679631131,1.6527699867886487,30.635425101214576,6.451063349449085,NA,NA,NA,NA,NA,NA,NA,NA,NA,NA,NA,NA,NA,NA,NA,NA,NA,NA,Cam,Little,JAC,K,22,-4
K,14244,average,NA,NA,NA,NA,NA,NA,NA,NA,NA,NA,NA,NA,NA,NA,NA,NA,NA,NA,NA,NA,NA,NA,NA,NA,NA,NA,0.1009110576923077,0.04132582293073384,6.822525077160493,1.6191622283722482,8.125360918209875,1.9780421229217147,7.569977861721612,1.64880121274017,3.8560632783882784,1.1335350237230486,39.65,8.690060003080696,NA,NA,NA,NA,NA,NA,NA,NA,NA,NA,NA,NA,NA,NA,NA,NA,NA,NA,Matt,Gay,WAS,K,31,1
K,14244,robust,NA,NA,NA,NA,NA,NA,NA,NA,NA,NA,NA,NA,NA,NA,NA,NA,NA,NA,NA,NA,NA,NA,NA,NA,NA,NA,0.11307692307692307,0.011675475,7.274362238841404,0.3941456196581188,8.648125178062676,0.6864819033831921,7.870321835571836,0.9712155828632469,3.72613776963777,0.9607580483760678,41.15,3.2617199999999986,NA,NA,NA,NA,NA,NA,NA,NA,NA,NA,NA,NA,NA,NA,NA,NA,NA,NA,Matt,Gay,WAS,K,31,1
K,14244,weighted,NA,NA,NA,NA,NA,NA,NA,NA,NA,NA,NA,NA,NA,NA,NA,NA,NA,NA,NA,NA,NA,NA,NA,NA,NA,NA,0.09781006695733417,0.04382671448641419,6.700561233856612,1.7388474875863762,7.981920430012956,2.126250958530495,7.40810827178894,1.7510325760991599,3.798487320371936,1.2156921958662217,38.67672064777328,8.808309649406851,NA,NA,NA,NA,NA,NA,NA,NA,NA,NA,NA,NA,NA,NA,NA,NA,NA,NA,Matt,Gay,WAS,K,31,1
K,12956,average,NA,NA,NA,NA,NA,NA,NA,NA,NA,NA,NA,NA,NA,NA,NA,NA,NA,NA,NA,NA,NA,NA,NA,NA,NA,NA,0.10065865384615384,0.041000543455050296,5.9066326498704544,1.307351695452855,9.499795809881176,2.077401452340468,7.094107531492897,1.7679912711907952,4.622035294380416,1.178207843893993,36.9,7.133021800050804,NA,NA,NA,NA,NA,NA,NA,NA,NA,NA,NA,NA,NA,NA,NA,NA,NA,NA,Wil,Lutz,DEN,K,31,4
K,12956,robust,NA,NA,NA,NA,NA,NA,NA,NA,NA,NA,NA,NA,NA,NA,NA,NA,NA,NA,NA,NA,NA,NA,NA,NA,NA,NA,0.11348076923076923,0.007783649999999996,6.256076967747699,0.42382557560975603,10.101974046278924,0.6843705707317058,7.436311391047976,0.6671700000000003,4.943818064861967,0.20283165418386542,38.05,3.7064999999999997,NA,NA,NA,NA,NA,NA,NA,NA,NA,NA,NA,NA,NA,NA,NA,NA,NA,NA,Wil,Lutz,DEN,K,31,4
K,12956,weighted,NA,NA,NA,NA,NA,NA,NA,NA,NA,NA,NA,NA,NA,NA,NA,NA,NA,NA,NA,NA,NA,NA,NA,NA,NA,NA,0.09832509342883837,0.043881350484262345,5.833014791814288,1.4135816719427257,9.382899104450404,2.2419010462964146,7.000165479726159,1.9083564302546419,4.572095608663743,1.27830499854388,36.282388663967616,7.546122935296166,NA,NA,NA,NA,NA,NA,NA,NA,NA,NA,NA,NA,NA,NA,NA,NA,NA,NA,Wil,Lutz,DEN,K,31,4
K,13719,average,NA,NA,NA,NA,NA,NA,NA,NA,NA,NA,NA,NA,NA,NA,NA,NA,NA,NA,NA,NA,NA,NA,NA,NA,NA,NA,0.0615,0.0615,1.5233333333333332,1.8416387629861979,2.33,2.077666960800022,2.0366666666666666,2.0552453219344238,1.2033333333333334,1.3168269944580164,13.5,4.5,NA,NA,NA,NA,NA,NA,NA,NA,NA,NA,NA,NA,NA,NA,NA,NA,NA,NA,Eddy,Pineiro,SFO,K,30,2
K,13719,robust,NA,NA,NA,NA,NA,NA,NA,NA,NA,NA,NA,NA,NA,NA,NA,NA,NA,NA,NA,NA,NA,NA,NA,NA,NA,NA,0.0615,0.0911799,1.3925,1.4826,2.4975,1.4677740000000001,2.0275,2.9652,1.1524999999999999,1.4826,13.5,6.6716999999999995,NA,NA,NA,NA,NA,NA,NA,NA,NA,NA,NA,NA,NA,NA,NA,NA,NA,NA,Eddy,Pineiro,SFO,K,30,2
K,13719,weighted,NA,NA,NA,NA,NA,NA,NA,NA,NA,NA,NA,NA,NA,NA,NA,NA,NA,NA,NA,NA,NA,NA,NA,NA,NA,NA,0.05983031674208145,0.062263479129175514,1.4878959276018098,1.8520018826049875,2.2591628959276018,2.1117541942115157,1.9817873303167421,2.0800460299385395,1.1729638009049772,1.3287304214985085,13.550904977375565,4.427728901705331,NA,NA,NA,NA,NA,NA,NA,NA,NA,NA,NA,NA,NA,NA,NA,NA,NA,NA,Eddy,Pineiro,SFO,K,30,2
K,16405,average,NA,NA,NA,NA,NA,NA,NA,NA,NA,NA,NA,NA,NA,NA,NA,NA,NA,NA,NA,NA,NA,NA,NA,NA,NA,NA,0.08210714285714285,0.05500280605086787,2.16,1.6404877323527902,3.8,2.545584412271571,2.23,1.7394826817189069,1.185,0.26162950903902266,12,7.0710678118654755,NA,NA,NA,NA,NA,NA,NA,NA,NA,NA,NA,NA,NA,NA,NA,NA,NA,NA,John Parker,Romo,ATL,K,28,-2
K,16405,robust,NA,NA,NA,NA,NA,NA,NA,NA,NA,NA,NA,NA,NA,NA,NA,NA,NA,NA,NA,NA,NA,NA,NA,NA,NA,NA,0.08210714285714285,0.05766254999999999,2.16,1.7198159999999998,3.8,2.6686799999999997,2.23,1.8235979999999998,1.185,0.27428100000000005,12,7.412999999999999,NA,NA,NA,NA,NA,NA,NA,NA,NA,NA,NA,NA,NA,NA,NA,NA,NA,NA,John Parker,Romo,ATL,K,28,-2
K,16405,weighted,NA,NA,NA,NA,NA,NA,NA,NA,NA,NA,NA,NA,NA,NA,NA,NA,NA,NA,NA,NA,NA,NA,NA,NA,NA,NA,0.08278947368421051,0.05500280605086786,2.180350877192982,1.64048773235279,3.831578947368421,2.5455844122715705,2.2515789473684205,1.7394826817189066,1.1882456140350877,0.26162950903902266,12.087719298245613,7.071067811865475,NA,NA,NA,NA,NA,NA,NA,NA,NA,NA,NA,NA,NA,NA,NA,NA,NA,NA,John Parker,Romo,ATL,K,28,-2
K,16444,average,NA,NA,NA,NA,NA,NA,NA,NA,NA,NA,NA,NA,NA,NA,NA,NA,NA,NA,NA,NA,NA,NA,NA,NA,NA,NA,0.09099776785714286,0.03716169120887811,6.021282894736842,1.0829613627285357,7.608497807017544,1.5514885717527258,6.461078784494393,1.451858784525215,4.6946987374769815,1.0674142434033937,29.2625,6.365742578162313,NA,NA,NA,NA,NA,NA,NA,NA,NA,NA,NA,NA,NA,NA,NA,NA,NA,NA,Blake,Grupe,NOS,K,27,-3
K,16444,robust,NA,NA,NA,NA,NA,NA,NA,NA,NA,NA,NA,NA,NA,NA,NA,NA,NA,NA,NA,NA,NA,NA,NA,NA,NA,NA,0.10270089285714286,0.008498474999999993,6.178306101792943,0.8160066619433203,8.017493654006811,0.857529180161942,6.717934757317698,0.41818992880078165,4.8517338289357355,0.27739899089766884,29.5,2.9652,NA,NA,NA,NA,NA,NA,NA,NA,NA,NA,NA,NA,NA,NA,NA,NA,NA,NA,Blake,Grupe,NOS,K,27,-3
K,16444,weighted,NA,NA,NA,NA,NA,NA,NA,NA,NA,NA,NA,NA,NA,NA,NA,NA,NA,NA,NA,NA,NA,NA,NA,NA,NA,NA,0.08942065500289184,0.04001180060500055,5.942666337675393,1.1585820787505878,7.522375624647625,1.681182093827079,6.377689476755172,1.566081281370526,4.6306004916203785,1.1478018656185152,28.89676113360324,6.788789562245698,NA,NA,NA,NA,NA,NA,NA,NA,NA,NA,NA,NA,NA,NA,NA,NA,NA,NA,Blake,Grupe,NOS,K,27,-3
K,17220,average,NA,NA,NA,NA,NA,NA,NA,NA,NA,NA,NA,NA,NA,NA,NA,NA,NA,NA,NA,NA,NA,NA,NA,NA,NA,NA,0.15733076923076922,0.06514367786554222,5.452341346153846,1.185660477423897,8.5178125,1.7700990879750207,6.064785185185185,1.7733246598270933,3.503137037037037,0.924678278233535,31.35,6.20207338603102,NA,NA,NA,NA,NA,NA,NA,NA,NA,NA,NA,NA,NA,NA,NA,NA,NA,NA,Andres,Borregales,NEP,K,23,-5
K,17220,robust,NA,NA,NA,NA,NA,NA,NA,NA,NA,NA,NA,NA,NA,NA,NA,NA,NA,NA,NA,NA,NA,NA,NA,NA,NA,NA,0.17403846153846153,0.015481765384615367,5.690336538461539,0.6859876153846154,8.6725,0.78763125,6.213380056980057,1.7187731112820521,3.525583903133904,0.8795361878632486,32.9,3.113460000000002,NA,NA,NA,NA,NA,NA,NA,NA,NA,NA,NA,NA,NA,NA,NA,NA,NA,NA,Andres,Borregales,NEP,K,23,-5
K,17220,weighted,NA,NA,NA,NA,NA,NA,NA,NA,NA,NA,NA,NA,NA,NA,NA,NA,NA,NA,NA,NA,NA,NA,NA,NA,NA,NA,0.15471103238866396,0.07009049418704745,5.389505021800063,1.2767092559293038,8.41820597165992,1.9037726634140142,5.999116140120189,1.913266619635125,3.4903413843616273,1.0194562950059847,31.0748987854251,6.7079556768393545,NA,NA,NA,NA,NA,NA,NA,NA,NA,NA,NA,NA,NA,NA,NA,NA,NA,NA,Andres,Borregales,NEP,K,23,-5
K,13718,average,NA,NA,NA,NA,NA,NA,NA,NA,NA,NA,NA,NA,NA,NA,NA,NA,NA,NA,NA,NA,NA,NA,NA,NA,NA,NA,0.10658846153846153,0.043779204333075694,8.13605297406637,1.7363978414054975,7.518263451838,1.6867537340579821,6.799341833482815,1.556417037866118,5.0687745901952175,1.4675000497929789,30.1,7.557021333076374,NA,NA,NA,NA,NA,NA,NA,NA,NA,NA,NA,NA,NA,NA,NA,NA,NA,NA,Daniel,Carlson,LVR,K,30,2
K,13718,robust,NA,NA,NA,NA,NA,NA,NA,NA,NA,NA,NA,NA,NA,NA,NA,NA,NA,NA,NA,NA,NA,NA,NA,NA,NA,NA,0.11955192307692308,0.011592791538461522,8.661459000438906,0.6668597469305199,7.961545719392657,0.6832325043757033,7.159831536839493,0.25475717410739807,5.329285878671068,0.7820930332492417,31.95,2.372160000000002,NA,NA,NA,NA,NA,NA,NA,NA,NA,NA,NA,NA,NA,NA,NA,NA,NA,NA,Daniel,Carlson,LVR,K,30,2
K,13718,weighted,NA,NA,NA,NA,NA,NA,NA,NA,NA,NA,NA,NA,NA,NA,NA,NA,NA,NA,NA,NA,NA,NA,NA,NA,NA,NA,0.10417171441918405,0.04686682604521563,8.026675908084195,1.865745177048788,7.423900223928934,1.8212156494697802,6.721185849693295,1.68635769329869,4.998656081805589,1.5844721960645154,29.70344129554656,8.193594748555135,NA,NA,NA,NA,NA,NA,NA,NA,NA,NA,NA,NA,NA,NA,NA,NA,NA,NA,Daniel,Carlson,LVR,K,30,2
K,9694,average,NA,NA,NA,NA,NA,NA,NA,NA,NA,NA,NA,NA,NA,NA,NA,NA,NA,NA,NA,NA,NA,NA,NA,NA,NA,NA,0.08460909090909091,0.03552352663390891,5.696841750841751,1.573834265319243,7.179754769921438,2.0577614203806593,6.5079588664422,1.9482484839230882,4.0842365640532305,1.3501783103136473,28.225,5.84483899326088,NA,NA,NA,NA,NA,NA,NA,NA,NA,NA,NA,NA,NA,NA,NA,NA,NA,NA,Graham,Gano,NYG,K,38,11
K,9694,robust,NA,NA,NA,NA,NA,NA,NA,NA,NA,NA,NA,NA,NA,NA,NA,NA,NA,NA,NA,NA,NA,NA,NA,NA,NA,NA,0.09318181818181819,0.016578163636363635,5.976545454545454,1.2546290343434352,7.6352087542087546,1.237345346127946,6.821723905723905,0.8207979771043767,4.1596932659932655,1.0761993485521881,29.625,3.3358499999999998,NA,NA,NA,NA,NA,NA,NA,NA,NA,NA,NA,NA,NA,NA,NA,NA,NA,NA,Graham,Gano,NYG,K,38,11
K,9694,weighted,NA,NA,NA,NA,NA,NA,NA,NA,NA,NA,NA,NA,NA,NA,NA,NA,NA,NA,NA,NA,NA,NA,NA,NA,NA,NA,0.08319966875230034,0.038205361084435244,5.617531727531728,1.692742843986069,7.082046431476257,2.2152392410422763,6.405562125983178,2.0914559879438435,4.031701201332781,1.4517164128158646,27.646356275303642,6.1583269355032915,NA,NA,NA,NA,NA,NA,NA,NA,NA,NA,NA,NA,NA,NA,NA,NA,NA,NA,Graham,Gano,NYG,K,38,11
K,16419,average,NA,NA,NA,NA,NA,NA,NA,NA,NA,NA,NA,NA,NA,NA,NA,NA,NA,NA,NA,NA,NA,NA,NA,NA,NA,NA,0.08194909090909092,0.047299080766145064,5.049440304781923,1.6186153988699037,6.800383604834472,2.1320144415124225,4.922275810124365,1.6041799187282795,3.4822890073317816,1.2131755698640665,23.7,6.104916051838878,NA,NA,NA,NA,NA,NA,NA,NA,NA,NA,NA,NA,NA,NA,NA,NA,NA,NA,Andre,Szmyt,CLE,K,27,-3
K,16419,robust,NA,NA,NA,NA,NA,NA,NA,NA,NA,NA,NA,NA,NA,NA,NA,NA,NA,NA,NA,NA,NA,NA,NA,NA,NA,NA,0.09578181818181819,0.006469527272727269,5.128775486074619,1.1562059605885437,6.770888071466106,2.455677982133474,4.87,1.560578683131897,3.566960038035182,0.604196506568575,24,7.709519999999999,NA,NA,NA,NA,NA,NA,NA,NA,NA,NA,NA,NA,NA,NA,NA,NA,NA,NA,Andre,Szmyt,CLE,K,27,-3
K,16419,weighted,NA,NA,NA,NA,NA,NA,NA,NA,NA,NA,NA,NA,NA,NA,NA,NA,NA,NA,NA,NA,NA,NA,NA,NA,NA,NA,0.07889014514896868,0.05283252984776309,4.9221109835421295,1.8241407898526405,6.6212857187015635,2.3944147091266172,4.800910892575632,1.8114398390689084,3.4055231412586053,1.3788962559794409,23.34218487394958,6.918345675943643,NA,NA,NA,NA,NA,NA,NA,NA,NA,NA,NA,NA,NA,NA,NA,NA,NA,NA,Andre,Szmyt,CLE,K,27,-3
K,17277,average,NA,NA,NA,NA,NA,NA,NA,NA,NA,NA,NA,NA,NA,NA,NA,NA,NA,NA,NA,NA,NA,NA,NA,NA,NA,NA,0.08352272727272726,0.04200741522498495,5.505043507217421,1.636692298985565,6.948338678229982,2.256943793218568,6.066297244422244,1.7280018105554569,2.8167378635856894,1.3136589361398048,28.7,9.129950711805623,NA,NA,NA,NA,NA,NA,NA,NA,NA,NA,NA,NA,NA,NA,NA,NA,NA,NA,Ryan,Fitzgerald,CAR,K,NA,-5
K,17277,robust,NA,NA,NA,NA,NA,NA,NA,NA,NA,NA,NA,NA,NA,NA,NA,NA,NA,NA,NA,NA,NA,NA,NA,NA,NA,NA,0.09511363636363636,0.012130363636363642,5.781754332623898,0.8625089735481909,6.95517381169555,2.209565613408331,6.3,1.2752664991258744,2.9170903010033444,1.227775589388872,29.8,4.892580000000001,NA,NA,NA,NA,NA,NA,NA,NA,NA,NA,NA,NA,NA,NA,NA,NA,NA,NA,Ryan,Fitzgerald,CAR,K,NA,-5
K,17277,weighted,NA,NA,NA,NA,NA,NA,NA,NA,NA,NA,NA,NA,NA,NA,NA,NA,NA,NA,NA,NA,NA,NA,NA,NA,NA,NA,0.08097217068645639,0.04560481800973119,5.364129383778009,1.7774716712234884,6.778302378879132,2.454689248098528,5.880747177992076,1.8365542561045651,2.7896751985074966,1.4790429212102676,27.676462585034013,9.681098839941606,NA,NA,NA,NA,NA,NA,NA,NA,NA,NA,NA,NA,NA,NA,NA,NA,NA,NA,Ryan,Fitzgerald,CAR,K,NA,-5
K,14600,average,NA,NA,NA,NA,NA,NA,NA,NA,NA,NA,NA,NA,NA,NA,NA,NA,NA,NA,NA,NA,NA,NA,NA,NA,NA,NA,0.09041590909090909,0.037154681854474306,5.374792929292929,1.2468133286605971,7.307901154401154,1.5767379903565486,6.151200096200096,1.2914612600580173,4.621722318422318,1.1092216935915846,26.3875,6.746943752544555,NA,NA,NA,NA,NA,NA,NA,NA,NA,NA,NA,NA,NA,NA,NA,NA,NA,NA,Joey,Slye,TEN,K,29,1
K,14600,robust,NA,NA,NA,NA,NA,NA,NA,NA,NA,NA,NA,NA,NA,NA,NA,NA,NA,NA,NA,NA,NA,NA,NA,NA,NA,NA,0.10194545454545455,0.009596465454545448,5.8077828282828285,0.25469270909090946,7.674444444444444,0.7300639030303033,6.456006493506493,0.5993048585858582,4.992228427128428,0.09717426787878745,28.125,4.0030199999999985,NA,NA,NA,NA,NA,NA,NA,NA,NA,NA,NA,NA,NA,NA,NA,NA,NA,NA,Joey,Slye,TEN,K,29,1
K,14600,weighted,NA,NA,NA,NA,NA,NA,NA,NA,NA,NA,NA,NA,NA,NA,NA,NA,NA,NA,NA,NA,NA,NA,NA,NA,NA,NA,0.08817698748619801,0.039719440035117216,5.293952684742159,1.344901597133633,7.193670948934106,1.6940193290940524,6.061000086657981,1.3870116869266742,4.554548444732656,1.1998256367886448,25.71902834008097,7.075209242061271,NA,NA,NA,NA,NA,NA,NA,NA,NA,NA,NA,NA,NA,NA,NA,NA,NA,NA,Joey,Slye,TEN,K,29,1
K,16896,average,NA,NA,NA,NA,NA,NA,NA,NA,NA,NA,NA,NA,NA,NA,NA,NA,NA,NA,NA,NA,NA,NA,NA,NA,NA,NA,0,0,6.4266584797690784,0.8588019258496614,9.822949055552742,1.0713019597386475,6.737793017010004,1.2305745507144448,3.620339645655473,1.5940015065571855,33.41428571428571,4.657047910221157,NA,NA,NA,NA,NA,NA,NA,NA,NA,NA,NA,NA,NA,NA,NA,NA,NA,NA,Spencer,Shrader,IND,K,26,-4
K,16896,robust,NA,NA,NA,NA,NA,NA,NA,NA,NA,NA,NA,NA,NA,NA,NA,NA,NA,NA,NA,NA,NA,NA,NA,NA,NA,NA,0,0,6.625536157390996,0.7360444168734485,9.816312920950018,1.1212786600496296,6.537967437873584,1.4826,3.5751254446332315,1.0021966608197141,33.55,5.9304,NA,NA,NA,NA,NA,NA,NA,NA,NA,NA,NA,NA,NA,NA,NA,NA,NA,NA,Spencer,Shrader,IND,K,26,-4
K,16896,weighted,NA,NA,NA,NA,NA,NA,NA,NA,NA,NA,NA,NA,NA,NA,NA,NA,NA,NA,NA,NA,NA,NA,NA,NA,NA,NA,0,0,6.348960789335029,0.9288639091545194,9.707157469630207,1.1572145455723546,6.662597990122148,1.3373174766429257,3.5884898140414356,1.7408800542203935,32.681376037959666,4.501460928656035,NA,NA,NA,NA,NA,NA,NA,NA,NA,NA,NA,NA,NA,NA,NA,NA,NA,NA,Spencer,Shrader,IND,K,26,-4
K,13403,average,NA,NA,NA,NA,NA,NA,NA,NA,NA,NA,NA,NA,NA,NA,NA,NA,NA,NA,NA,NA,NA,NA,NA,NA,NA,NA,0,0,7.182925843604769,0.8775184308138625,8.408351855593724,0.6720827680404392,7.731213053278117,0.5259491873297133,5.622167284755687,0.7591334418880689,35.15714285714286,5.3888332512264485,NA,NA,NA,NA,NA,NA,NA,NA,NA,NA,NA,NA,NA,NA,NA,NA,NA,NA,Younghoe,Koo,NYG,K,31,3
K,13403,robust,NA,NA,NA,NA,NA,NA,NA,NA,NA,NA,NA,NA,NA,NA,NA,NA,NA,NA,NA,NA,NA,NA,NA,NA,NA,NA,0,0,7.163472418670439,1.0930767326732675,8.377039132484677,0.42709504950495164,7.714638130479715,0.444780000000001,5.541278830263979,0.8562103435343541,34.75,2.9652,NA,NA,NA,NA,NA,NA,NA,NA,NA,NA,NA,NA,NA,NA,NA,NA,NA,NA,Younghoe,Koo,NYG,K,31,3
K,13403,weighted,NA,NA,NA,NA,NA,NA,NA,NA,NA,NA,NA,NA,NA,NA,NA,NA,NA,NA,NA,NA,NA,NA,NA,NA,NA,NA,0,0,7.197959147719551,0.9502130614953881,8.421647279115305,0.7139684663002467,7.747406782705046,0.5698117551682651,5.617367363748746,0.8145041044247358,34.29300118623962,4.770649798703007,NA,NA,NA,NA,NA,NA,NA,NA,NA,NA,NA,NA,NA,NA,NA,NA,NA,NA,Younghoe,Koo,NYG,K,31,3
K,16286,average,NA,NA,NA,NA,NA,NA,NA,NA,NA,NA,NA,NA,NA,NA,NA,NA,NA,NA,NA,NA,NA,NA,NA,NA,NA,NA,0,0,6.5459141921907875,0.8456209510700204,8.010305120411502,0.8830878502960995,6.831089700291828,0.8830401843497355,3.8210294079443017,0.44207554645629593,41.81428571428572,2.361093370614958,NA,NA,NA,NA,NA,NA,NA,NA,NA,NA,NA,NA,NA,NA,NA,NA,NA,NA,Jake,Moody,CHI,K,26,-3
K,16286,robust,NA,NA,NA,NA,NA,NA,NA,NA,NA,NA,NA,NA,NA,NA,NA,NA,NA,NA,NA,NA,NA,NA,NA,NA,NA,NA,0,0,6.689085515548282,0.64454275777414,8.119097790507364,0.7847952618657916,6.990385600412196,0.6404828405164573,3.9465541462084017,0.2708528750681943,42,2.9652,NA,NA,NA,NA,NA,NA,NA,NA,NA,NA,NA,NA,NA,NA,NA,NA,NA,NA,Jake,Moody,CHI,K,26,-3
K,16286,weighted,NA,NA,NA,NA,NA,NA,NA,NA,NA,NA,NA,NA,NA,NA,NA,NA,NA,NA,NA,NA,NA,NA,NA,NA,NA,NA,0,0,6.495091472470892,0.9194718902237975,7.948679604638565,0.9624837950325734,6.782407317524427,0.9658230134391116,3.8050691088663378,0.47128812487420746,41.99051008303677,2.5982042574742565,NA,NA,NA,NA,NA,NA,NA,NA,NA,NA,NA,NA,NA,NA,NA,NA,NA,NA,Jake,Moody,CHI,K,26,-3
K,13898,average,NA,NA,NA,NA,NA,NA,NA,NA,NA,NA,NA,NA,NA,NA,NA,NA,NA,NA,NA,NA,NA,NA,NA,NA,NA,NA,NA,NA,0.5,0.7071067811865476,0.5,0.7071067811865476,0.5,0.7071067811865476,NA,NA,5,0,NA,NA,NA,NA,NA,NA,NA,NA,NA,NA,NA,NA,NA,NA,NA,NA,NA,NA,Greg,Joseph,FA,K,31,2
K,13898,robust,NA,NA,NA,NA,NA,NA,NA,NA,NA,NA,NA,NA,NA,NA,NA,NA,NA,NA,NA,NA,NA,NA,NA,NA,NA,NA,NA,NA,0.5,0.7413,0.5,0.7413,0.5,0.7413,NA,NA,5,0,NA,NA,NA,NA,NA,NA,NA,NA,NA,NA,NA,NA,NA,NA,NA,NA,NA,NA,Greg,Joseph,FA,K,31,2
K,13898,weighted,NA,NA,NA,NA,NA,NA,NA,NA,NA,NA,NA,NA,NA,NA,NA,NA,NA,NA,NA,NA,NA,NA,NA,NA,NA,NA,NA,NA,NA,NA,NA,NA,NA,NA,NA,NA,NA,NA,NA,NA,NA,NA,NA,NA,NA,NA,NA,NA,NA,NA,NA,NA,NA,NA,NA,NA,Greg,Joseph,FA,K,31,2
K,15369,average,NA,NA,NA,NA,NA,NA,NA,NA,NA,NA,NA,NA,NA,NA,NA,NA,NA,NA,NA,NA,NA,NA,NA,NA,NA,NA,0,0,2.406426886792453,1.3415531832903518,4.442482311320755,3.106029673112215,1.7068396226415092,0.5262208422957995,2.2359375,2.0483502953088046,14.399999999999999,8.924871614389382,NA,NA,NA,NA,NA,NA,NA,NA,NA,NA,NA,NA,NA,NA,NA,NA,NA,NA,Riley,Patterson,MIA,K,26,-1
K,15369,robust,NA,NA,NA,NA,NA,NA,NA,NA,NA,NA,NA,NA,NA,NA,NA,NA,NA,NA,NA,NA,NA,NA,NA,NA,NA,NA,0,0,1.9060731132075472,0.29547099056603776,2.9637676886792454,0.13724540094339627,1.7068396226415092,0.5524783018867926,1.3265624999999999,0.24555562499999986,12.05,3.7064999999999997,NA,NA,NA,NA,NA,NA,NA,NA,NA,NA,NA,NA,NA,NA,NA,NA,NA,NA,Riley,Patterson,MIA,K,26,-1
K,15369,weighted,NA,NA,NA,NA,NA,NA,NA,NA,NA,NA,NA,NA,NA,NA,NA,NA,NA,NA,NA,NA,NA,NA,NA,NA,NA,NA,0,0,2.6480685432916466,1.5125517226859835,4.935897533661597,3.56477052038752,1.8384809795633796,0.5439243674389322,2.5191397228637413,2.3849680869453276,15.978752886836029,10.090972927456031,NA,NA,NA,NA,NA,NA,NA,NA,NA,NA,NA,NA,NA,NA,NA,NA,NA,NA,Riley,Patterson,MIA,K,26,-1
K,8930,average,NA,NA,NA,NA,NA,NA,NA,NA,NA,NA,NA,NA,NA,NA,NA,NA,NA,NA,NA,NA,NA,NA,NA,NA,NA,NA,0,0,2.95,2.7577164466275357,4.45,2.050609665440988,3.45,2.050609665440988,1.75,1.0606601717798212,24.6,23.47594513539338,NA,NA,NA,NA,NA,NA,NA,NA,NA,NA,NA,NA,NA,NA,NA,NA,NA,NA,Matt,Prater,BUF,K,41,14
K,8930,robust,NA,NA,NA,NA,NA,NA,NA,NA,NA,NA,NA,NA,NA,NA,NA,NA,NA,NA,NA,NA,NA,NA,NA,NA,NA,NA,0,0,2.95,2.89107,4.45,2.14977,3.45,2.14977,1.75,1.11195,24.6,24.61116,NA,NA,NA,NA,NA,NA,NA,NA,NA,NA,NA,NA,NA,NA,NA,NA,NA,NA,Matt,Prater,BUF,K,41,14
K,8930,weighted,NA,NA,NA,NA,NA,NA,NA,NA,NA,NA,NA,NA,NA,NA,NA,NA,NA,NA,NA,NA,NA,NA,NA,NA,NA,NA,0,0,2.963829787234042,2.7577164466275352,4.460283687943262,2.0506096654409878,3.460283687943262,2.0506096654409878,1.75531914893617,1.060660171779821,24.717730496453896,23.475945135393374,NA,NA,NA,NA,NA,NA,NA,NA,NA,NA,NA,NA,NA,NA,NA,NA,NA,NA,Matt,Prater,BUF,K,41,14
K,11387,average,NA,NA,NA,NA,NA,NA,NA,NA,NA,NA,NA,NA,NA,NA,NA,NA,NA,NA,NA,NA,NA,NA,NA,NA,NA,NA,NA,NA,5.904761904761904,3.384639170269878,5.904761904761904,3.384639170269878,5.54320987654321,3.084616757322033,3.024691358024691,1.7538252659707534,21.333333333333332,15.631165450257807,NA,NA,NA,NA,NA,NA,NA,NA,NA,NA,NA,NA,NA,NA,NA,NA,NA,NA,Dustin,Hopkins,FA,K,35,7
K,11387,robust,NA,NA,NA,NA,NA,NA,NA,NA,NA,NA,NA,NA,NA,NA,NA,NA,NA,NA,NA,NA,NA,NA,NA,NA,NA,NA,0,NA,6.357142857142857,0.4236000000000011,6.357142857142857,0.4236000000000011,5.9074074074074066,0.9334888888888864,3.268518518518518,0.10982222222222139,20.75,17.7912,NA,NA,NA,NA,NA,NA,NA,NA,NA,NA,NA,NA,NA,NA,NA,NA,NA,NA,Dustin,Hopkins,FA,K,35,7
K,11387,weighted,NA,NA,NA,NA,NA,NA,NA,NA,NA,NA,NA,NA,NA,NA,NA,NA,NA,NA,NA,NA,NA,NA,NA,NA,NA,NA,NA,NA,NA,0.20203050891044272,NA,0.20203050891044272,NA,0.44521538074708433,NA,0.05237828008789202,NA,13.435028842544405,NA,NA,NA,NA,NA,NA,NA,NA,NA,NA,NA,NA,NA,NA,NA,NA,NA,NA,Dustin,Hopkins,FA,K,35,7
K,16339,average,NA,NA,NA,NA,NA,NA,NA,NA,NA,NA,NA,NA,NA,NA,NA,NA,NA,NA,NA,NA,NA,NA,NA,NA,NA,NA,NA,NA,2.5,2.1213203435596424,5,4.242640687119285,5,4.242640687119285,2.5,2.1213203435596424,19,15.556349186104045,NA,NA,NA,NA,NA,NA,NA,NA,NA,NA,NA,NA,NA,NA,NA,NA,NA,NA,Anders,Carlson,FA,K,27,-3
K,16339,robust,NA,NA,NA,NA,NA,NA,NA,NA,NA,NA,NA,NA,NA,NA,NA,NA,NA,NA,NA,NA,NA,NA,NA,NA,NA,NA,NA,NA,2.5,2.2239,5,4.4478,5,4.4478,2.5,2.2239,19,16.3086,NA,NA,NA,NA,NA,NA,NA,NA,NA,NA,NA,NA,NA,NA,NA,NA,NA,NA,Anders,Carlson,FA,K,27,-3
K,16339,weighted,NA,NA,NA,NA,NA,NA,NA,NA,NA,NA,NA,NA,NA,NA,NA,NA,NA,NA,NA,NA,NA,NA,NA,NA,NA,NA,NA,NA,NA,NA,NA,NA,NA,NA,NA,NA,NA,NA,NA,NA,NA,NA,NA,NA,NA,NA,NA,NA,NA,NA,NA,NA,NA,NA,NA,NA,Anders,Carlson,FA,K,27,-3
K,10868,average,NA,NA,NA,NA,NA,NA,NA,NA,NA,NA,NA,NA,NA,NA,NA,NA,NA,NA,NA,NA,NA,NA,NA,NA,NA,NA,NA,NA,2.2777777777777777,2.2131760318935654,4.555555555555555,4.426352063787131,3.942528735632184,3.5149305007198937,2.706896551724138,2.852549603249905,20.333333333333332,15.695009822658072,NA,NA,NA,NA,NA,NA,NA,NA,NA,NA,NA,NA,NA,NA,NA,NA,NA,NA,Greg,Zuerlein,FA,K,38,8
K,10868,robust,NA,NA,NA,NA,NA,NA,NA,NA,NA,NA,NA,NA,NA,NA,NA,NA,NA,NA,NA,NA,NA,NA,NA,NA,NA,NA,0,NA,1.9583333333333333,0,3.9166666666666665,0,3.456896551724138,0.25562068965517226,2.310344827586207,0.17893448275862053,19,10.3782,NA,NA,NA,NA,NA,NA,NA,NA,NA,NA,NA,NA,NA,NA,NA,NA,NA,NA,Greg,Zuerlein,FA,K,38,8
K,10868,weighted,NA,NA,NA,NA,NA,NA,NA,NA,NA,NA,NA,NA,NA,NA,NA,NA,NA,NA,NA,NA,NA,NA,NA,NA,NA,NA,NA,NA,NA,2.710575994548432,NA,5.421151989096864,NA,4.364555649392829,NA,3.4501934323412584,NA,16.263455967290597,NA,NA,NA,NA,NA,NA,NA,NA,NA,NA,NA,NA,NA,NA,NA,NA,NA,NA,Greg,Zuerlein,FA,K,38,8
K,14426,average,NA,NA,NA,NA,NA,NA,NA,NA,NA,NA,NA,NA,NA,NA,NA,NA,NA,NA,NA,NA,NA,NA,NA,NA,NA,NA,NA,NA,4,2.6,8,5.2,5.679761904761905,4.1696796929136655,2.2214285714285715,1.3458742701383397,22,13.45362404707371,NA,NA,NA,NA,NA,NA,NA,NA,NA,NA,NA,NA,NA,NA,NA,NA,NA,NA,Matthew,Wright,FA,K,29,1
K,14426,robust,NA,NA,NA,NA,NA,NA,NA,NA,NA,NA,NA,NA,NA,NA,NA,NA,NA,NA,NA,NA,NA,NA,NA,NA,NA,NA,0,NA,4.3500000000000005,0.29652000000000023,8.700000000000001,0.5930400000000005,6.019642857142857,2.9069549999999995,2.1660714285714286,1.4826,23,10.3782,NA,NA,NA,NA,NA,NA,NA,NA,NA,NA,NA,NA,NA,NA,NA,NA,NA,NA,Matthew,Wright,FA,K,29,1
K,14426,weighted,NA,NA,NA,NA,NA,NA,NA,NA,NA,NA,NA,NA,NA,NA,NA,NA,NA,NA,NA,NA,NA,NA,NA,NA,NA,NA,NA,NA,NA,0.14142135623730964,NA,0.2828427124746193,NA,1.3864343673979092,NA,1.176827714403326,NA,4.949747468305834,NA,NA,NA,NA,NA,NA,NA,NA,NA,NA,NA,NA,NA,NA,NA,NA,NA,NA,Matthew,Wright,FA,K,29,1
DST,0511,average,NA,NA,NA,NA,NA,NA,NA,NA,NA,NA,NA,NA,NA,NA,NA,NA,NA,NA,NA,NA,11.971428571428572,2.4675995661872734,9.757142857142856,3.3425824062926472,49.44285714285714,9.645699757380168,NA,NA,NA,NA,NA,NA,NA,NA,NA,NA,NA,NA,0.5,0.408248290463863,2.7666666666666666,1.0498677165349082,NA,NA,NA,NA,NA,NA,NA,NA,NA,NA,NA,NA,NA,NA,Denver,Broncos,DEN,DST,NA,50
DST,0511,robust,NA,NA,NA,NA,NA,NA,NA,NA,NA,NA,NA,NA,NA,NA,NA,NA,NA,NA,0,NA,12.5,2.2239,9.825,2.9652,49.6,8.8956,NA,NA,NA,NA,NA,NA,NA,NA,NA,NA,NA,NA,0.5,0.7413,2.783333333333333,0.3459400000000001,NA,NA,NA,NA,NA,NA,NA,NA,NA,NA,NA,NA,NA,NA,Denver,Broncos,DEN,DST,NA,50
DST,0511,weighted,NA,NA,NA,NA,NA,NA,NA,NA,NA,NA,NA,NA,NA,NA,NA,NA,NA,NA,NA,NA,NA,2.7152663364222236,NA,3.8798353343791,NA,10.376359866984803,NA,NA,NA,NA,NA,NA,NA,NA,NA,NA,NA,NA,NA,0.4214155005460823,NA,0.7516059957627387,NA,NA,NA,NA,NA,NA,NA,NA,NA,NA,NA,NA,NA,NA,Denver,Broncos,DEN,DST,NA,50
DST,0507,average,NA,NA,NA,NA,NA,NA,NA,NA,NA,NA,NA,NA,NA,NA,NA,NA,NA,NA,NA,NA,9.642857142857142,2.4656690389271243,9.071428571428571,1.9189530875925427,42.857142857142854,6.389015871753944,NA,NA,NA,NA,NA,NA,NA,NA,NA,NA,NA,NA,0.25,0.3535533905932738,2.1666666666666665,1.4019827229875395,NA,NA,NA,NA,NA,NA,NA,NA,NA,NA,NA,NA,NA,NA,Cleveland,Browns,CLE,DST,NA,50
DST,0507,robust,NA,NA,NA,NA,NA,NA,NA,NA,NA,NA,NA,NA,NA,NA,NA,NA,NA,NA,0,NA,10.25,1.4826,8.65,1.4826,42.900000000000006,5.9304,NA,NA,NA,NA,NA,NA,NA,NA,NA,NA,NA,NA,0.125,0.37065,2.0416666666666665,0.29652000000000023,NA,NA,NA,NA,NA,NA,NA,NA,NA,NA,NA,NA,NA,NA,Cleveland,Browns,CLE,DST,NA,50
DST,0507,weighted,NA,NA,NA,NA,NA,NA,NA,NA,NA,NA,NA,NA,NA,NA,NA,NA,NA,NA,NA,NA,NA,1.9061076537947657,NA,2.225522255079777,NA,6.962131798029878,NA,NA,NA,NA,NA,NA,NA,NA,NA,NA,NA,NA,NA,0.13775552016444068,NA,1.4725932313235726,NA,NA,NA,NA,NA,NA,NA,NA,NA,NA,NA,NA,NA,NA,Cleveland,Browns,CLE,DST,NA,50
DST,0512,average,NA,NA,NA,NA,NA,NA,NA,NA,NA,NA,NA,NA,NA,NA,NA,NA,NA,NA,NA,NA,11.5,2.6950572040929544,8.157142857142857,2.1892594964638485,41.84285714285714,8.635557720428782,NA,NA,NA,NA,NA,NA,NA,NA,NA,NA,NA,NA,0.5,0.408248290463863,1.9166666666666667,1.3221405203515832,NA,NA,NA,NA,NA,NA,NA,NA,NA,NA,NA,NA,NA,NA,Kansas City,Chiefs,KCC,DST,NA,50
DST,0512,robust,NA,NA,NA,NA,NA,NA,NA,NA,NA,NA,NA,NA,NA,NA,NA,NA,NA,NA,0,NA,11.95,1.4826,8,2.9652,43.575,2.520420000000004,NA,NA,NA,NA,NA,NA,NA,NA,NA,NA,NA,NA,0.5,0.7413,1.9583333333333335,1.35905,NA,NA,NA,NA,NA,NA,NA,NA,NA,NA,NA,NA,NA,NA,Kansas City,Chiefs,KCC,DST,NA,50
DST,0512,weighted,NA,NA,NA,NA,NA,NA,NA,NA,NA,NA,NA,NA,NA,NA,NA,NA,NA,NA,NA,NA,NA,2.7823298119592366,NA,1.9011881747159298,NA,10.216560731744725,NA,NA,NA,NA,NA,NA,NA,NA,NA,NA,NA,NA,NA,0.4214155005460823,NA,1.2819682155475816,NA,NA,NA,NA,NA,NA,NA,NA,NA,NA,NA,NA,NA,NA,Kansas City,Chiefs,KCC,DST,NA,50
DST,0528,average,NA,NA,NA,NA,NA,NA,NA,NA,NA,NA,NA,NA,NA,NA,NA,NA,NA,NA,NA,NA,11.7,2.7598309126949547,8.057142857142857,2.1555023721143236,42.542857142857144,6.937544508651732,NA,NA,NA,NA,NA,NA,NA,NA,NA,NA,NA,NA,0.9,0.6350852961085883,2.5166666666666666,0.9172725270544675,NA,NA,NA,NA,NA,NA,NA,NA,NA,NA,NA,NA,NA,NA,Los Angeles,Rams,LAR,DST,NA,50
DST,0528,robust,NA,NA,NA,NA,NA,NA,NA,NA,NA,NA,NA,NA,NA,NA,NA,NA,NA,NA,0,NA,12.25,1.4826,8.025,2.9652,43,2.9652,NA,NA,NA,NA,NA,NA,NA,NA,NA,NA,NA,NA,0.9,0.14825999999999995,2.404166666666667,0.46948999999999963,NA,NA,NA,NA,NA,NA,NA,NA,NA,NA,NA,NA,NA,NA,Los Angeles,Rams,LAR,DST,NA,50
DST,0528,weighted,NA,NA,NA,NA,NA,NA,NA,NA,NA,NA,NA,NA,NA,NA,NA,NA,NA,NA,NA,NA,NA,2.920458506719755,NA,1.6243166260389517,NA,7.982209637771212,NA,NA,NA,NA,NA,NA,NA,NA,NA,NA,NA,NA,NA,0.4189253765615814,NA,1.0201428160436261,NA,NA,NA,NA,NA,NA,NA,NA,NA,NA,NA,NA,NA,NA,Los Angeles,Rams,LAR,DST,NA,50
DST,0532,average,NA,NA,NA,NA,NA,NA,NA,NA,NA,NA,NA,NA,NA,NA,NA,NA,NA,NA,NA,NA,15.042857142857143,3.2872770610629214,8.657142857142857,2.5992672960260315,42.01428571428571,9.182488510098732,NA,NA,NA,NA,NA,NA,NA,NA,NA,NA,NA,NA,0.92,0.6361341577581467,2.7333333333333334,0.7475887164001934,NA,NA,NA,NA,NA,NA,NA,NA,NA,NA,NA,NA,NA,NA,Houston,Texans,HOU,DST,NA,50
DST,0532,robust,NA,NA,NA,NA,NA,NA,NA,NA,NA,NA,NA,NA,NA,NA,NA,NA,NA,NA,0,NA,15.1,1.779119999999999,9,2.9652,43.525,5.9304,NA,NA,NA,NA,NA,NA,NA,NA,NA,NA,NA,NA,0.94,0.11860799999999994,2.791666666666667,0.3953599999999999,NA,NA,NA,NA,NA,NA,NA,NA,NA,NA,NA,NA,NA,NA,Houston,Texans,HOU,DST,NA,50
DST,0532,weighted,NA,NA,NA,NA,NA,NA,NA,NA,NA,NA,NA,NA,NA,NA,NA,NA,NA,NA,NA,NA,NA,3.290126791239738,NA,2.2338146747948016,NA,10.049951776225283,NA,NA,NA,NA,NA,NA,NA,NA,NA,NA,NA,NA,NA,0.433880601487232,NA,0.6077337386656787,NA,NA,NA,NA,NA,NA,NA,NA,NA,NA,NA,NA,NA,NA,Houston,Texans,HOU,DST,NA,50
DST,0525,average,NA,NA,NA,NA,NA,NA,NA,NA,NA,NA,NA,NA,NA,NA,NA,NA,NA,NA,NA,NA,9.585714285714285,3.580702245569795,10.085714285714285,2.0293090543569843,41.2,7.100469468046931,NA,NA,NA,NA,NA,NA,NA,NA,NA,NA,NA,NA,0.65,0.3582364210034113,1.8833333333333333,0.6011562932290477,NA,NA,NA,NA,NA,NA,NA,NA,NA,NA,NA,NA,NA,NA,Tampa Bay,Buccaneers,TBB,DST,NA,50
DST,0525,robust,NA,NA,NA,NA,NA,NA,NA,NA,NA,NA,NA,NA,NA,NA,NA,NA,NA,NA,0,NA,10.25,1.4826,10,2.9652,43.05,1.4826,NA,NA,NA,NA,NA,NA,NA,NA,NA,NA,NA,NA,0.65,0.22239000000000003,1.85,0.27181,NA,NA,NA,NA,NA,NA,NA,NA,NA,NA,NA,NA,NA,NA,Tampa Bay,Buccaneers,TBB,DST,NA,50
DST,0525,weighted,NA,NA,NA,NA,NA,NA,NA,NA,NA,NA,NA,NA,NA,NA,NA,NA,NA,NA,NA,NA,NA,2.740631965056735,NA,2.027113070772787,NA,8.46294899520358,NA,NA,NA,NA,NA,NA,NA,NA,NA,NA,NA,NA,NA,0.36781602694913434,NA,0.7558691882297915,NA,NA,NA,NA,NA,NA,NA,NA,NA,NA,NA,NA,NA,NA,Tampa Bay,Buccaneers,TBB,DST,NA,50
DST,0515,average,NA,NA,NA,NA,NA,NA,NA,NA,NA,NA,NA,NA,NA,NA,NA,NA,NA,NA,NA,NA,11.9,2.4933244206614322,7.257142857142857,2.5343356413184783,41.84285714285714,6.865822879271195,NA,NA,NA,NA,NA,NA,NA,NA,NA,NA,NA,NA,0.425,0.30754403478743225,2.1166666666666667,0.7403077438170936,NA,NA,NA,NA,NA,NA,NA,NA,NA,NA,NA,NA,NA,NA,Seattle,Seahawks,SEA,DST,NA,50
DST,0515,robust,NA,NA,NA,NA,NA,NA,NA,NA,NA,NA,NA,NA,NA,NA,NA,NA,NA,NA,0,NA,12.325,1.6308599999999993,7.4,2.0756400000000004,43.275,4.299539999999998,NA,NA,NA,NA,NA,NA,NA,NA,NA,NA,NA,NA,0.425,0.11119500000000002,2.0541666666666667,0.5930399999999998,NA,NA,NA,NA,NA,NA,NA,NA,NA,NA,NA,NA,NA,NA,Seattle,Seahawks,SEA,DST,NA,50
DST,0515,weighted,NA,NA,NA,NA,NA,NA,NA,NA,NA,NA,NA,NA,NA,NA,NA,NA,NA,NA,NA,NA,NA,2.922459430952455,NA,2.15081780103543,NA,8.13207362337192,NA,NA,NA,NA,NA,NA,NA,NA,NA,NA,NA,NA,NA,0.3626978492945165,NA,0.7606759974387686,NA,NA,NA,NA,NA,NA,NA,NA,NA,NA,NA,NA,NA,NA,Seattle,Seahawks,SEA,DST,NA,50
DST,0523,average,NA,NA,NA,NA,NA,NA,NA,NA,NA,NA,NA,NA,NA,NA,NA,NA,NA,NA,NA,NA,11.614285714285714,2.544555345195287,10.614285714285714,3.5357359306696776,44.1,8.232253640407345,NA,NA,NA,NA,NA,NA,NA,NA,NA,NA,NA,NA,0.375,0.338501600193165,2.0166666666666666,1.2522202504174558,NA,NA,NA,NA,NA,NA,NA,NA,NA,NA,NA,NA,NA,NA,Green Bay,Packers,GBP,DST,NA,50
DST,0523,robust,NA,NA,NA,NA,NA,NA,NA,NA,NA,NA,NA,NA,NA,NA,NA,NA,NA,NA,0,NA,12.325,0.29651999999999895,10.325,2.9652,44.724999999999994,3.7064999999999997,NA,NA,NA,NA,NA,NA,NA,NA,NA,NA,NA,NA,0.375,0.185325,2.0083333333333333,1.45789,NA,NA,NA,NA,NA,NA,NA,NA,NA,NA,NA,NA,NA,NA,Green Bay,Packers,GBP,DST,NA,50
DST,0523,weighted,NA,NA,NA,NA,NA,NA,NA,NA,NA,NA,NA,NA,NA,NA,NA,NA,NA,NA,NA,NA,NA,3.0568310669480856,NA,3.9349395180705216,NA,9.648477477322201,NA,NA,NA,NA,NA,NA,NA,NA,NA,NA,NA,NA,NA,0.3672787927379008,NA,1.257877555298484,NA,NA,NA,NA,NA,NA,NA,NA,NA,NA,NA,NA,NA,NA,Green Bay,Packers,GBP,DST,NA,50
DST,0531,average,NA,NA,NA,NA,NA,NA,NA,NA,NA,NA,NA,NA,NA,NA,NA,NA,NA,NA,NA,NA,12.6,2.5664502073226876,8.3,2.8172090207626885,47.84285714285714,12.316906692680208,NA,NA,NA,NA,NA,NA,NA,NA,NA,NA,NA,NA,0.3,0.3651483716701107,2.1666666666666665,0.7318166133366716,NA,NA,NA,NA,NA,NA,NA,NA,NA,NA,NA,NA,NA,NA,Baltimore,Ravens,BAL,DST,NA,50
DST,0531,robust,NA,NA,NA,NA,NA,NA,NA,NA,NA,NA,NA,NA,NA,NA,NA,NA,NA,NA,0,NA,13.3,0,9.175,0.444780000000001,50,9.636899999999999,NA,NA,NA,NA,NA,NA,NA,NA,NA,NA,NA,NA,0.25,0.44477999999999995,2.216666666666667,1.0378200000000002,NA,NA,NA,NA,NA,NA,NA,NA,NA,NA,NA,NA,NA,NA,Baltimore,Ravens,BAL,DST,NA,50
DST,0531,weighted,NA,NA,NA,NA,NA,NA,NA,NA,NA,NA,NA,NA,NA,NA,NA,NA,NA,NA,NA,NA,NA,3.0784051798290273,NA,1.3040835932374464,NA,13.705791930864688,NA,NA,NA,NA,NA,NA,NA,NA,NA,NA,NA,NA,NA,0.40784488000652136,NA,0.9116974609069802,NA,NA,NA,NA,NA,NA,NA,NA,NA,NA,NA,NA,NA,NA,Baltimore,Ravens,BAL,DST,NA,50
DST,0501,average,NA,NA,NA,NA,NA,NA,NA,NA,NA,NA,NA,NA,NA,NA,NA,NA,NA,NA,NA,NA,12.585714285714285,3.3067751518302395,12.728571428571428,3.858632869171103,41.785714285714285,6.548391296450492,NA,NA,NA,NA,NA,NA,NA,NA,NA,NA,NA,NA,0.8,0.4654746681256314,2.283333333333333,0.6568020165079343,NA,NA,NA,NA,NA,NA,NA,NA,NA,NA,NA,NA,NA,NA,Buffalo,Bills,BUF,DST,NA,50
DST,0501,robust,NA,NA,NA,NA,NA,NA,NA,NA,NA,NA,NA,NA,NA,NA,NA,NA,NA,NA,0,NA,13,1.3343400000000005,12.274999999999999,2.9652,43.5,2.9652,NA,NA,NA,NA,NA,NA,NA,NA,NA,NA,NA,NA,0.8,0.2965199999999999,2.3166666666666664,0.8648499999999999,NA,NA,NA,NA,NA,NA,NA,NA,NA,NA,NA,NA,NA,NA,Buffalo,Bills,BUF,DST,NA,50
DST,0501,weighted,NA,NA,NA,NA,NA,NA,NA,NA,NA,NA,NA,NA,NA,NA,NA,NA,NA,NA,NA,NA,NA,4.029468483290015,NA,4.256772171122504,NA,5.67261113950024,NA,NA,NA,NA,NA,NA,NA,NA,NA,NA,NA,NA,NA,0.4176993055606742,NA,0.5969746417245057,NA,NA,NA,NA,NA,NA,NA,NA,NA,NA,NA,NA,NA,NA,Buffalo,Bills,BUF,DST,NA,50
DST,0522,average,NA,NA,NA,NA,NA,NA,NA,NA,NA,NA,NA,NA,NA,NA,NA,NA,NA,NA,NA,NA,12.32857142857143,2.6899283049394245,8.471428571428572,2.5914695224359257,39.857142857142854,5.999682531283674,NA,NA,NA,NA,NA,NA,NA,NA,NA,NA,NA,NA,0.2,0.3651483716701107,2.1833333333333336,0.722072634081149,NA,NA,NA,NA,NA,NA,NA,NA,NA,NA,NA,NA,NA,NA,Detroit,Lions,DET,DST,NA,50
DST,0522,robust,NA,NA,NA,NA,NA,NA,NA,NA,NA,NA,NA,NA,NA,NA,NA,NA,NA,NA,0,NA,13.225,0.14825999999999948,8.15,2.9652,40.75,4.4478,NA,NA,NA,NA,NA,NA,NA,NA,NA,NA,NA,NA,0.1,0,2.166666666666667,0.5683300000000002,NA,NA,NA,NA,NA,NA,NA,NA,NA,NA,NA,NA,NA,NA,Detroit,Lions,DET,DST,NA,50
DST,0522,weighted,NA,NA,NA,NA,NA,NA,NA,NA,NA,NA,NA,NA,NA,NA,NA,NA,NA,NA,NA,NA,NA,3.0677521303012676,NA,2.6748918215412583,NA,6.0110662254990865,NA,NA,NA,NA,NA,NA,NA,NA,NA,NA,NA,NA,NA,0.4130099991057029,NA,0.8678813906213667,NA,NA,NA,NA,NA,NA,NA,NA,NA,NA,NA,NA,NA,NA,Detroit,Lions,DET,DST,NA,50
DST,0510,average,NA,NA,NA,NA,NA,NA,NA,NA,NA,NA,NA,NA,NA,NA,NA,NA,NA,NA,NA,NA,12.5,3.0116440692751194,11.657142857142857,2.6323988697619156,41.24285714285714,7.398616344258149,NA,NA,NA,NA,NA,NA,NA,NA,NA,NA,NA,NA,0.2,0.3651483716701107,2.066666666666667,0.8034647195462633,NA,NA,NA,NA,NA,NA,NA,NA,NA,NA,NA,NA,NA,NA,Pittsburgh,Steelers,PIT,DST,NA,50
DST,0510,robust,NA,NA,NA,NA,NA,NA,NA,NA,NA,NA,NA,NA,NA,NA,NA,NA,NA,NA,0,NA,13.375,0.8895599999999995,11.149999999999999,1.4826,43.45,2.9652,NA,NA,NA,NA,NA,NA,NA,NA,NA,NA,NA,NA,0.1,0,2.0583333333333336,1.1366600000000002,NA,NA,NA,NA,NA,NA,NA,NA,NA,NA,NA,NA,NA,NA,Pittsburgh,Steelers,PIT,DST,NA,50
DST,0510,weighted,NA,NA,NA,NA,NA,NA,NA,NA,NA,NA,NA,NA,NA,NA,NA,NA,NA,NA,NA,NA,NA,3.563485118412925,NA,2.95832802737034,NA,8.914251970687562,NA,NA,NA,NA,NA,NA,NA,NA,NA,NA,NA,NA,NA,0.4130099991057029,NA,0.895729503634956,NA,NA,NA,NA,NA,NA,NA,NA,NA,NA,NA,NA,NA,NA,Pittsburgh,Steelers,PIT,DST,NA,50
DST,0529,average,NA,NA,NA,NA,NA,NA,NA,NA,NA,NA,NA,NA,NA,NA,NA,NA,NA,NA,1,0,11.442857142857143,3.7003860802431334,6.085714285714285,2.692847669555144,35.32857142857143,7.024887729995948,NA,NA,NA,NA,NA,NA,NA,NA,NA,NA,NA,NA,0.25,0.3535533905932738,1.5166666666666666,1.2334459408052258,NA,NA,NA,NA,NA,NA,NA,NA,NA,NA,NA,NA,NA,NA,New Orleans,Saints,NOS,DST,NA,50
DST,0529,robust,NA,NA,NA,NA,NA,NA,NA,NA,NA,NA,NA,NA,NA,NA,NA,NA,NA,NA,1,0,11.525,4.4478,6.4,2.9652,37,2.9652,NA,NA,NA,NA,NA,NA,NA,NA,NA,NA,NA,NA,0.125,0.37065,1.35,0.44478000000000006,NA,NA,NA,NA,NA,NA,NA,NA,NA,NA,NA,NA,NA,NA,New Orleans,Saints,NOS,DST,NA,50
DST,0529,weighted,NA,NA,NA,NA,NA,NA,NA,NA,NA,NA,NA,NA,NA,NA,NA,NA,NA,NA,NA,0,NA,3.9777606685306908,NA,1.8180868939326273,NA,8.19390143999181,NA,NA,NA,NA,NA,NA,NA,NA,NA,NA,NA,NA,NA,0.13775552016444068,NA,1.3172125665590735,NA,NA,NA,NA,NA,NA,NA,NA,NA,NA,NA,NA,NA,NA,New Orleans,Saints,NOS,DST,NA,50
DST,0518,average,NA,NA,NA,NA,NA,NA,NA,NA,NA,NA,NA,NA,NA,NA,NA,NA,NA,NA,NA,NA,13.82857142857143,3.6704742135561927,13.142857142857142,4.990610230842565,42.15714285714286,9.589205240417849,NA,NA,NA,NA,NA,NA,NA,NA,NA,NA,NA,NA,0.2,0.3651483716701107,2.75,0.7477744758058186,NA,NA,NA,NA,NA,NA,NA,NA,NA,NA,NA,NA,NA,NA,Philadelphia,Eagles,PHI,DST,NA,50
DST,0518,robust,NA,NA,NA,NA,NA,NA,NA,NA,NA,NA,NA,NA,NA,NA,NA,NA,NA,NA,0,NA,13.850000000000001,2.668680000000001,12.5,3.409980000000001,43.45,4.151279999999995,NA,NA,NA,NA,NA,NA,NA,NA,NA,NA,NA,NA,0.1,0,2.825,0.29652000000000023,NA,NA,NA,NA,NA,NA,NA,NA,NA,NA,NA,NA,NA,NA,Philadelphia,Eagles,PHI,DST,NA,50
DST,0518,weighted,NA,NA,NA,NA,NA,NA,NA,NA,NA,NA,NA,NA,NA,NA,NA,NA,NA,NA,NA,NA,NA,2.9581430952845063,NA,5.017495255441224,NA,11.227760185833086,NA,NA,NA,NA,NA,NA,NA,NA,NA,NA,NA,NA,NA,0.4130099991057029,NA,0.9324619464337638,NA,NA,NA,NA,NA,NA,NA,NA,NA,NA,NA,NA,NA,NA,Philadelphia,Eagles,PHI,DST,NA,50
DST,0526,average,NA,NA,NA,NA,NA,NA,NA,NA,NA,NA,NA,NA,NA,NA,NA,NA,NA,NA,NA,NA,10.985714285714286,1.8907040764651417,8.085714285714285,1.6231949681914077,35.857142857142854,5.798234542472717,NA,NA,NA,NA,NA,NA,NA,NA,NA,NA,NA,NA,0.725,0.429631625155008,2.3333333333333335,1.09188929027728,NA,NA,NA,NA,NA,NA,NA,NA,NA,NA,NA,NA,NA,NA,Atlanta,Falcons,ATL,DST,NA,50
DST,0526,robust,NA,NA,NA,NA,NA,NA,NA,NA,NA,NA,NA,NA,NA,NA,NA,NA,NA,NA,0,NA,11.3,0.444780000000001,8,1.4826,38,1.9273799999999957,NA,NA,NA,NA,NA,NA,NA,NA,NA,NA,NA,NA,0.725,0.33358499999999996,2.2333333333333334,0.7413,NA,NA,NA,NA,NA,NA,NA,NA,NA,NA,NA,NA,NA,NA,Atlanta,Falcons,ATL,DST,NA,50
DST,0526,weighted,NA,NA,NA,NA,NA,NA,NA,NA,NA,NA,NA,NA,NA,NA,NA,NA,NA,NA,NA,NA,NA,2.306566711082325,NA,1.6120613303632993,NA,6.327446069466245,NA,NA,NA,NA,NA,NA,NA,NA,NA,NA,NA,NA,NA,0.3786376891094155,NA,1.1750232959124027,NA,NA,NA,NA,NA,NA,NA,NA,NA,NA,NA,NA,NA,NA,Atlanta,Falcons,ATL,DST,NA,50
DST,0521,average,NA,NA,NA,NA,NA,NA,NA,NA,NA,NA,NA,NA,NA,NA,NA,NA,NA,NA,NA,NA,11.557142857142857,2.7153005621582933,9.985714285714286,2.674838668922278,37.7,6.625455959152296,NA,NA,NA,NA,NA,NA,NA,NA,NA,NA,NA,NA,0.375,0.338501600193165,2.1333333333333333,0.9213516640723503,NA,NA,NA,NA,NA,NA,NA,NA,NA,NA,NA,NA,NA,NA,Chicago,Bears,CHI,DST,NA,50
DST,0521,robust,NA,NA,NA,NA,NA,NA,NA,NA,NA,NA,NA,NA,NA,NA,NA,NA,NA,NA,0,NA,12,1.4826,9.6,1.779119999999999,38.1,2.9652,NA,NA,NA,NA,NA,NA,NA,NA,NA,NA,NA,NA,0.375,0.185325,2.033333333333333,0.29652000000000023,NA,NA,NA,NA,NA,NA,NA,NA,NA,NA,NA,NA,NA,NA,Chicago,Bears,CHI,DST,NA,50
DST,0521,weighted,NA,NA,NA,NA,NA,NA,NA,NA,NA,NA,NA,NA,NA,NA,NA,NA,NA,NA,NA,NA,NA,2.9929346869757976,NA,2.9615051549742657,NA,7.7939627556234985,NA,NA,NA,NA,NA,NA,NA,NA,NA,NA,NA,NA,NA,0.3672787927379008,NA,1.170734596172071,NA,NA,NA,NA,NA,NA,NA,NA,NA,NA,NA,NA,NA,NA,Chicago,Bears,CHI,DST,NA,50
DST,0516,average,NA,NA,NA,NA,NA,NA,NA,NA,NA,NA,NA,NA,NA,NA,NA,NA,NA,NA,1,0,10.628571428571428,2.086236073022646,8.842857142857143,2.5637584018111266,44.471428571428575,11.289923868316427,NA,NA,NA,NA,NA,NA,NA,NA,NA,NA,NA,NA,0,0,2.3333333333333335,1.2644717825593772,NA,NA,NA,NA,NA,NA,NA,NA,NA,NA,NA,NA,NA,NA,Dallas,Cowboys,DAL,DST,NA,50
DST,0516,robust,NA,NA,NA,NA,NA,NA,NA,NA,NA,NA,NA,NA,NA,NA,NA,NA,NA,NA,1,0,11.149999999999999,0.29651999999999895,8.45,1.6308599999999993,44.4,5.337360000000002,NA,NA,NA,NA,NA,NA,NA,NA,NA,NA,NA,NA,0,0,2.125,0.3459400000000001,NA,NA,NA,NA,NA,NA,NA,NA,NA,NA,NA,NA,NA,NA,Dallas,Cowboys,DAL,DST,NA,50
DST,0516,weighted,NA,NA,NA,NA,NA,NA,NA,NA,NA,NA,NA,NA,NA,NA,NA,NA,NA,NA,NA,0,NA,2.5319813843053853,NA,2.965228710199503,NA,13.109507142163222,NA,NA,NA,NA,NA,NA,NA,NA,NA,NA,NA,NA,NA,0,NA,1.6047359258054024,NA,NA,NA,NA,NA,NA,NA,NA,NA,NA,NA,NA,NA,NA,Dallas,Cowboys,DAL,DST,NA,50
DST,0524,average,NA,NA,NA,NA,NA,NA,NA,NA,NA,NA,NA,NA,NA,NA,NA,NA,NA,NA,NA,NA,13.342857142857143,4.661493731576158,9.32857142857143,2.1328496475484666,42.15714285714286,7.391855234616261,NA,NA,NA,NA,NA,NA,NA,NA,NA,NA,NA,NA,0.2,0.3651483716701107,2.183333333333333,0.7127801593447699,NA,NA,NA,NA,NA,NA,NA,NA,NA,NA,NA,NA,NA,NA,Minnesota,Vikings,MIN,DST,NA,50
DST,0524,robust,NA,NA,NA,NA,NA,NA,NA,NA,NA,NA,NA,NA,NA,NA,NA,NA,NA,NA,0,NA,13.5,2.0756400000000004,9.05,2.9652,44.35,1.4826,NA,NA,NA,NA,NA,NA,NA,NA,NA,NA,NA,NA,0.1,0,2.1916666666666664,1.1613699999999998,NA,NA,NA,NA,NA,NA,NA,NA,NA,NA,NA,NA,NA,NA,Minnesota,Vikings,MIN,DST,NA,50
DST,0524,weighted,NA,NA,NA,NA,NA,NA,NA,NA,NA,NA,NA,NA,NA,NA,NA,NA,NA,NA,NA,NA,NA,4.002056794158214,NA,2.22785026953375,NA,8.84719846943089,NA,NA,NA,NA,NA,NA,NA,NA,NA,NA,NA,NA,NA,0.4130099991057029,NA,0.6969864992429436,NA,NA,NA,NA,NA,NA,NA,NA,NA,NA,NA,NA,NA,NA,Minnesota,Vikings,MIN,DST,NA,50
DST,0517,average,NA,NA,NA,NA,NA,NA,NA,NA,NA,NA,NA,NA,NA,NA,NA,NA,NA,NA,NA,NA,9.342857142857143,2.314344502486714,10.5,3.307063148273203,44.17142857142857,12.350669925920927,NA,NA,NA,NA,NA,NA,NA,NA,NA,NA,NA,NA,0,0,2.0833333333333335,0.9564111156935715,NA,NA,NA,NA,NA,NA,NA,NA,NA,NA,NA,NA,NA,NA,New York,Giants,NYG,DST,NA,50
DST,0517,robust,NA,NA,NA,NA,NA,NA,NA,NA,NA,NA,NA,NA,NA,NA,NA,NA,NA,NA,0,NA,9.25,2.9652,10.475,2.9652,42.5,4.744320000000004,NA,NA,NA,NA,NA,NA,NA,NA,NA,NA,NA,NA,0,0,2.0208333333333335,0.29652000000000023,NA,NA,NA,NA,NA,NA,NA,NA,NA,NA,NA,NA,NA,NA,New York,Giants,NYG,DST,NA,50
DST,0517,weighted,NA,NA,NA,NA,NA,NA,NA,NA,NA,NA,NA,NA,NA,NA,NA,NA,NA,NA,NA,NA,NA,2.5393708292708883,NA,3.5804960596891577,NA,13.90554085989099,NA,NA,NA,NA,NA,NA,NA,NA,NA,NA,NA,NA,NA,0,NA,1.2146542535153406,NA,NA,NA,NA,NA,NA,NA,NA,NA,NA,NA,NA,NA,NA,New York,Giants,NYG,DST,NA,50
DST,0505,average,NA,NA,NA,NA,NA,NA,NA,NA,NA,NA,NA,NA,NA,NA,NA,NA,NA,NA,1,0,10.82857142857143,2.2983430884837346,8.9,2.2869193252058544,38.77142857142857,8.538874688879147,NA,NA,NA,NA,NA,NA,NA,NA,NA,NA,NA,NA,0.375,0.338501600193165,1.75,1.1912878185672289,NA,NA,NA,NA,NA,NA,NA,NA,NA,NA,NA,NA,NA,NA,New York,Jets,NYJ,DST,NA,50
DST,0505,robust,NA,NA,NA,NA,NA,NA,NA,NA,NA,NA,NA,NA,NA,NA,NA,NA,NA,NA,1,0,12,0,8.75,1.927380000000001,40.45,7.709519999999993,NA,NA,NA,NA,NA,NA,NA,NA,NA,NA,NA,NA,0.375,0.185325,1.6749999999999998,0.5189100000000001,NA,NA,NA,NA,NA,NA,NA,NA,NA,NA,NA,NA,NA,NA,New York,Jets,NYJ,DST,NA,50
DST,0505,weighted,NA,NA,NA,NA,NA,NA,NA,NA,NA,NA,NA,NA,NA,NA,NA,NA,NA,NA,NA,0,NA,2.6980612664396584,NA,2.6800491894304788,NA,10.05726108017125,NA,NA,NA,NA,NA,NA,NA,NA,NA,NA,NA,NA,NA,0.3672787927379008,NA,1.5022460279929826,NA,NA,NA,NA,NA,NA,NA,NA,NA,NA,NA,NA,NA,NA,New York,Jets,NYJ,DST,NA,50
DST,0509,average,NA,NA,NA,NA,NA,NA,NA,NA,NA,NA,NA,NA,NA,NA,NA,NA,NA,NA,NA,NA,10.071428571428571,3.313967554515426,7.057142857142857,2.4811671600661,34.82857142857143,7.787749843122057,NA,NA,NA,NA,NA,NA,NA,NA,NA,NA,NA,NA,0.125,0.1767766952966369,2.0166666666666666,0.9494150245750743,NA,NA,NA,NA,NA,NA,NA,NA,NA,NA,NA,NA,NA,NA,Jacksonville,Jaguars,JAC,DST,NA,50
DST,0509,robust,NA,NA,NA,NA,NA,NA,NA,NA,NA,NA,NA,NA,NA,NA,NA,NA,NA,NA,0,NA,11,2.9652,7.5,1.4826,38,1.779120000000004,NA,NA,NA,NA,NA,NA,NA,NA,NA,NA,NA,NA,0.0625,0.185325,1.8041666666666667,0.5930399999999998,NA,NA,NA,NA,NA,NA,NA,NA,NA,NA,NA,NA,NA,NA,Jacksonville,Jaguars,JAC,DST,NA,50
DST,0509,weighted,NA,NA,NA,NA,NA,NA,NA,NA,NA,NA,NA,NA,NA,NA,NA,NA,NA,NA,NA,NA,NA,2.9093497073310215,NA,1.3018521147636073,NA,9.121086421864325,NA,NA,NA,NA,NA,NA,NA,NA,NA,NA,NA,NA,NA,0.06887776008222034,NA,1.1617138623592511,NA,NA,NA,NA,NA,NA,NA,NA,NA,NA,NA,NA,NA,NA,Jacksonville,Jaguars,JAC,DST,NA,50
DST,0504,average,NA,NA,NA,NA,NA,NA,NA,NA,NA,NA,NA,NA,NA,NA,NA,NA,NA,NA,NA,NA,10.028571428571428,2.7059898285804684,6.8428571428571425,2.5767273448162515,33.74285714285714,6.528363026787329,NA,NA,NA,NA,NA,NA,NA,NA,NA,NA,NA,NA,0,0,1.8833333333333333,0.6039223643997813,NA,NA,NA,NA,NA,NA,NA,NA,NA,NA,NA,NA,NA,NA,New England,Patriots,NEP,DST,NA,50
DST,0504,robust,NA,NA,NA,NA,NA,NA,NA,NA,NA,NA,NA,NA,NA,NA,NA,NA,NA,NA,0,NA,10.3,2.9652,7,2.9652,34.725,6.078660000000002,NA,NA,NA,NA,NA,NA,NA,NA,NA,NA,NA,NA,0,0,1.8958333333333333,0.14826000000000011,NA,NA,NA,NA,NA,NA,NA,NA,NA,NA,NA,NA,NA,NA,New England,Patriots,NEP,DST,NA,50
DST,0504,weighted,NA,NA,NA,NA,NA,NA,NA,NA,NA,NA,NA,NA,NA,NA,NA,NA,NA,NA,NA,NA,NA,3.2044081645877927,NA,1.6308710359386314,NA,7.750490403936974,NA,NA,NA,NA,NA,NA,NA,NA,NA,NA,NA,NA,NA,0,NA,0.7674279549220574,NA,NA,NA,NA,NA,NA,NA,NA,NA,NA,NA,NA,NA,NA,New England,Patriots,NEP,DST,NA,50
DST,0519,average,NA,NA,NA,NA,NA,NA,NA,NA,NA,NA,NA,NA,NA,NA,NA,NA,NA,NA,NA,NA,10.442857142857143,2.864644912758033,8.5,2.227853974867593,38.48571428571429,9.50025062326052,NA,NA,NA,NA,NA,NA,NA,NA,NA,NA,NA,NA,1.075,0.6667708251965838,1.75,1.22440461721878,NA,NA,NA,NA,NA,NA,NA,NA,NA,NA,NA,NA,NA,NA,Arizona,Cardinals,ARI,DST,NA,50
DST,0519,robust,NA,NA,NA,NA,NA,NA,NA,NA,NA,NA,NA,NA,NA,NA,NA,NA,NA,NA,0,NA,11.25,1.4826,8.125,1.4826,41,1.9273799999999957,NA,NA,NA,NA,NA,NA,NA,NA,NA,NA,NA,NA,1.0375,0.11119499999999993,1.725,0.5189100000000001,NA,NA,NA,NA,NA,NA,NA,NA,NA,NA,NA,NA,NA,NA,Arizona,Cardinals,ARI,DST,NA,50
DST,0519,weighted,NA,NA,NA,NA,NA,NA,NA,NA,NA,NA,NA,NA,NA,NA,NA,NA,NA,NA,NA,NA,NA,3.236743367155539,NA,2.568468830013393,NA,11.27024084774826,NA,NA,NA,NA,NA,NA,NA,NA,NA,NA,NA,NA,NA,0.47563378171600396,NA,1.2091087554247668,NA,NA,NA,NA,NA,NA,NA,NA,NA,NA,NA,NA,NA,NA,Arizona,Cardinals,ARI,DST,NA,50
DST,0520,average,NA,NA,NA,NA,NA,NA,NA,NA,NA,NA,NA,NA,NA,NA,NA,NA,NA,NA,NA,NA,10.7,3.31109246825475,9.185714285714285,2.752228534253997,40.957142857142856,8.967321625929179,NA,NA,NA,NA,NA,NA,NA,NA,NA,NA,NA,NA,0.375,0.338501600193165,2.05,0.969106117340442,NA,NA,NA,NA,NA,NA,NA,NA,NA,NA,NA,NA,NA,NA,Washington,Commanders,WAS,DST,NA,50
DST,0520,robust,NA,NA,NA,NA,NA,NA,NA,NA,NA,NA,NA,NA,NA,NA,NA,NA,NA,NA,0,NA,11.675,0.7413,9.075,1.4826,42,5.9304,NA,NA,NA,NA,NA,NA,NA,NA,NA,NA,NA,NA,0.375,0.185325,2.0125,0.14826000000000011,NA,NA,NA,NA,NA,NA,NA,NA,NA,NA,NA,NA,NA,NA,Washington,Commanders,WAS,DST,NA,50
DST,0520,weighted,NA,NA,NA,NA,NA,NA,NA,NA,NA,NA,NA,NA,NA,NA,NA,NA,NA,NA,NA,NA,NA,3.912671512988426,NA,3.1576353154909187,NA,10.27121633390956,NA,NA,NA,NA,NA,NA,NA,NA,NA,NA,NA,NA,NA,0.3672787927379008,NA,1.2321268408835329,NA,NA,NA,NA,NA,NA,NA,NA,NA,NA,NA,NA,NA,NA,Washington,Commanders,WAS,DST,NA,50
DST,0514,average,NA,NA,NA,NA,NA,NA,NA,NA,NA,NA,NA,NA,NA,NA,NA,NA,NA,NA,1,0,11.4,2.4090108620206205,8.485714285714286,2.8638136411834783,42.02857142857143,9.253236242114482,NA,NA,NA,NA,NA,NA,NA,NA,NA,NA,NA,NA,0,0,1.8166666666666667,1.1036555420762202,NA,NA,NA,NA,NA,NA,NA,NA,NA,NA,NA,NA,NA,NA,Los Angeles,Chargers,LAC,DST,NA,50
DST,0514,robust,NA,NA,NA,NA,NA,NA,NA,NA,NA,NA,NA,NA,NA,NA,NA,NA,NA,NA,1,0,12.15,0.444780000000001,8.375,2.8169400000000002,43,6.375179999999996,NA,NA,NA,NA,NA,NA,NA,NA,NA,NA,NA,NA,0,0,1.5750000000000002,1.0625299999999998,NA,NA,NA,NA,NA,NA,NA,NA,NA,NA,NA,NA,NA,NA,Los Angeles,Chargers,LAC,DST,NA,50
DST,0514,weighted,NA,NA,NA,NA,NA,NA,NA,NA,NA,NA,NA,NA,NA,NA,NA,NA,NA,NA,NA,0,NA,2.8567571850018627,NA,3.195771481932242,NA,10.764920322253403,NA,NA,NA,NA,NA,NA,NA,NA,NA,NA,NA,NA,NA,0,NA,1.2548269110736434,NA,NA,NA,NA,NA,NA,NA,NA,NA,NA,NA,NA,NA,NA,Los Angeles,Chargers,LAC,DST,NA,50
DST,0513,average,NA,NA,NA,NA,NA,NA,NA,NA,NA,NA,NA,NA,NA,NA,NA,NA,NA,NA,NA,NA,10.4,2.4090108620206205,7.014285714285714,1.7629790804474221,38.2,7.852600418545014,NA,NA,NA,NA,NA,NA,NA,NA,NA,NA,NA,NA,0.375,0.338501600193165,2.033333333333333,1.3816254517375137,NA,NA,NA,NA,NA,NA,NA,NA,NA,NA,NA,NA,NA,NA,Las Vegas,Raiders,LVR,DST,NA,50
DST,0513,robust,NA,NA,NA,NA,NA,NA,NA,NA,NA,NA,NA,NA,NA,NA,NA,NA,NA,NA,0,NA,11.15,0.444780000000001,7.225,1.3343400000000005,39.925,4.003020000000004,NA,NA,NA,NA,NA,NA,NA,NA,NA,NA,NA,NA,0.375,0.185325,1.6083333333333334,1.03782,NA,NA,NA,NA,NA,NA,NA,NA,NA,NA,NA,NA,NA,NA,Las Vegas,Raiders,LVR,DST,NA,50
DST,0513,weighted,NA,NA,NA,NA,NA,NA,NA,NA,NA,NA,NA,NA,NA,NA,NA,NA,NA,NA,NA,NA,NA,2.8249551015151773,NA,1.495865205031629,NA,9.178525925185145,NA,NA,NA,NA,NA,NA,NA,NA,NA,NA,NA,NA,NA,0.3672787927379008,NA,1.6790123043489953,NA,NA,NA,NA,NA,NA,NA,NA,NA,NA,NA,NA,NA,NA,Las Vegas,Raiders,LVR,DST,NA,50
DST,0508,average,NA,NA,NA,NA,NA,NA,NA,NA,NA,NA,NA,NA,NA,NA,NA,NA,NA,NA,NA,NA,10.071428571428571,2.5850301646945923,7.7,1.8788294228055935,35.1,7.325526147201533,NA,NA,NA,NA,NA,NA,NA,NA,NA,NA,NA,NA,0.925,0.6667708251965838,1.4833333333333334,1.2334459408052258,NA,NA,NA,NA,NA,NA,NA,NA,NA,NA,NA,NA,NA,NA,Tennessee,Titans,TEN,DST,NA,50
DST,0508,robust,NA,NA,NA,NA,NA,NA,NA,NA,NA,NA,NA,NA,NA,NA,NA,NA,NA,NA,0,NA,10.45,1.927380000000001,7.625,1.4826,36,4.4478,NA,NA,NA,NA,NA,NA,NA,NA,NA,NA,NA,NA,0.925,0.11119499999999993,1.2916666666666667,0.4200700000000001,NA,NA,NA,NA,NA,NA,NA,NA,NA,NA,NA,NA,NA,NA,Tennessee,Titans,TEN,DST,NA,50
DST,0508,weighted,NA,NA,NA,NA,NA,NA,NA,NA,NA,NA,NA,NA,NA,NA,NA,NA,NA,NA,NA,NA,NA,3.0896594672258977,NA,2.0897030005624893,NA,8.121995100451016,NA,NA,NA,NA,NA,NA,NA,NA,NA,NA,NA,NA,NA,0.4261535866783943,NA,1.3292381899235948,NA,NA,NA,NA,NA,NA,NA,NA,NA,NA,NA,NA,NA,NA,Tennessee,Titans,TEN,DST,NA,50
DST,0530,average,NA,NA,NA,NA,NA,NA,NA,NA,NA,NA,NA,NA,NA,NA,NA,NA,NA,NA,NA,NA,11.557142857142857,3.5326369484457087,7.771428571428571,2.296166577663945,38.74285714285714,10.321152574988439,NA,NA,NA,NA,NA,NA,NA,NA,NA,NA,NA,NA,0.5,0.408248290463863,2.183333333333333,0.8782874750836931,NA,NA,NA,NA,NA,NA,NA,NA,NA,NA,NA,NA,NA,NA,San Francisco,49ers,SFO,DST,NA,50
DST,0530,robust,NA,NA,NA,NA,NA,NA,NA,NA,NA,NA,NA,NA,NA,NA,NA,NA,NA,NA,0,NA,12.25,1.4826,7.95,1.4826,41.275,1.4826,NA,NA,NA,NA,NA,NA,NA,NA,NA,NA,NA,NA,0.5,0.7413,2.0458333333333334,0.44477999999999973,NA,NA,NA,NA,NA,NA,NA,NA,NA,NA,NA,NA,NA,NA,San Francisco,49ers,SFO,DST,NA,50
DST,0530,weighted,NA,NA,NA,NA,NA,NA,NA,NA,NA,NA,NA,NA,NA,NA,NA,NA,NA,NA,NA,NA,NA,3.950378434603377,NA,1.6085419083487675,NA,12.302931079278103,NA,NA,NA,NA,NA,NA,NA,NA,NA,NA,NA,NA,NA,0.35969465497143693,NA,1.0462840892602292,NA,NA,NA,NA,NA,NA,NA,NA,NA,NA,NA,NA,NA,NA,San Francisco,49ers,SFO,DST,NA,50
DST,0502,average,NA,NA,NA,NA,NA,NA,NA,NA,NA,NA,NA,NA,NA,NA,NA,NA,NA,NA,NA,NA,12.085714285714285,3.5191990430724296,8.442857142857143,2.638090940343757,37.4,8.4545845551393,NA,NA,NA,NA,NA,NA,NA,NA,NA,NA,NA,NA,0.5,0.408248290463863,1.7,0.7164728420068226,NA,NA,NA,NA,NA,NA,NA,NA,NA,NA,NA,NA,NA,NA,Indianapolis,Colts,IND,DST,NA,50
DST,0502,robust,NA,NA,NA,NA,NA,NA,NA,NA,NA,NA,NA,NA,NA,NA,NA,NA,NA,NA,0,NA,12.3,0.8895599999999995,8.7,1.4826,40,1.4826,NA,NA,NA,NA,NA,NA,NA,NA,NA,NA,NA,NA,0.5,0.7413,1.55,0.8895599999999998,NA,NA,NA,NA,NA,NA,NA,NA,NA,NA,NA,NA,NA,NA,Indianapolis,Colts,IND,DST,NA,50
DST,0502,weighted,NA,NA,NA,NA,NA,NA,NA,NA,NA,NA,NA,NA,NA,NA,NA,NA,NA,NA,NA,NA,NA,3.7455886671689607,NA,2.9142614510382674,NA,10.061184995310539,NA,NA,NA,NA,NA,NA,NA,NA,NA,NA,NA,NA,NA,0.35969465497143693,NA,0.836487723902613,NA,NA,NA,NA,NA,NA,NA,NA,NA,NA,NA,NA,NA,NA,Indianapolis,Colts,IND,DST,NA,50
DST,0527,average,NA,NA,NA,NA,NA,NA,NA,NA,NA,NA,NA,NA,NA,NA,NA,NA,NA,NA,NA,NA,10.357142857142858,2.4371138277732967,7.071428571428571,1.8571611720708623,32.1,8.274660113865705,NA,NA,NA,NA,NA,NA,NA,NA,NA,NA,NA,NA,0,0,1.4666666666666668,1.2378296418418093,NA,NA,NA,NA,NA,NA,NA,NA,NA,NA,NA,NA,NA,NA,Carolina,Panthers,CAR,DST,NA,50
DST,0527,robust,NA,NA,NA,NA,NA,NA,NA,NA,NA,NA,NA,NA,NA,NA,NA,NA,NA,NA,0,NA,10.45,1.927380000000001,7,1.4826,34.724999999999994,2.2239,NA,NA,NA,NA,NA,NA,NA,NA,NA,NA,NA,NA,0,0,1.2583333333333333,0.54362,NA,NA,NA,NA,NA,NA,NA,NA,NA,NA,NA,NA,NA,NA,Carolina,Panthers,CAR,DST,NA,50
DST,0527,weighted,NA,NA,NA,NA,NA,NA,NA,NA,NA,NA,NA,NA,NA,NA,NA,NA,NA,NA,NA,NA,NA,2.949345464381683,NA,2.1726356644386704,NA,9.780364903490987,NA,NA,NA,NA,NA,NA,NA,NA,NA,NA,NA,NA,NA,0,NA,1.3417968229649033,NA,NA,NA,NA,NA,NA,NA,NA,NA,NA,NA,NA,NA,NA,Carolina,Panthers,CAR,DST,NA,50
DST,0503,average,NA,NA,NA,NA,NA,NA,NA,NA,NA,NA,NA,NA,NA,NA,NA,NA,NA,NA,NA,NA,10.385714285714286,3.074859656108211,8.17142857142857,1.77455561170892,37.385714285714286,7.207040208811698,NA,NA,NA,NA,NA,NA,NA,NA,NA,NA,NA,NA,0.375,0.338501600193165,1.7166666666666668,1.2253117517141867,NA,NA,NA,NA,NA,NA,NA,NA,NA,NA,NA,NA,NA,NA,Miami,Dolphins,MIA,DST,NA,50
DST,0503,robust,NA,NA,NA,NA,NA,NA,NA,NA,NA,NA,NA,NA,NA,NA,NA,NA,NA,NA,0,NA,11.225,0.7413,8.075,1.4826,39.025,1.4826,NA,NA,NA,NA,NA,NA,NA,NA,NA,NA,NA,NA,0.375,0.185325,1.65,0.61775,NA,NA,NA,NA,NA,NA,NA,NA,NA,NA,NA,NA,NA,NA,Miami,Dolphins,MIA,DST,NA,50
DST,0503,weighted,NA,NA,NA,NA,NA,NA,NA,NA,NA,NA,NA,NA,NA,NA,NA,NA,NA,NA,NA,NA,NA,3.7015185675277995,NA,1.4527791624411897,NA,8.794419310331403,NA,NA,NA,NA,NA,NA,NA,NA,NA,NA,NA,NA,NA,0.3672787927379008,NA,1.2255596779496731,NA,NA,NA,NA,NA,NA,NA,NA,NA,NA,NA,NA,NA,NA,Miami,Dolphins,MIA,DST,NA,50
DST,0506,average,NA,NA,NA,NA,NA,NA,NA,NA,NA,NA,NA,NA,NA,NA,NA,NA,NA,NA,NA,NA,11.814285714285715,3.2095838626570536,8.628571428571428,2.45609058309765,36.357142857142854,8.830979021387746,NA,NA,NA,NA,NA,NA,NA,NA,NA,NA,NA,NA,0.225,0.31819805153394637,2.2666666666666666,1.041899973872519,NA,NA,NA,NA,NA,NA,NA,NA,NA,NA,NA,NA,NA,NA,Cincinnati,Bengals,CIN,DST,NA,50
DST,0506,robust,NA,NA,NA,NA,NA,NA,NA,NA,NA,NA,NA,NA,NA,NA,NA,NA,NA,NA,0,NA,12.5,0.8895599999999995,8.6,1.4826,39.25,1.4826,NA,NA,NA,NA,NA,NA,NA,NA,NA,NA,NA,NA,0.1125,0.33358499999999996,2.158333333333333,1.18608,NA,NA,NA,NA,NA,NA,NA,NA,NA,NA,NA,NA,NA,NA,Cincinnati,Bengals,CIN,DST,NA,50
DST,0506,weighted,NA,NA,NA,NA,NA,NA,NA,NA,NA,NA,NA,NA,NA,NA,NA,NA,NA,NA,NA,NA,NA,3.4266864156975663,NA,2.850239132880249,NA,10.638867518947425,NA,NA,NA,NA,NA,NA,NA,NA,NA,NA,NA,NA,NA,0.12397996814799661,NA,1.2165695333015754,NA,NA,NA,NA,NA,NA,NA,NA,NA,NA,NA,NA,NA,NA,Cincinnati,Bengals,CIN,DST,NA,50
DL,13284,average,NA,NA,NA,NA,NA,NA,NA,NA,NA,NA,NA,NA,NA,NA,NA,NA,NA,NA,NA,NA,NA,NA,NA,NA,NA,NA,NA,NA,NA,NA,NA,NA,NA,NA,NA,NA,NA,NA,NA,NA,NA,NA,34.5,4.949747468305833,15.6,2.2627416997969516,5.6,2.2627416997969525,0,0,1.75,0.3535533905932738,0,0,0,0,Trey,Hendrickson,CIN,DE,31,3
DL,13284,robust,NA,NA,NA,NA,NA,NA,NA,NA,NA,NA,NA,NA,NA,NA,NA,NA,NA,NA,NA,NA,NA,NA,NA,NA,NA,NA,NA,NA,NA,NA,NA,NA,NA,NA,NA,NA,NA,NA,NA,NA,NA,NA,34.5,5.1891,15.6,2.372159999999999,5.6,2.37216,0,0,1.75,0.37065,0,0,0,0,Trey,Hendrickson,CIN,DE,31,3
DL,13284,weighted,NA,NA,NA,NA,NA,NA,NA,NA,NA,NA,NA,NA,NA,NA,NA,NA,NA,NA,NA,NA,NA,NA,NA,NA,NA,NA,NA,NA,NA,NA,NA,NA,NA,NA,NA,NA,NA,NA,NA,NA,NA,NA,34.3924914675768,4.949747468305833,15.55085324232082,2.2627416997969516,5.550853242320819,2.262741699796952,0,0,1.7576791808873717,0.35355339059327373,0,0,0,0,Trey,Hendrickson,CIN,DE,31,3
DL,14225,average,NA,NA,NA,NA,NA,NA,NA,NA,NA,NA,NA,NA,NA,NA,NA,NA,NA,NA,NA,NA,NA,NA,NA,NA,NA,NA,NA,NA,NA,NA,NA,NA,NA,NA,NA,NA,NA,NA,NA,NA,NA,NA,49,4.242640687119285,27.9,1.5556349186104041,4.7,0.9899494936611668,0,0,1.8,0.28284271247461895,0.75,0.3535533905932738,0,0,Maxx,Crosby,LVR,DE,28,1
DL,14225,robust,NA,NA,NA,NA,NA,NA,NA,NA,NA,NA,NA,NA,NA,NA,NA,NA,NA,NA,NA,NA,NA,NA,NA,NA,NA,NA,NA,NA,NA,NA,NA,NA,NA,NA,NA,NA,NA,NA,NA,NA,NA,NA,49,4.4478,27.9,1.6308599999999993,4.7,1.0378200000000002,0,0,1.8,0.2965199999999999,0.75,0.37065,0,0,Maxx,Crosby,LVR,DE,28,1
DL,14225,weighted,NA,NA,NA,NA,NA,NA,NA,NA,NA,NA,NA,NA,NA,NA,NA,NA,NA,NA,NA,NA,NA,NA,NA,NA,NA,NA,NA,NA,NA,NA,NA,NA,NA,NA,NA,NA,NA,NA,NA,NA,NA,NA,49.09215017064846,4.242640687119285,27.933788395904436,1.555634918610404,4.678498293515359,0.9899494936611668,0,0,1.8061433447098978,0.2828427124746189,0.757679180887372,0.35355339059327373,0,0,Maxx,Crosby,LVR,DE,28,1
DL,14249,average,NA,NA,NA,NA,NA,NA,NA,NA,NA,NA,NA,NA,NA,NA,NA,NA,NA,NA,NA,NA,NA,NA,NA,NA,NA,NA,NA,NA,NA,NA,NA,NA,NA,NA,NA,NA,NA,NA,NA,NA,NA,NA,44.05,0.07071067811865576,28.75,1.0606601717798212,3.4,1.979898987322333,0.75,0.3535533905932738,1,1.4142135623730951,0,0,0.5,0,Andrew,Van Ginkel,MIN,DE,30,1
DL,14249,robust,NA,NA,NA,NA,NA,NA,NA,NA,NA,NA,NA,NA,NA,NA,NA,NA,NA,NA,NA,NA,NA,NA,NA,NA,NA,NA,NA,NA,NA,NA,NA,NA,NA,NA,NA,NA,NA,NA,NA,NA,NA,NA,44.05,0.07413000000000106,28.75,1.11195,3.4,2.07564,0.75,0.37065,1,1.4826,0,0,0.5,0,Andrew,Van Ginkel,MIN,DE,30,1
DL,14249,weighted,NA,NA,NA,NA,NA,NA,NA,NA,NA,NA,NA,NA,NA,NA,NA,NA,NA,NA,NA,NA,NA,NA,NA,NA,NA,NA,NA,NA,NA,NA,NA,NA,NA,NA,NA,NA,NA,NA,NA,NA,NA,NA,44.04846416382253,0.07071067811865575,28.726962457337883,1.0606601717798212,3.356996587030716,1.9798989873223327,0.757679180887372,0.35355339059327373,0.9692832764505119,1.414213562373095,0,0,0.5,0,Andrew,Van Ginkel,MIN,DE,30,1
DL,13198,average,NA,NA,NA,NA,NA,NA,NA,NA,NA,NA,NA,NA,NA,NA,NA,NA,NA,NA,NA,NA,NA,NA,NA,NA,NA,NA,NA,NA,NA,NA,NA,NA,NA,NA,NA,NA,NA,NA,NA,NA,NA,NA,41,4.242640687119285,11.55,2.050609665440988,2.1,0.14142135623730964,0,0,3.15,0.21213203435596414,1.2,0.28284271247461895,0,0,Myles,Garrett,CLE,DE,30,3
DL,13198,robust,NA,NA,NA,NA,NA,NA,NA,NA,NA,NA,NA,NA,NA,NA,NA,NA,NA,NA,NA,NA,NA,NA,NA,NA,NA,NA,NA,NA,NA,NA,NA,NA,NA,NA,NA,NA,NA,NA,NA,NA,NA,NA,41,4.4478,11.55,2.14977,2.1,0.14826000000000011,0,0,3.15,0.22238999999999987,1.2,0.2965199999999999,0,0,Myles,Garrett,CLE,DE,30,3
DL,13198,weighted,NA,NA,NA,NA,NA,NA,NA,NA,NA,NA,NA,NA,NA,NA,NA,NA,NA,NA,NA,NA,NA,NA,NA,NA,NA,NA,NA,NA,NA,NA,NA,NA,NA,NA,NA,NA,NA,NA,NA,NA,NA,NA,40.907849829351534,4.242640687119285,11.594539249146758,2.050609665440988,2.0969283276450517,0.14142135623730961,0,0,3.1453924914675766,0.21213203435596412,1.1938566552901024,0.28284271247461895,0,0,Myles,Garrett,CLE,DE,30,3
DL,16223,average,NA,NA,NA,NA,NA,NA,NA,NA,NA,NA,NA,NA,NA,NA,NA,NA,NA,NA,NA,NA,NA,NA,NA,NA,NA,NA,NA,NA,NA,NA,NA,NA,NA,NA,NA,NA,NA,NA,NA,NA,NA,NA,34,4.242640687119285,16.9,0.141421356237309,3.85,2.616295090390226,0,0,0.95,0.07071067811865474,0.35,0.49497474683058323,0,0,Will,Anderson,HOU,DE,24,-3
DL,16223,robust,NA,NA,NA,NA,NA,NA,NA,NA,NA,NA,NA,NA,NA,NA,NA,NA,NA,NA,NA,NA,NA,NA,NA,NA,NA,NA,NA,NA,NA,NA,NA,NA,NA,NA,NA,NA,NA,NA,NA,NA,NA,NA,34,4.4478,16.9,0.14825999999999948,3.85,2.74281,0,0,0.95,0.07412999999999997,0.35,0.51891,0,0,Will,Anderson,HOU,DE,24,-3
DL,16223,weighted,NA,NA,NA,NA,NA,NA,NA,NA,NA,NA,NA,NA,NA,NA,NA,NA,NA,NA,NA,NA,NA,NA,NA,NA,NA,NA,NA,NA,NA,NA,NA,NA,NA,NA,NA,NA,NA,NA,NA,NA,NA,NA,33.907849829351534,4.242640687119285,16.903071672354947,0.141421356237309,3.7931740614334473,2.616295090390226,0,0,0.9515358361774744,0.07071067811865474,0.33924914675767914,0.4949747468305832,0,0,Will,Anderson,HOU,DE,24,-3
DL,15805,average,NA,NA,NA,NA,NA,NA,NA,NA,NA,NA,NA,NA,NA,NA,NA,NA,NA,NA,NA,NA,NA,NA,NA,NA,NA,NA,NA,NA,NA,NA,NA,NA,NA,NA,NA,NA,NA,NA,NA,NA,NA,NA,38.5,0.7071067811865476,17.55,0.6363961030678917,4.5,0.7071067811865476,1,1.4142135623730951,2.15,0.21213203435596414,1.05,0.07071067811865482,0,0,Aidan,Hutchinson,DET,DE,25,-2
DL,15805,robust,NA,NA,NA,NA,NA,NA,NA,NA,NA,NA,NA,NA,NA,NA,NA,NA,NA,NA,NA,NA,NA,NA,NA,NA,NA,NA,NA,NA,NA,NA,NA,NA,NA,NA,NA,NA,NA,NA,NA,NA,NA,NA,38.5,0.7413,17.55,0.6671699999999989,4.5,0.7413,1,1.4826,2.15,0.22238999999999987,1.05,0.07413000000000006,0,0,Aidan,Hutchinson,DET,DE,25,-2
DL,15805,weighted,NA,NA,NA,NA,NA,NA,NA,NA,NA,NA,NA,NA,NA,NA,NA,NA,NA,NA,NA,NA,NA,NA,NA,NA,NA,NA,NA,NA,NA,NA,NA,NA,NA,NA,NA,NA,NA,NA,NA,NA,NA,NA,38.484641638225256,0.7071067811865475,17.56382252559727,0.6363961030678917,4.515358361774744,0.7071067811865475,1.030716723549488,1.414213562373095,2.1453924914675766,0.21213203435596412,1.0484641638225258,0.07071067811865481,0,0,Aidan,Hutchinson,DET,DE,25,-2
DL,14882,average,NA,NA,NA,NA,NA,NA,NA,NA,NA,NA,NA,NA,NA,NA,NA,NA,NA,NA,NA,NA,NA,NA,NA,NA,NA,NA,NA,NA,NA,NA,NA,NA,NA,NA,NA,NA,NA,NA,NA,NA,NA,NA,41,4.242640687119285,20,4.242640687119285,2.8,1.1313708498984762,0.15,0.21213203435596426,2.35,0.4949747468305834,0,0,0.3,0,Jonathan,Greenard,MIN,DE,28,0
DL,14882,robust,NA,NA,NA,NA,NA,NA,NA,NA,NA,NA,NA,NA,NA,NA,NA,NA,NA,NA,NA,NA,NA,NA,NA,NA,NA,NA,NA,NA,NA,NA,NA,NA,NA,NA,NA,NA,NA,NA,NA,NA,NA,NA,41,4.4478,20,4.4478,2.8,1.18608,0.15,0.22238999999999998,2.35,0.5189100000000001,0,0,0.3,0,Jonathan,Greenard,MIN,DE,28,0
DL,14882,weighted,NA,NA,NA,NA,NA,NA,NA,NA,NA,NA,NA,NA,NA,NA,NA,NA,NA,NA,NA,NA,NA,NA,NA,NA,NA,NA,NA,NA,NA,NA,NA,NA,NA,NA,NA,NA,NA,NA,NA,NA,NA,NA,40.907849829351534,4.242640687119285,19.907849829351534,4.242640687119285,2.7754266211604093,1.131370849898476,0.14539249146757677,0.21213203435596423,2.3392491467576795,0.4949747468305834,0,0,0.3,0,Jonathan,Greenard,MIN,DE,28,0
DL,12225,average,NA,NA,NA,NA,NA,NA,NA,NA,NA,NA,NA,NA,NA,NA,NA,NA,NA,NA,NA,NA,NA,NA,NA,NA,NA,NA,NA,NA,NA,NA,NA,NA,NA,NA,NA,NA,NA,NA,NA,NA,NA,NA,37,7.0710678118654755,29.5,6.363961030678928,2.65,0.9192388155425116,0.05,0.07071067811865477,0.4,0.5656854249492381,0,0,0.1,0,Leonard,Williams,SEA,DT,31,5
DL,12225,robust,NA,NA,NA,NA,NA,NA,NA,NA,NA,NA,NA,NA,NA,NA,NA,NA,NA,NA,NA,NA,NA,NA,NA,NA,NA,NA,NA,NA,NA,NA,NA,NA,NA,NA,NA,NA,NA,NA,NA,NA,NA,NA,37,7.412999999999999,29.5,6.6716999999999995,2.65,0.9636899999999998,0.05,0.07413,0.4,0.59304,0,0,0.1,0,Leonard,Williams,SEA,DT,31,5
DL,12225,weighted,NA,NA,NA,NA,NA,NA,NA,NA,NA,NA,NA,NA,NA,NA,NA,NA,NA,NA,NA,NA,NA,NA,NA,NA,NA,NA,NA,NA,NA,NA,NA,NA,NA,NA,NA,NA,NA,NA,NA,NA,NA,NA,36.846416382252556,7.071067811865475,29.361774744027304,6.363961030678928,2.6300341296928327,0.9192388155425116,0.048464163822525594,0.07071067811865475,0.38771331058020475,0.565685424949238,0,0,0.1,0,Leonard,Williams,SEA,DT,31,5
DL,15808,average,NA,NA,NA,NA,NA,NA,NA,NA,NA,NA,NA,NA,NA,NA,NA,NA,NA,NA,NA,NA,NA,NA,NA,NA,NA,NA,NA,NA,NA,NA,NA,NA,NA,NA,NA,NA,NA,NA,NA,NA,NA,NA,29.5,9.192388155425117,18.2,1.6970562748477132,3.6,0.5656854249492379,0,0,0.45,0.6363961030678927,0.85,0.21213203435596428,0,0,George,Karlaftis,KCC,DE,24,-2
DL,15808,robust,NA,NA,NA,NA,NA,NA,NA,NA,NA,NA,NA,NA,NA,NA,NA,NA,NA,NA,NA,NA,NA,NA,NA,NA,NA,NA,NA,NA,NA,NA,NA,NA,NA,NA,NA,NA,NA,NA,NA,NA,NA,NA,29.5,9.636899999999999,18.2,1.779119999999999,3.6,0.5930399999999998,0,0,0.45,0.6671699999999999,0.85,0.22239000000000003,0,0,George,Karlaftis,KCC,DE,24,-2
DL,15808,weighted,NA,NA,NA,NA,NA,NA,NA,NA,NA,NA,NA,NA,NA,NA,NA,NA,NA,NA,NA,NA,NA,NA,NA,NA,NA,NA,NA,NA,NA,NA,NA,NA,NA,NA,NA,NA,NA,NA,NA,NA,NA,NA,29.300341296928327,9.192388155425117,18.163139931740613,1.697056274847713,3.6122866894197956,0.5656854249492378,0,0,0.4361774744027304,0.6363961030678927,0.8546075085324231,0.21213203435596428,0,0,George,Karlaftis,KCC,DE,24,-2
DL,13681,average,NA,NA,NA,NA,NA,NA,NA,NA,NA,NA,NA,NA,NA,NA,NA,NA,NA,NA,NA,NA,NA,NA,NA,NA,NA,NA,NA,NA,NA,NA,NA,NA,NA,NA,NA,NA,NA,NA,NA,NA,NA,NA,37.5,0.7071067811865476,18.45,3.6062445840513924,3.5,2.1213203435596424,0.45,0.6363961030678927,2.8,0.28284271247461895,1.1,0.14142135623730948,0.2,0,Bradley,Chubb,MIA,DE,29,2
DL,13681,robust,NA,NA,NA,NA,NA,NA,NA,NA,NA,NA,NA,NA,NA,NA,NA,NA,NA,NA,NA,NA,NA,NA,NA,NA,NA,NA,NA,NA,NA,NA,NA,NA,NA,NA,NA,NA,NA,NA,NA,NA,NA,NA,37.5,0.7413,18.45,3.7806299999999995,3.5,2.2239,0.45,0.6671699999999999,2.8,0.2965199999999999,1.1,0.14825999999999995,0.2,0,Bradley,Chubb,MIA,DE,29,2
DL,13681,weighted,NA,NA,NA,NA,NA,NA,NA,NA,NA,NA,NA,NA,NA,NA,NA,NA,NA,NA,NA,NA,NA,NA,NA,NA,NA,NA,NA,NA,NA,NA,NA,NA,NA,NA,NA,NA,NA,NA,NA,NA,NA,NA,37.515358361774744,0.7071067811865475,18.528327645051196,3.606244584051392,3.4539249146757682,2.1213203435596424,0.4361774744027304,0.6363961030678927,2.8061433447098976,0.28284271247461895,1.0969283276450512,0.14142135623730948,0.2,0,Bradley,Chubb,MIA,DE,29,2
DL,13214,average,NA,NA,NA,NA,NA,NA,NA,NA,NA,NA,NA,NA,NA,NA,NA,NA,NA,NA,NA,NA,NA,NA,NA,NA,NA,NA,NA,NA,NA,NA,NA,NA,NA,NA,NA,NA,NA,NA,NA,NA,NA,NA,39.45,3.6062445840513933,21.5,0.7071067811865476,4.5,0.7071067811865476,0.7,0.4242640687119285,3.7,0.42426406871192857,1,0,0,0,T.J.,Watt,PIT,DE,31,3
DL,13214,robust,NA,NA,NA,NA,NA,NA,NA,NA,NA,NA,NA,NA,NA,NA,NA,NA,NA,NA,NA,NA,NA,NA,NA,NA,NA,NA,NA,NA,NA,NA,NA,NA,NA,NA,NA,NA,NA,NA,NA,NA,NA,NA,39.45,3.780630000000001,21.5,0.7413,4.5,0.7413,0.7,0.44477999999999995,3.7,0.44478000000000006,1,0,0,0,T.J.,Watt,PIT,DE,31,3
DL,13214,weighted,NA,NA,NA,NA,NA,NA,NA,NA,NA,NA,NA,NA,NA,NA,NA,NA,NA,NA,NA,NA,NA,NA,NA,NA,NA,NA,NA,NA,NA,NA,NA,NA,NA,NA,NA,NA,NA,NA,NA,NA,NA,NA,39.52832764505119,3.6062445840513933,21.484641638225256,0.7071067811865475,4.515358361774744,0.7071067811865475,0.7092150170648464,0.42426406871192845,3.709215017064847,0.42426406871192857,1,0,0,0,T.J.,Watt,PIT,DE,31,3
DL,16699,average,NA,NA,NA,NA,NA,NA,NA,NA,NA,NA,NA,NA,NA,NA,NA,NA,NA,NA,NA,NA,NA,NA,NA,NA,NA,NA,NA,NA,NA,NA,NA,NA,NA,NA,NA,NA,NA,NA,NA,NA,NA,NA,27.55,14.919953083036154,12.8,2.545584412271571,1.45,0.6363961030678927,0,0,1.9,1.2727922061357855,0,0,0,0,Marshawn,Kneeland,DAL,DE,24,-4
DL,16699,robust,NA,NA,NA,NA,NA,NA,NA,NA,NA,NA,NA,NA,NA,NA,NA,NA,NA,NA,NA,NA,NA,NA,NA,NA,NA,NA,NA,NA,NA,NA,NA,NA,NA,NA,NA,NA,NA,NA,NA,NA,NA,NA,27.55,15.64143,12.8,2.6686799999999997,1.45,0.6671699999999999,0,0,1.9,1.3343399999999999,0,0,0,0,Marshawn,Kneeland,DAL,DE,24,-4
DL,16699,weighted,NA,NA,NA,NA,NA,NA,NA,NA,NA,NA,NA,NA,NA,NA,NA,NA,NA,NA,NA,NA,NA,NA,NA,NA,NA,NA,NA,NA,NA,NA,NA,NA,NA,NA,NA,NA,NA,NA,NA,NA,NA,NA,27.2259385665529,14.919953083036154,12.744709897610923,2.5455844122715705,1.4361774744027302,0.6363961030678926,0,0,1.8723549488054607,1.2727922061357853,0,0,0,0,Marshawn,Kneeland,DAL,DE,24,-4
DL,11721,average,NA,NA,NA,NA,NA,NA,NA,NA,NA,NA,NA,NA,NA,NA,NA,NA,NA,NA,NA,NA,NA,NA,NA,NA,NA,NA,NA,NA,NA,NA,NA,NA,NA,NA,NA,NA,NA,NA,NA,NA,NA,NA,35,0,19.25,1.7677669529663689,6.9,0.14142135623730964,0,0,2.3,0.42426406871192857,0.35,0.49497474683058323,0,0,Khalil,Mack,LAC,DE,34,6
DL,11721,robust,NA,NA,NA,NA,NA,NA,NA,NA,NA,NA,NA,NA,NA,NA,NA,NA,NA,NA,NA,NA,NA,NA,NA,NA,NA,NA,NA,NA,NA,NA,NA,NA,NA,NA,NA,NA,NA,NA,NA,NA,NA,NA,35,0,19.25,1.8532499999999998,6.9,0.14826000000000011,0,0,2.3,0.44478000000000006,0.35,0.51891,0,0,Khalil,Mack,LAC,DE,34,6
DL,11721,weighted,NA,NA,NA,NA,NA,NA,NA,NA,NA,NA,NA,NA,NA,NA,NA,NA,NA,NA,NA,NA,NA,NA,NA,NA,NA,NA,NA,NA,NA,NA,NA,NA,NA,NA,NA,NA,NA,NA,NA,NA,NA,NA,35,0,19.21160409556314,1.7677669529663687,6.903071672354948,0.14142135623730961,0,0,2.2907849829351536,0.42426406871192857,0.33924914675767914,0.4949747468305832,0,0,Khalil,Mack,LAC,DE,34,6
DL,14167,average,NA,NA,NA,NA,NA,NA,NA,NA,NA,NA,NA,NA,NA,NA,NA,NA,NA,NA,NA,NA,NA,NA,NA,NA,NA,NA,NA,NA,NA,NA,NA,NA,NA,NA,NA,NA,NA,NA,NA,NA,NA,NA,37.5,0.7071067811865476,21.8,1.1313708498984771,1.7,0.42426406871192857,0.75,0.3535533905932738,1.4,0.5656854249492381,0.35,0.49497474683058323,0,0,Josh,Hines-Allen,JAC,DE,28,1
DL,14167,robust,NA,NA,NA,NA,NA,NA,NA,NA,NA,NA,NA,NA,NA,NA,NA,NA,NA,NA,NA,NA,NA,NA,NA,NA,NA,NA,NA,NA,NA,NA,NA,NA,NA,NA,NA,NA,NA,NA,NA,NA,NA,NA,37.5,0.7413,21.8,1.186080000000001,1.7,0.44478000000000006,0.75,0.37065,1.4,0.59304,0.35,0.51891,0,0,Josh,Hines-Allen,JAC,DE,28,1
DL,14167,weighted,NA,NA,NA,NA,NA,NA,NA,NA,NA,NA,NA,NA,NA,NA,NA,NA,NA,NA,NA,NA,NA,NA,NA,NA,NA,NA,NA,NA,NA,NA,NA,NA,NA,NA,NA,NA,NA,NA,NA,NA,NA,NA,37.515358361774744,0.7071067811865475,21.775426621160413,1.131370849898477,1.7092150170648461,0.42426406871192857,0.757679180887372,0.35355339059327373,1.3877133105802046,0.565685424949238,0.33924914675767914,0.4949747468305832,0,0,Josh,Hines-Allen,JAC,DE,28,1
DL,11769,average,NA,NA,NA,NA,NA,NA,NA,NA,NA,NA,NA,NA,NA,NA,NA,NA,NA,NA,NA,NA,NA,NA,NA,NA,NA,NA,NA,NA,NA,NA,NA,NA,NA,NA,NA,NA,NA,NA,NA,NA,NA,NA,31,8.48528137423857,19.9,2.687005768508881,2.85,0.21213203435596414,0,0,1.7,0.9899494936611665,0,0,0,0,Demarcus,Lawrence,SEA,DE,33,6
DL,11769,robust,NA,NA,NA,NA,NA,NA,NA,NA,NA,NA,NA,NA,NA,NA,NA,NA,NA,NA,NA,NA,NA,NA,NA,NA,NA,NA,NA,NA,NA,NA,NA,NA,NA,NA,NA,NA,NA,NA,NA,NA,NA,NA,31,8.8956,19.9,2.8169400000000002,2.85,0.22238999999999987,0,0,1.7,1.03782,0,0,0,0,Demarcus,Lawrence,SEA,DE,33,6
DL,11769,weighted,NA,NA,NA,NA,NA,NA,NA,NA,NA,NA,NA,NA,NA,NA,NA,NA,NA,NA,NA,NA,NA,NA,NA,NA,NA,NA,NA,NA,NA,NA,NA,NA,NA,NA,NA,NA,NA,NA,NA,NA,NA,NA,30.815699658703075,8.48528137423857,19.84163822525597,2.687005768508881,2.8546075085324234,0.21213203435596412,0,0,1.678498293515358,0.9899494936611664,0,0,0,0,Demarcus,Lawrence,SEA,DE,33,6
DL,15349,average,NA,NA,NA,NA,NA,NA,NA,NA,NA,NA,NA,NA,NA,NA,NA,NA,NA,NA,NA,NA,NA,NA,NA,NA,NA,NA,NA,NA,NA,NA,NA,NA,NA,NA,NA,NA,NA,NA,NA,NA,NA,NA,33.5,2.1213203435596424,19.25,1.7677669529663689,3.3,1.8384776310850233,0.3,0.4242640687119285,1,0,0.3,0.4242640687119285,0.3,0,Jaelan,Phillips,MIA,DE,26,-1
DL,15349,robust,NA,NA,NA,NA,NA,NA,NA,NA,NA,NA,NA,NA,NA,NA,NA,NA,NA,NA,NA,NA,NA,NA,NA,NA,NA,NA,NA,NA,NA,NA,NA,NA,NA,NA,NA,NA,NA,NA,NA,NA,NA,NA,33.5,2.2239,19.25,1.8532499999999998,3.3,1.9273799999999996,0.3,0.44477999999999995,1,0,0.3,0.44477999999999995,0.3,0,Jaelan,Phillips,MIA,DE,26,-1
DL,15349,weighted,NA,NA,NA,NA,NA,NA,NA,NA,NA,NA,NA,NA,NA,NA,NA,NA,NA,NA,NA,NA,NA,NA,NA,NA,NA,NA,NA,NA,NA,NA,NA,NA,NA,NA,NA,NA,NA,NA,NA,NA,NA,NA,33.45392491467577,2.1213203435596424,19.21160409556314,1.7677669529663687,3.260068259385665,1.8384776310850233,0.29078498293515354,0.42426406871192845,1,0,0.29078498293515354,0.42426406871192845,0.3,0,Jaelan,Phillips,MIA,DE,26,-1
DL,14171,average,NA,NA,NA,NA,NA,NA,NA,NA,NA,NA,NA,NA,NA,NA,NA,NA,NA,NA,NA,NA,NA,NA,NA,NA,NA,NA,NA,NA,NA,NA,NA,NA,NA,NA,NA,NA,NA,NA,NA,NA,NA,NA,36.15,1.2020815280171329,23.9,0.141421356237309,4.85,1.2020815280171309,0,0,1.5,0.7071067811865476,0,0,0,0,Brian,Burns,NYG,DE,27,1
DL,14171,robust,NA,NA,NA,NA,NA,NA,NA,NA,NA,NA,NA,NA,NA,NA,NA,NA,NA,NA,NA,NA,NA,NA,NA,NA,NA,NA,NA,NA,NA,NA,NA,NA,NA,NA,NA,NA,NA,NA,NA,NA,NA,NA,36.15,1.260210000000002,23.9,0.14825999999999948,4.85,1.26021,0,0,1.5,0.7413,0,0,0,0,Brian,Burns,NYG,DE,27,1
DL,14171,weighted,NA,NA,NA,NA,NA,NA,NA,NA,NA,NA,NA,NA,NA,NA,NA,NA,NA,NA,NA,NA,NA,NA,NA,NA,NA,NA,NA,NA,NA,NA,NA,NA,NA,NA,NA,NA,NA,NA,NA,NA,NA,NA,36.176109215017064,1.2020815280171329,23.903071672354947,0.141421356237309,4.823890784982935,1.2020815280171309,0,0,1.4846416382252559,0.7071067811865475,0,0,0,0,Brian,Burns,NYG,DE,27,1
DL,13700,average,NA,NA,NA,NA,NA,NA,NA,NA,NA,NA,NA,NA,NA,NA,NA,NA,NA,NA,NA,NA,NA,NA,NA,NA,NA,NA,NA,NA,NA,NA,NA,NA,NA,NA,NA,NA,NA,NA,NA,NA,NA,NA,39.8,2.545584412271572,29.3,3.2526911934581197,1.75,0.3535533905932738,0,0,0.5,0.7071067811865476,0,0,0,0,Harold,Landry,NEP,DE,29,2
DL,13700,robust,NA,NA,NA,NA,NA,NA,NA,NA,NA,NA,NA,NA,NA,NA,NA,NA,NA,NA,NA,NA,NA,NA,NA,NA,NA,NA,NA,NA,NA,NA,NA,NA,NA,NA,NA,NA,NA,NA,NA,NA,NA,NA,39.8,2.668680000000001,29.3,3.409980000000001,1.75,0.37065,0,0,0.5,0.7413,0,0,0,0,Harold,Landry,NEP,DE,29,2
DL,13700,weighted,NA,NA,NA,NA,NA,NA,NA,NA,NA,NA,NA,NA,NA,NA,NA,NA,NA,NA,NA,NA,NA,NA,NA,NA,NA,NA,NA,NA,NA,NA,NA,NA,NA,NA,NA,NA,NA,NA,NA,NA,NA,NA,39.74470989761092,2.545584412271572,29.229351535836177,3.2526911934581193,1.7576791808873717,0.35355339059327373,0,0,0.515358361774744,0.7071067811865475,0,0,0,0,Harold,Landry,NEP,DE,29,2
DL,15861,average,NA,NA,NA,NA,NA,NA,NA,NA,NA,NA,NA,NA,NA,NA,NA,NA,NA,NA,NA,NA,NA,NA,NA,NA,NA,NA,NA,NA,NA,NA,NA,NA,NA,NA,NA,NA,NA,NA,NA,NA,NA,NA,31.95,1.3435028842544392,13.85,2.616295090390225,3.15,1.6263455967290592,0.45,0.6363961030678927,1.5,0.7071067811865476,0.45,0.6363961030678927,1.8,0,Nik,Bonitto,DEN,DE,26,-2
DL,15861,robust,NA,NA,NA,NA,NA,NA,NA,NA,NA,NA,NA,NA,NA,NA,NA,NA,NA,NA,NA,NA,NA,NA,NA,NA,NA,NA,NA,NA,NA,NA,NA,NA,NA,NA,NA,NA,NA,NA,NA,NA,NA,NA,31.95,1.4084699999999988,13.85,2.7428099999999995,3.15,1.7049899999999998,0.45,0.6671699999999999,1.5,0.7413,0.45,0.6671699999999999,1.8,0,Nik,Bonitto,DEN,DE,26,-2
DL,15861,weighted,NA,NA,NA,NA,NA,NA,NA,NA,NA,NA,NA,NA,NA,NA,NA,NA,NA,NA,NA,NA,NA,NA,NA,NA,NA,NA,NA,NA,NA,NA,NA,NA,NA,NA,NA,NA,NA,NA,NA,NA,NA,NA,31.92081911262798,1.3435028842544392,13.793174061433445,2.616295090390225,3.1146757679180883,1.626345596729059,0.4361774744027304,0.6363961030678927,1.4846416382252559,0.7071067811865475,0.4361774744027304,0.6363961030678927,1.8,0,Nik,Bonitto,DEN,DE,26,-2
DL,14940,average,NA,NA,NA,NA,NA,NA,NA,NA,NA,NA,NA,NA,NA,NA,NA,NA,NA,NA,NA,NA,NA,NA,NA,NA,NA,NA,NA,NA,NA,NA,NA,NA,NA,NA,NA,NA,NA,NA,NA,NA,NA,NA,33.65,3.7476659402887,21.3,0.4242640687119295,2.8,1.1313708498984762,0.85,0.21213203435596428,1.25,1.0606601717798212,0.1,0.14142135623730953,0,0,Alex,Highsmith,PIT,DE,28,0
DL,14940,robust,NA,NA,NA,NA,NA,NA,NA,NA,NA,NA,NA,NA,NA,NA,NA,NA,NA,NA,NA,NA,NA,NA,NA,NA,NA,NA,NA,NA,NA,NA,NA,NA,NA,NA,NA,NA,NA,NA,NA,NA,NA,NA,33.65,3.9288899999999978,21.3,0.444780000000001,2.8,1.18608,0.85,0.22239000000000003,1.25,1.11195,0.1,0.14826,0,0,Alex,Highsmith,PIT,DE,28,0
DL,14940,weighted,NA,NA,NA,NA,NA,NA,NA,NA,NA,NA,NA,NA,NA,NA,NA,NA,NA,NA,NA,NA,NA,NA,NA,NA,NA,NA,NA,NA,NA,NA,NA,NA,NA,NA,NA,NA,NA,NA,NA,NA,NA,NA,33.56860068259385,3.7476659402887,21.290784982935154,0.4242640687119295,2.7754266211604093,1.131370849898476,0.8546075085324231,0.21213203435596428,1.273037542662116,1.0606601717798212,0.09692832764505119,0.1414213562373095,0,0,Alex,Highsmith,PIT,DE,28,0
DL,14947,average,NA,NA,NA,NA,NA,NA,NA,NA,NA,NA,NA,NA,NA,NA,NA,NA,NA,NA,NA,NA,NA,NA,NA,NA,NA,NA,NA,NA,NA,NA,NA,NA,NA,NA,NA,NA,NA,NA,NA,NA,NA,NA,32.95,5.586143571373724,25,2.8284271247461903,2.75,1.0606601717798212,0,0,0.6,0.848528137423857,0.15,0.21213203435596426,0,0,D.J.,Wonnum,CAR,DE,28,0
DL,14947,robust,NA,NA,NA,NA,NA,NA,NA,NA,NA,NA,NA,NA,NA,NA,NA,NA,NA,NA,NA,NA,NA,NA,NA,NA,NA,NA,NA,NA,NA,NA,NA,NA,NA,NA,NA,NA,NA,NA,NA,NA,NA,NA,32.95,5.8562699999999985,25,2.9652,2.75,1.11195,0,0,0.6,0.8895599999999999,0.15,0.22238999999999998,0,0,D.J.,Wonnum,CAR,DE,28,0
DL,14947,weighted,NA,NA,NA,NA,NA,NA,NA,NA,NA,NA,NA,NA,NA,NA,NA,NA,NA,NA,NA,NA,NA,NA,NA,NA,NA,NA,NA,NA,NA,NA,NA,NA,NA,NA,NA,NA,NA,NA,NA,NA,NA,NA,32.82866894197952,5.586143571373724,24.938566552901023,2.82842712474619,2.726962457337884,1.0606601717798212,0,0,0.5815699658703071,0.8485281374238569,0.14539249146757677,0.21213203435596423,0,0,D.J.,Wonnum,CAR,DE,28,0
DL,14153,average,NA,NA,NA,NA,NA,NA,NA,NA,NA,NA,NA,NA,NA,NA,NA,NA,NA,NA,NA,NA,NA,NA,NA,NA,NA,NA,NA,NA,NA,NA,NA,NA,NA,NA,NA,NA,NA,NA,NA,NA,NA,NA,32,2.8284271247461903,27.75,0.3535533905932738,1.6,0.5656854249492381,0.1,0.14142135623730953,1.05,0.07071067811865482,0.1,0.14142135623730953,0,0,Zach,Allen,DEN,DT,28,1
DL,14153,robust,NA,NA,NA,NA,NA,NA,NA,NA,NA,NA,NA,NA,NA,NA,NA,NA,NA,NA,NA,NA,NA,NA,NA,NA,NA,NA,NA,NA,NA,NA,NA,NA,NA,NA,NA,NA,NA,NA,NA,NA,NA,NA,32,2.9652,27.75,0.37065,1.6,0.59304,0.1,0.14826,1.05,0.07413000000000006,0.1,0.14826,0,0,Zach,Allen,DEN,DT,28,1
DL,14153,weighted,NA,NA,NA,NA,NA,NA,NA,NA,NA,NA,NA,NA,NA,NA,NA,NA,NA,NA,NA,NA,NA,NA,NA,NA,NA,NA,NA,NA,NA,NA,NA,NA,NA,NA,NA,NA,NA,NA,NA,NA,NA,NA,31.938566552901026,2.82842712474619,27.757679180887372,0.35355339059327373,1.6122866894197951,0.5656854249492381,0.09692832764505119,0.1414213562373095,1.0484641638225258,0.07071067811865481,0.09692832764505119,0.1414213562373095,0,0,Zach,Allen,DEN,DT,28,1
DL,14163,average,NA,NA,NA,NA,NA,NA,NA,NA,NA,NA,NA,NA,NA,NA,NA,NA,NA,NA,NA,NA,NA,NA,NA,NA,NA,NA,NA,NA,NA,NA,NA,NA,NA,NA,NA,NA,NA,NA,NA,NA,NA,NA,37.85,3.0405591591021524,30.45,2.1920310216782983,3.65,0.4949747468305834,0,0,2.05,0.07071067811865482,1.05,1.4849242404917498,0,0,Jeffery,Simmons,TEN,DT,28,1
DL,14163,robust,NA,NA,NA,NA,NA,NA,NA,NA,NA,NA,NA,NA,NA,NA,NA,NA,NA,NA,NA,NA,NA,NA,NA,NA,NA,NA,NA,NA,NA,NA,NA,NA,NA,NA,NA,NA,NA,NA,NA,NA,NA,NA,37.85,3.187589999999998,30.45,2.298030000000001,3.65,0.5189100000000001,0,0,2.05,0.07413000000000006,1.05,1.55673,0,0,Jeffery,Simmons,TEN,DT,28,1
DL,14163,weighted,NA,NA,NA,NA,NA,NA,NA,NA,NA,NA,NA,NA,NA,NA,NA,NA,NA,NA,NA,NA,NA,NA,NA,NA,NA,NA,NA,NA,NA,NA,NA,NA,NA,NA,NA,NA,NA,NA,NA,NA,NA,NA,37.9160409556314,3.0405591591021524,30.49761092150171,2.1920310216782983,3.660750853242321,0.4949747468305834,0,0,2.0484641638225254,0.07071067811865481,1.0177474402730375,1.4849242404917498,0,0,Jeffery,Simmons,TEN,DT,28,1
DL,13690,average,NA,NA,NA,NA,NA,NA,NA,NA,NA,NA,NA,NA,NA,NA,NA,NA,NA,NA,NA,NA,NA,NA,NA,NA,NA,NA,NA,NA,NA,NA,NA,NA,NA,NA,NA,NA,NA,NA,NA,NA,NA,NA,31.7,3.8183766184073558,16,1.4142135623730951,2.3,0.42426406871192857,0,0,1.4,0.5656854249492381,0,0,0,0,Josh,Sweat,ARI,DE,28,2
DL,13690,robust,NA,NA,NA,NA,NA,NA,NA,NA,NA,NA,NA,NA,NA,NA,NA,NA,NA,NA,NA,NA,NA,NA,NA,NA,NA,NA,NA,NA,NA,NA,NA,NA,NA,NA,NA,NA,NA,NA,NA,NA,NA,NA,31.7,4.0030199999999985,16,1.4826,2.3,0.44478000000000006,0,0,1.4,0.59304,0,0,0,0,Josh,Sweat,ARI,DE,28,2
DL,13690,weighted,NA,NA,NA,NA,NA,NA,NA,NA,NA,NA,NA,NA,NA,NA,NA,NA,NA,NA,NA,NA,NA,NA,NA,NA,NA,NA,NA,NA,NA,NA,NA,NA,NA,NA,NA,NA,NA,NA,NA,NA,NA,NA,31.617064846416383,3.8183766184073553,15.969283276450513,1.414213562373095,2.2907849829351536,0.42426406871192857,0,0,1.3877133105802046,0.565685424949238,0,0,0,0,Josh,Sweat,ARI,DE,28,2
DL,16278,average,NA,NA,NA,NA,NA,NA,NA,NA,NA,NA,NA,NA,NA,NA,NA,NA,NA,NA,NA,NA,NA,NA,NA,NA,NA,NA,NA,NA,NA,NA,NA,NA,NA,NA,NA,NA,NA,NA,NA,NA,NA,NA,35.65,6.5760930650348906,13.8,0.2828427124746193,0,0,0,0,0.9,0.14142135623730948,0.6,0.565685424949238,0,0,YaYa,Diaby,TBB,DE,26,-3
DL,16278,robust,NA,NA,NA,NA,NA,NA,NA,NA,NA,NA,NA,NA,NA,NA,NA,NA,NA,NA,NA,NA,NA,NA,NA,NA,NA,NA,NA,NA,NA,NA,NA,NA,NA,NA,NA,NA,NA,NA,NA,NA,NA,NA,35.65,6.894089999999998,13.8,0.29652000000000023,0,0,0,0,0.9,0.14825999999999995,0.6,0.59304,0,0,YaYa,Diaby,TBB,DE,26,-3
DL,16278,weighted,NA,NA,NA,NA,NA,NA,NA,NA,NA,NA,NA,NA,NA,NA,NA,NA,NA,NA,NA,NA,NA,NA,NA,NA,NA,NA,NA,NA,NA,NA,NA,NA,NA,NA,NA,NA,NA,NA,NA,NA,NA,NA,35.507167235494876,6.57609306503489,13.806143344709897,0.28284271247461923,0,0,0,0,0.9030716723549489,0.14142135623730945,0.6122866894197952,0.565685424949238,0,0,YaYa,Diaby,TBB,DE,26,-3
DL,16228,average,NA,NA,NA,NA,NA,NA,NA,NA,NA,NA,NA,NA,NA,NA,NA,NA,NA,NA,NA,NA,NA,NA,NA,NA,NA,NA,NA,NA,NA,NA,NA,NA,NA,NA,NA,NA,NA,NA,NA,NA,NA,NA,22.3,6.08111831820431,20.4,0.5656854249492386,2.15,0.21213203435596414,0,0,1.6,0.8485281374238571,1.55,0.7778174593052023,0,0,Nolan,Smith,PHI,DE,24,-3
DL,16228,robust,NA,NA,NA,NA,NA,NA,NA,NA,NA,NA,NA,NA,NA,NA,NA,NA,NA,NA,NA,NA,NA,NA,NA,NA,NA,NA,NA,NA,NA,NA,NA,NA,NA,NA,NA,NA,NA,NA,NA,NA,NA,NA,22.3,6.37518,20.4,0.5930400000000005,2.15,0.22238999999999987,0,0,1.6,0.8895600000000001,1.55,0.81543,0,0,Nolan,Smith,PHI,DE,24,-3
DL,16228,weighted,NA,NA,NA,NA,NA,NA,NA,NA,NA,NA,NA,NA,NA,NA,NA,NA,NA,NA,NA,NA,NA,NA,NA,NA,NA,NA,NA,NA,NA,NA,NA,NA,NA,NA,NA,NA,NA,NA,NA,NA,NA,NA,22.167918088737203,6.081118318204309,20.387713310580203,0.5656854249492385,2.1453924914675766,0.21213203435596412,0,0,1.5815699658703073,0.8485281374238571,1.5331058020477815,0.7778174593052023,0,0,Nolan,Smith,PHI,DE,24,-3
DL,14147,average,NA,NA,NA,NA,NA,NA,NA,NA,NA,NA,NA,NA,NA,NA,NA,NA,NA,NA,NA,NA,NA,NA,NA,NA,NA,NA,NA,NA,NA,NA,NA,NA,NA,NA,NA,NA,NA,NA,NA,NA,NA,NA,34.5,2.1213203435596424,16.85,0.21213203435596475,1.95,0.07071067811865482,0.7,0.4242640687119285,1.1,0.14142135623730948,0.9,0.14142135623730948,0,0,Nick,Bosa,SFO,DE,28,1
DL,14147,robust,NA,NA,NA,NA,NA,NA,NA,NA,NA,NA,NA,NA,NA,NA,NA,NA,NA,NA,NA,NA,NA,NA,NA,NA,NA,NA,NA,NA,NA,NA,NA,NA,NA,NA,NA,NA,NA,NA,NA,NA,NA,NA,34.5,2.2239,16.85,0.2223900000000005,1.95,0.07413000000000006,0.7,0.44477999999999995,1.1,0.14825999999999995,0.9,0.14825999999999995,0,0,Nick,Bosa,SFO,DE,28,1
DL,14147,weighted,NA,NA,NA,NA,NA,NA,NA,NA,NA,NA,NA,NA,NA,NA,NA,NA,NA,NA,NA,NA,NA,NA,NA,NA,NA,NA,NA,NA,NA,NA,NA,NA,NA,NA,NA,NA,NA,NA,NA,NA,NA,NA,34.54607508532423,2.1213203435596424,16.854607508532425,0.21213203435596475,1.9515358361774744,0.07071067811865481,0.7092150170648464,0.42426406871192845,1.0969283276450512,0.14142135623730948,0.9030716723549489,0.14142135623730945,0,0,Nick,Bosa,SFO,DE,28,1
DL,10266,average,NA,NA,NA,NA,NA,NA,NA,NA,NA,NA,NA,NA,NA,NA,NA,NA,NA,NA,NA,NA,NA,NA,NA,NA,NA,NA,NA,NA,NA,NA,NA,NA,NA,NA,NA,NA,NA,NA,NA,NA,NA,NA,28.8,1.6970562748477132,30,0,7.8,2.545584412271571,0,0,0.15,0.21213203435596426,0,0,0,0,Cameron,Heyward,PIT,DT,36,9
DL,10266,robust,NA,NA,NA,NA,NA,NA,NA,NA,NA,NA,NA,NA,NA,NA,NA,NA,NA,NA,NA,NA,NA,NA,NA,NA,NA,NA,NA,NA,NA,NA,NA,NA,NA,NA,NA,NA,NA,NA,NA,NA,NA,NA,28.8,1.779119999999999,30,0,7.8,2.6686799999999997,0,0,0.15,0.22238999999999998,0,0,0,0,Cameron,Heyward,PIT,DT,36,9
DL,10266,weighted,NA,NA,NA,NA,NA,NA,NA,NA,NA,NA,NA,NA,NA,NA,NA,NA,NA,NA,NA,NA,NA,NA,NA,NA,NA,NA,NA,NA,NA,NA,NA,NA,NA,NA,NA,NA,NA,NA,NA,NA,NA,NA,28.83686006825939,1.697056274847713,30,0,7.744709897610921,2.5455844122715705,0,0,0.14539249146757677,0.21213203435596423,0,0,0,0,Cameron,Heyward,PIT,DT,36,9
DL,16282,average,NA,NA,NA,NA,NA,NA,NA,NA,NA,NA,NA,NA,NA,NA,NA,NA,NA,NA,NA,NA,NA,NA,NA,NA,NA,NA,NA,NA,NA,NA,NA,NA,NA,NA,NA,NA,NA,NA,NA,NA,NA,NA,33.15,4.030508652763321,24.55,3.464823227814082,2.45,0.7778174593052023,0,0,0.6,0.565685424949238,0.6,0.565685424949238,0,0,Kobie,Turner,LAR,DT,26,-3
DL,16282,robust,NA,NA,NA,NA,NA,NA,NA,NA,NA,NA,NA,NA,NA,NA,NA,NA,NA,NA,NA,NA,NA,NA,NA,NA,NA,NA,NA,NA,NA,NA,NA,NA,NA,NA,NA,NA,NA,NA,NA,NA,NA,NA,33.15,4.225409999999999,24.55,3.6323699999999985,2.45,0.81543,0,0,0.6,0.59304,0.6,0.59304,0,0,Kobie,Turner,LAR,DT,26,-3
DL,16282,weighted,NA,NA,NA,NA,NA,NA,NA,NA,NA,NA,NA,NA,NA,NA,NA,NA,NA,NA,NA,NA,NA,NA,NA,NA,NA,NA,NA,NA,NA,NA,NA,NA,NA,NA,NA,NA,NA,NA,NA,NA,NA,NA,33.23754266211604,4.030508652763321,24.625255972696245,3.464823227814082,2.466894197952218,0.7778174593052023,0,0,0.6122866894197952,0.565685424949238,0.6122866894197952,0.565685424949238,0,0,Kobie,Turner,LAR,DT,26,-3
DL,15815,average,NA,NA,NA,NA,NA,NA,NA,NA,NA,NA,NA,NA,NA,NA,NA,NA,NA,NA,NA,NA,NA,NA,NA,NA,NA,NA,NA,NA,NA,NA,NA,NA,NA,NA,NA,NA,NA,NA,NA,NA,NA,NA,28.1,1.272792206135786,26.75,0.3535533905932738,1.05,0.07071067811865482,0,0,1.1,0.14142135623730948,0.5,0.7071067811865476,0.6,0,Travon,Walker,JAC,DE,25,-2
DL,15815,robust,NA,NA,NA,NA,NA,NA,NA,NA,NA,NA,NA,NA,NA,NA,NA,NA,NA,NA,NA,NA,NA,NA,NA,NA,NA,NA,NA,NA,NA,NA,NA,NA,NA,NA,NA,NA,NA,NA,NA,NA,NA,NA,28.1,1.3343400000000005,26.75,0.37065,1.05,0.07413000000000006,0,0,1.1,0.14825999999999995,0.5,0.7413,0.6,0,Travon,Walker,JAC,DE,25,-2
DL,15815,weighted,NA,NA,NA,NA,NA,NA,NA,NA,NA,NA,NA,NA,NA,NA,NA,NA,NA,NA,NA,NA,NA,NA,NA,NA,NA,NA,NA,NA,NA,NA,NA,NA,NA,NA,NA,NA,NA,NA,NA,NA,NA,NA,28.127645051194538,1.272792206135786,26.757679180887372,0.35355339059327373,1.0484641638225258,0.07071067811865481,0,0,1.0969283276450512,0.14142135623730948,0.48464163822525597,0.7071067811865475,0.6,0,Travon,Walker,JAC,DE,25,-2
DL,12688,average,NA,NA,NA,NA,NA,NA,NA,NA,NA,NA,NA,NA,NA,NA,NA,NA,NA,NA,NA,NA,NA,NA,NA,NA,NA,NA,NA,NA,NA,NA,NA,NA,NA,NA,NA,NA,NA,NA,NA,NA,NA,NA,35.65,10.394469683442248,35,4.242640687119285,2.85,0.21213203435596414,0,0,0.7,0.4242640687119285,0,0,0,0,DeForest,Buckner,IND,DT,31,4
DL,12688,robust,NA,NA,NA,NA,NA,NA,NA,NA,NA,NA,NA,NA,NA,NA,NA,NA,NA,NA,NA,NA,NA,NA,NA,NA,NA,NA,NA,NA,NA,NA,NA,NA,NA,NA,NA,NA,NA,NA,NA,NA,NA,NA,35.65,10.89711,35,4.4478,2.85,0.22238999999999987,0,0,0.7,0.44477999999999995,0,0,0,0,DeForest,Buckner,IND,DT,31,4
DL,12688,weighted,NA,NA,NA,NA,NA,NA,NA,NA,NA,NA,NA,NA,NA,NA,NA,NA,NA,NA,NA,NA,NA,NA,NA,NA,NA,NA,NA,NA,NA,NA,NA,NA,NA,NA,NA,NA,NA,NA,NA,NA,NA,NA,35.87576791808874,10.394469683442248,34.907849829351534,4.242640687119285,2.8546075085324234,0.21213203435596412,0,0,0.7092150170648464,0.42426406871192845,0,0,0,0,DeForest,Buckner,IND,DT,31,4
DL,15350,average,NA,NA,NA,NA,NA,NA,NA,NA,NA,NA,NA,NA,NA,NA,NA,NA,NA,NA,NA,NA,NA,NA,NA,NA,NA,NA,NA,NA,NA,NA,NA,NA,NA,NA,NA,NA,NA,NA,NA,NA,NA,NA,34.7,4.666904755831214,18.5,10.606601717798213,1.3,0.9899494936611666,0,0,1.95,0.07071067811865482,0.15,0.21213203435596426,0,0,Micah,Parsons,GBP,DE,26,-1
DL,15350,robust,NA,NA,NA,NA,NA,NA,NA,NA,NA,NA,NA,NA,NA,NA,NA,NA,NA,NA,NA,NA,NA,NA,NA,NA,NA,NA,NA,NA,NA,NA,NA,NA,NA,NA,NA,NA,NA,NA,NA,NA,NA,NA,34.7,4.892580000000001,18.5,11.119499999999999,1.3,1.03782,0,0,1.95,0.07413000000000006,0.15,0.22238999999999998,0,0,Micah,Parsons,GBP,DE,26,-1
DL,15350,weighted,NA,NA,NA,NA,NA,NA,NA,NA,NA,NA,NA,NA,NA,NA,NA,NA,NA,NA,NA,NA,NA,NA,NA,NA,NA,NA,NA,NA,NA,NA,NA,NA,NA,NA,NA,NA,NA,NA,NA,NA,NA,NA,34.80136518771331,4.666904755831214,18.73037542662116,10.606601717798213,1.3215017064846417,0.9899494936611666,0,0,1.9515358361774744,0.07071067811865481,0.14539249146757677,0.21213203435596423,0,0,Micah,Parsons,GBP,DE,26,-1
DL,16653,average,NA,NA,NA,NA,NA,NA,NA,NA,NA,NA,NA,NA,NA,NA,NA,NA,NA,NA,NA,NA,NA,NA,NA,NA,NA,NA,NA,NA,NA,NA,NA,NA,NA,NA,NA,NA,NA,NA,NA,NA,NA,NA,34.15,2.616295090390228,31.35,0.9192388155425123,1.45,0.7778174593052023,0,0,1.3,0.42426406871192857,1.65,0.49497474683058323,0,0,Jared,Verse,LAR,DE,25,-4
DL,16653,robust,NA,NA,NA,NA,NA,NA,NA,NA,NA,NA,NA,NA,NA,NA,NA,NA,NA,NA,NA,NA,NA,NA,NA,NA,NA,NA,NA,NA,NA,NA,NA,NA,NA,NA,NA,NA,NA,NA,NA,NA,NA,NA,34.15,2.7428100000000017,31.35,0.9636900000000005,1.45,0.81543,0,0,1.3,0.44478000000000006,1.65,0.51891,0,0,Jared,Verse,LAR,DE,25,-4
DL,16653,weighted,NA,NA,NA,NA,NA,NA,NA,NA,NA,NA,NA,NA,NA,NA,NA,NA,NA,NA,NA,NA,NA,NA,NA,NA,NA,NA,NA,NA,NA,NA,NA,NA,NA,NA,NA,NA,NA,NA,NA,NA,NA,NA,34.20682593856655,2.616295090390228,31.36996587030717,0.9192388155425123,1.4668941979522183,0.7778174593052022,0,0,1.2907849829351536,0.42426406871192857,1.6607508532423207,0.4949747468305832,0,0,Jared,Verse,LAR,DE,25,-4
DL,10292,average,NA,NA,NA,NA,NA,NA,NA,NA,NA,NA,NA,NA,NA,NA,NA,NA,NA,NA,NA,NA,NA,NA,NA,NA,NA,NA,NA,NA,NA,NA,NA,NA,NA,NA,NA,NA,NA,NA,NA,NA,NA,NA,28.45,2.050609665440987,19.85,0.21213203435596475,3,0,0.45,0.6363961030678927,0.7,0.4242640687119285,0.5,0.7071067811865476,0,0,Cameron,Jordan,NOS,DT,36,9
DL,10292,robust,NA,NA,NA,NA,NA,NA,NA,NA,NA,NA,NA,NA,NA,NA,NA,NA,NA,NA,NA,NA,NA,NA,NA,NA,NA,NA,NA,NA,NA,NA,NA,NA,NA,NA,NA,NA,NA,NA,NA,NA,NA,NA,28.45,2.149769999999999,19.85,0.2223900000000005,3,0,0.45,0.6671699999999999,0.7,0.44477999999999995,0.5,0.7413,0,0,Cameron,Jordan,NOS,DT,36,9
DL,10292,weighted,NA,NA,NA,NA,NA,NA,NA,NA,NA,NA,NA,NA,NA,NA,NA,NA,NA,NA,NA,NA,NA,NA,NA,NA,NA,NA,NA,NA,NA,NA,NA,NA,NA,NA,NA,NA,NA,NA,NA,NA,NA,NA,28.40546075085324,2.050609665440987,19.85460750853242,0.21213203435596475,3,0,0.4361774744027304,0.6363961030678927,0.7092150170648464,0.42426406871192845,0.515358361774744,0.7071067811865475,0,0,Cameron,Jordan,NOS,DT,36,9
DL,12221,average,NA,NA,NA,NA,NA,NA,NA,NA,NA,NA,NA,NA,NA,NA,NA,NA,NA,NA,NA,NA,NA,NA,NA,NA,NA,NA,NA,NA,NA,NA,NA,NA,NA,NA,NA,NA,NA,NA,NA,NA,NA,NA,34.8,8.768124086713188,19.4,3.6769552621700465,2,0,0,0,1.45,0.7778174593052023,0.25,0.3535533905932738,0.5,0,Danielle,Hunter,HOU,DE,31,5
DL,12221,robust,NA,NA,NA,NA,NA,NA,NA,NA,NA,NA,NA,NA,NA,NA,NA,NA,NA,NA,NA,NA,NA,NA,NA,NA,NA,NA,NA,NA,NA,NA,NA,NA,NA,NA,NA,NA,NA,NA,NA,NA,NA,NA,34.8,9.19212,19.4,3.8547599999999993,2,0,0,0,1.45,0.81543,0.25,0.37065,0.5,0,Danielle,Hunter,HOU,DE,31,5
DL,12221,weighted,NA,NA,NA,NA,NA,NA,NA,NA,NA,NA,NA,NA,NA,NA,NA,NA,NA,NA,NA,NA,NA,NA,NA,NA,NA,NA,NA,NA,NA,NA,NA,NA,NA,NA,NA,NA,NA,NA,NA,NA,NA,NA,34.99044368600682,8.768124086713188,19.47986348122867,3.6769552621700465,2,0,0,0,1.4668941979522183,0.7778174593052022,0.24232081911262798,0.35355339059327373,0.5,0,Danielle,Hunter,HOU,DE,31,5
DL,16651,average,NA,NA,NA,NA,NA,NA,NA,NA,NA,NA,NA,NA,NA,NA,NA,NA,NA,NA,NA,NA,NA,NA,NA,NA,NA,NA,NA,NA,NA,NA,NA,NA,NA,NA,NA,NA,NA,NA,NA,NA,NA,NA,25.25,1.7677669529663689,25.85,4.030508652763321,1.3,0.42426406871192857,0,0,2.6,0.8485281374238571,0.35,0.49497474683058323,0,0,Laiatu,Latu,IND,DE,25,-4
DL,16651,robust,NA,NA,NA,NA,NA,NA,NA,NA,NA,NA,NA,NA,NA,NA,NA,NA,NA,NA,NA,NA,NA,NA,NA,NA,NA,NA,NA,NA,NA,NA,NA,NA,NA,NA,NA,NA,NA,NA,NA,NA,NA,NA,25.25,1.8532499999999998,25.85,4.225409999999999,1.3,0.44478000000000006,0,0,2.6,0.8895600000000001,0.35,0.51891,0,0,Laiatu,Latu,IND,DE,25,-4
DL,16651,weighted,NA,NA,NA,NA,NA,NA,NA,NA,NA,NA,NA,NA,NA,NA,NA,NA,NA,NA,NA,NA,NA,NA,NA,NA,NA,NA,NA,NA,NA,NA,NA,NA,NA,NA,NA,NA,NA,NA,NA,NA,NA,NA,25.211604095563136,1.7677669529663687,25.76245733788396,4.030508652763321,1.2907849829351536,0.42426406871192857,0,0,2.5815699658703073,0.8485281374238571,0.33924914675767914,0.4949747468305832,0,0,Laiatu,Latu,IND,DE,25,-4
DL,15345,average,NA,NA,NA,NA,NA,NA,NA,NA,NA,NA,NA,NA,NA,NA,NA,NA,NA,NA,NA,NA,NA,NA,NA,NA,NA,NA,NA,NA,NA,NA,NA,NA,NA,NA,NA,NA,NA,NA,NA,NA,NA,NA,29.65,0.49497474683058273,14.05,0.0707106781186545,1.75,1.0606601717798212,0,0,1.45,0.6363961030678927,0,0,0,0,Kwity,Paye,IND,DE,27,-1
DL,15345,robust,NA,NA,NA,NA,NA,NA,NA,NA,NA,NA,NA,NA,NA,NA,NA,NA,NA,NA,NA,NA,NA,NA,NA,NA,NA,NA,NA,NA,NA,NA,NA,NA,NA,NA,NA,NA,NA,NA,NA,NA,NA,NA,29.65,0.5189099999999994,14.05,0.07412999999999974,1.75,1.11195,0,0,1.45,0.6671699999999999,0,0,0,0,Kwity,Paye,IND,DE,27,-1
DL,15345,weighted,NA,NA,NA,NA,NA,NA,NA,NA,NA,NA,NA,NA,NA,NA,NA,NA,NA,NA,NA,NA,NA,NA,NA,NA,NA,NA,NA,NA,NA,NA,NA,NA,NA,NA,NA,NA,NA,NA,NA,NA,NA,NA,29.660750853242323,0.49497474683058273,14.048464163822524,0.0707106781186545,1.7269624573378841,1.0606601717798212,0,0,1.4361774744027302,0.6363961030678926,0,0,0,0,Kwity,Paye,IND,DE,27,-1
DL,15806,average,NA,NA,NA,NA,NA,NA,NA,NA,NA,NA,NA,NA,NA,NA,NA,NA,NA,NA,NA,NA,NA,NA,NA,NA,NA,NA,NA,NA,NA,NA,NA,NA,NA,NA,NA,NA,NA,NA,NA,NA,NA,NA,24.8,1.1313708498984771,19.45,3.464823227814082,2.85,0.21213203435596414,0,0,2.15,0.21213203435596414,0.5,0.7071067811865476,0,0,Kayvon,Thibodeaux,NYG,DE,25,-2
DL,15806,robust,NA,NA,NA,NA,NA,NA,NA,NA,NA,NA,NA,NA,NA,NA,NA,NA,NA,NA,NA,NA,NA,NA,NA,NA,NA,NA,NA,NA,NA,NA,NA,NA,NA,NA,NA,NA,NA,NA,NA,NA,NA,NA,24.8,1.186080000000001,19.45,3.6323699999999985,2.85,0.22238999999999987,0,0,2.15,0.22238999999999987,0.5,0.7413,0,0,Kayvon,Thibodeaux,NYG,DE,25,-2
DL,15806,weighted,NA,NA,NA,NA,NA,NA,NA,NA,NA,NA,NA,NA,NA,NA,NA,NA,NA,NA,NA,NA,NA,NA,NA,NA,NA,NA,NA,NA,NA,NA,NA,NA,NA,NA,NA,NA,NA,NA,NA,NA,NA,NA,24.77542662116041,1.131370849898477,19.374744027303752,3.464823227814082,2.8546075085324234,0.21213203435596412,0,0,2.1453924914675766,0.21213203435596412,0.515358361774744,0.7071067811865475,0,0,Kayvon,Thibodeaux,NYG,DE,25,-2
DL,12697,average,NA,NA,NA,NA,NA,NA,NA,NA,NA,NA,NA,NA,NA,NA,NA,NA,NA,NA,NA,NA,NA,NA,NA,NA,NA,NA,NA,NA,NA,NA,NA,NA,NA,NA,NA,NA,NA,NA,NA,NA,NA,NA,32.4,0.565685424949236,26.25,3.181980515339464,1.15,0.21213203435596428,0,0,0.15,0.21213203435596426,0,0,0,0,A'Shawn,Robinson,CAR,DT,30,4
DL,12697,robust,NA,NA,NA,NA,NA,NA,NA,NA,NA,NA,NA,NA,NA,NA,NA,NA,NA,NA,NA,NA,NA,NA,NA,NA,NA,NA,NA,NA,NA,NA,NA,NA,NA,NA,NA,NA,NA,NA,NA,NA,NA,NA,32.4,0.5930399999999979,26.25,3.3358499999999998,1.15,0.22239000000000003,0,0,0.15,0.22238999999999998,0,0,0,0,A'Shawn,Robinson,CAR,DT,30,4
DL,12697,weighted,NA,NA,NA,NA,NA,NA,NA,NA,NA,NA,NA,NA,NA,NA,NA,NA,NA,NA,NA,NA,NA,NA,NA,NA,NA,NA,NA,NA,NA,NA,NA,NA,NA,NA,NA,NA,NA,NA,NA,NA,NA,NA,32.3877133105802,0.565685424949236,26.18088737201365,3.181980515339464,1.1453924914675768,0.21213203435596428,0,0,0.14539249146757677,0.21213203435596423,0,0,0,0,A'Shawn,Robinson,CAR,DT,30,4
DL,13298,average,NA,NA,NA,NA,NA,NA,NA,NA,NA,NA,NA,NA,NA,NA,NA,NA,NA,NA,NA,NA,NA,NA,NA,NA,NA,NA,NA,NA,NA,NA,NA,NA,NA,NA,NA,NA,NA,NA,NA,NA,NA,NA,27.3,0.9899494936611655,35.4,6.222539674441617,2.05,0.07071067811865482,0,0,0.95,0.07071067811865474,0.35,0.49497474683058323,0,0,Grover,Stewart,IND,DT,32,3
DL,13298,robust,NA,NA,NA,NA,NA,NA,NA,NA,NA,NA,NA,NA,NA,NA,NA,NA,NA,NA,NA,NA,NA,NA,NA,NA,NA,NA,NA,NA,NA,NA,NA,NA,NA,NA,NA,NA,NA,NA,NA,NA,NA,NA,27.3,1.0378199999999989,35.4,6.523439999999997,2.05,0.07413000000000006,0,0,0.95,0.07412999999999997,0.35,0.51891,0,0,Grover,Stewart,IND,DT,32,3
DL,13298,weighted,NA,NA,NA,NA,NA,NA,NA,NA,NA,NA,NA,NA,NA,NA,NA,NA,NA,NA,NA,NA,NA,NA,NA,NA,NA,NA,NA,NA,NA,NA,NA,NA,NA,NA,NA,NA,NA,NA,NA,NA,NA,NA,27.32150170648464,0.9899494936611655,35.264846416382255,6.222539674441616,2.0484641638225254,0.07071067811865481,0,0,0.9515358361774744,0.07071067811865474,0.33924914675767914,0.4949747468305832,0,0,Grover,Stewart,IND,DT,32,3
DL,15864,average,NA,NA,NA,NA,NA,NA,NA,NA,NA,NA,NA,NA,NA,NA,NA,NA,NA,NA,NA,NA,NA,NA,NA,NA,NA,NA,NA,NA,NA,NA,NA,NA,NA,NA,NA,NA,NA,NA,NA,NA,NA,NA,21.75,9.545941546018392,13.45,3.6062445840513924,2.15,0.21213203435596414,0,0,1.35,0.49497474683058323,0,0,0,0,Alex,Wright,CLE,DE,25,-2
DL,15864,robust,NA,NA,NA,NA,NA,NA,NA,NA,NA,NA,NA,NA,NA,NA,NA,NA,NA,NA,NA,NA,NA,NA,NA,NA,NA,NA,NA,NA,NA,NA,NA,NA,NA,NA,NA,NA,NA,NA,NA,NA,NA,NA,21.75,10.00755,13.45,3.7806299999999995,2.15,0.22238999999999987,0,0,1.35,0.51891,0,0,0,0,Alex,Wright,CLE,DE,25,-2
DL,15864,weighted,NA,NA,NA,NA,NA,NA,NA,NA,NA,NA,NA,NA,NA,NA,NA,NA,NA,NA,NA,NA,NA,NA,NA,NA,NA,NA,NA,NA,NA,NA,NA,NA,NA,NA,NA,NA,NA,NA,NA,NA,NA,NA,21.542662116040955,9.54594154601839,13.528327645051196,3.606244584051392,2.1453924914675766,0.21213203435596412,0,0,1.3392491467576793,0.4949747468305832,0,0,0,0,Alex,Wright,CLE,DE,25,-2
DL,15395,average,NA,NA,NA,NA,NA,NA,NA,NA,NA,NA,NA,NA,NA,NA,NA,NA,NA,NA,NA,NA,NA,NA,NA,NA,NA,NA,NA,NA,NA,NA,NA,NA,NA,NA,NA,NA,NA,NA,NA,NA,NA,NA,28.1,0.141421356237309,15.15,7.28319984622144,0.7,0.9899494936611665,0,0,2.35,0.4949747468305834,0,0,0,0,Malcolm,Koonce,LVR,DE,27,-1
DL,15395,robust,NA,NA,NA,NA,NA,NA,NA,NA,NA,NA,NA,NA,NA,NA,NA,NA,NA,NA,NA,NA,NA,NA,NA,NA,NA,NA,NA,NA,NA,NA,NA,NA,NA,NA,NA,NA,NA,NA,NA,NA,NA,NA,28.1,0.14825999999999948,15.15,7.63539,0.7,1.03782,0,0,2.35,0.5189100000000001,0,0,0,0,Malcolm,Koonce,LVR,DE,27,-1
DL,15395,weighted,NA,NA,NA,NA,NA,NA,NA,NA,NA,NA,NA,NA,NA,NA,NA,NA,NA,NA,NA,NA,NA,NA,NA,NA,NA,NA,NA,NA,NA,NA,NA,NA,NA,NA,NA,NA,NA,NA,NA,NA,NA,NA,28.09692832764505,0.141421356237309,14.991808873720137,7.283199846221439,0.6784982935153583,0.9899494936611664,0,0,2.3392491467576795,0.4949747468305834,0,0,0,0,Malcolm,Koonce,LVR,DE,27,-1
DL,12734,average,NA,NA,NA,NA,NA,NA,NA,NA,NA,NA,NA,NA,NA,NA,NA,NA,NA,NA,NA,NA,NA,NA,NA,NA,NA,NA,NA,NA,NA,NA,NA,NA,NA,NA,NA,NA,NA,NA,NA,NA,NA,NA,23.6,9.333809511662427,14.15,0.21213203435596475,0.9,0.14142135623730948,0,0,0.8,0.28284271247461906,0.25,0.3535533905932738,0,0,Leonard,Floyd,ATL,DE,33,4
DL,12734,robust,NA,NA,NA,NA,NA,NA,NA,NA,NA,NA,NA,NA,NA,NA,NA,NA,NA,NA,NA,NA,NA,NA,NA,NA,NA,NA,NA,NA,NA,NA,NA,NA,NA,NA,NA,NA,NA,NA,NA,NA,NA,NA,23.6,9.78516,14.15,0.2223900000000005,0.9,0.14825999999999995,0,0,0.8,0.29652,0.25,0.37065,0,0,Leonard,Floyd,ATL,DE,33,4
DL,12734,weighted,NA,NA,NA,NA,NA,NA,NA,NA,NA,NA,NA,NA,NA,NA,NA,NA,NA,NA,NA,NA,NA,NA,NA,NA,NA,NA,NA,NA,NA,NA,NA,NA,NA,NA,NA,NA,NA,NA,NA,NA,NA,NA,23.39726962457338,9.333809511662427,14.145392491467577,0.21213203435596475,0.9030716723549489,0.14142135623730945,0,0,0.8061433447098976,0.28284271247461906,0.24232081911262798,0.35355339059327373,0,0,Leonard,Floyd,ATL,DE,33,4
DL,12686,average,NA,NA,NA,NA,NA,NA,NA,NA,NA,NA,NA,NA,NA,NA,NA,NA,NA,NA,NA,NA,NA,NA,NA,NA,NA,NA,NA,NA,NA,NA,NA,NA,NA,NA,NA,NA,NA,NA,NA,NA,NA,NA,22.95,8.414570696119915,14.85,3.040559159102155,1.15,0.21213203435596428,0,0,2.3,1.8384776310850237,0.8,1.1313708498984762,0,0,Joey,Bosa,BUF,DE,30,4
DL,12686,robust,NA,NA,NA,NA,NA,NA,NA,NA,NA,NA,NA,NA,NA,NA,NA,NA,NA,NA,NA,NA,NA,NA,NA,NA,NA,NA,NA,NA,NA,NA,NA,NA,NA,NA,NA,NA,NA,NA,NA,NA,NA,NA,22.95,8.821469999999998,14.85,3.18759,1.15,0.22239000000000003,0,0,2.3,1.9273799999999999,0.8,1.18608,0,0,Joey,Bosa,BUF,DE,30,4
DL,12686,weighted,NA,NA,NA,NA,NA,NA,NA,NA,NA,NA,NA,NA,NA,NA,NA,NA,NA,NA,NA,NA,NA,NA,NA,NA,NA,NA,NA,NA,NA,NA,NA,NA,NA,NA,NA,NA,NA,NA,NA,NA,NA,NA,22.76723549488055,8.414570696119915,14.916040955631397,3.040559159102155,1.1453924914675768,0.21213203435596428,0,0,2.260068259385666,1.8384776310850235,0.7754266211604095,1.131370849898476,0,0,Joey,Bosa,BUF,DE,30,4
DL,16266,average,NA,NA,NA,NA,NA,NA,NA,NA,NA,NA,NA,NA,NA,NA,NA,NA,NA,NA,NA,NA,NA,NA,NA,NA,NA,NA,NA,NA,NA,NA,NA,NA,NA,NA,NA,NA,NA,NA,NA,NA,NA,NA,30.35,5.161879502661797,15.85,0.21213203435596475,2.75,1.0606601717798212,0,0,0.85,0.21213203435596428,0.1,0.14142135623730953,0,0,Tuli,Tuipulotu,LAC,DE,23,-3
DL,16266,robust,NA,NA,NA,NA,NA,NA,NA,NA,NA,NA,NA,NA,NA,NA,NA,NA,NA,NA,NA,NA,NA,NA,NA,NA,NA,NA,NA,NA,NA,NA,NA,NA,NA,NA,NA,NA,NA,NA,NA,NA,NA,NA,30.35,5.411490000000001,15.85,0.2223900000000005,2.75,1.11195,0,0,0.85,0.22239000000000003,0.1,0.14826,0,0,Tuli,Tuipulotu,LAC,DE,23,-3
DL,16266,weighted,NA,NA,NA,NA,NA,NA,NA,NA,NA,NA,NA,NA,NA,NA,NA,NA,NA,NA,NA,NA,NA,NA,NA,NA,NA,NA,NA,NA,NA,NA,NA,NA,NA,NA,NA,NA,NA,NA,NA,NA,NA,NA,30.46211604095563,5.1618795026617965,15.854607508532423,0.21213203435596475,2.726962457337884,1.0606601717798212,0,0,0.8546075085324231,0.21213203435596428,0.09692832764505119,0.1414213562373095,0,0,Tuli,Tuipulotu,LAC,DE,23,-3
DL,15346,average,NA,NA,NA,NA,NA,NA,NA,NA,NA,NA,NA,NA,NA,NA,NA,NA,NA,NA,NA,NA,NA,NA,NA,NA,NA,NA,NA,NA,NA,NA,NA,NA,NA,NA,NA,NA,NA,NA,NA,NA,NA,NA,33.7,6.08111831820431,17.35,0.9192388155425123,2.75,0.3535533905932738,0,0,1.8,0.28284271247461895,0.8,0.28284271247461906,0,0,Gregory,Rousseau,BUF,DE,25,-1
DL,15346,robust,NA,NA,NA,NA,NA,NA,NA,NA,NA,NA,NA,NA,NA,NA,NA,NA,NA,NA,NA,NA,NA,NA,NA,NA,NA,NA,NA,NA,NA,NA,NA,NA,NA,NA,NA,NA,NA,NA,NA,NA,NA,NA,33.7,6.37518,17.35,0.9636900000000005,2.75,0.37065,0,0,1.8,0.2965199999999999,0.8,0.29652,0,0,Gregory,Rousseau,BUF,DE,25,-1
DL,15346,weighted,NA,NA,NA,NA,NA,NA,NA,NA,NA,NA,NA,NA,NA,NA,NA,NA,NA,NA,NA,NA,NA,NA,NA,NA,NA,NA,NA,NA,NA,NA,NA,NA,NA,NA,NA,NA,NA,NA,NA,NA,NA,NA,33.8320819112628,6.081118318204309,17.369965870307166,0.9192388155425123,2.757679180887372,0.35355339059327373,0,0,1.8061433447098978,0.2828427124746189,0.8061433447098976,0.28284271247461906,0,0,Gregory,Rousseau,BUF,DE,25,-1
DL,15378,average,NA,NA,NA,NA,NA,NA,NA,NA,NA,NA,NA,NA,NA,NA,NA,NA,NA,NA,NA,NA,NA,NA,NA,NA,NA,NA,NA,NA,NA,NA,NA,NA,NA,NA,NA,NA,NA,NA,NA,NA,NA,NA,25.45,0.6363961030678917,15.3,4.666904755831214,0.65,0.4949747468305833,0,0,1.25,1.0606601717798212,0,0,0,0,Odafe,Oweh,LAC,DE,27,-1
DL,15378,robust,NA,NA,NA,NA,NA,NA,NA,NA,NA,NA,NA,NA,NA,NA,NA,NA,NA,NA,NA,NA,NA,NA,NA,NA,NA,NA,NA,NA,NA,NA,NA,NA,NA,NA,NA,NA,NA,NA,NA,NA,NA,NA,25.45,0.6671699999999989,15.3,4.892580000000001,0.65,0.51891,0,0,1.25,1.11195,0,0,0,0,Odafe,Oweh,LAC,DE,27,-1
DL,15378,weighted,NA,NA,NA,NA,NA,NA,NA,NA,NA,NA,NA,NA,NA,NA,NA,NA,NA,NA,NA,NA,NA,NA,NA,NA,NA,NA,NA,NA,NA,NA,NA,NA,NA,NA,NA,NA,NA,NA,NA,NA,NA,NA,25.436177474402733,0.6363961030678917,15.19863481228669,4.666904755831214,0.6607508532423209,0.4949747468305833,0,0,1.273037542662116,1.0606601717798212,0,0,0,0,Odafe,Oweh,LAC,DE,27,-1
DL,15809,average,NA,NA,NA,NA,NA,NA,NA,NA,NA,NA,NA,NA,NA,NA,NA,NA,NA,NA,NA,NA,NA,NA,NA,NA,NA,NA,NA,NA,NA,NA,NA,NA,NA,NA,NA,NA,NA,NA,NA,NA,NA,NA,28.6,1.9798989873223336,14.05,1.3435028842544405,3.5,0.7071067811865476,0.4,0.5656854249492381,1.3,0.42426406871192857,0.4,0.5656854249492381,0.8,0,Jermaine,Johnson,NYJ,DE,26,-2
DL,15809,robust,NA,NA,NA,NA,NA,NA,NA,NA,NA,NA,NA,NA,NA,NA,NA,NA,NA,NA,NA,NA,NA,NA,NA,NA,NA,NA,NA,NA,NA,NA,NA,NA,NA,NA,NA,NA,NA,NA,NA,NA,NA,NA,28.6,2.0756400000000004,14.05,1.4084700000000001,3.5,0.7413,0.4,0.59304,1.3,0.44478000000000006,0.4,0.59304,0.8,0,Jermaine,Johnson,NYJ,DE,26,-2
DL,15809,weighted,NA,NA,NA,NA,NA,NA,NA,NA,NA,NA,NA,NA,NA,NA,NA,NA,NA,NA,NA,NA,NA,NA,NA,NA,NA,NA,NA,NA,NA,NA,NA,NA,NA,NA,NA,NA,NA,NA,NA,NA,NA,NA,28.643003412969286,1.9798989873223336,14.079180887372013,1.3435028842544405,3.5153583617747435,0.7071067811865475,0.38771331058020475,0.565685424949238,1.2907849829351536,0.42426406871192857,0.38771331058020475,0.565685424949238,0.8,0,Jermaine,Johnson,NYJ,DE,26,-2
DL,14897,average,NA,NA,NA,NA,NA,NA,NA,NA,NA,NA,NA,NA,NA,NA,NA,NA,NA,NA,NA,NA,NA,NA,NA,NA,NA,NA,NA,NA,NA,NA,NA,NA,NA,NA,NA,NA,NA,NA,NA,NA,NA,NA,38.4,9.333809511662427,38.05,9.828784258493009,4.1,1.2727922061357855,0.1,0.14142135623730953,0.5,0.7071067811865476,0,0,0,0,Derrick,Brown,CAR,DT,27,0
DL,14897,robust,NA,NA,NA,NA,NA,NA,NA,NA,NA,NA,NA,NA,NA,NA,NA,NA,NA,NA,NA,NA,NA,NA,NA,NA,NA,NA,NA,NA,NA,NA,NA,NA,NA,NA,NA,NA,NA,NA,NA,NA,NA,NA,38.4,9.78516,38.05,10.304069999999998,4.1,1.3343399999999999,0.1,0.14826,0.5,0.7413,0,0,0,0,Derrick,Brown,CAR,DT,27,0
DL,14897,weighted,NA,NA,NA,NA,NA,NA,NA,NA,NA,NA,NA,NA,NA,NA,NA,NA,NA,NA,NA,NA,NA,NA,NA,NA,NA,NA,NA,NA,NA,NA,NA,NA,NA,NA,NA,NA,NA,NA,NA,NA,NA,NA,38.602730375426624,9.333809511662427,38.263481228668944,9.828784258493009,4.1276450511945395,1.2727922061357853,0.09692832764505119,0.1414213562373095,0.515358361774744,0.7071067811865475,0,0,0,0,Derrick,Brown,CAR,DT,27,0
DL,17113,average,NA,NA,NA,NA,NA,NA,NA,NA,NA,NA,NA,NA,NA,NA,NA,NA,NA,NA,NA,NA,NA,NA,NA,NA,NA,NA,NA,NA,NA,NA,NA,NA,NA,NA,NA,NA,NA,NA,NA,NA,NA,NA,23.7,6.646803743153546,19.3,3.8183766184073558,0.5,0.7071067811865476,0,0,0.9,0.14142135623730948,0.7,0.4242640687119285,0,0,Mykel,Williams,SFO,DE,21,-5
DL,17113,robust,NA,NA,NA,NA,NA,NA,NA,NA,NA,NA,NA,NA,NA,NA,NA,NA,NA,NA,NA,NA,NA,NA,NA,NA,NA,NA,NA,NA,NA,NA,NA,NA,NA,NA,NA,NA,NA,NA,NA,NA,NA,NA,23.7,6.968219999999999,19.3,4.0030199999999985,0.5,0.7413,0,0,0.9,0.14825999999999995,0.7,0.44477999999999995,0,0,Mykel,Williams,SFO,DE,21,-5
DL,17113,weighted,NA,NA,NA,NA,NA,NA,NA,NA,NA,NA,NA,NA,NA,NA,NA,NA,NA,NA,NA,NA,NA,NA,NA,NA,NA,NA,NA,NA,NA,NA,NA,NA,NA,NA,NA,NA,NA,NA,NA,NA,NA,NA,23.555631399317402,6.646803743153546,19.382935153583617,3.8183766184073553,0.515358361774744,0.7071067811865475,0,0,0.9030716723549489,0.14142135623730945,0.7092150170648464,0.42426406871192845,0,0,Mykel,Williams,SFO,DE,21,-5
DL,16252,average,NA,NA,NA,NA,NA,NA,NA,NA,NA,NA,NA,NA,NA,NA,NA,NA,NA,NA,NA,NA,NA,NA,NA,NA,NA,NA,NA,NA,NA,NA,NA,NA,NA,NA,NA,NA,NA,NA,NA,NA,NA,NA,18.9,2.687005768508881,10.95,1.4849242404917495,2.65,0.9192388155425116,0,0,1.85,0.21213203435596428,0.75,0.3535533905932738,0,0,Will,McDonald,NYJ,DE,26,-3
DL,16252,robust,NA,NA,NA,NA,NA,NA,NA,NA,NA,NA,NA,NA,NA,NA,NA,NA,NA,NA,NA,NA,NA,NA,NA,NA,NA,NA,NA,NA,NA,NA,NA,NA,NA,NA,NA,NA,NA,NA,NA,NA,NA,NA,18.9,2.8169400000000002,10.95,1.5567299999999997,2.65,0.9636899999999998,0,0,1.85,0.22239000000000003,0.75,0.37065,0,0,Will,McDonald,NYJ,DE,26,-3
DL,16252,weighted,NA,NA,NA,NA,NA,NA,NA,NA,NA,NA,NA,NA,NA,NA,NA,NA,NA,NA,NA,NA,NA,NA,NA,NA,NA,NA,NA,NA,NA,NA,NA,NA,NA,NA,NA,NA,NA,NA,NA,NA,NA,NA,18.841638225255974,2.687005768508881,10.98225255972696,1.4849242404917493,2.6300341296928327,0.9192388155425116,0,0,1.8546075085324234,0.21213203435596428,0.757679180887372,0.35355339059327373,0,0,Will,McDonald,NYJ,DE,26,-3
DL,12217,average,NA,NA,NA,NA,NA,NA,NA,NA,NA,NA,NA,NA,NA,NA,NA,NA,NA,NA,NA,NA,NA,NA,NA,NA,NA,NA,NA,NA,NA,NA,NA,NA,NA,NA,NA,NA,NA,NA,NA,NA,NA,NA,19.55,6.434671708797584,14.45,0.636396103067893,1.85,0.21213203435596428,0.4,0.5656854249492381,0.35,0.49497474683058323,0.25,0.3535533905932738,0.4,0,Dante,Fowler,DAL,DE,31,5
DL,12217,robust,NA,NA,NA,NA,NA,NA,NA,NA,NA,NA,NA,NA,NA,NA,NA,NA,NA,NA,NA,NA,NA,NA,NA,NA,NA,NA,NA,NA,NA,NA,NA,NA,NA,NA,NA,NA,NA,NA,NA,NA,NA,NA,19.55,6.745830000000001,14.45,0.6671700000000003,1.85,0.22239000000000003,0.4,0.59304,0.35,0.51891,0.25,0.37065,0.4,0,Dante,Fowler,DAL,DE,31,5
DL,12217,weighted,NA,NA,NA,NA,NA,NA,NA,NA,NA,NA,NA,NA,NA,NA,NA,NA,NA,NA,NA,NA,NA,NA,NA,NA,NA,NA,NA,NA,NA,NA,NA,NA,NA,NA,NA,NA,NA,NA,NA,NA,NA,NA,19.41023890784983,6.434671708797583,14.436177474402728,0.636396103067893,1.8546075085324234,0.21213203435596428,0.38771331058020475,0.565685424949238,0.33924914675767914,0.4949747468305832,0.24232081911262798,0.35355339059327373,0.4,0,Dante,Fowler,DAL,DE,31,5
DL,14900,average,NA,NA,NA,NA,NA,NA,NA,NA,NA,NA,NA,NA,NA,NA,NA,NA,NA,NA,NA,NA,NA,NA,NA,NA,NA,NA,NA,NA,NA,NA,NA,NA,NA,NA,NA,NA,NA,NA,NA,NA,NA,NA,24.9,0.141421356237309,26.25,1.7677669529663689,1.3,0.42426406871192857,0,0,0.6,0.565685424949238,0,0,0,0,Nnamdi,Madubuike,BAL,DT,28,0
DL,14900,robust,NA,NA,NA,NA,NA,NA,NA,NA,NA,NA,NA,NA,NA,NA,NA,NA,NA,NA,NA,NA,NA,NA,NA,NA,NA,NA,NA,NA,NA,NA,NA,NA,NA,NA,NA,NA,NA,NA,NA,NA,NA,NA,24.9,0.14825999999999948,26.25,1.8532499999999998,1.3,0.44478000000000006,0,0,0.6,0.59304,0,0,0,0,Nnamdi,Madubuike,BAL,DT,28,0
DL,14900,weighted,NA,NA,NA,NA,NA,NA,NA,NA,NA,NA,NA,NA,NA,NA,NA,NA,NA,NA,NA,NA,NA,NA,NA,NA,NA,NA,NA,NA,NA,NA,NA,NA,NA,NA,NA,NA,NA,NA,NA,NA,NA,NA,24.90307167235495,0.141421356237309,26.21160409556314,1.7677669529663687,1.2907849829351536,0.42426406871192857,0,0,0.6122866894197952,0.565685424949238,0,0,0,0,Nnamdi,Madubuike,BAL,DT,28,0
DL,14164,average,NA,NA,NA,NA,NA,NA,NA,NA,NA,NA,NA,NA,NA,NA,NA,NA,NA,NA,NA,NA,NA,NA,NA,NA,NA,NA,NA,NA,NA,NA,NA,NA,NA,NA,NA,NA,NA,NA,NA,NA,NA,NA,25.55,0.7778174593052033,20.1,1.5556349186104041,1.55,0.7778174593052023,0,0,0.8,0.28284271247461906,0,0,0,0,Dre'Mont,Jones,TEN,DE,28,1
DL,14164,robust,NA,NA,NA,NA,NA,NA,NA,NA,NA,NA,NA,NA,NA,NA,NA,NA,NA,NA,NA,NA,NA,NA,NA,NA,NA,NA,NA,NA,NA,NA,NA,NA,NA,NA,NA,NA,NA,NA,NA,NA,NA,NA,25.55,0.815430000000001,20.1,1.6308599999999993,1.55,0.81543,0,0,0.8,0.29652,0,0,0,0,Dre'Mont,Jones,TEN,DE,28,1
DL,14164,weighted,NA,NA,NA,NA,NA,NA,NA,NA,NA,NA,NA,NA,NA,NA,NA,NA,NA,NA,NA,NA,NA,NA,NA,NA,NA,NA,NA,NA,NA,NA,NA,NA,NA,NA,NA,NA,NA,NA,NA,NA,NA,NA,25.533105802047782,0.7778174593052032,20.066211604095564,1.555634918610404,1.5331058020477815,0.7778174593052023,0,0,0.8061433447098976,0.28284271247461906,0,0,0,0,Dre'Mont,Jones,TEN,DE,28,1
DL,16712,average,NA,NA,NA,NA,NA,NA,NA,NA,NA,NA,NA,NA,NA,NA,NA,NA,NA,NA,NA,NA,NA,NA,NA,NA,NA,NA,NA,NA,NA,NA,NA,NA,NA,NA,NA,NA,NA,NA,NA,NA,NA,NA,22.8,5.374011537017762,14.35,4.737615433949868,1.75,0.3535533905932738,0,0,1.2,0.28284271247461895,0,0,0,0,Jalyx,Hunt,PHI,DE,24,-4
DL,16712,robust,NA,NA,NA,NA,NA,NA,NA,NA,NA,NA,NA,NA,NA,NA,NA,NA,NA,NA,NA,NA,NA,NA,NA,NA,NA,NA,NA,NA,NA,NA,NA,NA,NA,NA,NA,NA,NA,NA,NA,NA,NA,NA,22.8,5.6338800000000004,14.35,4.966709999999999,1.75,0.37065,0,0,1.2,0.2965199999999999,0,0,0,0,Jalyx,Hunt,PHI,DE,24,-4
DL,16712,weighted,NA,NA,NA,NA,NA,NA,NA,NA,NA,NA,NA,NA,NA,NA,NA,NA,NA,NA,NA,NA,NA,NA,NA,NA,NA,NA,NA,NA,NA,NA,NA,NA,NA,NA,NA,NA,NA,NA,NA,NA,NA,NA,22.683276450511944,5.374011537017762,14.247098976109218,4.737615433949868,1.7576791808873717,0.35355339059327373,0,0,1.1938566552901024,0.28284271247461895,0,0,0,0,Jalyx,Hunt,PHI,DE,24,-4
DL,13839,average,NA,NA,NA,NA,NA,NA,NA,NA,NA,NA,NA,NA,NA,NA,NA,NA,NA,NA,NA,NA,NA,NA,NA,NA,NA,NA,NA,NA,NA,NA,NA,NA,NA,NA,NA,NA,NA,NA,NA,NA,NA,NA,27.1,8.34386001800126,22.9,2.969848480983499,1.75,0.3535533905932738,0.35,0.49497474683058323,0.9,0.14142135623730948,0.85,0.21213203435596428,0,0,Zach,Sieler,MIA,DT,30,2
DL,13839,robust,NA,NA,NA,NA,NA,NA,NA,NA,NA,NA,NA,NA,NA,NA,NA,NA,NA,NA,NA,NA,NA,NA,NA,NA,NA,NA,NA,NA,NA,NA,NA,NA,NA,NA,NA,NA,NA,NA,NA,NA,NA,NA,27.1,8.74734,22.9,3.1134599999999995,1.75,0.37065,0.35,0.51891,0.9,0.14825999999999995,0.85,0.22239000000000003,0,0,Zach,Sieler,MIA,DT,30,2
DL,13839,weighted,NA,NA,NA,NA,NA,NA,NA,NA,NA,NA,NA,NA,NA,NA,NA,NA,NA,NA,NA,NA,NA,NA,NA,NA,NA,NA,NA,NA,NA,NA,NA,NA,NA,NA,NA,NA,NA,NA,NA,NA,NA,NA,27.281228668941978,8.34386001800126,22.96450511945393,2.9698484809834986,1.7576791808873717,0.35355339059327373,0.33924914675767914,0.4949747468305832,0.9030716723549489,0.14142135623730945,0.8546075085324231,0.21213203435596428,0,0,Zach,Sieler,MIA,DT,30,2
DL,13742,average,NA,NA,NA,NA,NA,NA,NA,NA,NA,NA,NA,NA,NA,NA,NA,NA,NA,NA,NA,NA,NA,NA,NA,NA,NA,NA,NA,NA,NA,NA,NA,NA,NA,NA,NA,NA,NA,NA,NA,NA,NA,NA,24.3,0.9899494936611655,27.4,0.5656854249492386,3.4,0.5656854249492379,0.4,0.5656854249492381,0,0,0,0,0,0,B.J.,Hill,CIN,DT,30,2
DL,13742,robust,NA,NA,NA,NA,NA,NA,NA,NA,NA,NA,NA,NA,NA,NA,NA,NA,NA,NA,NA,NA,NA,NA,NA,NA,NA,NA,NA,NA,NA,NA,NA,NA,NA,NA,NA,NA,NA,NA,NA,NA,NA,NA,24.3,1.0378199999999989,27.4,0.5930400000000005,3.4,0.5930399999999998,0.4,0.59304,0,0,0,0,0,0,B.J.,Hill,CIN,DT,30,2
DL,13742,weighted,NA,NA,NA,NA,NA,NA,NA,NA,NA,NA,NA,NA,NA,NA,NA,NA,NA,NA,NA,NA,NA,NA,NA,NA,NA,NA,NA,NA,NA,NA,NA,NA,NA,NA,NA,NA,NA,NA,NA,NA,NA,NA,24.321501706484643,0.9899494936611655,27.387713310580203,0.5656854249492385,3.387713310580205,0.5656854249492379,0.38771331058020475,0.565685424949238,0,0,0,0,0,0,B.J.,Hill,CIN,DT,30,2
DL,14149,average,NA,NA,NA,NA,NA,NA,NA,NA,NA,NA,NA,NA,NA,NA,NA,NA,NA,NA,NA,NA,NA,NA,NA,NA,NA,NA,NA,NA,NA,NA,NA,NA,NA,NA,NA,NA,NA,NA,NA,NA,NA,NA,24.85,0.21213203435596475,19.55,2.050609665440987,1.15,0.21213203435596428,0,0,0.85,0.21213203435596428,0.35,0.49497474683058323,0,0,Rashan,Gary,GBP,DE,28,1
DL,14149,robust,NA,NA,NA,NA,NA,NA,NA,NA,NA,NA,NA,NA,NA,NA,NA,NA,NA,NA,NA,NA,NA,NA,NA,NA,NA,NA,NA,NA,NA,NA,NA,NA,NA,NA,NA,NA,NA,NA,NA,NA,NA,NA,24.85,0.2223900000000005,19.55,2.149769999999999,1.15,0.22239000000000003,0,0,0.85,0.22239000000000003,0.35,0.51891,0,0,Rashan,Gary,GBP,DE,28,1
DL,14149,weighted,NA,NA,NA,NA,NA,NA,NA,NA,NA,NA,NA,NA,NA,NA,NA,NA,NA,NA,NA,NA,NA,NA,NA,NA,NA,NA,NA,NA,NA,NA,NA,NA,NA,NA,NA,NA,NA,NA,NA,NA,NA,NA,24.85460750853242,0.21213203435596475,19.594539249146756,2.050609665440987,1.1453924914675768,0.21213203435596428,0,0,0.8546075085324231,0.21213203435596428,0.33924914675767914,0.4949747468305832,0,0,Rashan,Gary,GBP,DE,28,1
DL,16655,average,NA,NA,NA,NA,NA,NA,NA,NA,NA,NA,NA,NA,NA,NA,NA,NA,NA,NA,NA,NA,NA,NA,NA,NA,NA,NA,NA,NA,NA,NA,NA,NA,NA,NA,NA,NA,NA,NA,NA,NA,NA,NA,22.55,3.464823227814082,17.35,0.9192388155425123,3.4,0.5656854249492379,0,0,0.6,0.565685424949238,0.1,0.14142135623730953,0,0,Chop,Robinson,MIA,DE,22,-4
DL,16655,robust,NA,NA,NA,NA,NA,NA,NA,NA,NA,NA,NA,NA,NA,NA,NA,NA,NA,NA,NA,NA,NA,NA,NA,NA,NA,NA,NA,NA,NA,NA,NA,NA,NA,NA,NA,NA,NA,NA,NA,NA,NA,NA,22.55,3.6323699999999985,17.35,0.9636900000000005,3.4,0.5930399999999998,0,0,0.6,0.59304,0.1,0.14826,0,0,Chop,Robinson,MIA,DE,22,-4
DL,16655,weighted,NA,NA,NA,NA,NA,NA,NA,NA,NA,NA,NA,NA,NA,NA,NA,NA,NA,NA,NA,NA,NA,NA,NA,NA,NA,NA,NA,NA,NA,NA,NA,NA,NA,NA,NA,NA,NA,NA,NA,NA,NA,NA,22.625255972696248,3.464823227814082,17.369965870307166,0.9192388155425123,3.387713310580205,0.5656854249492379,0,0,0.6122866894197952,0.565685424949238,0.09692832764505119,0.1414213562373095,0,0,Chop,Robinson,MIA,DE,22,-4
DL,13682,average,NA,NA,NA,NA,NA,NA,NA,NA,NA,NA,NA,NA,NA,NA,NA,NA,NA,NA,NA,NA,NA,NA,NA,NA,NA,NA,NA,NA,NA,NA,NA,NA,NA,NA,NA,NA,NA,NA,NA,NA,NA,NA,24.2,1.6970562748477132,15.6,0.5656854249492386,1.45,0.7778174593052023,0,0,1.45,0.6363961030678927,0.75,0.3535533905932738,0,0,Arden,Key,TEN,DE,29,2
DL,13682,robust,NA,NA,NA,NA,NA,NA,NA,NA,NA,NA,NA,NA,NA,NA,NA,NA,NA,NA,NA,NA,NA,NA,NA,NA,NA,NA,NA,NA,NA,NA,NA,NA,NA,NA,NA,NA,NA,NA,NA,NA,NA,NA,24.2,1.779119999999999,15.6,0.5930400000000005,1.45,0.81543,0,0,1.45,0.6671699999999999,0.75,0.37065,0,0,Arden,Key,TEN,DE,29,2
DL,13682,weighted,NA,NA,NA,NA,NA,NA,NA,NA,NA,NA,NA,NA,NA,NA,NA,NA,NA,NA,NA,NA,NA,NA,NA,NA,NA,NA,NA,NA,NA,NA,NA,NA,NA,NA,NA,NA,NA,NA,NA,NA,NA,NA,24.163139931740613,1.697056274847713,15.612286689419795,0.5656854249492385,1.4668941979522183,0.7778174593052022,0,0,1.4361774744027302,0.6363961030678926,0.757679180887372,0.35355339059327373,0,0,Arden,Key,TEN,DE,29,2
DL,14978,average,NA,NA,NA,NA,NA,NA,NA,NA,NA,NA,NA,NA,NA,NA,NA,NA,NA,NA,NA,NA,NA,NA,NA,NA,NA,NA,NA,NA,NA,NA,NA,NA,NA,NA,NA,NA,NA,NA,NA,NA,NA,NA,23.7,0.9899494936611655,20,1.4142135623730951,1.65,0.9192388155425116,0,0,1.45,0.6363961030678927,0.1,0.14142135623730953,0,0,Michael,Danna,KCC,DE,28,0
DL,14978,robust,NA,NA,NA,NA,NA,NA,NA,NA,NA,NA,NA,NA,NA,NA,NA,NA,NA,NA,NA,NA,NA,NA,NA,NA,NA,NA,NA,NA,NA,NA,NA,NA,NA,NA,NA,NA,NA,NA,NA,NA,NA,NA,23.7,1.0378199999999989,20,1.4826,1.65,0.9636899999999998,0,0,1.45,0.6671699999999999,0.1,0.14826,0,0,Michael,Danna,KCC,DE,28,0
DL,14978,weighted,NA,NA,NA,NA,NA,NA,NA,NA,NA,NA,NA,NA,NA,NA,NA,NA,NA,NA,NA,NA,NA,NA,NA,NA,NA,NA,NA,NA,NA,NA,NA,NA,NA,NA,NA,NA,NA,NA,NA,NA,NA,NA,23.678498293515357,0.9899494936611655,19.96928327645051,1.414213562373095,1.6300341296928325,0.9192388155425116,0,0,1.4361774744027302,0.6363961030678926,0.09692832764505119,0.1414213562373095,0,0,Michael,Danna,KCC,DE,28,0
DL,15484,average,NA,NA,NA,NA,NA,NA,NA,NA,NA,NA,NA,NA,NA,NA,NA,NA,NA,NA,NA,NA,NA,NA,NA,NA,NA,NA,NA,NA,NA,NA,NA,NA,NA,NA,NA,NA,NA,NA,NA,NA,NA,NA,28.55,7.707463914933367,22.35,3.7476659402887025,1,1.4142135623730951,0,0,0.75,0.3535533905932738,0,0,0,0,Jonathon,Cooper,DEN,DE,27,-1
DL,15484,robust,NA,NA,NA,NA,NA,NA,NA,NA,NA,NA,NA,NA,NA,NA,NA,NA,NA,NA,NA,NA,NA,NA,NA,NA,NA,NA,NA,NA,NA,NA,NA,NA,NA,NA,NA,NA,NA,NA,NA,NA,NA,NA,28.55,8.080169999999999,22.35,3.9288900000000004,1,1.4826,0,0,0.75,0.37065,0,0,0,0,Jonathon,Cooper,DEN,DE,27,-1
DL,15484,weighted,NA,NA,NA,NA,NA,NA,NA,NA,NA,NA,NA,NA,NA,NA,NA,NA,NA,NA,NA,NA,NA,NA,NA,NA,NA,NA,NA,NA,NA,NA,NA,NA,NA,NA,NA,NA,NA,NA,NA,NA,NA,NA,28.71740614334471,7.707463914933367,22.431399317406143,3.7476659402887025,1.030716723549488,1.414213562373095,0,0,0.757679180887372,0.35355339059327373,0,0,0,0,Jonathon,Cooper,DEN,DE,27,-1
DL,16254,average,NA,NA,NA,NA,NA,NA,NA,NA,NA,NA,NA,NA,NA,NA,NA,NA,NA,NA,NA,NA,NA,NA,NA,NA,NA,NA,NA,NA,NA,NA,NA,NA,NA,NA,NA,NA,NA,NA,NA,NA,NA,NA,24.45,2.050609665440987,10.35,1.9091883092036779,0,0,0,0,0.2,0.28284271247461906,0.7,0.4242640687119285,0,0,Calijah,Kancey,TBB,DT,24,-3
DL,16254,robust,NA,NA,NA,NA,NA,NA,NA,NA,NA,NA,NA,NA,NA,NA,NA,NA,NA,NA,NA,NA,NA,NA,NA,NA,NA,NA,NA,NA,NA,NA,NA,NA,NA,NA,NA,NA,NA,NA,NA,NA,NA,NA,24.45,2.149769999999999,10.35,2.0015099999999992,0,0,0,0,0.2,0.29652,0.7,0.44477999999999995,0,0,Calijah,Kancey,TBB,DT,24,-3
DL,16254,weighted,NA,NA,NA,NA,NA,NA,NA,NA,NA,NA,NA,NA,NA,NA,NA,NA,NA,NA,NA,NA,NA,NA,NA,NA,NA,NA,NA,NA,NA,NA,NA,NA,NA,NA,NA,NA,NA,NA,NA,NA,NA,NA,24.40546075085324,2.050609665440987,10.30853242320819,1.9091883092036774,0,0,0,0,0.19385665529010238,0.282842712474619,0.7092150170648464,0.42426406871192845,0,0,Calijah,Kancey,TBB,DT,24,-3
DL,14157,average,NA,NA,NA,NA,NA,NA,NA,NA,NA,NA,NA,NA,NA,NA,NA,NA,NA,NA,NA,NA,NA,NA,NA,NA,NA,NA,NA,NA,NA,NA,NA,NA,NA,NA,NA,NA,NA,NA,NA,NA,NA,NA,28.75,4.596194077712559,15.65,3.323401871576773,1.35,0.9192388155425119,0,0,0.2,0.28284271247461906,0,0,0,0,Quinnen,Williams,NYJ,DT,28,1
DL,14157,robust,NA,NA,NA,NA,NA,NA,NA,NA,NA,NA,NA,NA,NA,NA,NA,NA,NA,NA,NA,NA,NA,NA,NA,NA,NA,NA,NA,NA,NA,NA,NA,NA,NA,NA,NA,NA,NA,NA,NA,NA,NA,NA,28.75,4.8184499999999995,15.65,3.4841099999999994,1.35,0.9636899999999999,0,0,0.2,0.29652,0,0,0,0,Quinnen,Williams,NYJ,DT,28,1
DL,14157,weighted,NA,NA,NA,NA,NA,NA,NA,NA,NA,NA,NA,NA,NA,NA,NA,NA,NA,NA,NA,NA,NA,NA,NA,NA,NA,NA,NA,NA,NA,NA,NA,NA,NA,NA,NA,NA,NA,NA,NA,NA,NA,NA,28.849829351535835,4.596194077712559,15.722184300341299,3.323401871576773,1.3699658703071673,0.9192388155425117,0,0,0.19385665529010238,0.282842712474619,0,0,0,0,Quinnen,Williams,NYJ,DT,28,1
DL,14405,average,NA,NA,NA,NA,NA,NA,NA,NA,NA,NA,NA,NA,NA,NA,NA,NA,NA,NA,NA,NA,NA,NA,NA,NA,NA,NA,NA,NA,NA,NA,NA,NA,NA,NA,NA,NA,NA,NA,NA,NA,NA,NA,34,9.899494936611665,23.6,9.05096679918781,2,0,0.1,0.14142135623730953,0.55,0.6363961030678927,0,0,0,0,Carl,Granderson,NOS,DE,29,1
DL,14405,robust,NA,NA,NA,NA,NA,NA,NA,NA,NA,NA,NA,NA,NA,NA,NA,NA,NA,NA,NA,NA,NA,NA,NA,NA,NA,NA,NA,NA,NA,NA,NA,NA,NA,NA,NA,NA,NA,NA,NA,NA,NA,NA,34,10.3782,23.6,9.48864,2,0,0.1,0.14826,0.55,0.6671699999999999,0,0,0,0,Carl,Granderson,NOS,DE,29,1
DL,14405,weighted,NA,NA,NA,NA,NA,NA,NA,NA,NA,NA,NA,NA,NA,NA,NA,NA,NA,NA,NA,NA,NA,NA,NA,NA,NA,NA,NA,NA,NA,NA,NA,NA,NA,NA,NA,NA,NA,NA,NA,NA,NA,NA,34.215017064846414,9.899494936611664,23.796587030716726,9.050966799187808,2,0,0.09692832764505119,0.1414213562373095,0.5638225255972696,0.6363961030678927,0,0,0,0,Carl,Granderson,NOS,DE,29,1
DL,13448,average,NA,NA,NA,NA,NA,NA,NA,NA,NA,NA,NA,NA,NA,NA,NA,NA,NA,NA,NA,NA,NA,NA,NA,NA,NA,NA,NA,NA,NA,NA,NA,NA,NA,NA,NA,NA,NA,NA,NA,NA,NA,NA,28.85,1.6263455967290599,23.25,5.303300858899107,1.05,1.3435028842544403,0,0,0.8,0.28284271247461906,0,0,0,0,Adam,Butler,LVR,DT,31,3
DL,13448,robust,NA,NA,NA,NA,NA,NA,NA,NA,NA,NA,NA,NA,NA,NA,NA,NA,NA,NA,NA,NA,NA,NA,NA,NA,NA,NA,NA,NA,NA,NA,NA,NA,NA,NA,NA,NA,NA,NA,NA,NA,NA,NA,28.85,1.7049900000000004,23.25,5.559749999999999,1.05,1.4084699999999999,0,0,0.8,0.29652,0,0,0,0,Adam,Butler,LVR,DT,31,3
DL,13448,weighted,NA,NA,NA,NA,NA,NA,NA,NA,NA,NA,NA,NA,NA,NA,NA,NA,NA,NA,NA,NA,NA,NA,NA,NA,NA,NA,NA,NA,NA,NA,NA,NA,NA,NA,NA,NA,NA,NA,NA,NA,NA,NA,28.885324232081913,1.6263455967290597,23.365187713310583,5.303300858899106,1.0791808873720137,1.3435028842544403,0,0,0.8061433447098976,0.28284271247461906,0,0,0,0,Adam,Butler,LVR,DT,31,3
DL,14159,average,NA,NA,NA,NA,NA,NA,NA,NA,NA,NA,NA,NA,NA,NA,NA,NA,NA,NA,NA,NA,NA,NA,NA,NA,NA,NA,NA,NA,NA,NA,NA,NA,NA,NA,NA,NA,NA,NA,NA,NA,NA,NA,26.55,9.121677477306463,22.95,5.727564927611036,1.3,0.9899494936611666,0,0,0.75,0.3535533905932738,0,0,0,0,Dexter,Lawrence,NYG,DT,28,1
DL,14159,robust,NA,NA,NA,NA,NA,NA,NA,NA,NA,NA,NA,NA,NA,NA,NA,NA,NA,NA,NA,NA,NA,NA,NA,NA,NA,NA,NA,NA,NA,NA,NA,NA,NA,NA,NA,NA,NA,NA,NA,NA,NA,NA,26.55,9.562769999999999,22.95,6.004530000000001,1.3,1.03782,0,0,0.75,0.37065,0,0,0,0,Dexter,Lawrence,NYG,DT,28,1
DL,14159,weighted,NA,NA,NA,NA,NA,NA,NA,NA,NA,NA,NA,NA,NA,NA,NA,NA,NA,NA,NA,NA,NA,NA,NA,NA,NA,NA,NA,NA,NA,NA,NA,NA,NA,NA,NA,NA,NA,NA,NA,NA,NA,NA,26.748122866894196,9.121677477306461,23.07440273037543,5.727564927611036,1.3215017064846417,0.9899494936611666,0,0,0.757679180887372,0.35355339059327373,0,0,0,0,Dexter,Lawrence,NYG,DT,28,1
DL,14148,average,NA,NA,NA,NA,NA,NA,NA,NA,NA,NA,NA,NA,NA,NA,NA,NA,NA,NA,NA,NA,NA,NA,NA,NA,NA,NA,NA,NA,NA,NA,NA,NA,NA,NA,NA,NA,NA,NA,NA,NA,NA,NA,22.8,3.1112698372208083,14.1,1.272792206135786,2.7,0.42426406871192857,0,0,1.2,0.28284271247461895,0,0,0,0,Montez,Sweat,CHI,DE,29,1
DL,14148,robust,NA,NA,NA,NA,NA,NA,NA,NA,NA,NA,NA,NA,NA,NA,NA,NA,NA,NA,NA,NA,NA,NA,NA,NA,NA,NA,NA,NA,NA,NA,NA,NA,NA,NA,NA,NA,NA,NA,NA,NA,NA,NA,22.8,3.2617199999999986,14.1,1.3343400000000005,2.7,0.44478000000000006,0,0,1.2,0.2965199999999999,0,0,0,0,Montez,Sweat,CHI,DE,29,1
DL,14148,weighted,NA,NA,NA,NA,NA,NA,NA,NA,NA,NA,NA,NA,NA,NA,NA,NA,NA,NA,NA,NA,NA,NA,NA,NA,NA,NA,NA,NA,NA,NA,NA,NA,NA,NA,NA,NA,NA,NA,NA,NA,NA,NA,22.867576791808872,3.111269837220808,14.127645051194541,1.272792206135786,2.709215017064846,0.42426406871192857,0,0,1.1938566552901024,0.28284271247461895,0,0,0,0,Montez,Sweat,CHI,DE,29,1
DL,16233,average,NA,NA,NA,NA,NA,NA,NA,NA,NA,NA,NA,NA,NA,NA,NA,NA,NA,NA,NA,NA,NA,NA,NA,NA,NA,NA,NA,NA,NA,NA,NA,NA,NA,NA,NA,NA,NA,NA,NA,NA,NA,NA,23.1,1.272792206135786,16.15,2.616295090390225,3.8,0.28284271247461895,0,0,2,0,0.5,0.7071067811865476,0,0,Jalen,Carter,PHI,DT,24,-3
DL,16233,robust,NA,NA,NA,NA,NA,NA,NA,NA,NA,NA,NA,NA,NA,NA,NA,NA,NA,NA,NA,NA,NA,NA,NA,NA,NA,NA,NA,NA,NA,NA,NA,NA,NA,NA,NA,NA,NA,NA,NA,NA,NA,NA,23.1,1.3343400000000005,16.15,2.7428099999999995,3.8,0.2965199999999999,0,0,2,0,0.5,0.7413,0,0,Jalen,Carter,PHI,DT,24,-3
DL,16233,weighted,NA,NA,NA,NA,NA,NA,NA,NA,NA,NA,NA,NA,NA,NA,NA,NA,NA,NA,NA,NA,NA,NA,NA,NA,NA,NA,NA,NA,NA,NA,NA,NA,NA,NA,NA,NA,NA,NA,NA,NA,NA,NA,23.127645051194538,1.272792206135786,16.206825938566553,2.616295090390225,3.8061433447098976,0.28284271247461895,0,0,2,0,0.515358361774744,0.7071067811865475,0,0,Jalen,Carter,PHI,DT,24,-3
DL,15357,average,NA,NA,NA,NA,NA,NA,NA,NA,NA,NA,NA,NA,NA,NA,NA,NA,NA,NA,NA,NA,NA,NA,NA,NA,NA,NA,NA,NA,NA,NA,NA,NA,NA,NA,NA,NA,NA,NA,NA,NA,NA,NA,27.05,2.7577164466275343,21.05,1.3435028842544392,2.45,0.7778174593052023,0,0,0.05,0.07071067811865477,0,0,0,0,Christian,Barmore,NEP,DT,26,-1
DL,15357,robust,NA,NA,NA,NA,NA,NA,NA,NA,NA,NA,NA,NA,NA,NA,NA,NA,NA,NA,NA,NA,NA,NA,NA,NA,NA,NA,NA,NA,NA,NA,NA,NA,NA,NA,NA,NA,NA,NA,NA,NA,NA,NA,27.05,2.8910699999999987,21.05,1.4084699999999988,2.45,0.81543,0,0,0.05,0.07413,0,0,0,0,Christian,Barmore,NEP,DT,26,-1
DL,15357,weighted,NA,NA,NA,NA,NA,NA,NA,NA,NA,NA,NA,NA,NA,NA,NA,NA,NA,NA,NA,NA,NA,NA,NA,NA,NA,NA,NA,NA,NA,NA,NA,NA,NA,NA,NA,NA,NA,NA,NA,NA,NA,NA,27.1098976109215,2.7577164466275343,21.079180887372015,1.3435028842544392,2.466894197952218,0.7778174593052023,0,0,0.048464163822525594,0.07071067811865475,0,0,0,0,Christian,Barmore,NEP,DT,26,-1
DL,12782,average,NA,NA,NA,NA,NA,NA,NA,NA,NA,NA,NA,NA,NA,NA,NA,NA,NA,NA,NA,NA,NA,NA,NA,NA,NA,NA,NA,NA,NA,NA,NA,NA,NA,NA,NA,NA,NA,NA,NA,NA,NA,NA,24.4,0.5656854249492386,20.75,1.7677669529663689,1,0,0,0,0.8,0.28284271247461906,0,0,0,0,David,Onyemata,ATL,DT,33,4
DL,12782,robust,NA,NA,NA,NA,NA,NA,NA,NA,NA,NA,NA,NA,NA,NA,NA,NA,NA,NA,NA,NA,NA,NA,NA,NA,NA,NA,NA,NA,NA,NA,NA,NA,NA,NA,NA,NA,NA,NA,NA,NA,NA,NA,24.4,0.5930400000000005,20.75,1.8532499999999998,1,0,0,0,0.8,0.29652,0,0,0,0,David,Onyemata,ATL,DT,33,4
DL,12782,weighted,NA,NA,NA,NA,NA,NA,NA,NA,NA,NA,NA,NA,NA,NA,NA,NA,NA,NA,NA,NA,NA,NA,NA,NA,NA,NA,NA,NA,NA,NA,NA,NA,NA,NA,NA,NA,NA,NA,NA,NA,NA,NA,24.387713310580207,0.5656854249492385,20.788395904436857,1.7677669529663687,1,0,0,0,0.8061433447098976,0.28284271247461906,0,0,0,0,David,Onyemata,ATL,DT,33,4
DL,16265,average,NA,NA,NA,NA,NA,NA,NA,NA,NA,NA,NA,NA,NA,NA,NA,NA,NA,NA,NA,NA,NA,NA,NA,NA,NA,NA,NA,NA,NA,NA,NA,NA,NA,NA,NA,NA,NA,NA,NA,NA,NA,NA,21.25,0.3535533905932738,23,4.242640687119285,2,0,0,0,0.15,0.21213203435596426,0.15,0.21213203435596426,0,0,Gervon,Dexter,CHI,DT,24,-3
DL,16265,robust,NA,NA,NA,NA,NA,NA,NA,NA,NA,NA,NA,NA,NA,NA,NA,NA,NA,NA,NA,NA,NA,NA,NA,NA,NA,NA,NA,NA,NA,NA,NA,NA,NA,NA,NA,NA,NA,NA,NA,NA,NA,NA,21.25,0.37065,23,4.4478,2,0,0,0,0.15,0.22238999999999998,0.15,0.22238999999999998,0,0,Gervon,Dexter,CHI,DT,24,-3
DL,16265,weighted,NA,NA,NA,NA,NA,NA,NA,NA,NA,NA,NA,NA,NA,NA,NA,NA,NA,NA,NA,NA,NA,NA,NA,NA,NA,NA,NA,NA,NA,NA,NA,NA,NA,NA,NA,NA,NA,NA,NA,NA,NA,NA,21.24232081911263,0.35355339059327373,23.092150170648466,4.242640687119285,2,0,0,0,0.14539249146757677,0.21213203435596423,0.14539249146757677,0.21213203435596423,0,0,Gervon,Dexter,CHI,DT,24,-3
DL,15352,average,NA,NA,NA,NA,NA,NA,NA,NA,NA,NA,NA,NA,NA,NA,NA,NA,NA,NA,NA,NA,NA,NA,NA,NA,NA,NA,NA,NA,NA,NA,NA,NA,NA,NA,NA,NA,NA,NA,NA,NA,NA,NA,27.7,3.2526911934581197,18.35,0.49497474683058273,1.35,0.9192388155425119,0,0,1.15,0.21213203435596428,0,0,0,0,Zaven,Collins,ARI,DE,26,-1
DL,15352,robust,NA,NA,NA,NA,NA,NA,NA,NA,NA,NA,NA,NA,NA,NA,NA,NA,NA,NA,NA,NA,NA,NA,NA,NA,NA,NA,NA,NA,NA,NA,NA,NA,NA,NA,NA,NA,NA,NA,NA,NA,NA,NA,27.7,3.409980000000001,18.35,0.5189099999999994,1.35,0.9636899999999999,0,0,1.15,0.22239000000000003,0,0,0,0,Zaven,Collins,ARI,DE,26,-1
DL,15352,weighted,NA,NA,NA,NA,NA,NA,NA,NA,NA,NA,NA,NA,NA,NA,NA,NA,NA,NA,NA,NA,NA,NA,NA,NA,NA,NA,NA,NA,NA,NA,NA,NA,NA,NA,NA,NA,NA,NA,NA,NA,NA,NA,27.77064846416382,3.2526911934581193,18.33924914675768,0.49497474683058273,1.3699658703071673,0.9192388155425117,0,0,1.1453924914675768,0.21213203435596428,0,0,0,0,Zaven,Collins,ARI,DE,26,-1
DL,15853,average,NA,NA,NA,NA,NA,NA,NA,NA,NA,NA,NA,NA,NA,NA,NA,NA,NA,NA,NA,NA,NA,NA,NA,NA,NA,NA,NA,NA,NA,NA,NA,NA,NA,NA,NA,NA,NA,NA,NA,NA,NA,NA,25.35,3.7476659402887025,16.15,1.6263455967290599,1.85,1.6263455967290592,0,0,0.8,0.28284271247461906,0,0,0,0,Boye,Mafe,SEA,DE,27,-2
DL,15853,robust,NA,NA,NA,NA,NA,NA,NA,NA,NA,NA,NA,NA,NA,NA,NA,NA,NA,NA,NA,NA,NA,NA,NA,NA,NA,NA,NA,NA,NA,NA,NA,NA,NA,NA,NA,NA,NA,NA,NA,NA,NA,NA,25.35,3.9288900000000004,16.15,1.7049900000000004,1.85,1.7049899999999998,0,0,0.8,0.29652,0,0,0,0,Boye,Mafe,SEA,DE,27,-2
DL,15853,weighted,NA,NA,NA,NA,NA,NA,NA,NA,NA,NA,NA,NA,NA,NA,NA,NA,NA,NA,NA,NA,NA,NA,NA,NA,NA,NA,NA,NA,NA,NA,NA,NA,NA,NA,NA,NA,NA,NA,NA,NA,NA,NA,25.431399317406143,3.7476659402887025,16.11467576791809,1.6263455967290597,1.8853242320819115,1.6263455967290592,0,0,0.8061433447098976,0.28284271247461906,0,0,0,0,Boye,Mafe,SEA,DE,27,-2
DL,13770,average,NA,NA,NA,NA,NA,NA,NA,NA,NA,NA,NA,NA,NA,NA,NA,NA,NA,NA,NA,NA,NA,NA,NA,NA,NA,NA,NA,NA,NA,NA,NA,NA,NA,NA,NA,NA,NA,NA,NA,NA,NA,NA,18.65,2.333452377915607,18.55,2.050609665440987,1.5,0.7071067811865476,0,0,0,0,0,0,0,0,John,Franklin-Myers,DEN,DT,29,2
DL,13770,robust,NA,NA,NA,NA,NA,NA,NA,NA,NA,NA,NA,NA,NA,NA,NA,NA,NA,NA,NA,NA,NA,NA,NA,NA,NA,NA,NA,NA,NA,NA,NA,NA,NA,NA,NA,NA,NA,NA,NA,NA,NA,NA,18.65,2.4462900000000003,18.55,2.149769999999999,1.5,0.7413,0,0,0,0,0,0,0,0,John,Franklin-Myers,DEN,DT,29,2
DL,13770,weighted,NA,NA,NA,NA,NA,NA,NA,NA,NA,NA,NA,NA,NA,NA,NA,NA,NA,NA,NA,NA,NA,NA,NA,NA,NA,NA,NA,NA,NA,NA,NA,NA,NA,NA,NA,NA,NA,NA,NA,NA,NA,NA,18.599317406143346,2.333452377915607,18.59453924914676,2.050609665440987,1.515358361774744,0.7071067811865475,0,0,0,0,0,0,0,0,John,Franklin-Myers,DEN,DT,29,2
DL,13759,average,NA,NA,NA,NA,NA,NA,NA,NA,NA,NA,NA,NA,NA,NA,NA,NA,NA,NA,NA,NA,NA,NA,NA,NA,NA,NA,NA,NA,NA,NA,NA,NA,NA,NA,NA,NA,NA,NA,NA,NA,NA,NA,19.6,0.5656854249492386,17.6,1.9798989873223336,1,0,0,0,1.35,0.49497474683058323,0,0,0,0,Dorance,Armstrong,WAS,DE,28,2
DL,13759,robust,NA,NA,NA,NA,NA,NA,NA,NA,NA,NA,NA,NA,NA,NA,NA,NA,NA,NA,NA,NA,NA,NA,NA,NA,NA,NA,NA,NA,NA,NA,NA,NA,NA,NA,NA,NA,NA,NA,NA,NA,NA,NA,19.6,0.5930400000000005,17.6,2.0756400000000004,1,0,0,0,1.35,0.51891,0,0,0,0,Dorance,Armstrong,WAS,DE,28,2
DL,13759,weighted,NA,NA,NA,NA,NA,NA,NA,NA,NA,NA,NA,NA,NA,NA,NA,NA,NA,NA,NA,NA,NA,NA,NA,NA,NA,NA,NA,NA,NA,NA,NA,NA,NA,NA,NA,NA,NA,NA,NA,NA,NA,NA,19.612286689419793,0.5656854249492385,17.643003412969282,1.9798989873223336,1,0,0,0,1.3392491467576793,0.4949747468305832,0,0,0,0,Dorance,Armstrong,WAS,DE,28,2
DL,13245,average,NA,NA,NA,NA,NA,NA,NA,NA,NA,NA,NA,NA,NA,NA,NA,NA,NA,NA,NA,NA,NA,NA,NA,NA,NA,NA,NA,NA,NA,NA,NA,NA,NA,NA,NA,NA,NA,NA,NA,NA,NA,NA,25.2,3.959797974644667,14.35,3.7476659402887025,1.15,0.21213203435596428,0,0,1.5,0.7071067811865476,0.2,0.28284271247461906,0,0,Haason,Reddick,TBB,DE,31,3
DL,13245,robust,NA,NA,NA,NA,NA,NA,NA,NA,NA,NA,NA,NA,NA,NA,NA,NA,NA,NA,NA,NA,NA,NA,NA,NA,NA,NA,NA,NA,NA,NA,NA,NA,NA,NA,NA,NA,NA,NA,NA,NA,NA,NA,25.2,4.151280000000001,14.35,3.9288900000000004,1.15,0.22239000000000003,0,0,1.5,0.7413,0.2,0.29652,0,0,Haason,Reddick,TBB,DE,31,3
DL,13245,weighted,NA,NA,NA,NA,NA,NA,NA,NA,NA,NA,NA,NA,NA,NA,NA,NA,NA,NA,NA,NA,NA,NA,NA,NA,NA,NA,NA,NA,NA,NA,NA,NA,NA,NA,NA,NA,NA,NA,NA,NA,NA,NA,25.286006825938564,3.959797974644667,14.431399317406143,3.7476659402887025,1.1453924914675768,0.21213203435596428,0,0,1.515358361774744,0.7071067811865475,0.19385665529010238,0.282842712474619,0,0,Haason,Reddick,TBB,DE,31,3
DL,15393,average,NA,NA,NA,NA,NA,NA,NA,NA,NA,NA,NA,NA,NA,NA,NA,NA,NA,NA,NA,NA,NA,NA,NA,NA,NA,NA,NA,NA,NA,NA,NA,NA,NA,NA,NA,NA,NA,NA,NA,NA,NA,NA,23.25,2.4748737341529163,19.4,2.2627416997969516,0.75,0.3535533905932738,0,0,0.75,0.3535533905932738,0,0,0,0,Osa,Odighizuwa,DAL,DT,27,-1
DL,15393,robust,NA,NA,NA,NA,NA,NA,NA,NA,NA,NA,NA,NA,NA,NA,NA,NA,NA,NA,NA,NA,NA,NA,NA,NA,NA,NA,NA,NA,NA,NA,NA,NA,NA,NA,NA,NA,NA,NA,NA,NA,NA,NA,23.25,2.59455,19.4,2.372159999999999,0.75,0.37065,0,0,0.75,0.37065,0,0,0,0,Osa,Odighizuwa,DAL,DT,27,-1
DL,15393,weighted,NA,NA,NA,NA,NA,NA,NA,NA,NA,NA,NA,NA,NA,NA,NA,NA,NA,NA,NA,NA,NA,NA,NA,NA,NA,NA,NA,NA,NA,NA,NA,NA,NA,NA,NA,NA,NA,NA,NA,NA,NA,NA,23.3037542662116,2.4748737341529163,19.44914675767918,2.2627416997969516,0.757679180887372,0.35355339059327373,0,0,0.757679180887372,0.35355339059327373,0,0,0,0,Osa,Odighizuwa,DAL,DT,27,-1
DL,13208,average,NA,NA,NA,NA,NA,NA,NA,NA,NA,NA,NA,NA,NA,NA,NA,NA,NA,NA,NA,NA,NA,NA,NA,NA,NA,NA,NA,NA,NA,NA,NA,NA,NA,NA,NA,NA,NA,NA,NA,NA,NA,NA,27,8.48528137423857,15.65,1.9091883092036779,2.05,1.4849242404917498,0,0,0,0,0,0,0,0,Jonathan,Allen,MIN,DT,30,3
DL,13208,robust,NA,NA,NA,NA,NA,NA,NA,NA,NA,NA,NA,NA,NA,NA,NA,NA,NA,NA,NA,NA,NA,NA,NA,NA,NA,NA,NA,NA,NA,NA,NA,NA,NA,NA,NA,NA,NA,NA,NA,NA,NA,NA,27,8.8956,15.65,2.0015099999999992,2.05,1.55673,0,0,0,0,0,0,0,0,Jonathan,Allen,MIN,DT,30,3
DL,13208,weighted,NA,NA,NA,NA,NA,NA,NA,NA,NA,NA,NA,NA,NA,NA,NA,NA,NA,NA,NA,NA,NA,NA,NA,NA,NA,NA,NA,NA,NA,NA,NA,NA,NA,NA,NA,NA,NA,NA,NA,NA,NA,NA,27.18430034129693,8.48528137423857,15.69146757679181,1.9091883092036774,2.0177474402730375,1.4849242404917498,0,0,0,0,0,0,0,0,Jonathan,Allen,MIN,DT,30,3
DL,12691,average,NA,NA,NA,NA,NA,NA,NA,NA,NA,NA,NA,NA,NA,NA,NA,NA,NA,NA,NA,NA,NA,NA,NA,NA,NA,NA,NA,NA,NA,NA,NA,NA,NA,NA,NA,NA,NA,NA,NA,NA,NA,NA,22.25,3.8890872965260113,18.2,0.282842712474618,1.95,0.07071067811865482,0.8,0.28284271247461906,0.6,0.565685424949238,0,0,0,0,Emmanuel,Ogbah,JAC,DE,32,4
DL,12691,robust,NA,NA,NA,NA,NA,NA,NA,NA,NA,NA,NA,NA,NA,NA,NA,NA,NA,NA,NA,NA,NA,NA,NA,NA,NA,NA,NA,NA,NA,NA,NA,NA,NA,NA,NA,NA,NA,NA,NA,NA,NA,NA,22.25,4.07715,18.2,0.29651999999999895,1.95,0.07413000000000006,0.8,0.29652,0.6,0.59304,0,0,0,0,Emmanuel,Ogbah,JAC,DE,32,4
DL,12691,weighted,NA,NA,NA,NA,NA,NA,NA,NA,NA,NA,NA,NA,NA,NA,NA,NA,NA,NA,NA,NA,NA,NA,NA,NA,NA,NA,NA,NA,NA,NA,NA,NA,NA,NA,NA,NA,NA,NA,NA,NA,NA,NA,22.33447098976109,3.8890872965260113,18.193856655290105,0.282842712474618,1.9515358361774744,0.07071067811865481,0.8061433447098976,0.28284271247461906,0.6122866894197952,0.565685424949238,0,0,0,0,Emmanuel,Ogbah,JAC,DE,32,4
DL,12741,average,NA,NA,NA,NA,NA,NA,NA,NA,NA,NA,NA,NA,NA,NA,NA,NA,NA,NA,NA,NA,NA,NA,NA,NA,NA,NA,NA,NA,NA,NA,NA,NA,NA,NA,NA,NA,NA,NA,NA,NA,NA,NA,20.15,2.616295090390225,17.6,3.6769552621700465,2.25,2.4748737341529163,0,0,0.5,0.7071067811865476,0,0,0,0,Chris,Jones,KCC,DT,31,4
DL,12741,robust,NA,NA,NA,NA,NA,NA,NA,NA,NA,NA,NA,NA,NA,NA,NA,NA,NA,NA,NA,NA,NA,NA,NA,NA,NA,NA,NA,NA,NA,NA,NA,NA,NA,NA,NA,NA,NA,NA,NA,NA,NA,NA,20.15,2.7428099999999995,17.6,3.8547599999999993,2.25,2.59455,0,0,0.5,0.7413,0,0,0,0,Chris,Jones,KCC,DT,31,4
DL,12741,weighted,NA,NA,NA,NA,NA,NA,NA,NA,NA,NA,NA,NA,NA,NA,NA,NA,NA,NA,NA,NA,NA,NA,NA,NA,NA,NA,NA,NA,NA,NA,NA,NA,NA,NA,NA,NA,NA,NA,NA,NA,NA,NA,20.206825938566556,2.616295090390225,17.52013651877133,3.6769552621700465,2.303754266211604,2.4748737341529163,0,0,0.515358361774744,0.7071067811865475,0,0,0,0,Chris,Jones,KCC,DT,31,4
DL,15851,average,NA,NA,NA,NA,NA,NA,NA,NA,NA,NA,NA,NA,NA,NA,NA,NA,NA,NA,NA,NA,NA,NA,NA,NA,NA,NA,NA,NA,NA,NA,NA,NA,NA,NA,NA,NA,NA,NA,NA,NA,NA,NA,23.55,2.050609665440987,10.9,0.141421356237309,1.85,0.21213203435596428,0,0,0.5,0.7071067811865476,0.5,0.7071067811865476,0,0,Arnold,Ebiketie,ATL,DE,26,-2
DL,15851,robust,NA,NA,NA,NA,NA,NA,NA,NA,NA,NA,NA,NA,NA,NA,NA,NA,NA,NA,NA,NA,NA,NA,NA,NA,NA,NA,NA,NA,NA,NA,NA,NA,NA,NA,NA,NA,NA,NA,NA,NA,NA,NA,23.55,2.149769999999999,10.9,0.14825999999999948,1.85,0.22239000000000003,0,0,0.5,0.7413,0.5,0.7413,0,0,Arnold,Ebiketie,ATL,DE,26,-2
DL,15851,weighted,NA,NA,NA,NA,NA,NA,NA,NA,NA,NA,NA,NA,NA,NA,NA,NA,NA,NA,NA,NA,NA,NA,NA,NA,NA,NA,NA,NA,NA,NA,NA,NA,NA,NA,NA,NA,NA,NA,NA,NA,NA,NA,23.59453924914676,2.050609665440987,10.903071672354951,0.141421356237309,1.8546075085324234,0.21213203435596428,0,0,0.515358361774744,0.7071067811865475,0.515358361774744,0.7071067811865475,0,0,Arnold,Ebiketie,ATL,DE,26,-2
DL,15819,average,NA,NA,NA,NA,NA,NA,NA,NA,NA,NA,NA,NA,NA,NA,NA,NA,NA,NA,NA,NA,NA,NA,NA,NA,NA,NA,NA,NA,NA,NA,NA,NA,NA,NA,NA,NA,NA,NA,NA,NA,NA,NA,18.45,2.050609665440987,14.7,3.2526911934581184,0.85,0.21213203435596428,0,0,0.5,0.7071067811865476,0,0,0,0,Devonte,Wyatt,GBP,DT,27,-2
DL,15819,robust,NA,NA,NA,NA,NA,NA,NA,NA,NA,NA,NA,NA,NA,NA,NA,NA,NA,NA,NA,NA,NA,NA,NA,NA,NA,NA,NA,NA,NA,NA,NA,NA,NA,NA,NA,NA,NA,NA,NA,NA,NA,NA,18.45,2.149769999999999,14.7,3.4099799999999996,0.85,0.22239000000000003,0,0,0.5,0.7413,0,0,0,0,Devonte,Wyatt,GBP,DT,27,-2
DL,15819,weighted,NA,NA,NA,NA,NA,NA,NA,NA,NA,NA,NA,NA,NA,NA,NA,NA,NA,NA,NA,NA,NA,NA,NA,NA,NA,NA,NA,NA,NA,NA,NA,NA,NA,NA,NA,NA,NA,NA,NA,NA,NA,NA,18.40546075085324,2.050609665440987,14.770648464163823,3.252691193458118,0.8546075085324231,0.21213203435596428,0,0,0.515358361774744,0.7071067811865475,0,0,0,0,Devonte,Wyatt,GBP,DT,27,-2
DL,16230,average,NA,NA,NA,NA,NA,NA,NA,NA,NA,NA,NA,NA,NA,NA,NA,NA,NA,NA,NA,NA,NA,NA,NA,NA,NA,NA,NA,NA,NA,NA,NA,NA,NA,NA,NA,NA,NA,NA,NA,NA,NA,NA,22,1.4142135623730951,11.45,2.050609665440988,0.5,0.7071067811865476,0,0,0.35,0.49497474683058323,0.35,0.49497474683058323,0,0,Lukas,Van Ness,GBP,DE,24,-3
DL,16230,robust,NA,NA,NA,NA,NA,NA,NA,NA,NA,NA,NA,NA,NA,NA,NA,NA,NA,NA,NA,NA,NA,NA,NA,NA,NA,NA,NA,NA,NA,NA,NA,NA,NA,NA,NA,NA,NA,NA,NA,NA,NA,NA,22,1.4826,11.45,2.14977,0.5,0.7413,0,0,0.35,0.51891,0.35,0.51891,0,0,Lukas,Van Ness,GBP,DE,24,-3
DL,16230,weighted,NA,NA,NA,NA,NA,NA,NA,NA,NA,NA,NA,NA,NA,NA,NA,NA,NA,NA,NA,NA,NA,NA,NA,NA,NA,NA,NA,NA,NA,NA,NA,NA,NA,NA,NA,NA,NA,NA,NA,NA,NA,NA,22.03071672354949,1.414213562373095,11.405460750853244,2.050609665440988,0.515358361774744,0.7071067811865475,0,0,0.33924914675767914,0.4949747468305832,0.33924914675767914,0.4949747468305832,0,0,Lukas,Van Ness,GBP,DE,24,-3
DL,13723,average,NA,NA,NA,NA,NA,NA,NA,NA,NA,NA,NA,NA,NA,NA,NA,NA,NA,NA,NA,NA,NA,NA,NA,NA,NA,NA,NA,NA,NA,NA,NA,NA,NA,NA,NA,NA,NA,NA,NA,NA,NA,NA,24.8,8.768124086713188,19.05,5.586143571373726,2.2,1.1313708498984762,0.1,0.14142135623730953,0.15,0.21213203435596426,0,0,0.2,0,Da'Ron,Payne,WAS,DT,28,2
DL,13723,robust,NA,NA,NA,NA,NA,NA,NA,NA,NA,NA,NA,NA,NA,NA,NA,NA,NA,NA,NA,NA,NA,NA,NA,NA,NA,NA,NA,NA,NA,NA,NA,NA,NA,NA,NA,NA,NA,NA,NA,NA,NA,NA,24.8,9.19212,19.05,5.85627,2.2,1.18608,0.1,0.14826,0.15,0.22238999999999998,0,0,0.2,0,Da'Ron,Payne,WAS,DT,28,2
DL,13723,weighted,NA,NA,NA,NA,NA,NA,NA,NA,NA,NA,NA,NA,NA,NA,NA,NA,NA,NA,NA,NA,NA,NA,NA,NA,NA,NA,NA,NA,NA,NA,NA,NA,NA,NA,NA,NA,NA,NA,NA,NA,NA,NA,24.990443686006827,8.768124086713188,19.171331058020478,5.586143571373726,2.2245733788395903,1.1313708498984762,0.09692832764505119,0.1414213562373095,0.14539249146757677,0.21213203435596423,0,0,0.2,0,Da'Ron,Payne,WAS,DT,28,2
DL,12305,average,NA,NA,NA,NA,NA,NA,NA,NA,NA,NA,NA,NA,NA,NA,NA,NA,NA,NA,NA,NA,NA,NA,NA,NA,NA,NA,NA,NA,NA,NA,NA,NA,NA,NA,NA,NA,NA,NA,NA,NA,NA,NA,25.55,3.464823227814082,20,0,0.5,0.7071067811865476,0,0,0.05,0.07071067811865477,0,0,0,0,Grady,Jarrett,CHI,DT,32,5
DL,12305,robust,NA,NA,NA,NA,NA,NA,NA,NA,NA,NA,NA,NA,NA,NA,NA,NA,NA,NA,NA,NA,NA,NA,NA,NA,NA,NA,NA,NA,NA,NA,NA,NA,NA,NA,NA,NA,NA,NA,NA,NA,NA,NA,25.55,3.6323699999999985,20,0,0.5,0.7413,0,0,0.05,0.07413,0,0,0,0,Grady,Jarrett,CHI,DT,32,5
DL,12305,weighted,NA,NA,NA,NA,NA,NA,NA,NA,NA,NA,NA,NA,NA,NA,NA,NA,NA,NA,NA,NA,NA,NA,NA,NA,NA,NA,NA,NA,NA,NA,NA,NA,NA,NA,NA,NA,NA,NA,NA,NA,NA,NA,25.625255972696245,3.464823227814082,20,0,0.515358361774744,0.7071067811865475,0,0,0.048464163822525594,0.07071067811865475,0,0,0,0,Grady,Jarrett,CHI,DT,32,5
DL,12754,average,NA,NA,NA,NA,NA,NA,NA,NA,NA,NA,NA,NA,NA,NA,NA,NA,NA,NA,NA,NA,NA,NA,NA,NA,NA,NA,NA,NA,NA,NA,NA,NA,NA,NA,NA,NA,NA,NA,NA,NA,NA,NA,19.75,1.7677669529663689,14.05,2.7577164466275357,0.65,0.4949747468305833,0,0,0.5,0.7071067811865476,0,0,0,0,Maliek,Collins,CLE,DT,30,4
DL,12754,robust,NA,NA,NA,NA,NA,NA,NA,NA,NA,NA,NA,NA,NA,NA,NA,NA,NA,NA,NA,NA,NA,NA,NA,NA,NA,NA,NA,NA,NA,NA,NA,NA,NA,NA,NA,NA,NA,NA,NA,NA,NA,NA,19.75,1.8532499999999998,14.05,2.89107,0.65,0.51891,0,0,0.5,0.7413,0,0,0,0,Maliek,Collins,CLE,DT,30,4
DL,12754,weighted,NA,NA,NA,NA,NA,NA,NA,NA,NA,NA,NA,NA,NA,NA,NA,NA,NA,NA,NA,NA,NA,NA,NA,NA,NA,NA,NA,NA,NA,NA,NA,NA,NA,NA,NA,NA,NA,NA,NA,NA,NA,NA,19.78839590443686,1.7677669529663687,14.109897610921502,2.7577164466275357,0.6607508532423209,0.4949747468305833,0,0,0.48464163822525597,0.7071067811865475,0,0,0,0,Maliek,Collins,CLE,DT,30,4
DL,16692,average,NA,NA,NA,NA,NA,NA,NA,NA,NA,NA,NA,NA,NA,NA,NA,NA,NA,NA,NA,NA,NA,NA,NA,NA,NA,NA,NA,NA,NA,NA,NA,NA,NA,NA,NA,NA,NA,NA,NA,NA,NA,NA,19.25,2.4748737341529163,19.8,1.6970562748477132,0.75,0.3535533905932738,0,0,0.4,0.5656854249492381,0.75,0.3535533905932738,0,0,Jer'Zhan,Newton,WAS,DT,23,-4
DL,16692,robust,NA,NA,NA,NA,NA,NA,NA,NA,NA,NA,NA,NA,NA,NA,NA,NA,NA,NA,NA,NA,NA,NA,NA,NA,NA,NA,NA,NA,NA,NA,NA,NA,NA,NA,NA,NA,NA,NA,NA,NA,NA,NA,19.25,2.59455,19.8,1.779119999999999,0.75,0.37065,0,0,0.4,0.59304,0.75,0.37065,0,0,Jer'Zhan,Newton,WAS,DT,23,-4
DL,16692,weighted,NA,NA,NA,NA,NA,NA,NA,NA,NA,NA,NA,NA,NA,NA,NA,NA,NA,NA,NA,NA,NA,NA,NA,NA,NA,NA,NA,NA,NA,NA,NA,NA,NA,NA,NA,NA,NA,NA,NA,NA,NA,NA,19.303754266211605,2.4748737341529163,19.836860068259387,1.697056274847713,0.757679180887372,0.35355339059327373,0,0,0.38771331058020475,0.565685424949238,0.757679180887372,0.35355339059327373,0,0,Jer'Zhan,Newton,WAS,DT,23,-4
DL,14158,average,NA,NA,NA,NA,NA,NA,NA,NA,NA,NA,NA,NA,NA,NA,NA,NA,NA,NA,NA,NA,NA,NA,NA,NA,NA,NA,NA,NA,NA,NA,NA,NA,NA,NA,NA,NA,NA,NA,NA,NA,NA,NA,18.9,4.384062043356594,16.4,0.5656854249492386,1.4,0.848528137423857,0.3,0.4242640687119285,1.25,0.3535533905932738,0.35,0.49497474683058323,0,0,Ed,Oliver,BUF,DT,28,1
DL,14158,robust,NA,NA,NA,NA,NA,NA,NA,NA,NA,NA,NA,NA,NA,NA,NA,NA,NA,NA,NA,NA,NA,NA,NA,NA,NA,NA,NA,NA,NA,NA,NA,NA,NA,NA,NA,NA,NA,NA,NA,NA,NA,NA,18.9,4.59606,16.4,0.5930400000000005,1.4,0.8895599999999999,0.3,0.44477999999999995,1.25,0.37065,0.35,0.51891,0,0,Ed,Oliver,BUF,DT,28,1
DL,14158,weighted,NA,NA,NA,NA,NA,NA,NA,NA,NA,NA,NA,NA,NA,NA,NA,NA,NA,NA,NA,NA,NA,NA,NA,NA,NA,NA,NA,NA,NA,NA,NA,NA,NA,NA,NA,NA,NA,NA,NA,NA,NA,NA,18.995221843003414,4.384062043356594,16.387713310580203,0.5656854249492385,1.4184300341296927,0.8485281374238569,0.29078498293515354,0.42426406871192845,1.242320819112628,0.35355339059327373,0.33924914675767914,0.4949747468305832,0,0,Ed,Oliver,BUF,DT,28,1
DL,15386,average,NA,NA,NA,NA,NA,NA,NA,NA,NA,NA,NA,NA,NA,NA,NA,NA,NA,NA,NA,NA,NA,NA,NA,NA,NA,NA,NA,NA,NA,NA,NA,NA,NA,NA,NA,NA,NA,NA,NA,NA,NA,NA,17.75,1.7677669529663689,16.15,1.6263455967290599,0.7,0.4242640687119285,0,0,0.75,0.3535533905932738,0.15,0.21213203435596426,0,0,Dayo,Odeyingbo,CHI,DE,26,-1
DL,15386,robust,NA,NA,NA,NA,NA,NA,NA,NA,NA,NA,NA,NA,NA,NA,NA,NA,NA,NA,NA,NA,NA,NA,NA,NA,NA,NA,NA,NA,NA,NA,NA,NA,NA,NA,NA,NA,NA,NA,NA,NA,NA,NA,17.75,1.8532499999999998,16.15,1.7049900000000004,0.7,0.44477999999999995,0,0,0.75,0.37065,0.15,0.22238999999999998,0,0,Dayo,Odeyingbo,CHI,DE,26,-1
DL,15386,weighted,NA,NA,NA,NA,NA,NA,NA,NA,NA,NA,NA,NA,NA,NA,NA,NA,NA,NA,NA,NA,NA,NA,NA,NA,NA,NA,NA,NA,NA,NA,NA,NA,NA,NA,NA,NA,NA,NA,NA,NA,NA,NA,17.78839590443686,1.7677669529663687,16.11467576791809,1.6263455967290597,0.7092150170648464,0.42426406871192845,0,0,0.757679180887372,0.35355339059327373,0.14539249146757677,0.21213203435596423,0,0,Dayo,Odeyingbo,CHI,DE,26,-1
DL,13692,average,NA,NA,NA,NA,NA,NA,NA,NA,NA,NA,NA,NA,NA,NA,NA,NA,NA,NA,NA,NA,NA,NA,NA,NA,NA,NA,NA,NA,NA,NA,NA,NA,NA,NA,NA,NA,NA,NA,NA,NA,NA,NA,22.1,5.515432893255071,13.95,1.4849242404917495,0.7,0.4242640687119285,0,0,0.55,0.6363961030678927,0.05,0.07071067811865477,0,0,Vita,Vea,TBB,DT,30,2
DL,13692,robust,NA,NA,NA,NA,NA,NA,NA,NA,NA,NA,NA,NA,NA,NA,NA,NA,NA,NA,NA,NA,NA,NA,NA,NA,NA,NA,NA,NA,NA,NA,NA,NA,NA,NA,NA,NA,NA,NA,NA,NA,NA,NA,22.1,5.78214,13.95,1.5567299999999997,0.7,0.44477999999999995,0,0,0.55,0.6671699999999999,0.05,0.07413,0,0,Vita,Vea,TBB,DT,30,2
DL,13692,weighted,NA,NA,NA,NA,NA,NA,NA,NA,NA,NA,NA,NA,NA,NA,NA,NA,NA,NA,NA,NA,NA,NA,NA,NA,NA,NA,NA,NA,NA,NA,NA,NA,NA,NA,NA,NA,NA,NA,NA,NA,NA,NA,22.219795221843,5.515432893255071,13.982252559726962,1.4849242404917495,0.7092150170648464,0.42426406871192845,0,0,0.5638225255972696,0.6363961030678927,0.048464163822525594,0.07071067811865475,0,0,Vita,Vea,TBB,DT,30,2
DL,15391,average,NA,NA,NA,NA,NA,NA,NA,NA,NA,NA,NA,NA,NA,NA,NA,NA,NA,NA,NA,NA,NA,NA,NA,NA,NA,NA,NA,NA,NA,NA,NA,NA,NA,NA,NA,NA,NA,NA,NA,NA,NA,NA,18.95,1.4849242404917509,16.2,0.282842712474618,1,0,0,0,0,0,0,0,0,0,Milton,Williams,NEP,DT,26,-1
DL,15391,robust,NA,NA,NA,NA,NA,NA,NA,NA,NA,NA,NA,NA,NA,NA,NA,NA,NA,NA,NA,NA,NA,NA,NA,NA,NA,NA,NA,NA,NA,NA,NA,NA,NA,NA,NA,NA,NA,NA,NA,NA,NA,NA,18.95,1.556730000000001,16.2,0.29651999999999895,1,0,0,0,0,0,0,0,0,0,Milton,Williams,NEP,DT,26,-1
DL,15391,weighted,NA,NA,NA,NA,NA,NA,NA,NA,NA,NA,NA,NA,NA,NA,NA,NA,NA,NA,NA,NA,NA,NA,NA,NA,NA,NA,NA,NA,NA,NA,NA,NA,NA,NA,NA,NA,NA,NA,NA,NA,NA,NA,18.982252559726962,1.4849242404917506,16.1938566552901,0.282842712474618,1,0,0,0,0,0,0,0,0,0,Milton,Williams,NEP,DT,26,-1
DL,13688,average,NA,NA,NA,NA,NA,NA,NA,NA,NA,NA,NA,NA,NA,NA,NA,NA,NA,NA,NA,NA,NA,NA,NA,NA,NA,NA,NA,NA,NA,NA,NA,NA,NA,NA,NA,NA,NA,NA,NA,NA,NA,NA,17.75,3.181980515339464,13.05,2.7577164466275357,0.65,0.4949747468305833,0,0,0.65,0.4949747468305833,0,0,0,0,Marcus,Davenport,DET,DE,29,2
DL,13688,robust,NA,NA,NA,NA,NA,NA,NA,NA,NA,NA,NA,NA,NA,NA,NA,NA,NA,NA,NA,NA,NA,NA,NA,NA,NA,NA,NA,NA,NA,NA,NA,NA,NA,NA,NA,NA,NA,NA,NA,NA,NA,NA,17.75,3.3358499999999998,13.05,2.89107,0.65,0.51891,0,0,0.65,0.51891,0,0,0,0,Marcus,Davenport,DET,DE,29,2
DL,13688,weighted,NA,NA,NA,NA,NA,NA,NA,NA,NA,NA,NA,NA,NA,NA,NA,NA,NA,NA,NA,NA,NA,NA,NA,NA,NA,NA,NA,NA,NA,NA,NA,NA,NA,NA,NA,NA,NA,NA,NA,NA,NA,NA,17.81911262798635,3.181980515339464,13.109897610921502,2.7577164466275357,0.6607508532423209,0.4949747468305833,0,0,0.6607508532423209,0.4949747468305833,0,0,0,0,Marcus,Davenport,DET,DE,29,2
DL,13296,average,NA,NA,NA,NA,NA,NA,NA,NA,NA,NA,NA,NA,NA,NA,NA,NA,NA,NA,NA,NA,NA,NA,NA,NA,NA,NA,NA,NA,NA,NA,NA,NA,NA,NA,NA,NA,NA,NA,NA,NA,NA,NA,18.15,4.030508652763321,18.2,2.545584412271572,1.65,0.49497474683058323,0,0,0.5,0.7071067811865476,0,0,0,0,Deatrich,Wise,WAS,DE,31,3
DL,13296,robust,NA,NA,NA,NA,NA,NA,NA,NA,NA,NA,NA,NA,NA,NA,NA,NA,NA,NA,NA,NA,NA,NA,NA,NA,NA,NA,NA,NA,NA,NA,NA,NA,NA,NA,NA,NA,NA,NA,NA,NA,NA,NA,18.15,4.225409999999999,18.2,2.668680000000001,1.65,0.51891,0,0,0.5,0.7413,0,0,0,0,Deatrich,Wise,WAS,DE,31,3
DL,13296,weighted,NA,NA,NA,NA,NA,NA,NA,NA,NA,NA,NA,NA,NA,NA,NA,NA,NA,NA,NA,NA,NA,NA,NA,NA,NA,NA,NA,NA,NA,NA,NA,NA,NA,NA,NA,NA,NA,NA,NA,NA,NA,NA,18.23754266211604,4.030508652763321,18.25529010238908,2.545584412271572,1.6607508532423207,0.4949747468305832,0,0,0.515358361774744,0.7071067811865475,0,0,0,0,Deatrich,Wise,WAS,DE,31,3
DL,16226,average,NA,NA,NA,NA,NA,NA,NA,NA,NA,NA,NA,NA,NA,NA,NA,NA,NA,NA,NA,NA,NA,NA,NA,NA,NA,NA,NA,NA,NA,NA,NA,NA,NA,NA,NA,NA,NA,NA,NA,NA,NA,NA,16.9,5.79827560572969,12.1,0.141421356237309,0.9,0.14142135623730948,0,0,0.35,0.49497474683058323,0,0,0,0,Tyree,Wilson,LVR,DE,25,-3
DL,16226,robust,NA,NA,NA,NA,NA,NA,NA,NA,NA,NA,NA,NA,NA,NA,NA,NA,NA,NA,NA,NA,NA,NA,NA,NA,NA,NA,NA,NA,NA,NA,NA,NA,NA,NA,NA,NA,NA,NA,NA,NA,NA,NA,16.9,6.078659999999999,12.1,0.14825999999999948,0.9,0.14825999999999995,0,0,0.35,0.51891,0,0,0,0,Tyree,Wilson,LVR,DE,25,-3
DL,16226,weighted,NA,NA,NA,NA,NA,NA,NA,NA,NA,NA,NA,NA,NA,NA,NA,NA,NA,NA,NA,NA,NA,NA,NA,NA,NA,NA,NA,NA,NA,NA,NA,NA,NA,NA,NA,NA,NA,NA,NA,NA,NA,NA,17.025938566552902,5.798275605729689,12.09692832764505,0.141421356237309,0.9030716723549489,0.14142135623730945,0,0,0.33924914675767914,0.4949747468305832,0,0,0,0,Tyree,Wilson,LVR,DE,25,-3
DL,16689,average,NA,NA,NA,NA,NA,NA,NA,NA,NA,NA,NA,NA,NA,NA,NA,NA,NA,NA,NA,NA,NA,NA,NA,NA,NA,NA,NA,NA,NA,NA,NA,NA,NA,NA,NA,NA,NA,NA,NA,NA,NA,NA,14.4,0.8485281374238566,24.1,1.5556349186104041,0.6,0.565685424949238,0,0,0,0,0,0,0,0,Byron,Murphy,SEA,DT,23,-4
DL,16689,robust,NA,NA,NA,NA,NA,NA,NA,NA,NA,NA,NA,NA,NA,NA,NA,NA,NA,NA,NA,NA,NA,NA,NA,NA,NA,NA,NA,NA,NA,NA,NA,NA,NA,NA,NA,NA,NA,NA,NA,NA,NA,NA,14.4,0.8895599999999995,24.1,1.6308599999999993,0.6,0.59304,0,0,0,0,0,0,0,0,Byron,Murphy,SEA,DT,23,-4
DL,16689,weighted,NA,NA,NA,NA,NA,NA,NA,NA,NA,NA,NA,NA,NA,NA,NA,NA,NA,NA,NA,NA,NA,NA,NA,NA,NA,NA,NA,NA,NA,NA,NA,NA,NA,NA,NA,NA,NA,NA,NA,NA,NA,NA,14.418430034129695,0.8485281374238565,24.06621160409556,1.555634918610404,0.6122866894197952,0.565685424949238,0,0,0,0,0,0,0,0,Byron,Murphy,SEA,DT,23,-4
DL,14877,average,NA,NA,NA,NA,NA,NA,NA,NA,NA,NA,NA,NA,NA,NA,NA,NA,NA,NA,NA,NA,NA,NA,NA,NA,NA,NA,NA,NA,NA,NA,NA,NA,NA,NA,NA,NA,NA,NA,NA,NA,NA,NA,19.8,5.939696961966999,10.8,4.525483399593905,1.55,0.6363961030678927,0,0,0.85,0.21213203435596428,0,0,0,0,Chase,Young,NOS,DE,26,0
DL,14877,robust,NA,NA,NA,NA,NA,NA,NA,NA,NA,NA,NA,NA,NA,NA,NA,NA,NA,NA,NA,NA,NA,NA,NA,NA,NA,NA,NA,NA,NA,NA,NA,NA,NA,NA,NA,NA,NA,NA,NA,NA,NA,NA,19.8,6.22692,10.8,4.74432,1.55,0.6671699999999999,0,0,0.85,0.22239000000000003,0,0,0,0,Chase,Young,NOS,DE,26,0
DL,14877,weighted,NA,NA,NA,NA,NA,NA,NA,NA,NA,NA,NA,NA,NA,NA,NA,NA,NA,NA,NA,NA,NA,NA,NA,NA,NA,NA,NA,NA,NA,NA,NA,NA,NA,NA,NA,NA,NA,NA,NA,NA,NA,NA,19.92901023890785,5.939696961966999,10.898293515358363,4.525483399593904,1.5638225255972698,0.6363961030678926,0,0,0.8546075085324231,0.21213203435596428,0,0,0,0,Chase,Young,NOS,DE,26,0
DL,15863,average,NA,NA,NA,NA,NA,NA,NA,NA,NA,NA,NA,NA,NA,NA,NA,NA,NA,NA,NA,NA,NA,NA,NA,NA,NA,NA,NA,NA,NA,NA,NA,NA,NA,NA,NA,NA,NA,NA,NA,NA,NA,NA,18.3,3.818376618407357,18.9,1.272792206135786,0.5,0.7071067811865476,0,0,0,0,0,0,0,0,Travis,Jones,BAL,DT,26,-2
DL,15863,robust,NA,NA,NA,NA,NA,NA,NA,NA,NA,NA,NA,NA,NA,NA,NA,NA,NA,NA,NA,NA,NA,NA,NA,NA,NA,NA,NA,NA,NA,NA,NA,NA,NA,NA,NA,NA,NA,NA,NA,NA,NA,NA,18.3,4.00302,18.9,1.3343400000000005,0.5,0.7413,0,0,0,0,0,0,0,0,Travis,Jones,BAL,DT,26,-2
DL,15863,weighted,NA,NA,NA,NA,NA,NA,NA,NA,NA,NA,NA,NA,NA,NA,NA,NA,NA,NA,NA,NA,NA,NA,NA,NA,NA,NA,NA,NA,NA,NA,NA,NA,NA,NA,NA,NA,NA,NA,NA,NA,NA,NA,18.382935153583617,3.8183766184073566,18.872354948805462,1.272792206135786,0.515358361774744,0.7071067811865475,0,0,0,0,0,0,0,0,Travis,Jones,BAL,DT,26,-2
DL,12739,average,NA,NA,NA,NA,NA,NA,NA,NA,NA,NA,NA,NA,NA,NA,NA,NA,NA,NA,NA,NA,NA,NA,NA,NA,NA,NA,NA,NA,NA,NA,NA,NA,NA,NA,NA,NA,NA,NA,NA,NA,NA,NA,18.5,6.363961030678928,15.75,6.010407640085654,1.15,0.21213203435596428,0,0,0.5,0.7071067811865476,0.5,0.7071067811865476,0,0,Kenny,Clark,DAL,DT,30,4
DL,12739,robust,NA,NA,NA,NA,NA,NA,NA,NA,NA,NA,NA,NA,NA,NA,NA,NA,NA,NA,NA,NA,NA,NA,NA,NA,NA,NA,NA,NA,NA,NA,NA,NA,NA,NA,NA,NA,NA,NA,NA,NA,NA,NA,18.5,6.6716999999999995,15.75,6.30105,1.15,0.22239000000000003,0,0,0.5,0.7413,0.5,0.7413,0,0,Kenny,Clark,DAL,DT,30,4
DL,12739,weighted,NA,NA,NA,NA,NA,NA,NA,NA,NA,NA,NA,NA,NA,NA,NA,NA,NA,NA,NA,NA,NA,NA,NA,NA,NA,NA,NA,NA,NA,NA,NA,NA,NA,NA,NA,NA,NA,NA,NA,NA,NA,NA,18.638225255972696,6.363961030678928,15.880546075085324,6.0104076400856545,1.1453924914675768,0.21213203435596428,0,0,0.515358361774744,0.7071067811865475,0.515358361774744,0.7071067811865475,0,0,Kenny,Clark,DAL,DT,30,4
DL,17121,average,NA,NA,NA,NA,NA,NA,NA,NA,NA,NA,NA,NA,NA,NA,NA,NA,NA,NA,NA,NA,NA,NA,NA,NA,NA,NA,NA,NA,NA,NA,NA,NA,NA,NA,NA,NA,NA,NA,NA,NA,NA,NA,18.2,2.545584412271572,12.3,2.4041630560342617,1.7,1.8384776310850235,0,0,0.5,0.7071067811865476,0,0,0,0,Mason,Graham,CLE,DT,22,-5
DL,17121,robust,NA,NA,NA,NA,NA,NA,NA,NA,NA,NA,NA,NA,NA,NA,NA,NA,NA,NA,NA,NA,NA,NA,NA,NA,NA,NA,NA,NA,NA,NA,NA,NA,NA,NA,NA,NA,NA,NA,NA,NA,NA,NA,18.2,2.668680000000001,12.3,2.52042,1.7,1.9273799999999996,0,0,0.5,0.7413,0,0,0,0,Mason,Graham,CLE,DT,22,-5
DL,17121,weighted,NA,NA,NA,NA,NA,NA,NA,NA,NA,NA,NA,NA,NA,NA,NA,NA,NA,NA,NA,NA,NA,NA,NA,NA,NA,NA,NA,NA,NA,NA,NA,NA,NA,NA,NA,NA,NA,NA,NA,NA,NA,NA,18.25529010238908,2.545584412271572,12.35221843003413,2.4041630560342617,1.7399317406143342,1.8384776310850235,0,0,0.515358361774744,0.7071067811865475,0,0,0,0,Mason,Graham,CLE,DT,22,-5
DL,13201,average,NA,NA,NA,NA,NA,NA,NA,NA,NA,NA,NA,NA,NA,NA,NA,NA,NA,NA,NA,NA,NA,NA,NA,NA,NA,NA,NA,NA,NA,NA,NA,NA,NA,NA,NA,NA,NA,NA,NA,NA,NA,NA,16.25,8.131727983645296,12.65,4.737615433949868,1,1.4142135623730951,0,0,1.15,0.21213203435596428,0.65,0.9192388155425119,1.3,0,Derek,Barnett,HOU,DE,29,3
DL,13201,robust,NA,NA,NA,NA,NA,NA,NA,NA,NA,NA,NA,NA,NA,NA,NA,NA,NA,NA,NA,NA,NA,NA,NA,NA,NA,NA,NA,NA,NA,NA,NA,NA,NA,NA,NA,NA,NA,NA,NA,NA,NA,NA,16.25,8.524949999999999,12.65,4.966709999999999,1,1.4826,0,0,1.15,0.22239000000000003,0.65,0.9636899999999999,1.3,0,Derek,Barnett,HOU,DE,29,3
DL,13201,weighted,NA,NA,NA,NA,NA,NA,NA,NA,NA,NA,NA,NA,NA,NA,NA,NA,NA,NA,NA,NA,NA,NA,NA,NA,NA,NA,NA,NA,NA,NA,NA,NA,NA,NA,NA,NA,NA,NA,NA,NA,NA,NA,16.426621160409557,8.131727983645296,12.752901023890786,4.737615433949868,1.030716723549488,1.414213562373095,0,0,1.1453924914675768,0.21213203435596428,0.6300341296928328,0.9192388155425117,1.3,0,Derek,Barnett,HOU,DE,29,3
DL,17137,average,NA,NA,NA,NA,NA,NA,NA,NA,NA,NA,NA,NA,NA,NA,NA,NA,NA,NA,NA,NA,NA,NA,NA,NA,NA,NA,NA,NA,NA,NA,NA,NA,NA,NA,NA,NA,NA,NA,NA,NA,NA,NA,17.2,2.545584412271571,13.85,0.21213203435596475,0.8,0.28284271247461906,0,0,0,0,0,0,0,0,Derrick,Harmon,PIT,DT,22,-5
DL,17137,robust,NA,NA,NA,NA,NA,NA,NA,NA,NA,NA,NA,NA,NA,NA,NA,NA,NA,NA,NA,NA,NA,NA,NA,NA,NA,NA,NA,NA,NA,NA,NA,NA,NA,NA,NA,NA,NA,NA,NA,NA,NA,NA,17.2,2.6686799999999997,13.85,0.2223900000000005,0.8,0.29652,0,0,0,0,0,0,0,0,Derrick,Harmon,PIT,DT,22,-5
DL,17137,weighted,NA,NA,NA,NA,NA,NA,NA,NA,NA,NA,NA,NA,NA,NA,NA,NA,NA,NA,NA,NA,NA,NA,NA,NA,NA,NA,NA,NA,NA,NA,NA,NA,NA,NA,NA,NA,NA,NA,NA,NA,NA,NA,17.25529010238908,2.5455844122715705,13.854607508532425,0.21213203435596475,0.8061433447098976,0.28284271247461906,0,0,0,0,0,0,0,0,Derrick,Harmon,PIT,DT,22,-5
DL,12764,average,NA,NA,NA,NA,NA,NA,NA,NA,NA,NA,NA,NA,NA,NA,NA,NA,NA,NA,NA,NA,NA,NA,NA,NA,NA,NA,NA,NA,NA,NA,NA,NA,NA,NA,NA,NA,NA,NA,NA,NA,NA,NA,16.6,9.05096679918781,17.1,6.929646455628166,1.15,1.2020815280171309,0,0,0,0,0.5,0.7071067811865476,0,0,Javon,Hargrave,MIN,DT,32,4
DL,12764,robust,NA,NA,NA,NA,NA,NA,NA,NA,NA,NA,NA,NA,NA,NA,NA,NA,NA,NA,NA,NA,NA,NA,NA,NA,NA,NA,NA,NA,NA,NA,NA,NA,NA,NA,NA,NA,NA,NA,NA,NA,NA,NA,16.6,9.48864,17.1,7.26474,1.15,1.2602099999999998,0,0,0,0,0.5,0.7413,0,0,Javon,Hargrave,MIN,DT,32,4
DL,12764,weighted,NA,NA,NA,NA,NA,NA,NA,NA,NA,NA,NA,NA,NA,NA,NA,NA,NA,NA,NA,NA,NA,NA,NA,NA,NA,NA,NA,NA,NA,NA,NA,NA,NA,NA,NA,NA,NA,NA,NA,NA,NA,NA,16.796587030716722,9.05096679918781,17.25051194539249,6.929646455628166,1.176109215017065,1.2020815280171306,0,0,0,0,0.515358361774744,0.7071067811865475,0,0,Javon,Hargrave,MIN,DT,32,4
DL,13260,average,NA,NA,NA,NA,NA,NA,NA,NA,NA,NA,NA,NA,NA,NA,NA,NA,NA,NA,NA,NA,NA,NA,NA,NA,NA,NA,NA,NA,NA,NA,NA,NA,NA,NA,NA,NA,NA,NA,NA,NA,NA,NA,16.6,7.636753236814714,16.6,9.05096679918781,0.5,0.7071067811865476,0,0,0.5,0.7071067811865476,0,0,0,0,Dalvin,Tomlinson,ARI,DT,31,3
DL,13260,robust,NA,NA,NA,NA,NA,NA,NA,NA,NA,NA,NA,NA,NA,NA,NA,NA,NA,NA,NA,NA,NA,NA,NA,NA,NA,NA,NA,NA,NA,NA,NA,NA,NA,NA,NA,NA,NA,NA,NA,NA,NA,NA,16.6,8.00604,16.6,9.48864,0.5,0.7413,0,0,0.5,0.7413,0,0,0,0,Dalvin,Tomlinson,ARI,DT,31,3
DL,13260,weighted,NA,NA,NA,NA,NA,NA,NA,NA,NA,NA,NA,NA,NA,NA,NA,NA,NA,NA,NA,NA,NA,NA,NA,NA,NA,NA,NA,NA,NA,NA,NA,NA,NA,NA,NA,NA,NA,NA,NA,NA,NA,NA,16.765870307167237,7.636753236814713,16.796587030716722,9.05096679918781,0.515358361774744,0.7071067811865475,0,0,0.515358361774744,0.7071067811865475,0,0,0,0,Dalvin,Tomlinson,ARI,DT,31,3
DL,17112,average,NA,NA,NA,NA,NA,NA,NA,NA,NA,NA,NA,NA,NA,NA,NA,NA,NA,NA,NA,NA,NA,NA,NA,NA,NA,NA,NA,NA,NA,NA,NA,NA,NA,NA,NA,NA,NA,NA,NA,NA,NA,NA,13.3,6.646803743153547,16.55,4.879036790187178,0.5,0.7071067811865476,0,0,0.5,0.7071067811865476,0.5,0.7071067811865476,0,0,Abdul,Carter,NYG,DE,21,-5
DL,17112,robust,NA,NA,NA,NA,NA,NA,NA,NA,NA,NA,NA,NA,NA,NA,NA,NA,NA,NA,NA,NA,NA,NA,NA,NA,NA,NA,NA,NA,NA,NA,NA,NA,NA,NA,NA,NA,NA,NA,NA,NA,NA,NA,13.3,6.96822,16.55,5.11497,0.5,0.7413,0,0,0.5,0.7413,0.5,0.7413,0,0,Abdul,Carter,NYG,DE,21,-5
DL,17112,weighted,NA,NA,NA,NA,NA,NA,NA,NA,NA,NA,NA,NA,NA,NA,NA,NA,NA,NA,NA,NA,NA,NA,NA,NA,NA,NA,NA,NA,NA,NA,NA,NA,NA,NA,NA,NA,NA,NA,NA,NA,NA,NA,13.444368600682592,6.646803743153547,16.655972696245737,4.879036790187178,0.515358361774744,0.7071067811865475,0,0,0.515358361774744,0.7071067811865475,0.515358361774744,0.7071067811865475,0,0,Abdul,Carter,NYG,DE,21,-5
DL,17122,average,NA,NA,NA,NA,NA,NA,NA,NA,NA,NA,NA,NA,NA,NA,NA,NA,NA,NA,NA,NA,NA,NA,NA,NA,NA,NA,NA,NA,NA,NA,NA,NA,NA,NA,NA,NA,NA,NA,NA,NA,NA,NA,13.7,11.737972567696689,12.95,1.4849242404917495,0.5,0.7071067811865476,0,0,0.5,0.7071067811865476,0,0,0,0,Jalon,Walker,ATL,DE,21,-5
DL,17122,robust,NA,NA,NA,NA,NA,NA,NA,NA,NA,NA,NA,NA,NA,NA,NA,NA,NA,NA,NA,NA,NA,NA,NA,NA,NA,NA,NA,NA,NA,NA,NA,NA,NA,NA,NA,NA,NA,NA,NA,NA,NA,NA,13.7,12.30558,12.95,1.5567299999999997,0.5,0.7413,0,0,0.5,0.7413,0,0,0,0,Jalon,Walker,ATL,DE,21,-5
DL,17122,weighted,NA,NA,NA,NA,NA,NA,NA,NA,NA,NA,NA,NA,NA,NA,NA,NA,NA,NA,NA,NA,NA,NA,NA,NA,NA,NA,NA,NA,NA,NA,NA,NA,NA,NA,NA,NA,NA,NA,NA,NA,NA,NA,13.954948805460752,11.737972567696687,12.982252559726962,1.4849242404917495,0.515358361774744,0.7071067811865475,0,0,0.515358361774744,0.7071067811865475,0,0,0,0,Jalon,Walker,ATL,DE,21,-5
DL,16273,average,NA,NA,NA,NA,NA,NA,NA,NA,NA,NA,NA,NA,NA,NA,NA,NA,NA,NA,NA,NA,NA,NA,NA,NA,NA,NA,NA,NA,NA,NA,NA,NA,NA,NA,NA,NA,NA,NA,NA,NA,NA,NA,17.75,21.5667568261897,13.25,12.374368670764582,0.65,0.4949747468305833,0,0,0.5,0.7071067811865476,0,0,0.3,0,Byron,Young,PHI,DT,25,-3
DL,16273,robust,NA,NA,NA,NA,NA,NA,NA,NA,NA,NA,NA,NA,NA,NA,NA,NA,NA,NA,NA,NA,NA,NA,NA,NA,NA,NA,NA,NA,NA,NA,NA,NA,NA,NA,NA,NA,NA,NA,NA,NA,NA,NA,17.75,22.60965,13.25,12.97275,0.65,0.51891,0,0,0.5,0.7413,0,0,0.3,0,Byron,Young,PHI,DT,25,-3
DL,16273,weighted,NA,NA,NA,NA,NA,NA,NA,NA,NA,NA,NA,NA,NA,NA,NA,NA,NA,NA,NA,NA,NA,NA,NA,NA,NA,NA,NA,NA,NA,NA,NA,NA,NA,NA,NA,NA,NA,NA,NA,NA,NA,NA,18.218430034129693,21.5667568261897,13.518771331058021,12.37436867076458,0.6607508532423209,0.4949747468305833,0,0,0.515358361774744,0.7071067811865475,0,0,0.3,0,Byron,Young,PHI,DT,25,-3
LB,14893,average,NA,NA,NA,NA,NA,NA,NA,NA,NA,NA,NA,NA,NA,NA,NA,NA,NA,NA,NA,NA,NA,NA,NA,NA,NA,NA,NA,NA,NA,NA,NA,NA,NA,NA,NA,NA,NA,NA,NA,NA,NA,NA,88.85,0.21213203435596223,60.6,2.2627416997969543,5.55,3.6062445840513924,2.35,1.9091883092036785,4.45,2.050609665440988,2.55,2.192031021678297,0,0,Zack,Baun,PHI,LB,29,0
LB,14893,robust,NA,NA,NA,NA,NA,NA,NA,NA,NA,NA,NA,NA,NA,NA,NA,NA,NA,NA,NA,NA,NA,NA,NA,NA,NA,NA,NA,NA,NA,NA,NA,NA,NA,NA,NA,NA,NA,NA,NA,NA,NA,NA,88.85,0.22238999999999787,60.6,2.372160000000002,5.55,3.7806299999999995,2.35,2.00151,4.45,2.14977,2.55,2.29803,0,0,Zack,Baun,PHI,LB,29,0
LB,14893,weighted,NA,NA,NA,NA,NA,NA,NA,NA,NA,NA,NA,NA,NA,NA,NA,NA,NA,NA,NA,NA,NA,NA,NA,NA,NA,NA,NA,NA,NA,NA,NA,NA,NA,NA,NA,NA,NA,NA,NA,NA,NA,NA,88.85460750853242,0.21213203435596223,60.55085324232082,2.262741699796954,5.471672354948805,3.606244584051392,2.308532423208191,1.9091883092036783,4.405460750853242,2.050609665440988,2.5023890784982936,2.192031021678297,0,0,Zack,Baun,PHI,LB,29,0
LB,13837,average,NA,NA,NA,NA,NA,NA,NA,NA,NA,NA,NA,NA,NA,NA,NA,NA,NA,NA,NA,NA,NA,NA,NA,NA,NA,NA,NA,NA,NA,NA,NA,NA,NA,NA,NA,NA,NA,NA,NA,NA,NA,NA,90.15,2.616295090390228,70,0,5.9,0.14142135623730964,1.15,0.21213203435596428,3.25,0.3535533905932738,0,0,0,0,Zaire,Franklin,IND,LB,29,2
LB,13837,robust,NA,NA,NA,NA,NA,NA,NA,NA,NA,NA,NA,NA,NA,NA,NA,NA,NA,NA,NA,NA,NA,NA,NA,NA,NA,NA,NA,NA,NA,NA,NA,NA,NA,NA,NA,NA,NA,NA,NA,NA,NA,NA,90.15,2.7428100000000017,70,0,5.9,0.14826000000000011,1.15,0.22239000000000003,3.25,0.37065,0,0,0,0,Zaire,Franklin,IND,LB,29,2
LB,13837,weighted,NA,NA,NA,NA,NA,NA,NA,NA,NA,NA,NA,NA,NA,NA,NA,NA,NA,NA,NA,NA,NA,NA,NA,NA,NA,NA,NA,NA,NA,NA,NA,NA,NA,NA,NA,NA,NA,NA,NA,NA,NA,NA,90.20682593856655,2.616295090390228,70,0,5.903071672354948,0.14142135623730961,1.1453924914675768,0.21213203435596428,3.242320819112628,0.35355339059327373,0,0,0,0,Zaire,Franklin,IND,LB,29,2
LB,13987,average,NA,NA,NA,NA,NA,NA,NA,NA,NA,NA,NA,NA,NA,NA,NA,NA,NA,NA,NA,NA,NA,NA,NA,NA,NA,NA,NA,NA,NA,NA,NA,NA,NA,NA,NA,NA,NA,NA,NA,NA,NA,NA,84.9,0.14142135623731153,69.15,4.454772721475248,6.35,1.9091883092036785,1.35,0.49497474683058323,0.5,0.7071067811865476,0,0,0,0,Robert,Spillane,NEP,LB,30,2
LB,13987,robust,NA,NA,NA,NA,NA,NA,NA,NA,NA,NA,NA,NA,NA,NA,NA,NA,NA,NA,NA,NA,NA,NA,NA,NA,NA,NA,NA,NA,NA,NA,NA,NA,NA,NA,NA,NA,NA,NA,NA,NA,NA,NA,84.9,0.1482600000000021,69.15,4.670189999999998,6.35,2.00151,1.35,0.51891,0.5,0.7413,0,0,0,0,Robert,Spillane,NEP,LB,30,2
LB,13987,weighted,NA,NA,NA,NA,NA,NA,NA,NA,NA,NA,NA,NA,NA,NA,NA,NA,NA,NA,NA,NA,NA,NA,NA,NA,NA,NA,NA,NA,NA,NA,NA,NA,NA,NA,NA,NA,NA,NA,NA,NA,NA,NA,84.90307167235494,0.1414213562373115,69.05324232081911,4.454772721475248,6.308532423208191,1.9091883092036783,1.3392491467576793,0.4949747468305832,0.515358361774744,0.7071067811865475,0,0,0,0,Robert,Spillane,NEP,LB,30,2
LB,13813,average,NA,NA,NA,NA,NA,NA,NA,NA,NA,NA,NA,NA,NA,NA,NA,NA,NA,NA,NA,NA,NA,NA,NA,NA,NA,NA,NA,NA,NA,NA,NA,NA,NA,NA,NA,NA,NA,NA,NA,NA,NA,NA,84.5,6.363961030678928,56.7,2.4041630560342604,6.3,0.4242640687119283,0.9,0.14142135623730948,0.85,0.21213203435596428,0.25,0.3535533905932738,0.2,0,Foyesade,Oluokun,JAC,LB,30,2
LB,13813,robust,NA,NA,NA,NA,NA,NA,NA,NA,NA,NA,NA,NA,NA,NA,NA,NA,NA,NA,NA,NA,NA,NA,NA,NA,NA,NA,NA,NA,NA,NA,NA,NA,NA,NA,NA,NA,NA,NA,NA,NA,NA,NA,84.5,6.6716999999999995,56.7,2.5204199999999988,6.3,0.44477999999999973,0.9,0.14825999999999995,0.85,0.22239000000000003,0.25,0.37065,0.2,0,Foyesade,Oluokun,JAC,LB,30,2
LB,13813,weighted,NA,NA,NA,NA,NA,NA,NA,NA,NA,NA,NA,NA,NA,NA,NA,NA,NA,NA,NA,NA,NA,NA,NA,NA,NA,NA,NA,NA,NA,NA,NA,NA,NA,NA,NA,NA,NA,NA,NA,NA,NA,NA,84.3617747440273,6.363961030678928,56.64778156996587,2.4041630560342604,6.290784982935153,0.42426406871192823,0.9030716723549489,0.14142135623730945,0.8546075085324231,0.21213203435596428,0.24232081911262798,0.35355339059327373,0.2,0,Foyesade,Oluokun,JAC,LB,30,2
LB,13696,average,NA,NA,NA,NA,NA,NA,NA,NA,NA,NA,NA,NA,NA,NA,NA,NA,NA,NA,NA,NA,NA,NA,NA,NA,NA,NA,NA,NA,NA,NA,NA,NA,NA,NA,NA,NA,NA,NA,NA,NA,NA,NA,81.55,2.0506096654409918,75.1,1.5556349186104066,4.55,0.636396103067893,1,0,1.05,0.07071067811865482,0.3,0.4242640687119285,0,0,Roquan,Smith,BAL,LB,28,2
LB,13696,robust,NA,NA,NA,NA,NA,NA,NA,NA,NA,NA,NA,NA,NA,NA,NA,NA,NA,NA,NA,NA,NA,NA,NA,NA,NA,NA,NA,NA,NA,NA,NA,NA,NA,NA,NA,NA,NA,NA,NA,NA,NA,NA,81.55,2.149770000000004,75.1,1.630860000000002,4.55,0.6671700000000003,1,0,1.05,0.07413000000000006,0.3,0.44477999999999995,0,0,Roquan,Smith,BAL,LB,28,2
LB,13696,weighted,NA,NA,NA,NA,NA,NA,NA,NA,NA,NA,NA,NA,NA,NA,NA,NA,NA,NA,NA,NA,NA,NA,NA,NA,NA,NA,NA,NA,NA,NA,NA,NA,NA,NA,NA,NA,NA,NA,NA,NA,NA,NA,81.59453924914675,2.0506096654409918,75.06621160409556,1.5556349186104066,4.56382252559727,0.636396103067893,1,0,1.0484641638225258,0.07071067811865481,0.29078498293515354,0.42426406871192845,0,0,Roquan,Smith,BAL,LB,28,2
LB,13743,average,NA,NA,NA,NA,NA,NA,NA,NA,NA,NA,NA,NA,NA,NA,NA,NA,NA,NA,NA,NA,NA,NA,NA,NA,NA,NA,NA,NA,NA,NA,NA,NA,NA,NA,NA,NA,NA,NA,NA,NA,NA,NA,80.6,0.565685424949236,55.15,3.0405591591021524,7.7,0.4242640687119283,2,0,2.85,0.21213203435596414,0.5,0.7071067811865476,0.5,0,Fred,Warner,SFO,LB,29,2
LB,13743,robust,NA,NA,NA,NA,NA,NA,NA,NA,NA,NA,NA,NA,NA,NA,NA,NA,NA,NA,NA,NA,NA,NA,NA,NA,NA,NA,NA,NA,NA,NA,NA,NA,NA,NA,NA,NA,NA,NA,NA,NA,NA,NA,80.6,0.5930399999999979,55.15,3.187589999999998,7.7,0.44477999999999973,2,0,2.85,0.22238999999999987,0.5,0.7413,0.5,0,Fred,Warner,SFO,LB,29,2
LB,13743,weighted,NA,NA,NA,NA,NA,NA,NA,NA,NA,NA,NA,NA,NA,NA,NA,NA,NA,NA,NA,NA,NA,NA,NA,NA,NA,NA,NA,NA,NA,NA,NA,NA,NA,NA,NA,NA,NA,NA,NA,NA,NA,NA,80.61228668941979,0.565685424949236,55.08395904436861,3.0405591591021524,7.709215017064847,0.42426406871192823,2,0,2.8546075085324234,0.21213203435596412,0.515358361774744,0.7071067811865475,0.5,0,Fred,Warner,SFO,LB,29,2
LB,15404,average,NA,NA,NA,NA,NA,NA,NA,NA,NA,NA,NA,NA,NA,NA,NA,NA,NA,NA,NA,NA,NA,NA,NA,NA,NA,NA,NA,NA,NA,NA,NA,NA,NA,NA,NA,NA,NA,NA,NA,NA,NA,NA,82,2.8284271247461903,65.55,3.6062445840513884,4.3,0.9899494936611665,1.1,0.14142135623730948,1.2,0.28284271247461895,0,0,0,0,Ernest,Jones,SEA,LB,26,-1
LB,15404,robust,NA,NA,NA,NA,NA,NA,NA,NA,NA,NA,NA,NA,NA,NA,NA,NA,NA,NA,NA,NA,NA,NA,NA,NA,NA,NA,NA,NA,NA,NA,NA,NA,NA,NA,NA,NA,NA,NA,NA,NA,NA,NA,82,2.9652,65.55,3.7806299999999955,4.3,1.03782,1.1,0.14825999999999995,1.2,0.2965199999999999,0,0,0,0,Ernest,Jones,SEA,LB,26,-1
LB,15404,weighted,NA,NA,NA,NA,NA,NA,NA,NA,NA,NA,NA,NA,NA,NA,NA,NA,NA,NA,NA,NA,NA,NA,NA,NA,NA,NA,NA,NA,NA,NA,NA,NA,NA,NA,NA,NA,NA,NA,NA,NA,NA,NA,82.06143344709898,2.82842712474619,65.47167235494881,3.6062445840513884,4.321501706484642,0.9899494936611664,1.0969283276450512,0.14142135623730948,1.1938566552901024,0.28284271247461895,0,0,0,0,Ernest,Jones,SEA,LB,26,-1
LB,14218,average,NA,NA,NA,NA,NA,NA,NA,NA,NA,NA,NA,NA,NA,NA,NA,NA,NA,NA,NA,NA,NA,NA,NA,NA,NA,NA,NA,NA,NA,NA,NA,NA,NA,NA,NA,NA,NA,NA,NA,NA,NA,NA,75.5,2.1213203435596424,49,18.384776310850235,5.65,0.9192388155425116,0.95,0.07071067811865474,2.9,0.14142135623730964,0.85,0.21213203435596428,0,0,Bobby,Okereke,NYG,LB,29,1
LB,14218,robust,NA,NA,NA,NA,NA,NA,NA,NA,NA,NA,NA,NA,NA,NA,NA,NA,NA,NA,NA,NA,NA,NA,NA,NA,NA,NA,NA,NA,NA,NA,NA,NA,NA,NA,NA,NA,NA,NA,NA,NA,NA,NA,75.5,2.2239,49,19.273799999999998,5.65,0.9636899999999998,0.95,0.07412999999999997,2.9,0.14826000000000011,0.85,0.22239000000000003,0,0,Bobby,Okereke,NYG,LB,29,1
LB,14218,weighted,NA,NA,NA,NA,NA,NA,NA,NA,NA,NA,NA,NA,NA,NA,NA,NA,NA,NA,NA,NA,NA,NA,NA,NA,NA,NA,NA,NA,NA,NA,NA,NA,NA,NA,NA,NA,NA,NA,NA,NA,NA,NA,75.45392491467577,2.1213203435596424,48.600682593856654,18.384776310850235,5.630034129692833,0.9192388155425116,0.9515358361774744,0.07071067811865474,2.903071672354949,0.14142135623730961,0.8546075085324231,0.21213203435596428,0,0,Bobby,Okereke,NYG,LB,29,1
LB,14322,average,NA,NA,NA,NA,NA,NA,NA,NA,NA,NA,NA,NA,NA,NA,NA,NA,NA,NA,NA,NA,NA,NA,NA,NA,NA,NA,NA,NA,NA,NA,NA,NA,NA,NA,NA,NA,NA,NA,NA,NA,NA,NA,82,1.4142135623730951,52.45,7.848885271170679,4.55,0.7778174593052021,1.5,0.7071067811865476,1,0,1,0,0,0,T.J.,Edwards,CHI,LB,29,1
LB,14322,robust,NA,NA,NA,NA,NA,NA,NA,NA,NA,NA,NA,NA,NA,NA,NA,NA,NA,NA,NA,NA,NA,NA,NA,NA,NA,NA,NA,NA,NA,NA,NA,NA,NA,NA,NA,NA,NA,NA,NA,NA,NA,NA,82,1.4826,52.45,8.228430000000001,4.55,0.8154299999999997,1.5,0.7413,1,0,1,0,0,0,T.J.,Edwards,CHI,LB,29,1
LB,14322,weighted,NA,NA,NA,NA,NA,NA,NA,NA,NA,NA,NA,NA,NA,NA,NA,NA,NA,NA,NA,NA,NA,NA,NA,NA,NA,NA,NA,NA,NA,NA,NA,NA,NA,NA,NA,NA,NA,NA,NA,NA,NA,NA,82.03071672354947,1.414213562373095,52.62047781569966,7.848885271170678,4.533105802047781,0.777817459305202,1.4846416382252559,0.7071067811865475,1,0,1,0,0,0,T.J.,Edwards,CHI,LB,29,1
LB,14303,average,NA,NA,NA,NA,NA,NA,NA,NA,NA,NA,NA,NA,NA,NA,NA,NA,NA,NA,NA,NA,NA,NA,NA,NA,NA,NA,NA,NA,NA,NA,NA,NA,NA,NA,NA,NA,NA,NA,NA,NA,NA,NA,80.6,0.565685424949236,54.2,1.6970562748477132,2.7,0.9899494936611665,0.95,0.07071067811865474,0.9,0.14142135623730948,0.25,0.3535533905932738,0,0,Kaden,Elliss,ATL,LB,30,1
LB,14303,robust,NA,NA,NA,NA,NA,NA,NA,NA,NA,NA,NA,NA,NA,NA,NA,NA,NA,NA,NA,NA,NA,NA,NA,NA,NA,NA,NA,NA,NA,NA,NA,NA,NA,NA,NA,NA,NA,NA,NA,NA,NA,NA,80.6,0.5930399999999979,54.2,1.779119999999999,2.7,1.03782,0.95,0.07412999999999997,0.9,0.14825999999999995,0.25,0.37065,0,0,Kaden,Elliss,ATL,LB,30,1
LB,14303,weighted,NA,NA,NA,NA,NA,NA,NA,NA,NA,NA,NA,NA,NA,NA,NA,NA,NA,NA,NA,NA,NA,NA,NA,NA,NA,NA,NA,NA,NA,NA,NA,NA,NA,NA,NA,NA,NA,NA,NA,NA,NA,NA,80.61228668941979,0.565685424949236,54.16313993174061,1.697056274847713,2.6784982935153585,0.9899494936611664,0.9515358361774744,0.07071067811865474,0.9030716723549489,0.14142135623730945,0.24232081911262798,0.35355339059327373,0,0,Kaden,Elliss,ATL,LB,30,1
LB,16280,average,NA,NA,NA,NA,NA,NA,NA,NA,NA,NA,NA,NA,NA,NA,NA,NA,NA,NA,NA,NA,NA,NA,NA,NA,NA,NA,NA,NA,NA,NA,NA,NA,NA,NA,NA,NA,NA,NA,NA,NA,NA,NA,82,4.242640687119285,58.95,2.899137802864846,7.15,0.21213203435596414,0.65,0.9192388155425119,0.5,0.7071067811865476,0,0,0,0,Daiyan,Henley,LAC,LB,26,-3
LB,16280,robust,NA,NA,NA,NA,NA,NA,NA,NA,NA,NA,NA,NA,NA,NA,NA,NA,NA,NA,NA,NA,NA,NA,NA,NA,NA,NA,NA,NA,NA,NA,NA,NA,NA,NA,NA,NA,NA,NA,NA,NA,NA,NA,82,4.4478,58.95,3.039330000000001,7.15,0.22238999999999987,0.65,0.9636899999999999,0.5,0.7413,0,0,0,0,Daiyan,Henley,LAC,LB,26,-3
LB,16280,weighted,NA,NA,NA,NA,NA,NA,NA,NA,NA,NA,NA,NA,NA,NA,NA,NA,NA,NA,NA,NA,NA,NA,NA,NA,NA,NA,NA,NA,NA,NA,NA,NA,NA,NA,NA,NA,NA,NA,NA,NA,NA,NA,82.09215017064847,4.242640687119285,59.01296928327645,2.899137802864846,7.145392491467577,0.21213203435596412,0.6300341296928328,0.9192388155425117,0.515358361774744,0.7071067811865475,0,0,0,0,Daiyan,Henley,LAC,LB,26,-3
LB,15428,average,NA,NA,NA,NA,NA,NA,NA,NA,NA,NA,NA,NA,NA,NA,NA,NA,NA,NA,NA,NA,NA,NA,NA,NA,NA,NA,NA,NA,NA,NA,NA,NA,NA,NA,NA,NA,NA,NA,NA,NA,NA,NA,87,2.8284271247461903,57.45,0.7778174593052033,2.35,0.4949747468305834,0,0,0,0,0,0,0,0,Jamien,Sherwood,NYJ,LB,25,-1
LB,15428,robust,NA,NA,NA,NA,NA,NA,NA,NA,NA,NA,NA,NA,NA,NA,NA,NA,NA,NA,NA,NA,NA,NA,NA,NA,NA,NA,NA,NA,NA,NA,NA,NA,NA,NA,NA,NA,NA,NA,NA,NA,NA,NA,87,2.9652,57.45,0.815430000000001,2.35,0.5189100000000001,0,0,0,0,0,0,0,0,Jamien,Sherwood,NYJ,LB,25,-1
LB,15428,weighted,NA,NA,NA,NA,NA,NA,NA,NA,NA,NA,NA,NA,NA,NA,NA,NA,NA,NA,NA,NA,NA,NA,NA,NA,NA,NA,NA,NA,NA,NA,NA,NA,NA,NA,NA,NA,NA,NA,NA,NA,NA,NA,87.06143344709898,2.82842712474619,57.466894197952215,0.7778174593052033,2.3392491467576795,0.4949747468305834,0,0,0,0,0,0,0,0,Jamien,Sherwood,NYJ,LB,25,-1
LB,14892,average,NA,NA,NA,NA,NA,NA,NA,NA,NA,NA,NA,NA,NA,NA,NA,NA,NA,NA,NA,NA,NA,NA,NA,NA,NA,NA,NA,NA,NA,NA,NA,NA,NA,NA,NA,NA,NA,NA,NA,NA,NA,NA,81.8,5.374011537017757,53.4,0.848528137423859,3.85,0.21213203435596414,0,0,0.5,0.7071067811865476,0.5,0.7071067811865476,0,0,Jordyn,Brooks,MIA,LB,28,0
LB,14892,robust,NA,NA,NA,NA,NA,NA,NA,NA,NA,NA,NA,NA,NA,NA,NA,NA,NA,NA,NA,NA,NA,NA,NA,NA,NA,NA,NA,NA,NA,NA,NA,NA,NA,NA,NA,NA,NA,NA,NA,NA,NA,NA,81.8,5.633879999999995,53.4,0.889560000000002,3.85,0.22238999999999987,0,0,0.5,0.7413,0.5,0.7413,0,0,Jordyn,Brooks,MIA,LB,28,0
LB,14892,weighted,NA,NA,NA,NA,NA,NA,NA,NA,NA,NA,NA,NA,NA,NA,NA,NA,NA,NA,NA,NA,NA,NA,NA,NA,NA,NA,NA,NA,NA,NA,NA,NA,NA,NA,NA,NA,NA,NA,NA,NA,NA,NA,81.68327645051195,5.374011537017757,53.41843003412969,0.848528137423859,3.8546075085324234,0.21213203435596412,0,0,0.515358361774744,0.7071067811865475,0.515358361774744,0.7071067811865475,0,0,Jordyn,Brooks,MIA,LB,28,0
LB,15355,average,NA,NA,NA,NA,NA,NA,NA,NA,NA,NA,NA,NA,NA,NA,NA,NA,NA,NA,NA,NA,NA,NA,NA,NA,NA,NA,NA,NA,NA,NA,NA,NA,NA,NA,NA,NA,NA,NA,NA,NA,NA,NA,80.5,3.5355339059327378,39.6,5.091168824543144,5.55,2.192031021678297,0.9,0.14142135623730948,0.95,0.07071067811865474,0.95,0.07071067811865474,0,0,Nick,Bolton,KCC,LB,25,-1
LB,15355,robust,NA,NA,NA,NA,NA,NA,NA,NA,NA,NA,NA,NA,NA,NA,NA,NA,NA,NA,NA,NA,NA,NA,NA,NA,NA,NA,NA,NA,NA,NA,NA,NA,NA,NA,NA,NA,NA,NA,NA,NA,NA,NA,80.5,3.7064999999999997,39.6,5.337360000000002,5.55,2.29803,0.9,0.14825999999999995,0.95,0.07412999999999997,0.95,0.07412999999999997,0,0,Nick,Bolton,KCC,LB,25,-1
LB,15355,weighted,NA,NA,NA,NA,NA,NA,NA,NA,NA,NA,NA,NA,NA,NA,NA,NA,NA,NA,NA,NA,NA,NA,NA,NA,NA,NA,NA,NA,NA,NA,NA,NA,NA,NA,NA,NA,NA,NA,NA,NA,NA,NA,80.42320819112628,3.5355339059327373,39.48941979522184,5.091168824543144,5.502389078498292,2.192031021678297,0.9030716723549489,0.14142135623730945,0.9515358361774744,0.07071067811865474,0.9515358361774744,0.07071067811865474,0,0,Nick,Bolton,KCC,LB,25,-1
LB,14590,average,NA,NA,NA,NA,NA,NA,NA,NA,NA,NA,NA,NA,NA,NA,NA,NA,NA,NA,NA,NA,NA,NA,NA,NA,NA,NA,NA,NA,NA,NA,NA,NA,NA,NA,NA,NA,NA,NA,NA,NA,NA,NA,78,1.4142135623730951,62.8,7.353910524340093,3.5,0.7071067811865476,0,0,2,1.4142135623730951,0.5,0.7071067811865476,0,0,Azeez,Al-Shaair,HOU,LB,28,1
LB,14590,robust,NA,NA,NA,NA,NA,NA,NA,NA,NA,NA,NA,NA,NA,NA,NA,NA,NA,NA,NA,NA,NA,NA,NA,NA,NA,NA,NA,NA,NA,NA,NA,NA,NA,NA,NA,NA,NA,NA,NA,NA,NA,NA,78,1.4826,62.8,7.709519999999999,3.5,0.7413,0,0,2,1.4826,0.5,0.7413,0,0,Azeez,Al-Shaair,HOU,LB,28,1
LB,14590,weighted,NA,NA,NA,NA,NA,NA,NA,NA,NA,NA,NA,NA,NA,NA,NA,NA,NA,NA,NA,NA,NA,NA,NA,NA,NA,NA,NA,NA,NA,NA,NA,NA,NA,NA,NA,NA,NA,NA,NA,NA,NA,NA,77.96928327645051,1.414213562373095,62.95972696245734,7.353910524340093,3.5153583617747435,0.7071067811865475,0,0,1.969283276450512,1.414213562373095,0.515358361774744,0.7071067811865475,0,0,Azeez,Al-Shaair,HOU,LB,28,1
LB,10768,average,NA,NA,NA,NA,NA,NA,NA,NA,NA,NA,NA,NA,NA,NA,NA,NA,NA,NA,NA,NA,NA,NA,NA,NA,NA,NA,NA,NA,NA,NA,NA,NA,NA,NA,NA,NA,NA,NA,NA,NA,NA,NA,78.2,1.131370849898472,46.55,0.7778174593052033,5.3,0.4242640687119283,0.8,0.28284271247461906,2,0,0.95,0.07071067811865474,0,0,Lavonte,David,TBB,LB,35,8
LB,10768,robust,NA,NA,NA,NA,NA,NA,NA,NA,NA,NA,NA,NA,NA,NA,NA,NA,NA,NA,NA,NA,NA,NA,NA,NA,NA,NA,NA,NA,NA,NA,NA,NA,NA,NA,NA,NA,NA,NA,NA,NA,NA,NA,78.2,1.1860799999999958,46.55,0.815430000000001,5.3,0.44477999999999973,0.8,0.29652,2,0,0.95,0.07412999999999997,0,0,Lavonte,David,TBB,LB,35,8
LB,10768,weighted,NA,NA,NA,NA,NA,NA,NA,NA,NA,NA,NA,NA,NA,NA,NA,NA,NA,NA,NA,NA,NA,NA,NA,NA,NA,NA,NA,NA,NA,NA,NA,NA,NA,NA,NA,NA,NA,NA,NA,NA,NA,NA,78.22457337883961,1.131370849898472,46.533105802047785,0.7778174593052033,5.290784982935153,0.42426406871192823,0.8061433447098976,0.28284271247461906,2,0,0.9515358361774744,0.07071067811865474,0,0,Lavonte,David,TBB,LB,35,8
LB,10816,average,NA,NA,NA,NA,NA,NA,NA,NA,NA,NA,NA,NA,NA,NA,NA,NA,NA,NA,NA,NA,NA,NA,NA,NA,NA,NA,NA,NA,NA,NA,NA,NA,NA,NA,NA,NA,NA,NA,NA,NA,NA,NA,67,8.48528137423857,56.7,8.061017305526642,5.55,0.7778174593052021,0.4,0.5656854249492381,0.75,0.3535533905932738,0.25,0.3535533905932738,0,0,Demario,Davis,NOS,LB,36,8
LB,10816,robust,NA,NA,NA,NA,NA,NA,NA,NA,NA,NA,NA,NA,NA,NA,NA,NA,NA,NA,NA,NA,NA,NA,NA,NA,NA,NA,NA,NA,NA,NA,NA,NA,NA,NA,NA,NA,NA,NA,NA,NA,NA,NA,67,8.8956,56.7,8.450819999999998,5.55,0.8154299999999997,0.4,0.59304,0.75,0.37065,0.25,0.37065,0,0,Demario,Davis,NOS,LB,36,8
LB,10816,weighted,NA,NA,NA,NA,NA,NA,NA,NA,NA,NA,NA,NA,NA,NA,NA,NA,NA,NA,NA,NA,NA,NA,NA,NA,NA,NA,NA,NA,NA,NA,NA,NA,NA,NA,NA,NA,NA,NA,NA,NA,NA,NA,66.81569965870307,8.48528137423857,56.52491467576792,8.061017305526642,5.533105802047782,0.777817459305202,0.38771331058020475,0.565685424949238,0.757679180887372,0.35355339059327373,0.24232081911262798,0.35355339059327373,0,0,Demario,Davis,NOS,LB,36,8
LB,14221,average,NA,NA,NA,NA,NA,NA,NA,NA,NA,NA,NA,NA,NA,NA,NA,NA,NA,NA,NA,NA,NA,NA,NA,NA,NA,NA,NA,NA,NA,NA,NA,NA,NA,NA,NA,NA,NA,NA,NA,NA,NA,NA,78.15,1.6263455967290572,44.3,1.8384776310850246,5.4,0.8485281374238571,0,0,3.3,0.42426406871192857,1.45,2.0506096654409878,0,0,Quincy,Williams,NYJ,LB,29,1
LB,14221,robust,NA,NA,NA,NA,NA,NA,NA,NA,NA,NA,NA,NA,NA,NA,NA,NA,NA,NA,NA,NA,NA,NA,NA,NA,NA,NA,NA,NA,NA,NA,NA,NA,NA,NA,NA,NA,NA,NA,NA,NA,NA,NA,78.15,1.7049899999999978,44.3,1.927380000000001,5.4,0.8895600000000001,0,0,3.3,0.44478000000000006,1.45,2.1497699999999997,0,0,Quincy,Williams,NYJ,LB,29,1
LB,14221,weighted,NA,NA,NA,NA,NA,NA,NA,NA,NA,NA,NA,NA,NA,NA,NA,NA,NA,NA,NA,NA,NA,NA,NA,NA,NA,NA,NA,NA,NA,NA,NA,NA,NA,NA,NA,NA,NA,NA,NA,NA,NA,NA,78.11467576791809,1.6263455967290572,44.26006825938567,1.8384776310850246,5.418430034129692,0.8485281374238571,0,0,3.2907849829351536,0.42426406871192857,1.4054607508532422,2.0506096654409878,0,0,Quincy,Williams,NYJ,LB,29,1
LB,14472,average,NA,NA,NA,NA,NA,NA,NA,NA,NA,NA,NA,NA,NA,NA,NA,NA,NA,NA,NA,NA,NA,NA,NA,NA,NA,NA,NA,NA,NA,NA,NA,NA,NA,NA,NA,NA,NA,NA,NA,NA,NA,NA,71,1.4142135623730951,53.1,6.929646455628164,5.3,3.2526911934581184,2.4,1.979898987322333,0.7,0.4242640687119285,0.2,0.28284271247461906,0,0,Tyrel,Dodson,MIA,LB,27,1
LB,14472,robust,NA,NA,NA,NA,NA,NA,NA,NA,NA,NA,NA,NA,NA,NA,NA,NA,NA,NA,NA,NA,NA,NA,NA,NA,NA,NA,NA,NA,NA,NA,NA,NA,NA,NA,NA,NA,NA,NA,NA,NA,NA,NA,71,1.4826,53.1,7.264739999999997,5.3,3.4099799999999996,2.4,2.07564,0.7,0.44477999999999995,0.2,0.29652,0,0,Tyrel,Dodson,MIA,LB,27,1
LB,14472,weighted,NA,NA,NA,NA,NA,NA,NA,NA,NA,NA,NA,NA,NA,NA,NA,NA,NA,NA,NA,NA,NA,NA,NA,NA,NA,NA,NA,NA,NA,NA,NA,NA,NA,NA,NA,NA,NA,NA,NA,NA,NA,NA,70.96928327645051,1.414213562373095,53.25051194539249,6.929646455628164,5.2293515358361775,3.252691193458118,2.356996587030717,1.9798989873223327,0.7092150170648464,0.42426406871192845,0.19385665529010238,0.282842712474619,0,0,Tyrel,Dodson,MIA,LB,27,1
LB,14896,average,NA,NA,NA,NA,NA,NA,NA,NA,NA,NA,NA,NA,NA,NA,NA,NA,NA,NA,NA,NA,NA,NA,NA,NA,NA,NA,NA,NA,NA,NA,NA,NA,NA,NA,NA,NA,NA,NA,NA,NA,NA,NA,68.85,1.2020815280171329,59.35,4.737615433949871,6.35,0.4949747468305834,0.7,0.4242640687119285,2.2,0.28284271247461895,1.05,0.07071067811865482,0,0,Patrick,Queen,PIT,LB,26,0
LB,14896,robust,NA,NA,NA,NA,NA,NA,NA,NA,NA,NA,NA,NA,NA,NA,NA,NA,NA,NA,NA,NA,NA,NA,NA,NA,NA,NA,NA,NA,NA,NA,NA,NA,NA,NA,NA,NA,NA,NA,NA,NA,NA,NA,68.85,1.260210000000002,59.35,4.966710000000002,6.35,0.5189100000000001,0.7,0.44477999999999995,2.2,0.2965199999999999,1.05,0.07413000000000006,0,0,Patrick,Queen,PIT,LB,26,0
LB,14896,weighted,NA,NA,NA,NA,NA,NA,NA,NA,NA,NA,NA,NA,NA,NA,NA,NA,NA,NA,NA,NA,NA,NA,NA,NA,NA,NA,NA,NA,NA,NA,NA,NA,NA,NA,NA,NA,NA,NA,NA,NA,NA,NA,68.82389078498294,1.2020815280171329,59.24709897610922,4.737615433949871,6.339249146757679,0.4949747468305834,0.7092150170648464,0.42426406871192845,2.1938566552901024,0.28284271247461895,1.0484641638225258,0.07071067811865481,0,0,Patrick,Queen,PIT,LB,26,0
LB,10775,average,NA,NA,NA,NA,NA,NA,NA,NA,NA,NA,NA,NA,NA,NA,NA,NA,NA,NA,NA,NA,NA,NA,NA,NA,NA,NA,NA,NA,NA,NA,NA,NA,NA,NA,NA,NA,NA,NA,NA,NA,NA,NA,80.15,4.030508652763323,60.75,0.3535533905932738,2.8,0.28284271247461895,0,0,0.75,0.3535533905932738,0.75,0.3535533905932738,0,0,Bobby,Wagner,WAS,LB,35,8
LB,10775,robust,NA,NA,NA,NA,NA,NA,NA,NA,NA,NA,NA,NA,NA,NA,NA,NA,NA,NA,NA,NA,NA,NA,NA,NA,NA,NA,NA,NA,NA,NA,NA,NA,NA,NA,NA,NA,NA,NA,NA,NA,NA,NA,80.15,4.225410000000002,60.75,0.37065,2.8,0.2965199999999999,0,0,0.75,0.37065,0.75,0.37065,0,0,Bobby,Wagner,WAS,LB,35,8
LB,10775,weighted,NA,NA,NA,NA,NA,NA,NA,NA,NA,NA,NA,NA,NA,NA,NA,NA,NA,NA,NA,NA,NA,NA,NA,NA,NA,NA,NA,NA,NA,NA,NA,NA,NA,NA,NA,NA,NA,NA,NA,NA,NA,NA,80.23754266211604,4.030508652763323,60.75767918088737,0.35355339059327373,2.8061433447098976,0.28284271247461895,0,0,0.757679180887372,0.35355339059327373,0.757679180887372,0.35355339059327373,0,0,Bobby,Wagner,WAS,LB,35,8
LB,14251,average,NA,NA,NA,NA,NA,NA,NA,NA,NA,NA,NA,NA,NA,NA,NA,NA,NA,NA,NA,NA,NA,NA,NA,NA,NA,NA,NA,NA,NA,NA,NA,NA,NA,NA,NA,NA,NA,NA,NA,NA,NA,NA,67,1.4142135623730951,53.85,4.030508652763323,4.9,0.14142135623730964,0,0,0.5,0.7071067811865476,0.5,0.7071067811865476,0,0,Blake,Cashman,MIN,LB,29,1
LB,14251,robust,NA,NA,NA,NA,NA,NA,NA,NA,NA,NA,NA,NA,NA,NA,NA,NA,NA,NA,NA,NA,NA,NA,NA,NA,NA,NA,NA,NA,NA,NA,NA,NA,NA,NA,NA,NA,NA,NA,NA,NA,NA,NA,67,1.4826,53.85,4.225410000000002,4.9,0.14826000000000011,0,0,0.5,0.7413,0.5,0.7413,0,0,Blake,Cashman,MIN,LB,29,1
LB,14251,weighted,NA,NA,NA,NA,NA,NA,NA,NA,NA,NA,NA,NA,NA,NA,NA,NA,NA,NA,NA,NA,NA,NA,NA,NA,NA,NA,NA,NA,NA,NA,NA,NA,NA,NA,NA,NA,NA,NA,NA,NA,NA,NA,66.96928327645051,1.414213562373095,53.76245733788396,4.030508652763323,4.903071672354948,0.14142135623730961,0,0,0.515358361774744,0.7071067811865475,0.515358361774744,0.7071067811865475,0,0,Blake,Cashman,MIN,LB,29,1
LB,14412,average,NA,NA,NA,NA,NA,NA,NA,NA,NA,NA,NA,NA,NA,NA,NA,NA,NA,NA,NA,NA,NA,NA,NA,NA,NA,NA,NA,NA,NA,NA,NA,NA,NA,NA,NA,NA,NA,NA,NA,NA,NA,NA,76.9,10.040916292848976,58.15,8.273149339882607,3.5,2.1213203435596424,0.85,1.2020815280171306,0.8,0.28284271247461906,0.3,0.4242640687119285,0.3,0,Alex,Singleton,DEN,LB,32,5
LB,14412,robust,NA,NA,NA,NA,NA,NA,NA,NA,NA,NA,NA,NA,NA,NA,NA,NA,NA,NA,NA,NA,NA,NA,NA,NA,NA,NA,NA,NA,NA,NA,NA,NA,NA,NA,NA,NA,NA,NA,NA,NA,NA,NA,76.9,10.526460000000002,58.15,8.673210000000001,3.5,2.2239,0.85,1.2602099999999998,0.8,0.29652,0.3,0.44477999999999995,0.3,0,Alex,Singleton,DEN,LB,32,5
LB,14412,weighted,NA,NA,NA,NA,NA,NA,NA,NA,NA,NA,NA,NA,NA,NA,NA,NA,NA,NA,NA,NA,NA,NA,NA,NA,NA,NA,NA,NA,NA,NA,NA,NA,NA,NA,NA,NA,NA,NA,NA,NA,NA,NA,77.11808873720136,10.040916292848976,58.3296928327645,8.273149339882607,3.4539249146757682,2.1213203435596424,0.8238907849829351,1.2020815280171306,0.8061433447098976,0.28284271247461906,0.29078498293515354,0.42426406871192845,0.3,0,Alex,Singleton,DEN,LB,32,5
LB,16239,average,NA,NA,NA,NA,NA,NA,NA,NA,NA,NA,NA,NA,NA,NA,NA,NA,NA,NA,NA,NA,NA,NA,NA,NA,NA,NA,NA,NA,NA,NA,NA,NA,NA,NA,NA,NA,NA,NA,NA,NA,NA,NA,70.5,0.7071067811865476,58.1,0.14142135623731153,3.65,0.9192388155425116,0,0,0.75,0.3535533905932738,0,0,0,0,Jack,Campbell,DET,LB,25,-3
LB,16239,robust,NA,NA,NA,NA,NA,NA,NA,NA,NA,NA,NA,NA,NA,NA,NA,NA,NA,NA,NA,NA,NA,NA,NA,NA,NA,NA,NA,NA,NA,NA,NA,NA,NA,NA,NA,NA,NA,NA,NA,NA,NA,NA,70.5,0.7413,58.1,0.1482600000000021,3.65,0.9636899999999998,0,0,0.75,0.37065,0,0,0,0,Jack,Campbell,DET,LB,25,-3
LB,16239,weighted,NA,NA,NA,NA,NA,NA,NA,NA,NA,NA,NA,NA,NA,NA,NA,NA,NA,NA,NA,NA,NA,NA,NA,NA,NA,NA,NA,NA,NA,NA,NA,NA,NA,NA,NA,NA,NA,NA,NA,NA,NA,NA,70.48464163822527,0.7071067811865475,58.096928327645045,0.1414213562373115,3.6300341296928327,0.9192388155425116,0,0,0.757679180887372,0.35355339059327373,0,0,0,0,Jack,Campbell,DET,LB,25,-3
LB,14928,average,NA,NA,NA,NA,NA,NA,NA,NA,NA,NA,NA,NA,NA,NA,NA,NA,NA,NA,NA,NA,NA,NA,NA,NA,NA,NA,NA,NA,NA,NA,NA,NA,NA,NA,NA,NA,NA,NA,NA,NA,NA,NA,73,9.899494936611665,53.75,0.3535533905932738,5.05,0.0707106781186545,1.9,0.14142135623730948,1.7,0.9899494936611665,1.05,0.07071067811865482,0,0,Logan,Wilson,CIN,LB,29,0
LB,14928,robust,NA,NA,NA,NA,NA,NA,NA,NA,NA,NA,NA,NA,NA,NA,NA,NA,NA,NA,NA,NA,NA,NA,NA,NA,NA,NA,NA,NA,NA,NA,NA,NA,NA,NA,NA,NA,NA,NA,NA,NA,NA,NA,73,10.3782,53.75,0.37065,5.05,0.07412999999999974,1.9,0.14825999999999995,1.7,1.03782,1.05,0.07413000000000006,0,0,Logan,Wilson,CIN,LB,29,0
LB,14928,weighted,NA,NA,NA,NA,NA,NA,NA,NA,NA,NA,NA,NA,NA,NA,NA,NA,NA,NA,NA,NA,NA,NA,NA,NA,NA,NA,NA,NA,NA,NA,NA,NA,NA,NA,NA,NA,NA,NA,NA,NA,NA,NA,73.21501706484642,9.899494936611665,53.75767918088737,0.35355339059327373,5.048464163822525,0.0707106781186545,1.9030716723549488,0.14142135623730948,1.678498293515358,0.9899494936611664,1.0484641638225258,0.07071067811865481,0,0,Logan,Wilson,CIN,LB,29,0
LB,13952,average,NA,NA,NA,NA,NA,NA,NA,NA,NA,NA,NA,NA,NA,NA,NA,NA,NA,NA,NA,NA,NA,NA,NA,NA,NA,NA,NA,NA,NA,NA,NA,NA,NA,NA,NA,NA,NA,NA,NA,NA,NA,NA,57.5,3.5355339059327378,49.65,3.7476659402887,6,0,1,0,1.2,0.28284271247461895,1.2,0.28284271247461895,0,0,Frankie,Luvu,WAS,LB,29,2
LB,13952,robust,NA,NA,NA,NA,NA,NA,NA,NA,NA,NA,NA,NA,NA,NA,NA,NA,NA,NA,NA,NA,NA,NA,NA,NA,NA,NA,NA,NA,NA,NA,NA,NA,NA,NA,NA,NA,NA,NA,NA,NA,NA,NA,57.5,3.7064999999999997,49.65,3.9288899999999978,6,0,1,0,1.2,0.2965199999999999,1.2,0.2965199999999999,0,0,Frankie,Luvu,WAS,LB,29,2
LB,13952,weighted,NA,NA,NA,NA,NA,NA,NA,NA,NA,NA,NA,NA,NA,NA,NA,NA,NA,NA,NA,NA,NA,NA,NA,NA,NA,NA,NA,NA,NA,NA,NA,NA,NA,NA,NA,NA,NA,NA,NA,NA,NA,NA,57.42320819112628,3.5355339059327373,49.56860068259385,3.7476659402887,6,0,1,0,1.1938566552901024,0.28284271247461895,1.1938566552901024,0.28284271247461895,0,0,Frankie,Luvu,WAS,LB,29,2
LB,14217,average,NA,NA,NA,NA,NA,NA,NA,NA,NA,NA,NA,NA,NA,NA,NA,NA,NA,NA,NA,NA,NA,NA,NA,NA,NA,NA,NA,NA,NA,NA,NA,NA,NA,NA,NA,NA,NA,NA,NA,NA,NA,NA,65.5,0.7071067811865476,50.9,1.2727922061357835,4.75,1.0606601717798212,1.55,0.7778174593052023,0.5,0.7071067811865476,0.8,0.28284271247461906,0.6,0,Cody,Barton,TEN,LB,29,1
LB,14217,robust,NA,NA,NA,NA,NA,NA,NA,NA,NA,NA,NA,NA,NA,NA,NA,NA,NA,NA,NA,NA,NA,NA,NA,NA,NA,NA,NA,NA,NA,NA,NA,NA,NA,NA,NA,NA,NA,NA,NA,NA,NA,NA,65.5,0.7413,50.9,1.3343399999999979,4.75,1.11195,1.55,0.81543,0.5,0.7413,0.8,0.29652,0.6,0,Cody,Barton,TEN,LB,29,1
LB,14217,weighted,NA,NA,NA,NA,NA,NA,NA,NA,NA,NA,NA,NA,NA,NA,NA,NA,NA,NA,NA,NA,NA,NA,NA,NA,NA,NA,NA,NA,NA,NA,NA,NA,NA,NA,NA,NA,NA,NA,NA,NA,NA,NA,65.51535836177474,0.7071067811865475,50.872354948805466,1.2727922061357835,4.7269624573378834,1.0606601717798212,1.5331058020477815,0.7778174593052023,0.48464163822525597,0.7071067811865475,0.8061433447098976,0.28284271247461906,0.6,0,Cody,Barton,TEN,LB,29,1
LB,13268,average,NA,NA,NA,NA,NA,NA,NA,NA,NA,NA,NA,NA,NA,NA,NA,NA,NA,NA,NA,NA,NA,NA,NA,NA,NA,NA,NA,NA,NA,NA,NA,NA,NA,NA,NA,NA,NA,NA,NA,NA,NA,NA,79,2.8284271247461903,43.1,14.00071426749364,5.8,0.2828427124746193,0,0,0.5,0.7071067811865476,0,0,0,0,Alex,Anzalone,DET,LB,31,3
LB,13268,robust,NA,NA,NA,NA,NA,NA,NA,NA,NA,NA,NA,NA,NA,NA,NA,NA,NA,NA,NA,NA,NA,NA,NA,NA,NA,NA,NA,NA,NA,NA,NA,NA,NA,NA,NA,NA,NA,NA,NA,NA,NA,NA,79,2.9652,43.1,14.677739999999996,5.8,0.29652000000000023,0,0,0.5,0.7413,0,0,0,0,Alex,Anzalone,DET,LB,31,3
LB,13268,weighted,NA,NA,NA,NA,NA,NA,NA,NA,NA,NA,NA,NA,NA,NA,NA,NA,NA,NA,NA,NA,NA,NA,NA,NA,NA,NA,NA,NA,NA,NA,NA,NA,NA,NA,NA,NA,NA,NA,NA,NA,NA,NA,79.06143344709898,2.82842712474619,43.40409556313994,14.000714267493638,5.806143344709898,0.28284271247461923,0,0,0.515358361774744,0.7071067811865475,0,0,0,0,Alex,Anzalone,DET,LB,31,3
LB,14210,average,NA,NA,NA,NA,NA,NA,NA,NA,NA,NA,NA,NA,NA,NA,NA,NA,NA,NA,NA,NA,NA,NA,NA,NA,NA,NA,NA,NA,NA,NA,NA,NA,NA,NA,NA,NA,NA,NA,NA,NA,NA,NA,48.1,24.183051916579927,32.2,21.496046148071045,3.3,1.8384776310850233,1.2,0.28284271247461895,1.05,0.07071067811865482,0.8,0.28284271247461906,0,0,Germaine,Pratt,IND,LB,29,1
LB,14210,robust,NA,NA,NA,NA,NA,NA,NA,NA,NA,NA,NA,NA,NA,NA,NA,NA,NA,NA,NA,NA,NA,NA,NA,NA,NA,NA,NA,NA,NA,NA,NA,NA,NA,NA,NA,NA,NA,NA,NA,NA,NA,NA,48.1,25.35246,32.2,22.535519999999998,3.3,1.9273799999999996,1.2,0.2965199999999999,1.05,0.07413000000000006,0.8,0.29652,0,0,Germaine,Pratt,IND,LB,29,1
LB,14210,weighted,NA,NA,NA,NA,NA,NA,NA,NA,NA,NA,NA,NA,NA,NA,NA,NA,NA,NA,NA,NA,NA,NA,NA,NA,NA,NA,NA,NA,NA,NA,NA,NA,NA,NA,NA,NA,NA,NA,NA,NA,NA,NA,47.57474402730375,24.183051916579927,31.733105802047778,21.49604614807104,3.260068259385665,1.8384776310850233,1.1938566552901024,0.28284271247461895,1.0484641638225258,0.07071067811865481,0.8061433447098976,0.28284271247461906,0,0,Germaine,Pratt,IND,LB,29,1
LB,15076,average,NA,NA,NA,NA,NA,NA,NA,NA,NA,NA,NA,NA,NA,NA,NA,NA,NA,NA,NA,NA,NA,NA,NA,NA,NA,NA,NA,NA,NA,NA,NA,NA,NA,NA,NA,NA,NA,NA,NA,NA,NA,NA,61.35,0.4949747468305853,53.2,4.525483399593903,3.6,0.8485281374238571,0.4,0.5656854249492381,0.15,0.21213203435596426,0.15,0.21213203435596426,0,0,Christian,Rozeboom,CAR,LB,28,0
LB,15076,robust,NA,NA,NA,NA,NA,NA,NA,NA,NA,NA,NA,NA,NA,NA,NA,NA,NA,NA,NA,NA,NA,NA,NA,NA,NA,NA,NA,NA,NA,NA,NA,NA,NA,NA,NA,NA,NA,NA,NA,NA,NA,NA,61.35,0.5189100000000021,53.2,4.744319999999998,3.6,0.8895600000000001,0.4,0.59304,0.15,0.22238999999999998,0.15,0.22238999999999998,0,0,Christian,Rozeboom,CAR,LB,28,0
LB,15076,weighted,NA,NA,NA,NA,NA,NA,NA,NA,NA,NA,NA,NA,NA,NA,NA,NA,NA,NA,NA,NA,NA,NA,NA,NA,NA,NA,NA,NA,NA,NA,NA,NA,NA,NA,NA,NA,NA,NA,NA,NA,NA,NA,61.33924914675769,0.4949747468305853,53.10170648464163,4.525483399593903,3.581569965870307,0.8485281374238571,0.38771331058020475,0.565685424949238,0.14539249146757677,0.21213203435596423,0.14539249146757677,0.21213203435596423,0,0,Christian,Rozeboom,CAR,LB,28,0
LB,16383,average,NA,NA,NA,NA,NA,NA,NA,NA,NA,NA,NA,NA,NA,NA,NA,NA,NA,NA,NA,NA,NA,NA,NA,NA,NA,NA,NA,NA,NA,NA,NA,NA,NA,NA,NA,NA,NA,NA,NA,NA,NA,NA,60.5,9.192388155425117,45.85,3.0405591591021524,2.45,0.6363961030678927,1.2,0.28284271247461895,0.8,0.28284271247461906,0.3,0.4242640687119285,0.6,0,Ivan,Pace,MIN,LB,25,-3
LB,16383,robust,NA,NA,NA,NA,NA,NA,NA,NA,NA,NA,NA,NA,NA,NA,NA,NA,NA,NA,NA,NA,NA,NA,NA,NA,NA,NA,NA,NA,NA,NA,NA,NA,NA,NA,NA,NA,NA,NA,NA,NA,NA,NA,60.5,9.636899999999999,45.85,3.187589999999998,2.45,0.6671699999999999,1.2,0.2965199999999999,0.8,0.29652,0.3,0.44477999999999995,0.6,0,Ivan,Pace,MIN,LB,25,-3
LB,16383,weighted,NA,NA,NA,NA,NA,NA,NA,NA,NA,NA,NA,NA,NA,NA,NA,NA,NA,NA,NA,NA,NA,NA,NA,NA,NA,NA,NA,NA,NA,NA,NA,NA,NA,NA,NA,NA,NA,NA,NA,NA,NA,NA,60.30034129692833,9.192388155425117,45.916040955631395,3.0405591591021524,2.4361774744027307,0.6363961030678926,1.1938566552901024,0.28284271247461895,0.8061433447098976,0.28284271247461906,0.29078498293515354,0.42426406871192845,0.6,0,Ivan,Pace,MIN,LB,25,-3
LB,16696,average,NA,NA,NA,NA,NA,NA,NA,NA,NA,NA,NA,NA,NA,NA,NA,NA,NA,NA,NA,NA,NA,NA,NA,NA,NA,NA,NA,NA,NA,NA,NA,NA,NA,NA,NA,NA,NA,NA,NA,NA,NA,NA,70.5,10.606601717798213,48.4,1.979898987322331,3.7,1.8384776310850237,0.7,0.4242640687119285,1,0,0.5,0.7071067811865476,0,0,Edgerrin,Cooper,GBP,LB,24,-4
LB,16696,robust,NA,NA,NA,NA,NA,NA,NA,NA,NA,NA,NA,NA,NA,NA,NA,NA,NA,NA,NA,NA,NA,NA,NA,NA,NA,NA,NA,NA,NA,NA,NA,NA,NA,NA,NA,NA,NA,NA,NA,NA,NA,NA,70.5,11.119499999999999,48.4,2.0756399999999977,3.7,1.9273799999999999,0.7,0.44477999999999995,1,0,0.5,0.7413,0,0,Edgerrin,Cooper,GBP,LB,24,-4
LB,16696,weighted,NA,NA,NA,NA,NA,NA,NA,NA,NA,NA,NA,NA,NA,NA,NA,NA,NA,NA,NA,NA,NA,NA,NA,NA,NA,NA,NA,NA,NA,NA,NA,NA,NA,NA,NA,NA,NA,NA,NA,NA,NA,NA,70.73037542662117,10.606601717798211,48.356996587030714,1.979898987322331,3.739931740614334,1.8384776310850235,0.7092150170648464,0.42426406871192845,1,0,0.515358361774744,0.7071067811865475,0,0,Edgerrin,Cooper,GBP,LB,24,-4
LB,16013,average,NA,NA,NA,NA,NA,NA,NA,NA,NA,NA,NA,NA,NA,NA,NA,NA,NA,NA,NA,NA,NA,NA,NA,NA,NA,NA,NA,NA,NA,NA,NA,NA,NA,NA,NA,NA,NA,NA,NA,NA,NA,NA,64.5,4.949747468305833,46.15,7.283199846221438,3.5,0.7071067811865476,0.75,0.3535533905932738,1.5,0.7071067811865476,0,0,0,0,Nate,Landman,LAR,LB,27,-2
LB,16013,robust,NA,NA,NA,NA,NA,NA,NA,NA,NA,NA,NA,NA,NA,NA,NA,NA,NA,NA,NA,NA,NA,NA,NA,NA,NA,NA,NA,NA,NA,NA,NA,NA,NA,NA,NA,NA,NA,NA,NA,NA,NA,NA,64.5,5.1891,46.15,7.6353899999999975,3.5,0.7413,0.75,0.37065,1.5,0.7413,0,0,0,0,Nate,Landman,LAR,LB,27,-2
LB,16013,weighted,NA,NA,NA,NA,NA,NA,NA,NA,NA,NA,NA,NA,NA,NA,NA,NA,NA,NA,NA,NA,NA,NA,NA,NA,NA,NA,NA,NA,NA,NA,NA,NA,NA,NA,NA,NA,NA,NA,NA,NA,NA,NA,64.60750853242321,4.949747468305833,45.99180887372014,7.283199846221438,3.484641638225256,0.7071067811865475,0.757679180887372,0.35355339059327373,1.515358361774744,0.7071067811865475,0,0,0,0,Nate,Landman,LAR,LB,27,-2
LB,17147,average,NA,NA,NA,NA,NA,NA,NA,NA,NA,NA,NA,NA,NA,NA,NA,NA,NA,NA,NA,NA,NA,NA,NA,NA,NA,NA,NA,NA,NA,NA,NA,NA,NA,NA,NA,NA,NA,NA,NA,NA,NA,NA,68.4,6.5053823869162395,39.1,5.515432893255069,3.85,2.616295090390226,0.5,0.7071067811865476,0.15,0.21213203435596426,0.15,0.21213203435596426,0,0,Carson,Schwesinger,CLE,LB,22,-5
LB,17147,robust,NA,NA,NA,NA,NA,NA,NA,NA,NA,NA,NA,NA,NA,NA,NA,NA,NA,NA,NA,NA,NA,NA,NA,NA,NA,NA,NA,NA,NA,NA,NA,NA,NA,NA,NA,NA,NA,NA,NA,NA,NA,NA,68.4,6.819960000000002,39.1,5.782139999999997,3.85,2.74281,0.5,0.7413,0.15,0.22238999999999998,0.15,0.22238999999999998,0,0,Carson,Schwesinger,CLE,LB,22,-5
LB,17147,weighted,NA,NA,NA,NA,NA,NA,NA,NA,NA,NA,NA,NA,NA,NA,NA,NA,NA,NA,NA,NA,NA,NA,NA,NA,NA,NA,NA,NA,NA,NA,NA,NA,NA,NA,NA,NA,NA,NA,NA,NA,NA,NA,68.54129692832765,6.505382386916239,39.219795221843,5.515432893255069,3.7931740614334473,2.616295090390226,0.48464163822525597,0.7071067811865475,0.14539249146757677,0.21213203435596423,0.14539249146757677,0.21213203435596423,0,0,Carson,Schwesinger,CLE,LB,22,-5
LB,15846,average,NA,NA,NA,NA,NA,NA,NA,NA,NA,NA,NA,NA,NA,NA,NA,NA,NA,NA,NA,NA,NA,NA,NA,NA,NA,NA,NA,NA,NA,NA,NA,NA,NA,NA,NA,NA,NA,NA,NA,NA,NA,NA,66.85,0.21213203435596223,44.35,5.161879502661795,2.95,1.4849242404917498,0,0,0.6,0.565685424949238,0,0,0,0,Quay,Walker,GBP,LB,25,-2
LB,15846,robust,NA,NA,NA,NA,NA,NA,NA,NA,NA,NA,NA,NA,NA,NA,NA,NA,NA,NA,NA,NA,NA,NA,NA,NA,NA,NA,NA,NA,NA,NA,NA,NA,NA,NA,NA,NA,NA,NA,NA,NA,NA,NA,66.85,0.22238999999999787,44.35,5.411489999999998,2.95,1.55673,0,0,0.6,0.59304,0,0,0,0,Quay,Walker,GBP,LB,25,-2
LB,15846,weighted,NA,NA,NA,NA,NA,NA,NA,NA,NA,NA,NA,NA,NA,NA,NA,NA,NA,NA,NA,NA,NA,NA,NA,NA,NA,NA,NA,NA,NA,NA,NA,NA,NA,NA,NA,NA,NA,NA,NA,NA,NA,NA,66.85460750853242,0.21213203435596223,44.462116040955635,5.161879502661795,2.9822525597269625,1.4849242404917498,0,0,0.6122866894197952,0.565685424949238,0,0,0,0,Quay,Walker,GBP,LB,25,-2
LB,15822,average,NA,NA,NA,NA,NA,NA,NA,NA,NA,NA,NA,NA,NA,NA,NA,NA,NA,NA,NA,NA,NA,NA,NA,NA,NA,NA,NA,NA,NA,NA,NA,NA,NA,NA,NA,NA,NA,NA,NA,NA,NA,NA,65.35,10.818733752154175,48.8,7.353910524340093,5.35,0.9192388155425116,1.35,0.9192388155425119,0.7,0.4242640687119285,0.2,0.28284271247461906,0,0,Devin,Lloyd,JAC,LB,27,-2
LB,15822,robust,NA,NA,NA,NA,NA,NA,NA,NA,NA,NA,NA,NA,NA,NA,NA,NA,NA,NA,NA,NA,NA,NA,NA,NA,NA,NA,NA,NA,NA,NA,NA,NA,NA,NA,NA,NA,NA,NA,NA,NA,NA,NA,65.35,11.341889999999998,48.8,7.709519999999999,5.35,0.9636899999999998,1.35,0.9636899999999999,0.7,0.44477999999999995,0.2,0.29652,0,0,Devin,Lloyd,JAC,LB,27,-2
LB,15822,weighted,NA,NA,NA,NA,NA,NA,NA,NA,NA,NA,NA,NA,NA,NA,NA,NA,NA,NA,NA,NA,NA,NA,NA,NA,NA,NA,NA,NA,NA,NA,NA,NA,NA,NA,NA,NA,NA,NA,NA,NA,NA,NA,65.58498293515359,10.818733752154175,48.95972696245734,7.353910524340093,5.369965870307167,0.9192388155425116,1.3699658703071673,0.9192388155425117,0.7092150170648464,0.42426406871192845,0.19385665529010238,0.282842712474619,0,0,Devin,Lloyd,JAC,LB,27,-2
LB,13697,average,NA,NA,NA,NA,NA,NA,NA,NA,NA,NA,NA,NA,NA,NA,NA,NA,NA,NA,NA,NA,NA,NA,NA,NA,NA,NA,NA,NA,NA,NA,NA,NA,NA,NA,NA,NA,NA,NA,NA,NA,NA,NA,58.7,8.9095454429505,44.8,3.1112698372208083,7.25,0.3535533905932738,1.5,0.7071067811865476,0.9,0.14142135623730948,0.7,0.4242640687119285,0.4,0,Tremaine,Edmunds,CHI,LB,27,2
LB,13697,robust,NA,NA,NA,NA,NA,NA,NA,NA,NA,NA,NA,NA,NA,NA,NA,NA,NA,NA,NA,NA,NA,NA,NA,NA,NA,NA,NA,NA,NA,NA,NA,NA,NA,NA,NA,NA,NA,NA,NA,NA,NA,NA,58.7,9.34038,44.8,3.2617199999999986,7.25,0.37065,1.5,0.7413,0.9,0.14825999999999995,0.7,0.44477999999999995,0.4,0,Tremaine,Edmunds,CHI,LB,27,2
LB,13697,weighted,NA,NA,NA,NA,NA,NA,NA,NA,NA,NA,NA,NA,NA,NA,NA,NA,NA,NA,NA,NA,NA,NA,NA,NA,NA,NA,NA,NA,NA,NA,NA,NA,NA,NA,NA,NA,NA,NA,NA,NA,NA,NA,58.89351535836178,8.909545442950499,44.86757679180888,3.111269837220808,7.242320819112628,0.35355339059327373,1.4846416382252559,0.7071067811865475,0.9030716723549489,0.14142135623730945,0.7092150170648464,0.42426406871192845,0.4,0,Tremaine,Edmunds,CHI,LB,27,2
LB,16236,average,NA,NA,NA,NA,NA,NA,NA,NA,NA,NA,NA,NA,NA,NA,NA,NA,NA,NA,NA,NA,NA,NA,NA,NA,NA,NA,NA,NA,NA,NA,NA,NA,NA,NA,NA,NA,NA,NA,NA,NA,NA,NA,56.9,10.040916292848976,54.05,4.313351365237941,2.5,0.7071067811865476,0.9,0.14142135623730948,0.5,0.7071067811865476,0,0,0,0,Henry,To'oTo'o,HOU,LB,24,-3
LB,16236,robust,NA,NA,NA,NA,NA,NA,NA,NA,NA,NA,NA,NA,NA,NA,NA,NA,NA,NA,NA,NA,NA,NA,NA,NA,NA,NA,NA,NA,NA,NA,NA,NA,NA,NA,NA,NA,NA,NA,NA,NA,NA,NA,56.9,10.526460000000002,54.05,4.521930000000001,2.5,0.7413,0.9,0.14825999999999995,0.5,0.7413,0,0,0,0,Henry,To'oTo'o,HOU,LB,24,-3
LB,16236,weighted,NA,NA,NA,NA,NA,NA,NA,NA,NA,NA,NA,NA,NA,NA,NA,NA,NA,NA,NA,NA,NA,NA,NA,NA,NA,NA,NA,NA,NA,NA,NA,NA,NA,NA,NA,NA,NA,NA,NA,NA,NA,NA,57.11808873720136,10.040916292848976,53.956313993174064,4.31335136523794,2.484641638225256,0.7071067811865475,0.9030716723549489,0.14142135623730945,0.48464163822525597,0.7071067811865475,0,0,0,0,Henry,To'oTo'o,HOU,LB,24,-3
LB,14169,average,NA,NA,NA,NA,NA,NA,NA,NA,NA,NA,NA,NA,NA,NA,NA,NA,NA,NA,NA,NA,NA,NA,NA,NA,NA,NA,NA,NA,NA,NA,NA,NA,NA,NA,NA,NA,NA,NA,NA,NA,NA,NA,51.6,2.2627416997969543,34.75,10.960155108391486,3.95,0.07071067811865482,0.9,0.14142135623730948,0.7,0.4242640687119285,0.7,0.4242640687119285,0,0,Mack,Wilson,ARI,LB,27,1
LB,14169,robust,NA,NA,NA,NA,NA,NA,NA,NA,NA,NA,NA,NA,NA,NA,NA,NA,NA,NA,NA,NA,NA,NA,NA,NA,NA,NA,NA,NA,NA,NA,NA,NA,NA,NA,NA,NA,NA,NA,NA,NA,NA,NA,51.6,2.372160000000002,34.75,11.49015,3.95,0.07413000000000006,0.9,0.14825999999999995,0.7,0.44477999999999995,0.7,0.44477999999999995,0,0,Mack,Wilson,ARI,LB,27,1
LB,14169,weighted,NA,NA,NA,NA,NA,NA,NA,NA,NA,NA,NA,NA,NA,NA,NA,NA,NA,NA,NA,NA,NA,NA,NA,NA,NA,NA,NA,NA,NA,NA,NA,NA,NA,NA,NA,NA,NA,NA,NA,NA,NA,NA,51.55085324232082,2.262741699796954,34.51194539249146,10.960155108391486,3.9515358361774746,0.07071067811865481,0.9030716723549489,0.14142135623730945,0.7092150170648464,0.42426406871192845,0.7092150170648464,0.42426406871192845,0,0,Mack,Wilson,ARI,LB,27,1
LB,15869,average,NA,NA,NA,NA,NA,NA,NA,NA,NA,NA,NA,NA,NA,NA,NA,NA,NA,NA,NA,NA,NA,NA,NA,NA,NA,NA,NA,NA,NA,NA,NA,NA,NA,NA,NA,NA,NA,NA,NA,NA,NA,NA,64.35,17.88980156401965,51.35,7.9903066274079855,3.3,0.9899494936611665,1.65,0.49497474683058323,0.95,0.07071067811865474,0.45,0.6363961030678927,0,0,Terrel,Bernard,BUF,LB,26,-2
LB,15869,robust,NA,NA,NA,NA,NA,NA,NA,NA,NA,NA,NA,NA,NA,NA,NA,NA,NA,NA,NA,NA,NA,NA,NA,NA,NA,NA,NA,NA,NA,NA,NA,NA,NA,NA,NA,NA,NA,NA,NA,NA,NA,NA,64.35,18.754889999999996,51.35,8.376689999999998,3.3,1.03782,1.65,0.51891,0.95,0.07412999999999997,0.45,0.6671699999999999,0,0,Terrel,Bernard,BUF,LB,26,-2
LB,15869,weighted,NA,NA,NA,NA,NA,NA,NA,NA,NA,NA,NA,NA,NA,NA,NA,NA,NA,NA,NA,NA,NA,NA,NA,NA,NA,NA,NA,NA,NA,NA,NA,NA,NA,NA,NA,NA,NA,NA,NA,NA,NA,NA,64.73856655290102,17.88980156401965,51.523549488054606,7.990306627407985,3.3215017064846415,0.9899494936611664,1.6607508532423207,0.4949747468305832,0.9515358361774744,0.07071067811865474,0.4361774744027304,0.6363961030678927,0,0,Terrel,Bernard,BUF,LB,26,-2
LB,15890,average,NA,NA,NA,NA,NA,NA,NA,NA,NA,NA,NA,NA,NA,NA,NA,NA,NA,NA,NA,NA,NA,NA,NA,NA,NA,NA,NA,NA,NA,NA,NA,NA,NA,NA,NA,NA,NA,NA,NA,NA,NA,NA,58.6,4.808326112068521,43.15,2.616295090390228,2.3,0.42426406871192857,0.2,0.28284271247461906,0.7,0.4242640687119285,0.7,0.4242640687119285,0,0,Micah,McFadden,NYG,LB,25,-2
LB,15890,robust,NA,NA,NA,NA,NA,NA,NA,NA,NA,NA,NA,NA,NA,NA,NA,NA,NA,NA,NA,NA,NA,NA,NA,NA,NA,NA,NA,NA,NA,NA,NA,NA,NA,NA,NA,NA,NA,NA,NA,NA,NA,NA,58.6,5.0408399999999975,43.15,2.7428100000000017,2.3,0.44478000000000006,0.2,0.29652,0.7,0.44477999999999995,0.7,0.44477999999999995,0,0,Micah,McFadden,NYG,LB,25,-2
LB,15890,weighted,NA,NA,NA,NA,NA,NA,NA,NA,NA,NA,NA,NA,NA,NA,NA,NA,NA,NA,NA,NA,NA,NA,NA,NA,NA,NA,NA,NA,NA,NA,NA,NA,NA,NA,NA,NA,NA,NA,NA,NA,NA,NA,58.70443686006827,4.808326112068521,43.20682593856655,2.616295090390228,2.2907849829351536,0.42426406871192857,0.19385665529010238,0.282842712474619,0.7092150170648464,0.42426406871192845,0.7092150170648464,0.42426406871192845,0,0,Micah,McFadden,NYG,LB,25,-2
LB,16870,average,NA,NA,NA,NA,NA,NA,NA,NA,NA,NA,NA,NA,NA,NA,NA,NA,NA,NA,NA,NA,NA,NA,NA,NA,NA,NA,NA,NA,NA,NA,NA,NA,NA,NA,NA,NA,NA,NA,NA,NA,NA,NA,53.05,0.07071067811865576,30.4,16.122034611053284,2.4,0.5656854249492379,0,0,1.35,0.49497474683058323,0.5,0.7071067811865476,0,0,Omar,Speights,LAR,LB,24,-4
LB,16870,robust,NA,NA,NA,NA,NA,NA,NA,NA,NA,NA,NA,NA,NA,NA,NA,NA,NA,NA,NA,NA,NA,NA,NA,NA,NA,NA,NA,NA,NA,NA,NA,NA,NA,NA,NA,NA,NA,NA,NA,NA,NA,NA,53.05,0.07413000000000106,30.4,16.901639999999997,2.4,0.5930399999999998,0,0,1.35,0.51891,0.5,0.7413,0,0,Omar,Speights,LAR,LB,24,-4
LB,16870,weighted,NA,NA,NA,NA,NA,NA,NA,NA,NA,NA,NA,NA,NA,NA,NA,NA,NA,NA,NA,NA,NA,NA,NA,NA,NA,NA,NA,NA,NA,NA,NA,NA,NA,NA,NA,NA,NA,NA,NA,NA,NA,NA,53.04846416382252,0.07071067811865575,30.049829351535834,16.122034611053284,2.387713310580205,0.5656854249492379,0,0,1.3392491467576793,0.4949747468305832,0.515358361774744,0.7071067811865475,0,0,Omar,Speights,LAR,LB,24,-4
LB,16722,average,NA,NA,NA,NA,NA,NA,NA,NA,NA,NA,NA,NA,NA,NA,NA,NA,NA,NA,NA,NA,NA,NA,NA,NA,NA,NA,NA,NA,NA,NA,NA,NA,NA,NA,NA,NA,NA,NA,NA,NA,NA,NA,59.1,15.414927829866734,53.75,3.181980515339464,2.25,1.0606601717798212,0,0,0.2,0.28284271247461906,0.2,0.28284271247461906,0,0,Tyrice,Knight,SEA,LB,25,-4
LB,16722,robust,NA,NA,NA,NA,NA,NA,NA,NA,NA,NA,NA,NA,NA,NA,NA,NA,NA,NA,NA,NA,NA,NA,NA,NA,NA,NA,NA,NA,NA,NA,NA,NA,NA,NA,NA,NA,NA,NA,NA,NA,NA,NA,59.1,16.160339999999998,53.75,3.3358499999999998,2.25,1.11195,0,0,0.2,0.29652,0.2,0.29652,0,0,Tyrice,Knight,SEA,LB,25,-4
LB,16722,weighted,NA,NA,NA,NA,NA,NA,NA,NA,NA,NA,NA,NA,NA,NA,NA,NA,NA,NA,NA,NA,NA,NA,NA,NA,NA,NA,NA,NA,NA,NA,NA,NA,NA,NA,NA,NA,NA,NA,NA,NA,NA,NA,59.43481228668943,15.414927829866734,53.81911262798634,3.181980515339464,2.273037542662116,1.0606601717798212,0,0,0.19385665529010238,0.282842712474619,0.19385665529010238,0.282842712474619,0,0,Tyrice,Knight,SEA,LB,25,-4
LB,15821,average,NA,NA,NA,NA,NA,NA,NA,NA,NA,NA,NA,NA,NA,NA,NA,NA,NA,NA,NA,NA,NA,NA,NA,NA,NA,NA,NA,NA,NA,NA,NA,NA,NA,NA,NA,NA,NA,NA,NA,NA,NA,NA,48.65,2.333452377915605,30.7,10.889444430272832,1.85,1.2020815280171309,0.9,0.14142135623730948,1.25,0.3535533905932738,1,0,0,0,Nakobe,Dean,PHI,LB,25,-2
LB,15821,robust,NA,NA,NA,NA,NA,NA,NA,NA,NA,NA,NA,NA,NA,NA,NA,NA,NA,NA,NA,NA,NA,NA,NA,NA,NA,NA,NA,NA,NA,NA,NA,NA,NA,NA,NA,NA,NA,NA,NA,NA,NA,NA,48.65,2.4462899999999976,30.7,11.416019999999998,1.85,1.26021,0.9,0.14825999999999995,1.25,0.37065,1,0,0,0,Nakobe,Dean,PHI,LB,25,-2
LB,15821,weighted,NA,NA,NA,NA,NA,NA,NA,NA,NA,NA,NA,NA,NA,NA,NA,NA,NA,NA,NA,NA,NA,NA,NA,NA,NA,NA,NA,NA,NA,NA,NA,NA,NA,NA,NA,NA,NA,NA,NA,NA,NA,NA,48.59931740614334,2.333452377915605,30.46348122866894,10.88944443027283,1.823890784982935,1.2020815280171309,0.9030716723549489,0.14142135623730945,1.242320819112628,0.35355339059327373,1,0,0,0,Nakobe,Dean,PHI,LB,25,-2
LB,12831,average,NA,NA,NA,NA,NA,NA,NA,NA,NA,NA,NA,NA,NA,NA,NA,NA,NA,NA,NA,NA,NA,NA,NA,NA,NA,NA,NA,NA,NA,NA,NA,NA,NA,NA,NA,NA,NA,NA,NA,NA,NA,NA,55.45,7.848885271170679,37.55,6.434671708797584,1.85,1.2020815280171309,0.3,0.4242640687119285,0.75,0.3535533905932738,0,0,0,0,Elandon,Roberts,LVR,LB,31,4
LB,12831,robust,NA,NA,NA,NA,NA,NA,NA,NA,NA,NA,NA,NA,NA,NA,NA,NA,NA,NA,NA,NA,NA,NA,NA,NA,NA,NA,NA,NA,NA,NA,NA,NA,NA,NA,NA,NA,NA,NA,NA,NA,NA,NA,55.45,8.228430000000001,37.55,6.745830000000001,1.85,1.26021,0.3,0.44477999999999995,0.75,0.37065,0,0,0,0,Elandon,Roberts,LVR,LB,31,4
LB,12831,weighted,NA,NA,NA,NA,NA,NA,NA,NA,NA,NA,NA,NA,NA,NA,NA,NA,NA,NA,NA,NA,NA,NA,NA,NA,NA,NA,NA,NA,NA,NA,NA,NA,NA,NA,NA,NA,NA,NA,NA,NA,NA,NA,55.62047781569965,7.848885271170678,37.41023890784982,6.434671708797583,1.823890784982935,1.2020815280171309,0.29078498293515354,0.42426406871192845,0.757679180887372,0.35355339059327373,0,0,0,0,Elandon,Roberts,LVR,LB,31,4
LB,15387,average,NA,NA,NA,NA,NA,NA,NA,NA,NA,NA,NA,NA,NA,NA,NA,NA,NA,NA,NA,NA,NA,NA,NA,NA,NA,NA,NA,NA,NA,NA,NA,NA,NA,NA,NA,NA,NA,NA,NA,NA,NA,NA,57.4,0.848528137423859,36.3,5.23259018078045,1.4,0.5656854249492381,0.2,0.28284271247461906,0,0,0.5,0.7071067811865476,0,0,Pete,Werner,NOS,LB,26,-1
LB,15387,robust,NA,NA,NA,NA,NA,NA,NA,NA,NA,NA,NA,NA,NA,NA,NA,NA,NA,NA,NA,NA,NA,NA,NA,NA,NA,NA,NA,NA,NA,NA,NA,NA,NA,NA,NA,NA,NA,NA,NA,NA,NA,NA,57.4,0.889560000000002,36.3,5.485619999999999,1.4,0.59304,0.2,0.29652,0,0,0.5,0.7413,0,0,Pete,Werner,NOS,LB,26,-1
LB,15387,weighted,NA,NA,NA,NA,NA,NA,NA,NA,NA,NA,NA,NA,NA,NA,NA,NA,NA,NA,NA,NA,NA,NA,NA,NA,NA,NA,NA,NA,NA,NA,NA,NA,NA,NA,NA,NA,NA,NA,NA,NA,NA,NA,57.41843003412969,0.848528137423859,36.413651877133105,5.23259018078045,1.3877133105802046,0.565685424949238,0.19385665529010238,0.282842712474619,0,0,0.515358361774744,0.7071067811865475,0,0,Pete,Werner,NOS,LB,26,-1
LB,15681,average,NA,NA,NA,NA,NA,NA,NA,NA,NA,NA,NA,NA,NA,NA,NA,NA,NA,NA,NA,NA,NA,NA,NA,NA,NA,NA,NA,NA,NA,NA,NA,NA,NA,NA,NA,NA,NA,NA,NA,NA,NA,NA,46.7,0.9899494936611655,31.9,11.172287142747448,3.25,1.7677669529663689,0.3,0.4242640687119285,0.1,0.14142135623730953,0.5,0.7071067811865476,0,0,Christian,Elliss,NEP,LB,26,-1
LB,15681,robust,NA,NA,NA,NA,NA,NA,NA,NA,NA,NA,NA,NA,NA,NA,NA,NA,NA,NA,NA,NA,NA,NA,NA,NA,NA,NA,NA,NA,NA,NA,NA,NA,NA,NA,NA,NA,NA,NA,NA,NA,NA,NA,46.7,1.0378199999999989,31.9,11.712539999999997,3.25,1.8532499999999998,0.3,0.44477999999999995,0.1,0.14826,0.5,0.7413,0,0,Christian,Elliss,NEP,LB,26,-1
LB,15681,weighted,NA,NA,NA,NA,NA,NA,NA,NA,NA,NA,NA,NA,NA,NA,NA,NA,NA,NA,NA,NA,NA,NA,NA,NA,NA,NA,NA,NA,NA,NA,NA,NA,NA,NA,NA,NA,NA,NA,NA,NA,NA,NA,46.67849829351536,0.9899494936611655,31.65733788395904,11.172287142747448,3.2116040955631395,1.7677669529663687,0.29078498293515354,0.42426406871192845,0.09692832764505119,0.1414213562373095,0.515358361774744,0.7071067811865475,0,0,Christian,Elliss,NEP,LB,26,-1
LB,17125,average,NA,NA,NA,NA,NA,NA,NA,NA,NA,NA,NA,NA,NA,NA,NA,NA,NA,NA,NA,NA,NA,NA,NA,NA,NA,NA,NA,NA,NA,NA,NA,NA,NA,NA,NA,NA,NA,NA,NA,NA,NA,NA,49.5,7.7781745930520225,49.7,10.323759005323595,2.65,0.9192388155425116,0.15,0.21213203435596426,1.2,0.28284271247461895,0,0,0,0,Demetrius,Knight,CIN,LB,25,-5
LB,17125,robust,NA,NA,NA,NA,NA,NA,NA,NA,NA,NA,NA,NA,NA,NA,NA,NA,NA,NA,NA,NA,NA,NA,NA,NA,NA,NA,NA,NA,NA,NA,NA,NA,NA,NA,NA,NA,NA,NA,NA,NA,NA,NA,49.5,8.1543,49.7,10.822980000000001,2.65,0.9636899999999998,0.15,0.22238999999999998,1.2,0.2965199999999999,0,0,0,0,Demetrius,Knight,CIN,LB,25,-5
LB,17125,weighted,NA,NA,NA,NA,NA,NA,NA,NA,NA,NA,NA,NA,NA,NA,NA,NA,NA,NA,NA,NA,NA,NA,NA,NA,NA,NA,NA,NA,NA,NA,NA,NA,NA,NA,NA,NA,NA,NA,NA,NA,NA,NA,49.66894197952218,7.7781745930520225,49.92423208191126,10.323759005323593,2.6300341296928327,0.9192388155425116,0.14539249146757677,0.21213203435596423,1.1938566552901024,0.28284271247461895,0,0,0,0,Demetrius,Knight,CIN,LB,25,-5
LB,16284,average,NA,NA,NA,NA,NA,NA,NA,NA,NA,NA,NA,NA,NA,NA,NA,NA,NA,NA,NA,NA,NA,NA,NA,NA,NA,NA,NA,NA,NA,NA,NA,NA,NA,NA,NA,NA,NA,NA,NA,NA,NA,NA,40.35,10.394469683442251,35.6,5.091168824543144,0.5,0.7071067811865476,0,0,0.35,0.49497474683058323,0.35,0.49497474683058323,0,0,Dorian,Williams,BUF,LB,24,-3
LB,16284,robust,NA,NA,NA,NA,NA,NA,NA,NA,NA,NA,NA,NA,NA,NA,NA,NA,NA,NA,NA,NA,NA,NA,NA,NA,NA,NA,NA,NA,NA,NA,NA,NA,NA,NA,NA,NA,NA,NA,NA,NA,NA,NA,40.35,10.897110000000001,35.6,5.337360000000002,0.5,0.7413,0,0,0.35,0.51891,0.35,0.51891,0,0,Dorian,Williams,BUF,LB,24,-3
LB,16284,weighted,NA,NA,NA,NA,NA,NA,NA,NA,NA,NA,NA,NA,NA,NA,NA,NA,NA,NA,NA,NA,NA,NA,NA,NA,NA,NA,NA,NA,NA,NA,NA,NA,NA,NA,NA,NA,NA,NA,NA,NA,NA,NA,40.12423208191126,10.39446968344225,35.48941979522184,5.091168824543144,0.515358361774744,0.7071067811865475,0,0,0.33924914675767914,0.4949747468305832,0.33924914675767914,0.4949747468305832,0,0,Dorian,Williams,BUF,LB,24,-3
LB,14257,average,NA,NA,NA,NA,NA,NA,NA,NA,NA,NA,NA,NA,NA,NA,NA,NA,NA,NA,NA,NA,NA,NA,NA,NA,NA,NA,NA,NA,NA,NA,NA,NA,NA,NA,NA,NA,NA,NA,NA,NA,NA,NA,41.2,8.768124086713188,26.65,6.576093065034892,2.15,1.6263455967290592,0.3,0.4242640687119285,0,0,0,0,0,0,E.J.,Speed,HOU,LB,30,1
LB,14257,robust,NA,NA,NA,NA,NA,NA,NA,NA,NA,NA,NA,NA,NA,NA,NA,NA,NA,NA,NA,NA,NA,NA,NA,NA,NA,NA,NA,NA,NA,NA,NA,NA,NA,NA,NA,NA,NA,NA,NA,NA,NA,NA,41.2,9.19212,26.65,6.89409,2.15,1.7049899999999998,0.3,0.44477999999999995,0,0,0,0,0,0,E.J.,Speed,HOU,LB,30,1
LB,14257,weighted,NA,NA,NA,NA,NA,NA,NA,NA,NA,NA,NA,NA,NA,NA,NA,NA,NA,NA,NA,NA,NA,NA,NA,NA,NA,NA,NA,NA,NA,NA,NA,NA,NA,NA,NA,NA,NA,NA,NA,NA,NA,NA,41.00955631399317,8.768124086713188,26.50716723549488,6.576093065034891,2.1146757679180888,1.626345596729059,0.29078498293515354,0.42426406871192845,0,0,0,0,0,0,E.J.,Speed,HOU,LB,30,1
LB,15396,average,NA,NA,NA,NA,NA,NA,NA,NA,NA,NA,NA,NA,NA,NA,NA,NA,NA,NA,NA,NA,NA,NA,NA,NA,NA,NA,NA,NA,NA,NA,NA,NA,NA,NA,NA,NA,NA,NA,NA,NA,NA,NA,50.9,5.798275605729692,31,4.242640687119285,2.4,0.5656854249492379,0.5,0.7071067811865476,0.5,0.7071067811865476,0,0,0,0,Divine,Deablo,ATL,LB,27,-1
LB,15396,robust,NA,NA,NA,NA,NA,NA,NA,NA,NA,NA,NA,NA,NA,NA,NA,NA,NA,NA,NA,NA,NA,NA,NA,NA,NA,NA,NA,NA,NA,NA,NA,NA,NA,NA,NA,NA,NA,NA,NA,NA,NA,NA,50.9,6.078660000000002,31,4.4478,2.4,0.5930399999999998,0.5,0.7413,0.5,0.7413,0,0,0,0,Divine,Deablo,ATL,LB,27,-1
LB,15396,weighted,NA,NA,NA,NA,NA,NA,NA,NA,NA,NA,NA,NA,NA,NA,NA,NA,NA,NA,NA,NA,NA,NA,NA,NA,NA,NA,NA,NA,NA,NA,NA,NA,NA,NA,NA,NA,NA,NA,NA,NA,NA,NA,51.025938566552895,5.798275605729692,30.907849829351534,4.242640687119285,2.387713310580205,0.5656854249492379,0.515358361774744,0.7071067811865475,0.515358361774744,0.7071067811865475,0,0,0,0,Divine,Deablo,ATL,LB,27,-1
LB,14235,average,NA,NA,NA,NA,NA,NA,NA,NA,NA,NA,NA,NA,NA,NA,NA,NA,NA,NA,NA,NA,NA,NA,NA,NA,NA,NA,NA,NA,NA,NA,NA,NA,NA,NA,NA,NA,NA,NA,NA,NA,NA,NA,48.85,5.868986283848343,33.15,1.6263455967290572,1.15,0.21213203435596428,0,0,0.95,0.07071067811865474,0.95,0.07071067811865474,0,0,Drue,Tranquill,KCC,LB,30,1
LB,14235,robust,NA,NA,NA,NA,NA,NA,NA,NA,NA,NA,NA,NA,NA,NA,NA,NA,NA,NA,NA,NA,NA,NA,NA,NA,NA,NA,NA,NA,NA,NA,NA,NA,NA,NA,NA,NA,NA,NA,NA,NA,NA,NA,48.85,6.152789999999998,33.15,1.7049899999999978,1.15,0.22239000000000003,0,0,0.95,0.07412999999999997,0.95,0.07412999999999997,0,0,Drue,Tranquill,KCC,LB,30,1
LB,14235,weighted,NA,NA,NA,NA,NA,NA,NA,NA,NA,NA,NA,NA,NA,NA,NA,NA,NA,NA,NA,NA,NA,NA,NA,NA,NA,NA,NA,NA,NA,NA,NA,NA,NA,NA,NA,NA,NA,NA,NA,NA,NA,NA,48.97747440273038,5.868986283848342,33.114675767918094,1.6263455967290572,1.1453924914675768,0.21213203435596428,0,0,0.9515358361774744,0.07071067811865474,0.9515358361774744,0.07071067811865474,0,0,Drue,Tranquill,KCC,LB,30,1
LB,16716,average,NA,NA,NA,NA,NA,NA,NA,NA,NA,NA,NA,NA,NA,NA,NA,NA,NA,NA,NA,NA,NA,NA,NA,NA,NA,NA,NA,NA,NA,NA,NA,NA,NA,NA,NA,NA,NA,NA,NA,NA,NA,NA,52.3,9.475230867899736,33.45,7.848885271170679,2.15,0.21213203435596414,1.05,0.07071067811865482,1,0,1,0,1,0,Payton,Wilson,PIT,LB,25,-4
LB,16716,robust,NA,NA,NA,NA,NA,NA,NA,NA,NA,NA,NA,NA,NA,NA,NA,NA,NA,NA,NA,NA,NA,NA,NA,NA,NA,NA,NA,NA,NA,NA,NA,NA,NA,NA,NA,NA,NA,NA,NA,NA,NA,NA,52.3,9.933419999999998,33.45,8.228430000000001,2.15,0.22238999999999987,1.05,0.07413000000000006,1,0,1,0,1,0,Payton,Wilson,PIT,LB,25,-4
LB,16716,weighted,NA,NA,NA,NA,NA,NA,NA,NA,NA,NA,NA,NA,NA,NA,NA,NA,NA,NA,NA,NA,NA,NA,NA,NA,NA,NA,NA,NA,NA,NA,NA,NA,NA,NA,NA,NA,NA,NA,NA,NA,NA,NA,52.50580204778157,9.475230867899736,33.62047781569966,7.848885271170678,2.1453924914675766,0.21213203435596412,1.0484641638225258,0.07071067811865481,1,0,1,0,1,0,Payton,Wilson,PIT,LB,25,-4
LB,16707,average,NA,NA,NA,NA,NA,NA,NA,NA,NA,NA,NA,NA,NA,NA,NA,NA,NA,NA,NA,NA,NA,NA,NA,NA,NA,NA,NA,NA,NA,NA,NA,NA,NA,NA,NA,NA,NA,NA,NA,NA,NA,NA,37.05,2.899137802864846,24.05,8.555992052357226,1.55,0.7778174593052023,0,0,2.15,1.6263455967290592,0.5,0.7071067811865476,0,0,Marist,Liufau,DAL,LB,24,-4
LB,16707,robust,NA,NA,NA,NA,NA,NA,NA,NA,NA,NA,NA,NA,NA,NA,NA,NA,NA,NA,NA,NA,NA,NA,NA,NA,NA,NA,NA,NA,NA,NA,NA,NA,NA,NA,NA,NA,NA,NA,NA,NA,NA,NA,37.05,3.039330000000001,24.05,8.96973,1.55,0.81543,0,0,2.15,1.7049899999999998,0.5,0.7413,0,0,Marist,Liufau,DAL,LB,24,-4
LB,16707,weighted,NA,NA,NA,NA,NA,NA,NA,NA,NA,NA,NA,NA,NA,NA,NA,NA,NA,NA,NA,NA,NA,NA,NA,NA,NA,NA,NA,NA,NA,NA,NA,NA,NA,NA,NA,NA,NA,NA,NA,NA,NA,NA,36.98703071672355,2.899137802864846,23.864163822525597,8.555992052357226,1.5331058020477815,0.7778174593052023,0,0,2.1146757679180888,1.626345596729059,0.48464163822525597,0.7071067811865475,0,0,Marist,Liufau,DAL,LB,24,-4
LB,16704,average,NA,NA,NA,NA,NA,NA,NA,NA,NA,NA,NA,NA,NA,NA,NA,NA,NA,NA,NA,NA,NA,NA,NA,NA,NA,NA,NA,NA,NA,NA,NA,NA,NA,NA,NA,NA,NA,NA,NA,NA,NA,NA,50.75,17.324116139070416,42.85,11.525840533340721,2.2,0.28284271247461895,0,0,1.25,0.3535533905932738,0.35,0.49497474683058323,0,0,Trevin,Wallace,CAR,LB,22,-4
LB,16704,robust,NA,NA,NA,NA,NA,NA,NA,NA,NA,NA,NA,NA,NA,NA,NA,NA,NA,NA,NA,NA,NA,NA,NA,NA,NA,NA,NA,NA,NA,NA,NA,NA,NA,NA,NA,NA,NA,NA,NA,NA,NA,NA,50.75,18.161849999999998,42.85,12.083189999999997,2.2,0.2965199999999999,0,0,1.25,0.37065,0.35,0.51891,0,0,Trevin,Wallace,CAR,LB,22,-4
LB,16704,weighted,NA,NA,NA,NA,NA,NA,NA,NA,NA,NA,NA,NA,NA,NA,NA,NA,NA,NA,NA,NA,NA,NA,NA,NA,NA,NA,NA,NA,NA,NA,NA,NA,NA,NA,NA,NA,NA,NA,NA,NA,NA,NA,51.12627986348123,17.324116139070412,43.10034129692833,11.525840533340721,2.1938566552901024,0.28284271247461895,0,0,1.242320819112628,0.35355339059327373,0.33924914675767914,0.4949747468305832,0,0,Trevin,Wallace,CAR,LB,22,-4
LB,14943,average,NA,NA,NA,NA,NA,NA,NA,NA,NA,NA,NA,NA,NA,NA,NA,NA,NA,NA,NA,NA,NA,NA,NA,NA,NA,NA,NA,NA,NA,NA,NA,NA,NA,NA,NA,NA,NA,NA,NA,NA,NA,NA,40.05,7.00035713374682,30.85,8.273149339882607,3.75,1.0606601717798212,0.9,0.14142135623730948,1.05,0.07071067811865482,0,0,0,0,Akeem,Davis-Gaither,ARI,LB,28,0
LB,14943,robust,NA,NA,NA,NA,NA,NA,NA,NA,NA,NA,NA,NA,NA,NA,NA,NA,NA,NA,NA,NA,NA,NA,NA,NA,NA,NA,NA,NA,NA,NA,NA,NA,NA,NA,NA,NA,NA,NA,NA,NA,NA,NA,40.05,7.338869999999998,30.85,8.673210000000001,3.75,1.11195,0.9,0.14825999999999995,1.05,0.07413000000000006,0,0,0,0,Akeem,Davis-Gaither,ARI,LB,28,0
LB,14943,weighted,NA,NA,NA,NA,NA,NA,NA,NA,NA,NA,NA,NA,NA,NA,NA,NA,NA,NA,NA,NA,NA,NA,NA,NA,NA,NA,NA,NA,NA,NA,NA,NA,NA,NA,NA,NA,NA,NA,NA,NA,NA,NA,40.202047781569966,7.000357133746819,30.670307167235496,8.273149339882607,3.726962457337884,1.0606601717798212,0.9030716723549489,0.14142135623730945,1.0484641638225258,0.07071067811865481,0,0,0,0,Akeem,Davis-Gaither,ARI,LB,28,0
LB,16234,average,NA,NA,NA,NA,NA,NA,NA,NA,NA,NA,NA,NA,NA,NA,NA,NA,NA,NA,NA,NA,NA,NA,NA,NA,NA,NA,NA,NA,NA,NA,NA,NA,NA,NA,NA,NA,NA,NA,NA,NA,NA,NA,43.45,9.263098833543774,35.95,5.727564927611036,2.75,0.3535533905932738,0,0,0.2,0.28284271247461906,0.2,0.28284271247461906,0,0,Trenton,Simpson,BAL,LB,24,-3
LB,16234,robust,NA,NA,NA,NA,NA,NA,NA,NA,NA,NA,NA,NA,NA,NA,NA,NA,NA,NA,NA,NA,NA,NA,NA,NA,NA,NA,NA,NA,NA,NA,NA,NA,NA,NA,NA,NA,NA,NA,NA,NA,NA,NA,43.45,9.711030000000001,35.95,6.004530000000001,2.75,0.37065,0,0,0.2,0.29652,0.2,0.29652,0,0,Trenton,Simpson,BAL,LB,24,-3
LB,16234,weighted,NA,NA,NA,NA,NA,NA,NA,NA,NA,NA,NA,NA,NA,NA,NA,NA,NA,NA,NA,NA,NA,NA,NA,NA,NA,NA,NA,NA,NA,NA,NA,NA,NA,NA,NA,NA,NA,NA,NA,NA,NA,NA,43.65119453924915,9.263098833543772,36.07440273037543,5.727564927611036,2.757679180887372,0.35355339059327373,0,0,0.19385665529010238,0.282842712474619,0.19385665529010238,0.282842712474619,0,0,Trenton,Simpson,BAL,LB,24,-3
LB,15473,average,NA,NA,NA,NA,NA,NA,NA,NA,NA,NA,NA,NA,NA,NA,NA,NA,NA,NA,NA,NA,NA,NA,NA,NA,NA,NA,NA,NA,NA,NA,NA,NA,NA,NA,NA,NA,NA,NA,NA,NA,NA,NA,40.65,8.980256121069155,40.7,0.9899494936611655,2.05,0.07071067811865482,0.1,0.14142135623730953,0.15,0.21213203435596426,0.1,0.14142135623730953,0,0,Isaiah,McDuffie,GBP,LB,26,-1
LB,15473,robust,NA,NA,NA,NA,NA,NA,NA,NA,NA,NA,NA,NA,NA,NA,NA,NA,NA,NA,NA,NA,NA,NA,NA,NA,NA,NA,NA,NA,NA,NA,NA,NA,NA,NA,NA,NA,NA,NA,NA,NA,NA,NA,40.65,9.414510000000002,40.7,1.0378199999999989,2.05,0.07413000000000006,0.1,0.14826,0.15,0.22238999999999998,0.1,0.14826,0,0,Isaiah,McDuffie,GBP,LB,26,-1
LB,15473,weighted,NA,NA,NA,NA,NA,NA,NA,NA,NA,NA,NA,NA,NA,NA,NA,NA,NA,NA,NA,NA,NA,NA,NA,NA,NA,NA,NA,NA,NA,NA,NA,NA,NA,NA,NA,NA,NA,NA,NA,NA,NA,NA,40.84505119453925,8.980256121069155,40.67849829351536,0.9899494936611655,2.0484641638225254,0.07071067811865481,0.09692832764505119,0.1414213562373095,0.14539249146757677,0.21213203435596423,0.09692832764505119,0.1414213562373095,0,0,Isaiah,McDuffie,GBP,LB,26,-1
LB,15975,average,NA,NA,NA,NA,NA,NA,NA,NA,NA,NA,NA,NA,NA,NA,NA,NA,NA,NA,NA,NA,NA,NA,NA,NA,NA,NA,NA,NA,NA,NA,NA,NA,NA,NA,NA,NA,NA,NA,NA,NA,NA,NA,55.25,29.34493141924172,30.9,1.272792206135786,2.45,0.6363961030678927,0.4,0.5656854249492381,0.25,0.3535533905932738,0.25,0.3535533905932738,0.3,0,Jack,Sanborn,DAL,LB,25,-2
LB,15975,robust,NA,NA,NA,NA,NA,NA,NA,NA,NA,NA,NA,NA,NA,NA,NA,NA,NA,NA,NA,NA,NA,NA,NA,NA,NA,NA,NA,NA,NA,NA,NA,NA,NA,NA,NA,NA,NA,NA,NA,NA,NA,NA,55.25,30.763949999999998,30.9,1.3343400000000005,2.45,0.6671699999999999,0.4,0.59304,0.25,0.37065,0.25,0.37065,0.3,0,Jack,Sanborn,DAL,LB,25,-2
LB,15975,weighted,NA,NA,NA,NA,NA,NA,NA,NA,NA,NA,NA,NA,NA,NA,NA,NA,NA,NA,NA,NA,NA,NA,NA,NA,NA,NA,NA,NA,NA,NA,NA,NA,NA,NA,NA,NA,NA,NA,NA,NA,NA,NA,55.88737201365188,29.34493141924172,30.872354948805462,1.272792206135786,2.4361774744027307,0.6363961030678926,0.38771331058020475,0.565685424949238,0.24232081911262798,0.35355339059327373,0.24232081911262798,0.35355339059327373,0.3,0,Jack,Sanborn,DAL,LB,25,-2
LB,14889,average,NA,NA,NA,NA,NA,NA,NA,NA,NA,NA,NA,NA,NA,NA,NA,NA,NA,NA,NA,NA,NA,NA,NA,NA,NA,NA,NA,NA,NA,NA,NA,NA,NA,NA,NA,NA,NA,NA,NA,NA,NA,NA,42.55,7.707463914933367,27.5,4.949747468305833,1.45,0.7778174593052023,0.55,0.6363961030678927,0.9,0.14142135623730948,0.25,0.3535533905932738,0,0,Kenneth,Murray,DAL,LB,27,0
LB,14889,robust,NA,NA,NA,NA,NA,NA,NA,NA,NA,NA,NA,NA,NA,NA,NA,NA,NA,NA,NA,NA,NA,NA,NA,NA,NA,NA,NA,NA,NA,NA,NA,NA,NA,NA,NA,NA,NA,NA,NA,NA,NA,NA,42.55,8.080169999999999,27.5,5.1891,1.45,0.81543,0.55,0.6671699999999999,0.9,0.14825999999999995,0.25,0.37065,0,0,Kenneth,Murray,DAL,LB,27,0
LB,14889,weighted,NA,NA,NA,NA,NA,NA,NA,NA,NA,NA,NA,NA,NA,NA,NA,NA,NA,NA,NA,NA,NA,NA,NA,NA,NA,NA,NA,NA,NA,NA,NA,NA,NA,NA,NA,NA,NA,NA,NA,NA,NA,NA,42.717406143344704,7.707463914933367,27.607508532423203,4.949747468305833,1.4668941979522183,0.7778174593052022,0.5638225255972696,0.6363961030678927,0.9030716723549489,0.14142135623730945,0.24232081911262798,0.35355339059327373,0,0,Kenneth,Murray,DAL,LB,27,0
LB,15831,average,NA,NA,NA,NA,NA,NA,NA,NA,NA,NA,NA,NA,NA,NA,NA,NA,NA,NA,NA,NA,NA,NA,NA,NA,NA,NA,NA,NA,NA,NA,NA,NA,NA,NA,NA,NA,NA,NA,NA,NA,NA,NA,37.7,4.666904755831214,20.85,1.6263455967290599,2.15,0.21213203435596414,0.5,0.7071067811865476,2.25,0.3535533905932738,0,0,0,0,Leo,Chenal,KCC,LB,25,-2
LB,15831,robust,NA,NA,NA,NA,NA,NA,NA,NA,NA,NA,NA,NA,NA,NA,NA,NA,NA,NA,NA,NA,NA,NA,NA,NA,NA,NA,NA,NA,NA,NA,NA,NA,NA,NA,NA,NA,NA,NA,NA,NA,NA,NA,37.7,4.892580000000001,20.85,1.7049900000000004,2.15,0.22238999999999987,0.5,0.7413,2.25,0.37065,0,0,0,0,Leo,Chenal,KCC,LB,25,-2
LB,15831,weighted,NA,NA,NA,NA,NA,NA,NA,NA,NA,NA,NA,NA,NA,NA,NA,NA,NA,NA,NA,NA,NA,NA,NA,NA,NA,NA,NA,NA,NA,NA,NA,NA,NA,NA,NA,NA,NA,NA,NA,NA,NA,NA,37.80136518771331,4.666904755831214,20.88532423208191,1.6263455967290597,2.1453924914675766,0.21213203435596412,0.515358361774744,0.7071067811865475,2.2423208191126283,0.35355339059327373,0,0,0,0,Leo,Chenal,KCC,LB,25,-2
LB,14200,average,NA,NA,NA,NA,NA,NA,NA,NA,NA,NA,NA,NA,NA,NA,NA,NA,NA,NA,NA,NA,NA,NA,NA,NA,NA,NA,NA,NA,NA,NA,NA,NA,NA,NA,NA,NA,NA,NA,NA,NA,NA,NA,32.15,11.101576464628796,23.8,1.1313708498984771,1.2,0.28284271247461895,0.05,0.07071067811865477,0,0,0,0,0,0,Jahlani,Tavai,NEP,LB,29,1
LB,14200,robust,NA,NA,NA,NA,NA,NA,NA,NA,NA,NA,NA,NA,NA,NA,NA,NA,NA,NA,NA,NA,NA,NA,NA,NA,NA,NA,NA,NA,NA,NA,NA,NA,NA,NA,NA,NA,NA,NA,NA,NA,NA,NA,32.15,11.638409999999999,23.8,1.186080000000001,1.2,0.2965199999999999,0.05,0.07413,0,0,0,0,0,0,Jahlani,Tavai,NEP,LB,29,1
LB,14200,weighted,NA,NA,NA,NA,NA,NA,NA,NA,NA,NA,NA,NA,NA,NA,NA,NA,NA,NA,NA,NA,NA,NA,NA,NA,NA,NA,NA,NA,NA,NA,NA,NA,NA,NA,NA,NA,NA,NA,NA,NA,NA,NA,32.391126279863485,11.101576464628796,23.77542662116041,1.131370849898477,1.1938566552901024,0.28284271247461895,0.048464163822525594,0.07071067811865475,0,0,0,0,0,0,Jahlani,Tavai,NEP,LB,29,1
LB,13307,average,NA,NA,NA,NA,NA,NA,NA,NA,NA,NA,NA,NA,NA,NA,NA,NA,NA,NA,NA,NA,NA,NA,NA,NA,NA,NA,NA,NA,NA,NA,NA,NA,NA,NA,NA,NA,NA,NA,NA,NA,NA,NA,26.5,12.020815280171307,19.25,1.0606601717798212,1,1.4142135623730951,0.5,0.7071067811865476,0.5,0.7071067811865476,0,0,0,0,Matt,Milano,BUF,LB,31,3
LB,13307,robust,NA,NA,NA,NA,NA,NA,NA,NA,NA,NA,NA,NA,NA,NA,NA,NA,NA,NA,NA,NA,NA,NA,NA,NA,NA,NA,NA,NA,NA,NA,NA,NA,NA,NA,NA,NA,NA,NA,NA,NA,NA,NA,26.5,12.6021,19.25,1.11195,1,1.4826,0.5,0.7413,0.5,0.7413,0,0,0,0,Matt,Milano,BUF,LB,31,3
LB,13307,weighted,NA,NA,NA,NA,NA,NA,NA,NA,NA,NA,NA,NA,NA,NA,NA,NA,NA,NA,NA,NA,NA,NA,NA,NA,NA,NA,NA,NA,NA,NA,NA,NA,NA,NA,NA,NA,NA,NA,NA,NA,NA,NA,26.761092150170647,12.020815280171309,19.273037542662117,1.0606601717798212,1.030716723549488,1.414213562373095,0.515358361774744,0.7071067811865475,0.515358361774744,0.7071067811865475,0,0,0,0,Matt,Milano,BUF,LB,31,3
LB,13706,average,NA,NA,NA,NA,NA,NA,NA,NA,NA,NA,NA,NA,NA,NA,NA,NA,NA,NA,NA,NA,NA,NA,NA,NA,NA,NA,NA,NA,NA,NA,NA,NA,NA,NA,NA,NA,NA,NA,NA,NA,NA,NA,36.55,27.506453788156698,23.2,9.616652224137047,3.1,1.2727922061357855,0.5,0.7071067811865476,0.5,0.7071067811865476,0.5,0.7071067811865476,0,0,Jerome,Baker,CLE,LB,29,2
LB,13706,robust,NA,NA,NA,NA,NA,NA,NA,NA,NA,NA,NA,NA,NA,NA,NA,NA,NA,NA,NA,NA,NA,NA,NA,NA,NA,NA,NA,NA,NA,NA,NA,NA,NA,NA,NA,NA,NA,NA,NA,NA,NA,NA,36.55,28.83657,23.2,10.08168,3.1,1.3343399999999999,0.5,0.7413,0.5,0.7413,0.5,0.7413,0,0,Jerome,Baker,CLE,LB,29,2
LB,13706,weighted,NA,NA,NA,NA,NA,NA,NA,NA,NA,NA,NA,NA,NA,NA,NA,NA,NA,NA,NA,NA,NA,NA,NA,NA,NA,NA,NA,NA,NA,NA,NA,NA,NA,NA,NA,NA,NA,NA,NA,NA,NA,NA,37.147440273037546,27.506453788156694,23.408873720136523,9.616652224137047,3.1276450511945395,1.2727922061357853,0.515358361774744,0.7071067811865475,0.515358361774744,0.7071067811865475,0.515358361774744,0.7071067811865475,0,0,Jerome,Baker,CLE,LB,29,2
LB,15858,average,NA,NA,NA,NA,NA,NA,NA,NA,NA,NA,NA,NA,NA,NA,NA,NA,NA,NA,NA,NA,NA,NA,NA,NA,NA,NA,NA,NA,NA,NA,NA,NA,NA,NA,NA,NA,NA,NA,NA,NA,NA,NA,28.6,11.879393923933998,17.3,3.818376618407357,1.1,1.2727922061357855,0.1,0.14142135623730953,0.5,0.7071067811865476,0,0,0.2,0,Troy,Andersen,ATL,LB,26,-2
LB,15858,robust,NA,NA,NA,NA,NA,NA,NA,NA,NA,NA,NA,NA,NA,NA,NA,NA,NA,NA,NA,NA,NA,NA,NA,NA,NA,NA,NA,NA,NA,NA,NA,NA,NA,NA,NA,NA,NA,NA,NA,NA,NA,NA,28.6,12.45384,17.3,4.00302,1.1,1.3343399999999999,0.1,0.14826,0.5,0.7413,0,0,0.2,0,Troy,Andersen,ATL,LB,26,-2
LB,15858,weighted,NA,NA,NA,NA,NA,NA,NA,NA,NA,NA,NA,NA,NA,NA,NA,NA,NA,NA,NA,NA,NA,NA,NA,NA,NA,NA,NA,NA,NA,NA,NA,NA,NA,NA,NA,NA,NA,NA,NA,NA,NA,NA,28.8580204778157,11.879393923933998,17.382935153583617,3.8183766184073566,1.1276450511945393,1.2727922061357855,0.09692832764505119,0.1414213562373095,0.515358361774744,0.7071067811865475,0,0,0.2,0,Troy,Andersen,ATL,LB,26,-2
LB,16283,average,NA,NA,NA,NA,NA,NA,NA,NA,NA,NA,NA,NA,NA,NA,NA,NA,NA,NA,NA,NA,NA,NA,NA,NA,NA,NA,NA,NA,NA,NA,NA,NA,NA,NA,NA,NA,NA,NA,NA,NA,NA,NA,27.3,13.717871555019022,13.15,5.444722215136416,1.5,0.7071067811865476,0,0,0.6,0.565685424949238,0,0,0,0,DeMarvion,Overshown,DAL,LB,25,-3
LB,16283,robust,NA,NA,NA,NA,NA,NA,NA,NA,NA,NA,NA,NA,NA,NA,NA,NA,NA,NA,NA,NA,NA,NA,NA,NA,NA,NA,NA,NA,NA,NA,NA,NA,NA,NA,NA,NA,NA,NA,NA,NA,NA,NA,27.3,14.381219999999999,13.15,5.708009999999999,1.5,0.7413,0,0,0.6,0.59304,0,0,0,0,DeMarvion,Overshown,DAL,LB,25,-3
LB,16283,weighted,NA,NA,NA,NA,NA,NA,NA,NA,NA,NA,NA,NA,NA,NA,NA,NA,NA,NA,NA,NA,NA,NA,NA,NA,NA,NA,NA,NA,NA,NA,NA,NA,NA,NA,NA,NA,NA,NA,NA,NA,NA,NA,27.597952218430034,13.71787155501902,13.26825938566553,5.444722215136415,1.515358361774744,0.7071067811865475,0,0,0.6122866894197952,0.565685424949238,0,0,0,0,DeMarvion,Overshown,DAL,LB,25,-3
LB,14247,average,NA,NA,NA,NA,NA,NA,NA,NA,NA,NA,NA,NA,NA,NA,NA,NA,NA,NA,NA,NA,NA,NA,NA,NA,NA,NA,NA,NA,NA,NA,NA,NA,NA,NA,NA,NA,NA,NA,NA,NA,NA,NA,47.5,45.96194077712559,32.55,23.26381310103741,1.9,1.5556349186104046,0.5,0.7071067811865476,0.5,0.7071067811865476,0.5,0.7071067811865476,0,0,Dre,Greenlaw,DEN,LB,28,1
LB,14247,robust,NA,NA,NA,NA,NA,NA,NA,NA,NA,NA,NA,NA,NA,NA,NA,NA,NA,NA,NA,NA,NA,NA,NA,NA,NA,NA,NA,NA,NA,NA,NA,NA,NA,NA,NA,NA,NA,NA,NA,NA,NA,NA,47.5,48.1845,32.55,24.388769999999997,1.9,1.63086,0.5,0.7413,0.5,0.7413,0.5,0.7413,0,0,Dre,Greenlaw,DEN,LB,28,1
LB,14247,weighted,NA,NA,NA,NA,NA,NA,NA,NA,NA,NA,NA,NA,NA,NA,NA,NA,NA,NA,NA,NA,NA,NA,NA,NA,NA,NA,NA,NA,NA,NA,NA,NA,NA,NA,NA,NA,NA,NA,NA,NA,NA,NA,48.49829351535837,45.96194077712559,33.05529010238908,23.26381310103741,1.9337883959044369,1.5556349186104044,0.515358361774744,0.7071067811865475,0.515358361774744,0.7071067811865475,0.515358361774744,0.7071067811865475,0,0,Dre,Greenlaw,DEN,LB,28,1
LB,16667,average,NA,NA,NA,NA,NA,NA,NA,NA,NA,NA,NA,NA,NA,NA,NA,NA,NA,NA,NA,NA,NA,NA,NA,NA,NA,NA,NA,NA,NA,NA,NA,NA,NA,NA,NA,NA,NA,NA,NA,NA,NA,NA,36.25,29.34493141924172,22.25,10.960155108391486,1.5,2.1213203435596424,0,0,0.5,0.7071067811865476,0,0,0,0,Cedric,Gray,TEN,LB,23,-4
LB,16667,robust,NA,NA,NA,NA,NA,NA,NA,NA,NA,NA,NA,NA,NA,NA,NA,NA,NA,NA,NA,NA,NA,NA,NA,NA,NA,NA,NA,NA,NA,NA,NA,NA,NA,NA,NA,NA,NA,NA,NA,NA,NA,NA,36.25,30.763949999999998,22.25,11.49015,1.5,2.2239,0,0,0.5,0.7413,0,0,0,0,Cedric,Gray,TEN,LB,23,-4
LB,16667,weighted,NA,NA,NA,NA,NA,NA,NA,NA,NA,NA,NA,NA,NA,NA,NA,NA,NA,NA,NA,NA,NA,NA,NA,NA,NA,NA,NA,NA,NA,NA,NA,NA,NA,NA,NA,NA,NA,NA,NA,NA,NA,NA,36.88737201365188,29.34493141924172,22.488054607508534,10.960155108391486,1.546075085324232,2.1213203435596424,0,0,0.515358361774744,0.7071067811865475,0,0,0,0,Cedric,Gray,TEN,LB,23,-4
LB,16665,average,NA,NA,NA,NA,NA,NA,NA,NA,NA,NA,NA,NA,NA,NA,NA,NA,NA,NA,NA,NA,NA,NA,NA,NA,NA,NA,NA,NA,NA,NA,NA,NA,NA,NA,NA,NA,NA,NA,NA,NA,NA,NA,33.7,24.465894629054546,16.2,8.202438661763951,1.7,0.42426406871192857,0,0,0.5,0.7071067811865476,0,0,0,0,Junior,Colson,LAC,LB,23,-4
LB,16665,robust,NA,NA,NA,NA,NA,NA,NA,NA,NA,NA,NA,NA,NA,NA,NA,NA,NA,NA,NA,NA,NA,NA,NA,NA,NA,NA,NA,NA,NA,NA,NA,NA,NA,NA,NA,NA,NA,NA,NA,NA,NA,NA,33.7,25.648979999999998,16.2,8.599079999999999,1.7,0.44478000000000006,0,0,0.5,0.7413,0,0,0,0,Junior,Colson,LAC,LB,23,-4
LB,16665,weighted,NA,NA,NA,NA,NA,NA,NA,NA,NA,NA,NA,NA,NA,NA,NA,NA,NA,NA,NA,NA,NA,NA,NA,NA,NA,NA,NA,NA,NA,NA,NA,NA,NA,NA,NA,NA,NA,NA,NA,NA,NA,NA,34.231399317406144,24.465894629054546,16.37815699658703,8.202438661763951,1.7092150170648461,0.42426406871192857,0,0,0.515358361774744,0.7071067811865475,0,0,0,0,Junior,Colson,LAC,LB,23,-4
LB,17123,average,NA,NA,NA,NA,NA,NA,NA,NA,NA,NA,NA,NA,NA,NA,NA,NA,NA,NA,NA,NA,NA,NA,NA,NA,NA,NA,NA,NA,NA,NA,NA,NA,NA,NA,NA,NA,NA,NA,NA,NA,NA,NA,25.6,18.950461735799475,17.25,10.960155108391486,0.95,0.07071067811865474,0,0,0.85,0.21213203435596428,0,0,0,0,Jihaad,Campbell,PHI,LB,21,-5
LB,17123,robust,NA,NA,NA,NA,NA,NA,NA,NA,NA,NA,NA,NA,NA,NA,NA,NA,NA,NA,NA,NA,NA,NA,NA,NA,NA,NA,NA,NA,NA,NA,NA,NA,NA,NA,NA,NA,NA,NA,NA,NA,NA,NA,25.6,19.86684,17.25,11.49015,0.95,0.07412999999999997,0,0,0.85,0.22239000000000003,0,0,0,0,Jihaad,Campbell,PHI,LB,21,-5
LB,17123,weighted,NA,NA,NA,NA,NA,NA,NA,NA,NA,NA,NA,NA,NA,NA,NA,NA,NA,NA,NA,NA,NA,NA,NA,NA,NA,NA,NA,NA,NA,NA,NA,NA,NA,NA,NA,NA,NA,NA,NA,NA,NA,NA,26.01160409556314,18.950461735799472,17.48805460750853,10.960155108391486,0.9515358361774744,0.07071067811865474,0,0,0.8546075085324231,0.21213203435596428,0,0,0,0,Jihaad,Campbell,PHI,LB,21,-5
LB,14168,average,NA,NA,NA,NA,NA,NA,NA,NA,NA,NA,NA,NA,NA,NA,NA,NA,NA,NA,NA,NA,NA,NA,NA,NA,NA,NA,NA,NA,NA,NA,NA,NA,NA,NA,NA,NA,NA,NA,NA,NA,NA,NA,38,31.11269837220809,19.7,21.637467504308354,1,1.4142135623730951,0,0,0.5,0.7071067811865476,0,0,0,0,Devin,White,LVR,LB,27,1
LB,14168,robust,NA,NA,NA,NA,NA,NA,NA,NA,NA,NA,NA,NA,NA,NA,NA,NA,NA,NA,NA,NA,NA,NA,NA,NA,NA,NA,NA,NA,NA,NA,NA,NA,NA,NA,NA,NA,NA,NA,NA,NA,NA,NA,38,32.6172,19.7,22.68378,1,1.4826,0,0,0.5,0.7413,0,0,0,0,Devin,White,LVR,LB,27,1
LB,14168,weighted,NA,NA,NA,NA,NA,NA,NA,NA,NA,NA,NA,NA,NA,NA,NA,NA,NA,NA,NA,NA,NA,NA,NA,NA,NA,NA,NA,NA,NA,NA,NA,NA,NA,NA,NA,NA,NA,NA,NA,NA,NA,NA,38.675767918088745,31.11269837220809,20.16996587030717,21.63746750430835,1.030716723549488,1.414213562373095,0,0,0.515358361774744,0.7071067811865475,0,0,0,0,Devin,White,LVR,LB,27,1
LB,17178,average,NA,NA,NA,NA,NA,NA,NA,NA,NA,NA,NA,NA,NA,NA,NA,NA,NA,NA,NA,NA,NA,NA,NA,NA,NA,NA,NA,NA,NA,NA,NA,NA,NA,NA,NA,NA,NA,NA,NA,NA,NA,NA,16.65,11.808683245815343,14.75,4.596194077712559,1.6,0.5656854249492381,0,0,0,0,0,0,0,0,Cody,Simon,ARI,LB,23,-5
LB,17178,robust,NA,NA,NA,NA,NA,NA,NA,NA,NA,NA,NA,NA,NA,NA,NA,NA,NA,NA,NA,NA,NA,NA,NA,NA,NA,NA,NA,NA,NA,NA,NA,NA,NA,NA,NA,NA,NA,NA,NA,NA,NA,NA,16.65,12.37971,14.75,4.8184499999999995,1.6,0.59304,0,0,0,0,0,0,0,0,Cody,Simon,ARI,LB,23,-5
LB,17178,weighted,NA,NA,NA,NA,NA,NA,NA,NA,NA,NA,NA,NA,NA,NA,NA,NA,NA,NA,NA,NA,NA,NA,NA,NA,NA,NA,NA,NA,NA,NA,NA,NA,NA,NA,NA,NA,NA,NA,NA,NA,NA,NA,16.906484641638226,11.808683245815342,14.849829351535837,4.596194077712559,1.6122866894197951,0.5656854249492381,0,0,0,0,0,0,0,0,Cody,Simon,ARI,LB,23,-5
LB,16738,average,NA,NA,NA,NA,NA,NA,NA,NA,NA,NA,NA,NA,NA,NA,NA,NA,NA,NA,NA,NA,NA,NA,NA,NA,NA,NA,NA,NA,NA,NA,NA,NA,NA,NA,NA,NA,NA,NA,NA,NA,NA,NA,37.35,43.34564568673537,21.45,26.233661582020915,1.5,2.1213203435596424,0,0,0.5,0.7071067811865476,0,0,0.6,0,Jaylon,Carlies,IND,LB,24,-4
LB,16738,robust,NA,NA,NA,NA,NA,NA,NA,NA,NA,NA,NA,NA,NA,NA,NA,NA,NA,NA,NA,NA,NA,NA,NA,NA,NA,NA,NA,NA,NA,NA,NA,NA,NA,NA,NA,NA,NA,NA,NA,NA,NA,NA,37.35,45.441689999999994,21.45,27.50223,1.5,2.2239,0,0,0.5,0.7413,0,0,0.6,0,Jaylon,Carlies,IND,LB,24,-4
LB,16738,weighted,NA,NA,NA,NA,NA,NA,NA,NA,NA,NA,NA,NA,NA,NA,NA,NA,NA,NA,NA,NA,NA,NA,NA,NA,NA,NA,NA,NA,NA,NA,NA,NA,NA,NA,NA,NA,NA,NA,NA,NA,NA,NA,38.2914675767918,43.34564568673537,22.019795221843005,26.233661582020915,1.546075085324232,2.1213203435596424,0,0,0.515358361774744,0.7071067811865475,0,0,0.6,0,Jaylon,Carlies,IND,LB,24,-4
LB,16009,average,NA,NA,NA,NA,NA,NA,NA,NA,NA,NA,NA,NA,NA,NA,NA,NA,NA,NA,NA,NA,NA,NA,NA,NA,NA,NA,NA,NA,NA,NA,NA,NA,NA,NA,NA,NA,NA,NA,NA,NA,NA,NA,27.65,35.85031380615796,14.5,17.67766952966369,1,1.4142135623730951,0,0,0.5,0.7071067811865476,0,0,0,0,Jack,Gibbens,NEP,LB,27,-2
LB,16009,robust,NA,NA,NA,NA,NA,NA,NA,NA,NA,NA,NA,NA,NA,NA,NA,NA,NA,NA,NA,NA,NA,NA,NA,NA,NA,NA,NA,NA,NA,NA,NA,NA,NA,NA,NA,NA,NA,NA,NA,NA,NA,NA,27.65,37.58391,14.5,18.5325,1,1.4826,0,0,0.5,0.7413,0,0,0,0,Jack,Gibbens,NEP,LB,27,-2
LB,16009,weighted,NA,NA,NA,NA,NA,NA,NA,NA,NA,NA,NA,NA,NA,NA,NA,NA,NA,NA,NA,NA,NA,NA,NA,NA,NA,NA,NA,NA,NA,NA,NA,NA,NA,NA,NA,NA,NA,NA,NA,NA,NA,NA,28.42866894197952,35.850313806157956,14.8839590443686,17.67766952966369,1.030716723549488,1.414213562373095,0,0,0.515358361774744,0.7071067811865475,0,0,0,0,Jack,Gibbens,NEP,LB,27,-2
DB,13251,average,NA,NA,NA,NA,NA,NA,NA,NA,NA,NA,NA,NA,NA,NA,NA,NA,NA,NA,NA,NA,NA,NA,NA,NA,NA,NA,NA,NA,NA,NA,NA,NA,NA,NA,NA,NA,NA,NA,NA,NA,NA,NA,90.7,3.8183766184073606,55.75,9.545941546018392,3.55,0.7778174593052021,0.6,0.565685424949238,1.05,0.07071067811865482,0,0,0,0,Budda,Baker,ARI,S,29,3
DB,13251,robust,NA,NA,NA,NA,NA,NA,NA,NA,NA,NA,NA,NA,NA,NA,NA,NA,NA,NA,NA,NA,NA,NA,NA,NA,NA,NA,NA,NA,NA,NA,NA,NA,NA,NA,NA,NA,NA,NA,NA,NA,NA,NA,90.7,4.003020000000004,55.75,10.00755,3.55,0.8154299999999997,0.6,0.59304,1.05,0.07413000000000006,0,0,0,0,Budda,Baker,ARI,S,29,3
DB,13251,weighted,NA,NA,NA,NA,NA,NA,NA,NA,NA,NA,NA,NA,NA,NA,NA,NA,NA,NA,NA,NA,NA,NA,NA,NA,NA,NA,NA,NA,NA,NA,NA,NA,NA,NA,NA,NA,NA,NA,NA,NA,NA,NA,90.6170648464164,3.8183766184073606,55.542662116040965,9.54594154601839,3.5331058020477815,0.777817459305202,0.6122866894197952,0.565685424949238,1.0484641638225258,0.07071067811865481,0,0,0,0,Budda,Baker,ARI,S,29,3
DB,16244,average,NA,NA,NA,NA,NA,NA,NA,NA,NA,NA,NA,NA,NA,NA,NA,NA,NA,NA,NA,NA,NA,NA,NA,NA,NA,NA,NA,NA,NA,NA,NA,NA,NA,NA,NA,NA,NA,NA,NA,NA,NA,NA,82.3,6.081118318204305,31.75,1.7677669529663689,14.1,1.272792206135786,3.8,1.1313708498984758,1.55,0.7778174593052023,0.5,0.7071067811865476,0,0,Brian,Branch,DET,S,24,-3
DB,16244,robust,NA,NA,NA,NA,NA,NA,NA,NA,NA,NA,NA,NA,NA,NA,NA,NA,NA,NA,NA,NA,NA,NA,NA,NA,NA,NA,NA,NA,NA,NA,NA,NA,NA,NA,NA,NA,NA,NA,NA,NA,NA,NA,82.3,6.375179999999996,31.75,1.8532499999999998,14.1,1.3343400000000005,3.8,1.1860799999999996,1.55,0.81543,0.5,0.7413,0,0,Brian,Branch,DET,S,24,-3
DB,16244,weighted,NA,NA,NA,NA,NA,NA,NA,NA,NA,NA,NA,NA,NA,NA,NA,NA,NA,NA,NA,NA,NA,NA,NA,NA,NA,NA,NA,NA,NA,NA,NA,NA,NA,NA,NA,NA,NA,NA,NA,NA,NA,NA,82.1679180887372,6.081118318204305,31.78839590443686,1.7677669529663687,14.127645051194541,1.272792206135786,3.7754266211604093,1.1313708498984758,1.5331058020477815,0.7778174593052023,0.515358361774744,0.7071067811865475,0,0,Brian,Branch,DET,S,24,-3
DB,12752,average,NA,NA,NA,NA,NA,NA,NA,NA,NA,NA,NA,NA,NA,NA,NA,NA,NA,NA,NA,NA,NA,NA,NA,NA,NA,NA,NA,NA,NA,NA,NA,NA,NA,NA,NA,NA,NA,NA,NA,NA,NA,NA,79,11.313708498984761,45.8,5.374011537017762,7.1,1.5556349186104041,1.7,0.42426406871192857,0.95,0.07071067811865474,0.95,0.07071067811865474,0,0,Kevin,Byard,CHI,S,32,4
DB,12752,robust,NA,NA,NA,NA,NA,NA,NA,NA,NA,NA,NA,NA,NA,NA,NA,NA,NA,NA,NA,NA,NA,NA,NA,NA,NA,NA,NA,NA,NA,NA,NA,NA,NA,NA,NA,NA,NA,NA,NA,NA,NA,NA,79,11.8608,45.8,5.6338800000000004,7.1,1.6308599999999993,1.7,0.44478000000000006,0.95,0.07412999999999997,0.95,0.07412999999999997,0,0,Kevin,Byard,CHI,S,32,4
DB,12752,weighted,NA,NA,NA,NA,NA,NA,NA,NA,NA,NA,NA,NA,NA,NA,NA,NA,NA,NA,NA,NA,NA,NA,NA,NA,NA,NA,NA,NA,NA,NA,NA,NA,NA,NA,NA,NA,NA,NA,NA,NA,NA,NA,78.7542662116041,11.31370849898476,45.68327645051195,5.374011537017762,7.066211604095563,1.555634918610404,1.7092150170648461,0.42426406871192857,0.9515358361774744,0.07071067811865474,0.9515358361774744,0.07071067811865474,0,0,Kevin,Byard,CHI,S,32,4
DB,14909,average,NA,NA,NA,NA,NA,NA,NA,NA,NA,NA,NA,NA,NA,NA,NA,NA,NA,NA,NA,NA,NA,NA,NA,NA,NA,NA,NA,NA,NA,NA,NA,NA,NA,NA,NA,NA,NA,NA,NA,NA,NA,NA,76,8.48528137423857,40.05,2.899137802864846,8,0,2,0,2.7,0.42426406871192857,1.55,0.6363961030678927,0,0,Antoine,Winfield,TBB,S,27,0
DB,14909,robust,NA,NA,NA,NA,NA,NA,NA,NA,NA,NA,NA,NA,NA,NA,NA,NA,NA,NA,NA,NA,NA,NA,NA,NA,NA,NA,NA,NA,NA,NA,NA,NA,NA,NA,NA,NA,NA,NA,NA,NA,NA,NA,76,8.8956,40.05,3.039330000000001,8,0,2,0,2.7,0.44478000000000006,1.55,0.6671699999999999,0,0,Antoine,Winfield,TBB,S,27,0
DB,14909,weighted,NA,NA,NA,NA,NA,NA,NA,NA,NA,NA,NA,NA,NA,NA,NA,NA,NA,NA,NA,NA,NA,NA,NA,NA,NA,NA,NA,NA,NA,NA,NA,NA,NA,NA,NA,NA,NA,NA,NA,NA,NA,NA,75.81569965870307,8.48528137423857,39.987030716723545,2.899137802864846,8,0,2,0,2.709215017064846,0.42426406871192857,1.5638225255972698,0.6363961030678926,0,0,Antoine,Winfield,TBB,S,27,0
DB,15872,average,NA,NA,NA,NA,NA,NA,NA,NA,NA,NA,NA,NA,NA,NA,NA,NA,NA,NA,NA,NA,NA,NA,NA,NA,NA,NA,NA,NA,NA,NA,NA,NA,NA,NA,NA,NA,NA,NA,NA,NA,NA,NA,63.5,21.920310216782973,27.4,9.050966799187806,8.15,5.868986283848345,3.3,1.8384776310850233,1.95,0.07071067811865482,0.5,0.7071067811865476,1.3,0,Coby,Bryant,SEA,S,26,-2
DB,15872,robust,NA,NA,NA,NA,NA,NA,NA,NA,NA,NA,NA,NA,NA,NA,NA,NA,NA,NA,NA,NA,NA,NA,NA,NA,NA,NA,NA,NA,NA,NA,NA,NA,NA,NA,NA,NA,NA,NA,NA,NA,NA,NA,63.5,22.9803,27.4,9.488639999999997,8.15,6.15279,3.3,1.9273799999999996,1.95,0.07413000000000006,0.5,0.7413,1.3,0,Coby,Bryant,SEA,S,26,-2
DB,15872,weighted,NA,NA,NA,NA,NA,NA,NA,NA,NA,NA,NA,NA,NA,NA,NA,NA,NA,NA,NA,NA,NA,NA,NA,NA,NA,NA,NA,NA,NA,NA,NA,NA,NA,NA,NA,NA,NA,NA,NA,NA,NA,NA,63.02389078498293,21.920310216782973,27.203412969283274,9.050966799187806,8.022525597269626,5.868986283848345,3.260068259385665,1.8384776310850233,1.9515358361774744,0.07071067811865481,0.515358361774744,0.7071067811865475,1.3,0,Coby,Bryant,SEA,S,26,-2
DB,13737,average,NA,NA,NA,NA,NA,NA,NA,NA,NA,NA,NA,NA,NA,NA,NA,NA,NA,NA,NA,NA,NA,NA,NA,NA,NA,NA,NA,NA,NA,NA,NA,NA,NA,NA,NA,NA,NA,NA,NA,NA,NA,NA,73.2,4.5254833995939086,41.3,0.9899494936611655,9.75,0.3535533905932738,4,0,2.6,0.8485281374238571,0.8,0.28284271247461906,1.4,0,Jessie,Bates,ATL,S,28,2
DB,13737,robust,NA,NA,NA,NA,NA,NA,NA,NA,NA,NA,NA,NA,NA,NA,NA,NA,NA,NA,NA,NA,NA,NA,NA,NA,NA,NA,NA,NA,NA,NA,NA,NA,NA,NA,NA,NA,NA,NA,NA,NA,NA,NA,73.2,4.744320000000004,41.3,1.0378199999999989,9.75,0.37065,4,0,2.6,0.8895600000000001,0.8,0.29652,1.4,0,Jessie,Bates,ATL,S,28,2
DB,13737,weighted,NA,NA,NA,NA,NA,NA,NA,NA,NA,NA,NA,NA,NA,NA,NA,NA,NA,NA,NA,NA,NA,NA,NA,NA,NA,NA,NA,NA,NA,NA,NA,NA,NA,NA,NA,NA,NA,NA,NA,NA,NA,NA,73.10170648464164,4.525483399593908,41.32150170648464,0.9899494936611655,9.757679180887372,0.35355339059327373,4,0,2.5815699658703073,0.8485281374238571,0.8061433447098976,0.28284271247461906,1.4,0,Jessie,Bates,ATL,S,28,2
DB,14910,average,NA,NA,NA,NA,NA,NA,NA,NA,NA,NA,NA,NA,NA,NA,NA,NA,NA,NA,NA,NA,NA,NA,NA,NA,NA,NA,NA,NA,NA,NA,NA,NA,NA,NA,NA,NA,NA,NA,NA,NA,NA,NA,76.5,14.849242404917497,33.5,10.606601717798213,6.15,0.21213203435596414,1.75,0.3535533905932738,0.9,0.14142135623730948,0.85,0.21213203435596428,0,0,Brandon,Jones,DEN,S,27,0
DB,14910,robust,NA,NA,NA,NA,NA,NA,NA,NA,NA,NA,NA,NA,NA,NA,NA,NA,NA,NA,NA,NA,NA,NA,NA,NA,NA,NA,NA,NA,NA,NA,NA,NA,NA,NA,NA,NA,NA,NA,NA,NA,NA,NA,76.5,15.5673,33.5,11.119499999999999,6.15,0.22238999999999987,1.75,0.37065,0.9,0.14825999999999995,0.85,0.22239000000000003,0,0,Brandon,Jones,DEN,S,27,0
DB,14910,weighted,NA,NA,NA,NA,NA,NA,NA,NA,NA,NA,NA,NA,NA,NA,NA,NA,NA,NA,NA,NA,NA,NA,NA,NA,NA,NA,NA,NA,NA,NA,NA,NA,NA,NA,NA,NA,NA,NA,NA,NA,NA,NA,76.17747440273038,14.849242404917497,33.26962457337884,10.606601717798213,6.145392491467576,0.21213203435596412,1.7576791808873717,0.35355339059327373,0.9030716723549489,0.14142135623730945,0.8546075085324231,0.21213203435596428,0,0,Brandon,Jones,DEN,S,27,0
DB,14179,average,NA,NA,NA,NA,NA,NA,NA,NA,NA,NA,NA,NA,NA,NA,NA,NA,NA,NA,NA,NA,NA,NA,NA,NA,NA,NA,NA,NA,NA,NA,NA,NA,NA,NA,NA,NA,NA,NA,NA,NA,NA,NA,78.5,2.1213203435596424,33.8,3.1112698372208083,12.35,1.9091883092036779,3.25,0.3535533905932738,2.15,0.21213203435596414,1,0,0,0,Julian,Love,SEA,S,27,1
DB,14179,robust,NA,NA,NA,NA,NA,NA,NA,NA,NA,NA,NA,NA,NA,NA,NA,NA,NA,NA,NA,NA,NA,NA,NA,NA,NA,NA,NA,NA,NA,NA,NA,NA,NA,NA,NA,NA,NA,NA,NA,NA,NA,NA,78.5,2.2239,33.8,3.2617199999999986,12.35,2.0015099999999992,3.25,0.37065,2.15,0.22238999999999987,1,0,0,0,Julian,Love,SEA,S,27,1
DB,14179,weighted,NA,NA,NA,NA,NA,NA,NA,NA,NA,NA,NA,NA,NA,NA,NA,NA,NA,NA,NA,NA,NA,NA,NA,NA,NA,NA,NA,NA,NA,NA,NA,NA,NA,NA,NA,NA,NA,NA,NA,NA,NA,NA,78.54607508532423,2.1213203435596424,33.86757679180887,3.111269837220808,12.308532423208192,1.9091883092036777,3.242320819112628,0.35355339059327373,2.1453924914675766,0.21213203435596412,1,0,0,0,Julian,Love,SEA,S,27,1
DB,15834,average,NA,NA,NA,NA,NA,NA,NA,NA,NA,NA,NA,NA,NA,NA,NA,NA,NA,NA,NA,NA,NA,NA,NA,NA,NA,NA,NA,NA,NA,NA,NA,NA,NA,NA,NA,NA,NA,NA,NA,NA,NA,NA,79.5,2.1213203435596424,29.75,3.8890872965260113,10.7,0.9899494936611668,2.35,0.4949747468305834,1.05,0.07071067811865482,0.25,0.3535533905932738,0.5,0,Kyle,Hamilton,BAL,S,24,-2
DB,15834,robust,NA,NA,NA,NA,NA,NA,NA,NA,NA,NA,NA,NA,NA,NA,NA,NA,NA,NA,NA,NA,NA,NA,NA,NA,NA,NA,NA,NA,NA,NA,NA,NA,NA,NA,NA,NA,NA,NA,NA,NA,NA,NA,79.5,2.2239,29.75,4.07715,10.7,1.0378200000000002,2.35,0.5189100000000001,1.05,0.07413000000000006,0.25,0.37065,0.5,0,Kyle,Hamilton,BAL,S,24,-2
DB,15834,weighted,NA,NA,NA,NA,NA,NA,NA,NA,NA,NA,NA,NA,NA,NA,NA,NA,NA,NA,NA,NA,NA,NA,NA,NA,NA,NA,NA,NA,NA,NA,NA,NA,NA,NA,NA,NA,NA,NA,NA,NA,NA,NA,79.45392491467578,2.1213203435596424,29.66552901023891,3.8890872965260113,10.678498293515359,0.9899494936611668,2.3392491467576795,0.4949747468305834,1.0484641638225258,0.07071067811865481,0.24232081911262798,0.35355339059327373,0.5,0,Kyle,Hamilton,BAL,S,24,-2
DB,15365,average,NA,NA,NA,NA,NA,NA,NA,NA,NA,NA,NA,NA,NA,NA,NA,NA,NA,NA,NA,NA,NA,NA,NA,NA,NA,NA,NA,NA,NA,NA,NA,NA,NA,NA,NA,NA,NA,NA,NA,NA,NA,NA,69,7.0710678118654755,40,9.899494936611665,9.95,1.3435028842544405,2.2,0.28284271247461895,0,0,0.5,0.7071067811865476,0,0,Trevon,Moehrig,CAR,S,26,-1
DB,15365,robust,NA,NA,NA,NA,NA,NA,NA,NA,NA,NA,NA,NA,NA,NA,NA,NA,NA,NA,NA,NA,NA,NA,NA,NA,NA,NA,NA,NA,NA,NA,NA,NA,NA,NA,NA,NA,NA,NA,NA,NA,NA,NA,69,7.412999999999999,40,10.3782,9.95,1.4084700000000001,2.2,0.2965199999999999,0,0,0.5,0.7413,0,0,Trevon,Moehrig,CAR,S,26,-1
DB,15365,weighted,NA,NA,NA,NA,NA,NA,NA,NA,NA,NA,NA,NA,NA,NA,NA,NA,NA,NA,NA,NA,NA,NA,NA,NA,NA,NA,NA,NA,NA,NA,NA,NA,NA,NA,NA,NA,NA,NA,NA,NA,NA,NA,68.84641638225256,7.071067811865475,39.784982935153586,9.899494936611664,9.920819112627985,1.3435028842544405,2.1938566552901024,0.28284271247461895,0,0,0.515358361774744,0.7071067811865475,0,0,Trevon,Moehrig,CAR,S,26,-1
DB,15839,average,NA,NA,NA,NA,NA,NA,NA,NA,NA,NA,NA,NA,NA,NA,NA,NA,NA,NA,NA,NA,NA,NA,NA,NA,NA,NA,NA,NA,NA,NA,NA,NA,NA,NA,NA,NA,NA,NA,NA,NA,NA,NA,70.3,0.42426406871192446,44.95,4.171930009000629,4.85,1.2020815280171309,3.5,2.1213203435596424,0.85,0.21213203435596428,0.1,0.14142135623730953,0,0,Nick,Cross,IND,S,24,-2
DB,15839,robust,NA,NA,NA,NA,NA,NA,NA,NA,NA,NA,NA,NA,NA,NA,NA,NA,NA,NA,NA,NA,NA,NA,NA,NA,NA,NA,NA,NA,NA,NA,NA,NA,NA,NA,NA,NA,NA,NA,NA,NA,NA,NA,70.3,0.44477999999999573,44.95,4.373669999999999,4.85,1.26021,3.5,2.2239,0.85,0.22239000000000003,0.1,0.14826,0,0,Nick,Cross,IND,S,24,-2
DB,15839,weighted,NA,NA,NA,NA,NA,NA,NA,NA,NA,NA,NA,NA,NA,NA,NA,NA,NA,NA,NA,NA,NA,NA,NA,NA,NA,NA,NA,NA,NA,NA,NA,NA,NA,NA,NA,NA,NA,NA,NA,NA,NA,NA,70.29078498293515,0.42426406871192446,44.85938566552901,4.171930009000629,4.823890784982935,1.2020815280171309,3.4539249146757682,2.1213203435596424,0.8546075085324231,0.21213203435596428,0.09692832764505119,0.1414213562373095,0,0,Nick,Cross,IND,S,24,-2
DB,14213,average,NA,NA,NA,NA,NA,NA,NA,NA,NA,NA,NA,NA,NA,NA,NA,NA,NA,NA,NA,NA,NA,NA,NA,NA,NA,NA,NA,NA,NA,NA,NA,NA,NA,NA,NA,NA,NA,NA,NA,NA,NA,NA,63,21.213203435596427,21.2,3.1112698372208083,9.45,9.121677477306463,1.5,0.7071067811865476,0.9,1.2727922061357855,0.3,0.4242640687119285,0,0,Will,Harris,WAS,S,30,1
DB,14213,robust,NA,NA,NA,NA,NA,NA,NA,NA,NA,NA,NA,NA,NA,NA,NA,NA,NA,NA,NA,NA,NA,NA,NA,NA,NA,NA,NA,NA,NA,NA,NA,NA,NA,NA,NA,NA,NA,NA,NA,NA,NA,NA,63,22.238999999999997,21.2,3.2617199999999986,9.45,9.56277,1.5,0.7413,0.9,1.3343399999999999,0.3,0.44477999999999995,0,0,Will,Harris,WAS,S,30,1
DB,14213,weighted,NA,NA,NA,NA,NA,NA,NA,NA,NA,NA,NA,NA,NA,NA,NA,NA,NA,NA,NA,NA,NA,NA,NA,NA,NA,NA,NA,NA,NA,NA,NA,NA,NA,NA,NA,NA,NA,NA,NA,NA,NA,NA,62.539249146757676,21.213203435596423,21.132423208191124,3.111269837220808,9.251877133105802,9.121677477306463,1.4846416382252559,0.7071067811865475,0.8723549488054608,1.2727922061357855,0.29078498293515354,0.42426406871192845,0,0,Will,Harris,WAS,S,30,1
DB,15871,average,NA,NA,NA,NA,NA,NA,NA,NA,NA,NA,NA,NA,NA,NA,NA,NA,NA,NA,NA,NA,NA,NA,NA,NA,NA,NA,NA,NA,NA,NA,NA,NA,NA,NA,NA,NA,NA,NA,NA,NA,NA,NA,68.8,8.202438661763948,24,2.8284271247461903,11.45,0.636396103067893,6,0,0.65,0.4949747468305833,0,0,1,0,Kerby,Joseph,DET,S,25,-2
DB,15871,robust,NA,NA,NA,NA,NA,NA,NA,NA,NA,NA,NA,NA,NA,NA,NA,NA,NA,NA,NA,NA,NA,NA,NA,NA,NA,NA,NA,NA,NA,NA,NA,NA,NA,NA,NA,NA,NA,NA,NA,NA,NA,NA,68.8,8.599079999999995,24,2.9652,11.45,0.6671700000000003,6,0,0.65,0.51891,0,0,1,0,Kerby,Joseph,DET,S,25,-2
DB,15871,weighted,NA,NA,NA,NA,NA,NA,NA,NA,NA,NA,NA,NA,NA,NA,NA,NA,NA,NA,NA,NA,NA,NA,NA,NA,NA,NA,NA,NA,NA,NA,NA,NA,NA,NA,NA,NA,NA,NA,NA,NA,NA,NA,68.62184300341296,8.202438661763948,23.938566552901023,2.82842712474619,11.436177474402731,0.636396103067893,6,0,0.6607508532423209,0.4949747468305833,0,0,1,0,Kerby,Joseph,DET,S,25,-2
DB,14927,average,NA,NA,NA,NA,NA,NA,NA,NA,NA,NA,NA,NA,NA,NA,NA,NA,NA,NA,NA,NA,NA,NA,NA,NA,NA,NA,NA,NA,NA,NA,NA,NA,NA,NA,NA,NA,NA,NA,NA,NA,NA,NA,74,0,36.6,3.676955262170049,6.5,2.1213203435596424,1.3,0.42426406871192857,0.9,1.2727922061357855,0.75,0.3535533905932738,0,0,Jeremy,Chinn,LVR,S,27,0
DB,14927,robust,NA,NA,NA,NA,NA,NA,NA,NA,NA,NA,NA,NA,NA,NA,NA,NA,NA,NA,NA,NA,NA,NA,NA,NA,NA,NA,NA,NA,NA,NA,NA,NA,NA,NA,NA,NA,NA,NA,NA,NA,NA,NA,74,0,36.6,3.854760000000002,6.5,2.2239,1.3,0.44478000000000006,0.9,1.3343399999999999,0.75,0.37065,0,0,Jeremy,Chinn,LVR,S,27,0
DB,14927,weighted,NA,NA,NA,NA,NA,NA,NA,NA,NA,NA,NA,NA,NA,NA,NA,NA,NA,NA,NA,NA,NA,NA,NA,NA,NA,NA,NA,NA,NA,NA,NA,NA,NA,NA,NA,NA,NA,NA,NA,NA,NA,NA,74,0,36.52013651877133,3.676955262170049,6.453924914675769,2.1213203435596424,1.2907849829351536,0.42426406871192857,0.8723549488054608,1.2727922061357855,0.757679180887372,0.35355339059327373,0,0,Jeremy,Chinn,LVR,S,27,0
DB,13714,average,NA,NA,NA,NA,NA,NA,NA,NA,NA,NA,NA,NA,NA,NA,NA,NA,NA,NA,NA,NA,NA,NA,NA,NA,NA,NA,NA,NA,NA,NA,NA,NA,NA,NA,NA,NA,NA,NA,NA,NA,NA,NA,74,1.4142135623730951,38.3,2.4041630560342604,7.2,0.2828427124746193,1.2,0.28284271247461895,0.5,0.7071067811865476,0.5,0.7071067811865476,0,0,Derwin,James,LAC,S,29,2
DB,13714,robust,NA,NA,NA,NA,NA,NA,NA,NA,NA,NA,NA,NA,NA,NA,NA,NA,NA,NA,NA,NA,NA,NA,NA,NA,NA,NA,NA,NA,NA,NA,NA,NA,NA,NA,NA,NA,NA,NA,NA,NA,NA,NA,74,1.4826,38.3,2.5204199999999988,7.2,0.29652000000000023,1.2,0.2965199999999999,0.5,0.7413,0.5,0.7413,0,0,Derwin,James,LAC,S,29,2
DB,13714,weighted,NA,NA,NA,NA,NA,NA,NA,NA,NA,NA,NA,NA,NA,NA,NA,NA,NA,NA,NA,NA,NA,NA,NA,NA,NA,NA,NA,NA,NA,NA,NA,NA,NA,NA,NA,NA,NA,NA,NA,NA,NA,NA,73.96928327645051,1.414213562373095,38.35221843003413,2.4041630560342604,7.193856655290103,0.28284271247461923,1.1938566552901024,0.28284271247461895,0.515358361774744,0.7071067811865475,0.515358361774744,0.7071067811865475,0,0,Derwin,James,LAC,S,29,2
DB,15835,average,NA,NA,NA,NA,NA,NA,NA,NA,NA,NA,NA,NA,NA,NA,NA,NA,NA,NA,NA,NA,NA,NA,NA,NA,NA,NA,NA,NA,NA,NA,NA,NA,NA,NA,NA,NA,NA,NA,NA,NA,NA,NA,68.3,4.66690475583121,39.25,2.4748737341529163,5.85,2.616295090390226,1.55,0.7778174593052023,1.75,1.0606601717798212,1.05,0.07071067811865482,0,0,Jaquan,Brisker,CHI,S,26,-2
DB,15835,robust,NA,NA,NA,NA,NA,NA,NA,NA,NA,NA,NA,NA,NA,NA,NA,NA,NA,NA,NA,NA,NA,NA,NA,NA,NA,NA,NA,NA,NA,NA,NA,NA,NA,NA,NA,NA,NA,NA,NA,NA,NA,NA,68.3,4.892579999999995,39.25,2.59455,5.85,2.74281,1.55,0.81543,1.75,1.11195,1.05,0.07413000000000006,0,0,Jaquan,Brisker,CHI,S,26,-2
DB,15835,weighted,NA,NA,NA,NA,NA,NA,NA,NA,NA,NA,NA,NA,NA,NA,NA,NA,NA,NA,NA,NA,NA,NA,NA,NA,NA,NA,NA,NA,NA,NA,NA,NA,NA,NA,NA,NA,NA,NA,NA,NA,NA,NA,68.19863481228668,4.66690475583121,39.3037542662116,2.4748737341529163,5.793174061433447,2.616295090390226,1.5331058020477815,0.7778174593052023,1.7269624573378841,1.0606601717798212,1.0484641638225258,0.07071067811865481,0,0,Jaquan,Brisker,CHI,S,26,-2
DB,12772,average,NA,NA,NA,NA,NA,NA,NA,NA,NA,NA,NA,NA,NA,NA,NA,NA,NA,NA,NA,NA,NA,NA,NA,NA,NA,NA,NA,NA,NA,NA,NA,NA,NA,NA,NA,NA,NA,NA,NA,NA,NA,NA,61.3,18.80904037956216,32,8.48528137423857,7.9,5.515432893255071,0.75,0.3535533905932738,0,0,0,0,0,0,Eric,Murray,JAC,S,31,4
DB,12772,robust,NA,NA,NA,NA,NA,NA,NA,NA,NA,NA,NA,NA,NA,NA,NA,NA,NA,NA,NA,NA,NA,NA,NA,NA,NA,NA,NA,NA,NA,NA,NA,NA,NA,NA,NA,NA,NA,NA,NA,NA,NA,NA,61.3,19.718579999999996,32,8.8956,7.9,5.78214,0.75,0.37065,0,0,0,0,0,0,Eric,Murray,JAC,S,31,4
DB,12772,weighted,NA,NA,NA,NA,NA,NA,NA,NA,NA,NA,NA,NA,NA,NA,NA,NA,NA,NA,NA,NA,NA,NA,NA,NA,NA,NA,NA,NA,NA,NA,NA,NA,NA,NA,NA,NA,NA,NA,NA,NA,NA,NA,60.891467576791804,18.80904037956216,31.81569965870307,8.48528137423857,7.780204778156997,5.5154328932550705,0.757679180887372,0.35355339059327373,0,0,0,0,0,0,Eric,Murray,JAC,S,31,4
DB,15418,average,NA,NA,NA,NA,NA,NA,NA,NA,NA,NA,NA,NA,NA,NA,NA,NA,NA,NA,NA,NA,NA,NA,NA,NA,NA,NA,NA,NA,NA,NA,NA,NA,NA,NA,NA,NA,NA,NA,NA,NA,NA,NA,67,4.242640687119285,41.35,4.737615433949871,9.35,0.49497474683058273,3.1,1.5556349186104046,0.7,0.4242640687119285,0.7,0.4242640687119285,0.4,0,Camryn,Bynum,IND,S,27,-1
DB,15418,robust,NA,NA,NA,NA,NA,NA,NA,NA,NA,NA,NA,NA,NA,NA,NA,NA,NA,NA,NA,NA,NA,NA,NA,NA,NA,NA,NA,NA,NA,NA,NA,NA,NA,NA,NA,NA,NA,NA,NA,NA,NA,NA,67,4.4478,41.35,4.966710000000002,9.35,0.5189099999999994,3.1,1.63086,0.7,0.44477999999999995,0.7,0.44477999999999995,0.4,0,Camryn,Bynum,IND,S,27,-1
DB,15418,weighted,NA,NA,NA,NA,NA,NA,NA,NA,NA,NA,NA,NA,NA,NA,NA,NA,NA,NA,NA,NA,NA,NA,NA,NA,NA,NA,NA,NA,NA,NA,NA,NA,NA,NA,NA,NA,NA,NA,NA,NA,NA,NA,67.09215017064847,4.242640687119285,41.247098976109214,4.737615433949871,9.339249146757679,0.49497474683058273,3.066211604095563,1.5556349186104046,0.7092150170648464,0.42426406871192845,0.7092150170648464,0.42426406871192845,0.4,0,Camryn,Bynum,IND,S,27,-1
DB,13806,average,NA,NA,NA,NA,NA,NA,NA,NA,NA,NA,NA,NA,NA,NA,NA,NA,NA,NA,NA,NA,NA,NA,NA,NA,NA,NA,NA,NA,NA,NA,NA,NA,NA,NA,NA,NA,NA,NA,NA,NA,NA,NA,72.9,6.929646455628164,33.1,2.687005768508881,6.05,0.0707106781186545,1.15,0.21213203435596428,1.9,0.14142135623730948,1.35,0.49497474683058323,0,0,DeShon,Elliott,PIT,S,28,2
DB,13806,robust,NA,NA,NA,NA,NA,NA,NA,NA,NA,NA,NA,NA,NA,NA,NA,NA,NA,NA,NA,NA,NA,NA,NA,NA,NA,NA,NA,NA,NA,NA,NA,NA,NA,NA,NA,NA,NA,NA,NA,NA,NA,NA,72.9,7.264739999999997,33.1,2.8169400000000002,6.05,0.07412999999999974,1.15,0.22239000000000003,1.9,0.14825999999999995,1.35,0.51891,0,0,DeShon,Elliott,PIT,S,28,2
DB,13806,weighted,NA,NA,NA,NA,NA,NA,NA,NA,NA,NA,NA,NA,NA,NA,NA,NA,NA,NA,NA,NA,NA,NA,NA,NA,NA,NA,NA,NA,NA,NA,NA,NA,NA,NA,NA,NA,NA,NA,NA,NA,NA,NA,72.7494880546075,6.929646455628164,33.15836177474402,2.687005768508881,6.048464163822525,0.0707106781186545,1.1453924914675768,0.21213203435596428,1.9030716723549488,0.14142135623730948,1.3392491467576793,0.4949747468305832,0,0,DeShon,Elliott,PIT,S,28,2
DB,16281,average,NA,NA,NA,NA,NA,NA,NA,NA,NA,NA,NA,NA,NA,NA,NA,NA,NA,NA,NA,NA,NA,NA,NA,NA,NA,NA,NA,NA,NA,NA,NA,NA,NA,NA,NA,NA,NA,NA,NA,NA,NA,NA,60.3,18.80904037956216,29.05,4.313351365237941,7.9,4.101219330881976,1.45,0.6363961030678927,0,0,0,0,0,0,Ji'Ayir,Brown,SFO,S,25,-3
DB,16281,robust,NA,NA,NA,NA,NA,NA,NA,NA,NA,NA,NA,NA,NA,NA,NA,NA,NA,NA,NA,NA,NA,NA,NA,NA,NA,NA,NA,NA,NA,NA,NA,NA,NA,NA,NA,NA,NA,NA,NA,NA,NA,NA,60.3,19.718579999999996,29.05,4.521930000000001,7.9,4.29954,1.45,0.6671699999999999,0,0,0,0,0,0,Ji'Ayir,Brown,SFO,S,25,-3
DB,16281,weighted,NA,NA,NA,NA,NA,NA,NA,NA,NA,NA,NA,NA,NA,NA,NA,NA,NA,NA,NA,NA,NA,NA,NA,NA,NA,NA,NA,NA,NA,NA,NA,NA,NA,NA,NA,NA,NA,NA,NA,NA,NA,NA,59.891467576791804,18.80904037956216,28.95631399317406,4.313351365237941,7.810921501706486,4.101219330881976,1.4361774744027302,0.6363961030678926,0,0,0,0,0,0,Ji'Ayir,Brown,SFO,S,25,-3
DB,16018,average,NA,NA,NA,NA,NA,NA,NA,NA,NA,NA,NA,NA,NA,NA,NA,NA,NA,NA,NA,NA,NA,NA,NA,NA,NA,NA,NA,NA,NA,NA,NA,NA,NA,NA,NA,NA,NA,NA,NA,NA,NA,NA,64.5,2.1213203435596424,32.45,0.7778174593052033,9.15,1.6263455967290599,4.65,2.3334523779156067,0.4,0.5656854249492381,0.9,0.14142135623730948,1.8,0,Reed,Blankenship,PHI,S,26,-2
DB,16018,robust,NA,NA,NA,NA,NA,NA,NA,NA,NA,NA,NA,NA,NA,NA,NA,NA,NA,NA,NA,NA,NA,NA,NA,NA,NA,NA,NA,NA,NA,NA,NA,NA,NA,NA,NA,NA,NA,NA,NA,NA,NA,NA,64.5,2.2239,32.45,0.815430000000001,9.15,1.7049900000000004,4.65,2.44629,0.4,0.59304,0.9,0.14825999999999995,1.8,0,Reed,Blankenship,PHI,S,26,-2
DB,16018,weighted,NA,NA,NA,NA,NA,NA,NA,NA,NA,NA,NA,NA,NA,NA,NA,NA,NA,NA,NA,NA,NA,NA,NA,NA,NA,NA,NA,NA,NA,NA,NA,NA,NA,NA,NA,NA,NA,NA,NA,NA,NA,NA,64.54607508532423,2.1213203435596424,32.466894197952215,0.7778174593052033,9.114675767918088,1.6263455967290597,4.599317406143345,2.3334523779156067,0.38771331058020475,0.565685424949238,0.9030716723549489,0.14142135623730945,1.8,0,Reed,Blankenship,PHI,S,26,-2
DB,14907,average,NA,NA,NA,NA,NA,NA,NA,NA,NA,NA,NA,NA,NA,NA,NA,NA,NA,NA,NA,NA,NA,NA,NA,NA,NA,NA,NA,NA,NA,NA,NA,NA,NA,NA,NA,NA,NA,NA,NA,NA,NA,NA,74,5.656854249492381,39.55,0.6363961030678917,3.25,1.0606601717798212,1.3,0.9899494936611666,0.6,0.565685424949238,0,0,0.5,0,Grant,Delpit,CLE,S,27,0
DB,14907,robust,NA,NA,NA,NA,NA,NA,NA,NA,NA,NA,NA,NA,NA,NA,NA,NA,NA,NA,NA,NA,NA,NA,NA,NA,NA,NA,NA,NA,NA,NA,NA,NA,NA,NA,NA,NA,NA,NA,NA,NA,NA,NA,74,5.9304,39.55,0.6671699999999989,3.25,1.11195,1.3,1.03782,0.6,0.59304,0,0,0.5,0,Grant,Delpit,CLE,S,27,0
DB,14907,weighted,NA,NA,NA,NA,NA,NA,NA,NA,NA,NA,NA,NA,NA,NA,NA,NA,NA,NA,NA,NA,NA,NA,NA,NA,NA,NA,NA,NA,NA,NA,NA,NA,NA,NA,NA,NA,NA,NA,NA,NA,NA,NA,73.87713310580206,5.65685424949238,39.563822525597274,0.6363961030678917,3.273037542662116,1.0606601717798212,1.3215017064846417,0.9899494936611666,0.6122866894197952,0.565685424949238,0,0,0.5,0,Grant,Delpit,CLE,S,27,0
DB,16014,average,NA,NA,NA,NA,NA,NA,NA,NA,NA,NA,NA,NA,NA,NA,NA,NA,NA,NA,NA,NA,NA,NA,NA,NA,NA,NA,NA,NA,NA,NA,NA,NA,NA,NA,NA,NA,NA,NA,NA,NA,NA,NA,48.5,19.091883092036785,34,9.899494936611665,7.15,4.45477272147525,2.35,1.9091883092036785,0.15,0.21213203435596426,0.15,0.21213203435596426,0,0,Tony,Adams,NYJ,S,26,-2
DB,16014,robust,NA,NA,NA,NA,NA,NA,NA,NA,NA,NA,NA,NA,NA,NA,NA,NA,NA,NA,NA,NA,NA,NA,NA,NA,NA,NA,NA,NA,NA,NA,NA,NA,NA,NA,NA,NA,NA,NA,NA,NA,NA,NA,48.5,20.0151,34,10.3782,7.15,4.67019,2.35,2.00151,0.15,0.22238999999999998,0.15,0.22238999999999998,0,0,Tony,Adams,NYJ,S,26,-2
DB,16014,weighted,NA,NA,NA,NA,NA,NA,NA,NA,NA,NA,NA,NA,NA,NA,NA,NA,NA,NA,NA,NA,NA,NA,NA,NA,NA,NA,NA,NA,NA,NA,NA,NA,NA,NA,NA,NA,NA,NA,NA,NA,NA,NA,48.08532423208191,19.09188309203678,33.784982935153586,9.899494936611664,7.053242320819113,4.4547727214752495,2.308532423208191,1.9091883092036783,0.14539249146757677,0.21213203435596423,0.14539249146757677,0.21213203435596423,0,0,Tony,Adams,NYJ,S,26,-2
DB,13325,average,NA,NA,NA,NA,NA,NA,NA,NA,NA,NA,NA,NA,NA,NA,NA,NA,NA,NA,NA,NA,NA,NA,NA,NA,NA,NA,NA,NA,NA,NA,NA,NA,NA,NA,NA,NA,NA,NA,NA,NA,NA,NA,68.5,2.1213203435596424,41.05,1.4849242404917509,5.6,0.5656854249492379,2.05,0.07071067811865482,0.45,0.6363961030678927,0,0,0,0,Xavier,Woods,TEN,S,30,3
DB,13325,robust,NA,NA,NA,NA,NA,NA,NA,NA,NA,NA,NA,NA,NA,NA,NA,NA,NA,NA,NA,NA,NA,NA,NA,NA,NA,NA,NA,NA,NA,NA,NA,NA,NA,NA,NA,NA,NA,NA,NA,NA,NA,NA,68.5,2.2239,41.05,1.556730000000001,5.6,0.5930399999999998,2.05,0.07413000000000006,0.45,0.6671699999999999,0,0,0,0,Xavier,Woods,TEN,S,30,3
DB,13325,weighted,NA,NA,NA,NA,NA,NA,NA,NA,NA,NA,NA,NA,NA,NA,NA,NA,NA,NA,NA,NA,NA,NA,NA,NA,NA,NA,NA,NA,NA,NA,NA,NA,NA,NA,NA,NA,NA,NA,NA,NA,NA,NA,68.45392491467577,2.1213203435596424,41.01774744027304,1.4849242404917506,5.612286689419795,0.5656854249492379,2.0484641638225254,0.07071067811865481,0.4361774744027304,0.6363961030678927,0,0,0,0,Xavier,Woods,TEN,S,30,3
DB,14921,average,NA,NA,NA,NA,NA,NA,NA,NA,NA,NA,NA,NA,NA,NA,NA,NA,NA,NA,NA,NA,NA,NA,NA,NA,NA,NA,NA,NA,NA,NA,NA,NA,NA,NA,NA,NA,NA,NA,NA,NA,NA,NA,62.5,13.435028842544403,31.45,2.050609665440987,5.65,2.3334523779156067,1.1,0.14142135623730948,1,0,0,0,0,0,Kyle,Dugger,PIT,S,29,0
DB,14921,robust,NA,NA,NA,NA,NA,NA,NA,NA,NA,NA,NA,NA,NA,NA,NA,NA,NA,NA,NA,NA,NA,NA,NA,NA,NA,NA,NA,NA,NA,NA,NA,NA,NA,NA,NA,NA,NA,NA,NA,NA,NA,NA,62.5,14.0847,31.45,2.149769999999999,5.65,2.44629,1.1,0.14825999999999995,1,0,0,0,0,0,Kyle,Dugger,PIT,S,29,0
DB,14921,weighted,NA,NA,NA,NA,NA,NA,NA,NA,NA,NA,NA,NA,NA,NA,NA,NA,NA,NA,NA,NA,NA,NA,NA,NA,NA,NA,NA,NA,NA,NA,NA,NA,NA,NA,NA,NA,NA,NA,NA,NA,NA,NA,62.20819112627986,13.435028842544401,31.40546075085324,2.050609665440987,5.599317406143345,2.3334523779156067,1.0969283276450512,0.14142135623730948,1,0,0,0,0,0,Kyle,Dugger,PIT,S,29,0
DB,16245,average,NA,NA,NA,NA,NA,NA,NA,NA,NA,NA,NA,NA,NA,NA,NA,NA,NA,NA,NA,NA,NA,NA,NA,NA,NA,NA,NA,NA,NA,NA,NA,NA,NA,NA,NA,NA,NA,NA,NA,NA,NA,NA,68.75,1.7677669529663689,31.65,4.737615433949868,6.65,3.7476659402887025,2.55,0.7778174593052023,0.15,0.21213203435596426,0.15,0.21213203435596426,0.7,0,Jordan,Battle,CIN,S,25,-3
DB,16245,robust,NA,NA,NA,NA,NA,NA,NA,NA,NA,NA,NA,NA,NA,NA,NA,NA,NA,NA,NA,NA,NA,NA,NA,NA,NA,NA,NA,NA,NA,NA,NA,NA,NA,NA,NA,NA,NA,NA,NA,NA,NA,NA,68.75,1.8532499999999998,31.65,4.966709999999999,6.65,3.9288900000000004,2.55,0.81543,0.15,0.22238999999999998,0.15,0.22238999999999998,0.7,0,Jordan,Battle,CIN,S,25,-3
DB,16245,weighted,NA,NA,NA,NA,NA,NA,NA,NA,NA,NA,NA,NA,NA,NA,NA,NA,NA,NA,NA,NA,NA,NA,NA,NA,NA,NA,NA,NA,NA,NA,NA,NA,NA,NA,NA,NA,NA,NA,NA,NA,NA,NA,68.78839590443687,1.7677669529663687,31.752901023890786,4.737615433949868,6.568600682593857,3.7476659402887025,2.5331058020477815,0.7778174593052023,0.14539249146757677,0.21213203435596423,0.14539249146757677,0.21213203435596423,0.7,0,Jordan,Battle,CIN,S,25,-3
DB,14518,average,NA,NA,NA,NA,NA,NA,NA,NA,NA,NA,NA,NA,NA,NA,NA,NA,NA,NA,NA,NA,NA,NA,NA,NA,NA,NA,NA,NA,NA,NA,NA,NA,NA,NA,NA,NA,NA,NA,NA,NA,NA,NA,64.55,6.434671708797579,34.1,1.5556349186104066,3.8,2.545584412271571,0.6,0.848528137423857,0.25,0.3535533905932738,0.75,0.3535533905932738,0,0,Jalen,Thompson,ARI,S,27,1
DB,14518,robust,NA,NA,NA,NA,NA,NA,NA,NA,NA,NA,NA,NA,NA,NA,NA,NA,NA,NA,NA,NA,NA,NA,NA,NA,NA,NA,NA,NA,NA,NA,NA,NA,NA,NA,NA,NA,NA,NA,NA,NA,NA,NA,64.55,6.745829999999995,34.1,1.630860000000002,3.8,2.6686799999999997,0.6,0.8895599999999999,0.25,0.37065,0.75,0.37065,0,0,Jalen,Thompson,ARI,S,27,1
DB,14518,weighted,NA,NA,NA,NA,NA,NA,NA,NA,NA,NA,NA,NA,NA,NA,NA,NA,NA,NA,NA,NA,NA,NA,NA,NA,NA,NA,NA,NA,NA,NA,NA,NA,NA,NA,NA,NA,NA,NA,NA,NA,NA,NA,64.41023890784983,6.434671708797578,34.06621160409557,1.5556349186104066,3.7447098976109214,2.5455844122715705,0.5815699658703071,0.8485281374238569,0.24232081911262798,0.35355339059327373,0.757679180887372,0.35355339059327373,0,0,Jalen,Thompson,ARI,S,27,1
DB,14995,average,NA,NA,NA,NA,NA,NA,NA,NA,NA,NA,NA,NA,NA,NA,NA,NA,NA,NA,NA,NA,NA,NA,NA,NA,NA,NA,NA,NA,NA,NA,NA,NA,NA,NA,NA,NA,NA,NA,NA,NA,NA,NA,54.25,14.495689014324224,31.1,4.384062043356597,5.3,3.2526911934581184,1.9,1.2727922061357855,0.4,0.5656854249492381,0,0,0,0,Josh,Metellus,MIN,S,27,0
DB,14995,robust,NA,NA,NA,NA,NA,NA,NA,NA,NA,NA,NA,NA,NA,NA,NA,NA,NA,NA,NA,NA,NA,NA,NA,NA,NA,NA,NA,NA,NA,NA,NA,NA,NA,NA,NA,NA,NA,NA,NA,NA,NA,NA,54.25,15.19665,31.1,4.596060000000002,5.3,3.4099799999999996,1.9,1.3343399999999999,0.4,0.59304,0,0,0,0,Josh,Metellus,MIN,S,27,0
DB,14995,weighted,NA,NA,NA,NA,NA,NA,NA,NA,NA,NA,NA,NA,NA,NA,NA,NA,NA,NA,NA,NA,NA,NA,NA,NA,NA,NA,NA,NA,NA,NA,NA,NA,NA,NA,NA,NA,NA,NA,NA,NA,NA,NA,53.93515358361775,14.495689014324224,31.004778156996583,4.384062043356597,5.2293515358361775,3.252691193458118,1.8723549488054607,1.2727922061357853,0.38771331058020475,0.565685424949238,0,0,0,0,Josh,Metellus,MIN,S,27,0
DB,13713,average,NA,NA,NA,NA,NA,NA,NA,NA,NA,NA,NA,NA,NA,NA,NA,NA,NA,NA,NA,NA,NA,NA,NA,NA,NA,NA,NA,NA,NA,NA,NA,NA,NA,NA,NA,NA,NA,NA,NA,NA,NA,NA,58.55,5.020458146424488,34.75,9.545941546018392,6.4,1.979898987322333,1.6,0.5656854249492381,1.1,0.14142135623730948,0.15,0.21213203435596426,0,0,Minkah,Fitzpatrick,MIA,S,29,2
DB,13713,robust,NA,NA,NA,NA,NA,NA,NA,NA,NA,NA,NA,NA,NA,NA,NA,NA,NA,NA,NA,NA,NA,NA,NA,NA,NA,NA,NA,NA,NA,NA,NA,NA,NA,NA,NA,NA,NA,NA,NA,NA,NA,NA,58.55,5.263230000000001,34.75,10.00755,6.4,2.07564,1.6,0.59304,1.1,0.14825999999999995,0.15,0.22238999999999998,0,0,Minkah,Fitzpatrick,MIA,S,29,2
DB,13713,weighted,NA,NA,NA,NA,NA,NA,NA,NA,NA,NA,NA,NA,NA,NA,NA,NA,NA,NA,NA,NA,NA,NA,NA,NA,NA,NA,NA,NA,NA,NA,NA,NA,NA,NA,NA,NA,NA,NA,NA,NA,NA,NA,58.44095563139931,5.020458146424488,34.54266211604095,9.545941546018392,6.356996587030717,1.9798989873223327,1.6122866894197951,0.5656854249492381,1.0969283276450512,0.14142135623730948,0.14539249146757677,0.21213203435596423,0,0,Minkah,Fitzpatrick,MIA,S,29,2
DB,16708,average,NA,NA,NA,NA,NA,NA,NA,NA,NA,NA,NA,NA,NA,NA,NA,NA,NA,NA,NA,NA,NA,NA,NA,NA,NA,NA,NA,NA,NA,NA,NA,NA,NA,NA,NA,NA,NA,NA,NA,NA,NA,NA,55.6,7.919595949289334,22.6,5.091168824543142,10.85,2.616295090390225,2.15,0.21213203435596414,1.4,0.5656854249492381,0.25,0.3535533905932738,0,0,Tykee,Smith,TBB,S,24,-4
DB,16708,robust,NA,NA,NA,NA,NA,NA,NA,NA,NA,NA,NA,NA,NA,NA,NA,NA,NA,NA,NA,NA,NA,NA,NA,NA,NA,NA,NA,NA,NA,NA,NA,NA,NA,NA,NA,NA,NA,NA,NA,NA,NA,NA,55.6,8.302560000000001,22.6,5.337359999999999,10.85,2.7428099999999995,2.15,0.22238999999999987,1.4,0.59304,0.25,0.37065,0,0,Tykee,Smith,TBB,S,24,-4
DB,16708,weighted,NA,NA,NA,NA,NA,NA,NA,NA,NA,NA,NA,NA,NA,NA,NA,NA,NA,NA,NA,NA,NA,NA,NA,NA,NA,NA,NA,NA,NA,NA,NA,NA,NA,NA,NA,NA,NA,NA,NA,NA,NA,NA,55.42798634812287,7.919595949289334,22.489419795221842,5.091168824543141,10.793174061433447,2.616295090390225,2.1453924914675766,0.21213203435596412,1.3877133105802046,0.565685424949238,0.24232081911262798,0.35355339059327373,0,0,Tykee,Smith,TBB,S,24,-4
DB,16267,average,NA,NA,NA,NA,NA,NA,NA,NA,NA,NA,NA,NA,NA,NA,NA,NA,NA,NA,NA,NA,NA,NA,NA,NA,NA,NA,NA,NA,NA,NA,NA,NA,NA,NA,NA,NA,NA,NA,NA,NA,NA,NA,56.65,2.333452377915605,25.6,2.2627416997969516,13.4,0.5656854249492386,3.1,0.14142135623730964,1.5,0.7071067811865476,0.1,0.14142135623730953,0.6,0,Tyrique,Stevenson,CHI,CB,25,-3
DB,16267,robust,NA,NA,NA,NA,NA,NA,NA,NA,NA,NA,NA,NA,NA,NA,NA,NA,NA,NA,NA,NA,NA,NA,NA,NA,NA,NA,NA,NA,NA,NA,NA,NA,NA,NA,NA,NA,NA,NA,NA,NA,NA,NA,56.65,2.4462899999999976,25.6,2.372159999999999,13.4,0.5930400000000005,3.1,0.14826000000000011,1.5,0.7413,0.1,0.14826,0.6,0,Tyrique,Stevenson,CHI,CB,25,-3
DB,16267,weighted,NA,NA,NA,NA,NA,NA,NA,NA,NA,NA,NA,NA,NA,NA,NA,NA,NA,NA,NA,NA,NA,NA,NA,NA,NA,NA,NA,NA,NA,NA,NA,NA,NA,NA,NA,NA,NA,NA,NA,NA,NA,NA,56.599317406143335,2.333452377915605,25.55085324232082,2.2627416997969516,13.387713310580207,0.5656854249492385,3.096928327645051,0.14142135623730961,1.4846416382252559,0.7071067811865475,0.09692832764505119,0.1414213562373095,0.6,0,Tyrique,Stevenson,CHI,CB,25,-3
DB,16705,average,NA,NA,NA,NA,NA,NA,NA,NA,NA,NA,NA,NA,NA,NA,NA,NA,NA,NA,NA,NA,NA,NA,NA,NA,NA,NA,NA,NA,NA,NA,NA,NA,NA,NA,NA,NA,NA,NA,NA,NA,NA,NA,57.6,0.565685424949236,25.65,3.323401871576773,12.45,2.050609665440988,4.9,1.2727922061357855,0,0,0.5,0.7071067811865476,0.7,0,Calen,Bullock,HOU,S,22,-4
DB,16705,robust,NA,NA,NA,NA,NA,NA,NA,NA,NA,NA,NA,NA,NA,NA,NA,NA,NA,NA,NA,NA,NA,NA,NA,NA,NA,NA,NA,NA,NA,NA,NA,NA,NA,NA,NA,NA,NA,NA,NA,NA,NA,NA,57.6,0.5930399999999979,25.65,3.4841099999999994,12.45,2.14977,4.9,1.3343399999999999,0,0,0.5,0.7413,0.7,0,Calen,Bullock,HOU,S,22,-4
DB,16705,weighted,NA,NA,NA,NA,NA,NA,NA,NA,NA,NA,NA,NA,NA,NA,NA,NA,NA,NA,NA,NA,NA,NA,NA,NA,NA,NA,NA,NA,NA,NA,NA,NA,NA,NA,NA,NA,NA,NA,NA,NA,NA,NA,57.61228668941979,0.565685424949236,25.722184300341297,3.323401871576773,12.405460750853242,2.050609665440988,4.872354948805461,1.2727922061357853,0,0,0.515358361774744,0.7071067811865475,0.7,0,Calen,Bullock,HOU,S,22,-4
DB,15469,average,NA,NA,NA,NA,NA,NA,NA,NA,NA,NA,NA,NA,NA,NA,NA,NA,NA,NA,NA,NA,NA,NA,NA,NA,NA,NA,NA,NA,NA,NA,NA,NA,NA,NA,NA,NA,NA,NA,NA,NA,NA,NA,53.6,12.16223663640862,31.1,5.798275605729692,4.75,1.0606601717798212,1.5,0.7071067811865476,1,0,0.5,0.7071067811865476,0,0,Damar,Hamlin,BUF,S,27,-1
DB,15469,robust,NA,NA,NA,NA,NA,NA,NA,NA,NA,NA,NA,NA,NA,NA,NA,NA,NA,NA,NA,NA,NA,NA,NA,NA,NA,NA,NA,NA,NA,NA,NA,NA,NA,NA,NA,NA,NA,NA,NA,NA,NA,NA,53.6,12.75036,31.1,6.078660000000002,4.75,1.11195,1.5,0.7413,1,0,0.5,0.7413,0,0,Damar,Hamlin,BUF,S,27,-1
DB,15469,weighted,NA,NA,NA,NA,NA,NA,NA,NA,NA,NA,NA,NA,NA,NA,NA,NA,NA,NA,NA,NA,NA,NA,NA,NA,NA,NA,NA,NA,NA,NA,NA,NA,NA,NA,NA,NA,NA,NA,NA,NA,NA,NA,53.335836177474405,12.162236636408618,30.9740614334471,5.798275605729692,4.7269624573378834,1.0606601717798212,1.4846416382252559,0.7071067811865475,1,0,0.48464163822525597,0.7071067811865475,0,0,Damar,Hamlin,BUF,S,27,-1
DB,16679,average,NA,NA,NA,NA,NA,NA,NA,NA,NA,NA,NA,NA,NA,NA,NA,NA,NA,NA,NA,NA,NA,NA,NA,NA,NA,NA,NA,NA,NA,NA,NA,NA,NA,NA,NA,NA,NA,NA,NA,NA,NA,NA,64.4,5.091168824543144,45.95,1.4849242404917509,2.7,0.9899494936611665,0.95,0.07071067811865474,0.8,0.28284271247461906,0.8,0.28284271247461906,0,0,Tyler,Nubin,NYG,S,24,-4
DB,16679,robust,NA,NA,NA,NA,NA,NA,NA,NA,NA,NA,NA,NA,NA,NA,NA,NA,NA,NA,NA,NA,NA,NA,NA,NA,NA,NA,NA,NA,NA,NA,NA,NA,NA,NA,NA,NA,NA,NA,NA,NA,NA,NA,64.4,5.337360000000002,45.95,1.556730000000001,2.7,1.03782,0.95,0.07412999999999997,0.8,0.29652,0.8,0.29652,0,0,Tyler,Nubin,NYG,S,24,-4
DB,16679,weighted,NA,NA,NA,NA,NA,NA,NA,NA,NA,NA,NA,NA,NA,NA,NA,NA,NA,NA,NA,NA,NA,NA,NA,NA,NA,NA,NA,NA,NA,NA,NA,NA,NA,NA,NA,NA,NA,NA,NA,NA,NA,NA,64.51058020477815,5.091168824543144,45.982252559726966,1.4849242404917506,2.6784982935153585,0.9899494936611664,0.9515358361774744,0.07071067811865474,0.8061433447098976,0.28284271247461906,0.8061433447098976,0.28284271247461906,0,0,Tyler,Nubin,NYG,S,24,-4
DB,16719,average,NA,NA,NA,NA,NA,NA,NA,NA,NA,NA,NA,NA,NA,NA,NA,NA,NA,NA,NA,NA,NA,NA,NA,NA,NA,NA,NA,NA,NA,NA,NA,NA,NA,NA,NA,NA,NA,NA,NA,NA,NA,NA,55.3,4.666904755831214,28,1.4142135623730951,6.3,1.8384776310850233,3.05,1.4849242404917495,0.95,0.07071067811865474,0.1,0.14142135623730953,0.2,0,Evan,Williams,GBP,S,24,-4
DB,16719,robust,NA,NA,NA,NA,NA,NA,NA,NA,NA,NA,NA,NA,NA,NA,NA,NA,NA,NA,NA,NA,NA,NA,NA,NA,NA,NA,NA,NA,NA,NA,NA,NA,NA,NA,NA,NA,NA,NA,NA,NA,NA,NA,55.3,4.892580000000001,28,1.4826,6.3,1.9273799999999996,3.05,1.5567299999999997,0.95,0.07412999999999997,0.1,0.14826,0.2,0,Evan,Williams,GBP,S,24,-4
DB,16719,weighted,NA,NA,NA,NA,NA,NA,NA,NA,NA,NA,NA,NA,NA,NA,NA,NA,NA,NA,NA,NA,NA,NA,NA,NA,NA,NA,NA,NA,NA,NA,NA,NA,NA,NA,NA,NA,NA,NA,NA,NA,NA,NA,55.198634812286684,4.666904755831214,28.030716723549485,1.414213562373095,6.260068259385666,1.8384776310850233,3.017747440273037,1.4849242404917493,0.9515358361774744,0.07071067811865474,0.09692832764505119,0.1414213562373095,0.2,0,Evan,Williams,GBP,S,24,-4
DB,16698,average,NA,NA,NA,NA,NA,NA,NA,NA,NA,NA,NA,NA,NA,NA,NA,NA,NA,NA,NA,NA,NA,NA,NA,NA,NA,NA,NA,NA,NA,NA,NA,NA,NA,NA,NA,NA,NA,NA,NA,NA,NA,NA,58.25,8.131727983645296,28.5,2.1213203435596424,13.95,0.0707106781186545,2.9,1.2727922061357855,1,0,0.9,0.14142135623730948,0,0,Mike,Sainristil,WAS,CB,25,-4
DB,16698,robust,NA,NA,NA,NA,NA,NA,NA,NA,NA,NA,NA,NA,NA,NA,NA,NA,NA,NA,NA,NA,NA,NA,NA,NA,NA,NA,NA,NA,NA,NA,NA,NA,NA,NA,NA,NA,NA,NA,NA,NA,NA,NA,58.25,8.524949999999999,28.5,2.2239,13.95,0.07412999999999974,2.9,1.3343399999999999,1,0,0.9,0.14825999999999995,0,0,Mike,Sainristil,WAS,CB,25,-4
DB,16698,weighted,NA,NA,NA,NA,NA,NA,NA,NA,NA,NA,NA,NA,NA,NA,NA,NA,NA,NA,NA,NA,NA,NA,NA,NA,NA,NA,NA,NA,NA,NA,NA,NA,NA,NA,NA,NA,NA,NA,NA,NA,NA,NA,58.42662116040956,8.131727983645296,28.546075085324237,2.1213203435596424,13.951535836177474,0.0707106781186545,2.8723549488054605,1.2727922061357853,1,0,0.9030716723549489,0.14142135623730945,0,0,Mike,Sainristil,WAS,CB,25,-4
DB,16102,average,NA,NA,NA,NA,NA,NA,NA,NA,NA,NA,NA,NA,NA,NA,NA,NA,NA,NA,NA,NA,NA,NA,NA,NA,NA,NA,NA,NA,NA,NA,NA,NA,NA,NA,NA,NA,NA,NA,NA,NA,NA,NA,57.4,4.808326112068521,30.45,0.6363961030678917,5.6,2.2627416997969525,0.85,0.21213203435596428,1.65,0.9192388155425116,0.15,0.21213203435596426,0,0,Isaiah,Pola-Mao,LVR,S,26,-2
DB,16102,robust,NA,NA,NA,NA,NA,NA,NA,NA,NA,NA,NA,NA,NA,NA,NA,NA,NA,NA,NA,NA,NA,NA,NA,NA,NA,NA,NA,NA,NA,NA,NA,NA,NA,NA,NA,NA,NA,NA,NA,NA,NA,NA,57.4,5.0408399999999975,30.45,0.6671699999999989,5.6,2.37216,0.85,0.22239000000000003,1.65,0.9636899999999998,0.15,0.22238999999999998,0,0,Isaiah,Pola-Mao,LVR,S,26,-2
DB,16102,weighted,NA,NA,NA,NA,NA,NA,NA,NA,NA,NA,NA,NA,NA,NA,NA,NA,NA,NA,NA,NA,NA,NA,NA,NA,NA,NA,NA,NA,NA,NA,NA,NA,NA,NA,NA,NA,NA,NA,NA,NA,NA,NA,57.29556313993174,4.808326112068521,30.436177474402733,0.6363961030678917,5.550853242320819,2.262741699796952,0.8546075085324231,0.21213203435596428,1.6300341296928325,0.9192388155425116,0.14539249146757677,0.21213203435596423,0,0,Isaiah,Pola-Mao,LVR,S,26,-2
DB,16241,average,NA,NA,NA,NA,NA,NA,NA,NA,NA,NA,NA,NA,NA,NA,NA,NA,NA,NA,NA,NA,NA,NA,NA,NA,NA,NA,NA,NA,NA,NA,NA,NA,NA,NA,NA,NA,NA,NA,NA,NA,NA,NA,60.95,1.3435028842544392,27.7,0.4242640687119295,10.5,2.1213203435596424,0.5,0.7071067811865476,1.05,0.07071067811865482,0,0,0,0,Devon,Witherspoon,SEA,CB,25,-3
DB,16241,robust,NA,NA,NA,NA,NA,NA,NA,NA,NA,NA,NA,NA,NA,NA,NA,NA,NA,NA,NA,NA,NA,NA,NA,NA,NA,NA,NA,NA,NA,NA,NA,NA,NA,NA,NA,NA,NA,NA,NA,NA,NA,NA,60.95,1.4084699999999988,27.7,0.444780000000001,10.5,2.2239,0.5,0.7413,1.05,0.07413000000000006,0,0,0,0,Devon,Witherspoon,SEA,CB,25,-3
DB,16241,weighted,NA,NA,NA,NA,NA,NA,NA,NA,NA,NA,NA,NA,NA,NA,NA,NA,NA,NA,NA,NA,NA,NA,NA,NA,NA,NA,NA,NA,NA,NA,NA,NA,NA,NA,NA,NA,NA,NA,NA,NA,NA,NA,60.920819112627996,1.3435028842544392,27.70921501706485,0.4242640687119295,10.546075085324233,2.1213203435596424,0.515358361774744,0.7071067811865475,1.0484641638225258,0.07071067811865481,0,0,0,0,Devon,Witherspoon,SEA,CB,25,-3
DB,15856,average,NA,NA,NA,NA,NA,NA,NA,NA,NA,NA,NA,NA,NA,NA,NA,NA,NA,NA,NA,NA,NA,NA,NA,NA,NA,NA,NA,NA,NA,NA,NA,NA,NA,NA,NA,NA,NA,NA,NA,NA,NA,NA,58.15,5.444722215136418,23.9,0.141421356237309,13.95,0.0707106781186545,1.85,0.21213203435596428,1,0,0,0,0,0,Alontae,Taylor,NOS,CB,27,-2
DB,15856,robust,NA,NA,NA,NA,NA,NA,NA,NA,NA,NA,NA,NA,NA,NA,NA,NA,NA,NA,NA,NA,NA,NA,NA,NA,NA,NA,NA,NA,NA,NA,NA,NA,NA,NA,NA,NA,NA,NA,NA,NA,NA,NA,58.15,5.708010000000002,23.9,0.14825999999999948,13.95,0.07412999999999974,1.85,0.22239000000000003,1,0,0,0,0,0,Alontae,Taylor,NOS,CB,27,-2
DB,15856,weighted,NA,NA,NA,NA,NA,NA,NA,NA,NA,NA,NA,NA,NA,NA,NA,NA,NA,NA,NA,NA,NA,NA,NA,NA,NA,NA,NA,NA,NA,NA,NA,NA,NA,NA,NA,NA,NA,NA,NA,NA,NA,NA,58.26825938566552,5.444722215136418,23.903071672354947,0.141421356237309,13.951535836177474,0.0707106781186545,1.8546075085324234,0.21213203435596428,1,0,0,0,0,0,Alontae,Taylor,NOS,CB,27,-2
DB,13470,average,NA,NA,NA,NA,NA,NA,NA,NA,NA,NA,NA,NA,NA,NA,NA,NA,NA,NA,NA,NA,NA,NA,NA,NA,NA,NA,NA,NA,NA,NA,NA,NA,NA,NA,NA,NA,NA,NA,NA,NA,NA,NA,57.85,2.616295090390228,24.35,0.49497474683058273,6.7,0.9899494936611668,3.15,0.21213203435596414,0,0,0,0,1.1,0,Kenny,Moore,IND,CB,30,3
DB,13470,robust,NA,NA,NA,NA,NA,NA,NA,NA,NA,NA,NA,NA,NA,NA,NA,NA,NA,NA,NA,NA,NA,NA,NA,NA,NA,NA,NA,NA,NA,NA,NA,NA,NA,NA,NA,NA,NA,NA,NA,NA,NA,NA,57.85,2.7428100000000017,24.35,0.5189099999999994,6.7,1.0378200000000002,3.15,0.22238999999999987,0,0,0,0,1.1,0,Kenny,Moore,IND,CB,30,3
DB,13470,weighted,NA,NA,NA,NA,NA,NA,NA,NA,NA,NA,NA,NA,NA,NA,NA,NA,NA,NA,NA,NA,NA,NA,NA,NA,NA,NA,NA,NA,NA,NA,NA,NA,NA,NA,NA,NA,NA,NA,NA,NA,NA,NA,57.79317406143345,2.616295090390228,24.339249146757677,0.49497474683058273,6.678498293515358,0.9899494936611668,3.1453924914675766,0.21213203435596412,0,0,0,0,1.1,0,Kenny,Moore,IND,CB,30,3
DB,15895,average,NA,NA,NA,NA,NA,NA,NA,NA,NA,NA,NA,NA,NA,NA,NA,NA,NA,NA,NA,NA,NA,NA,NA,NA,NA,NA,NA,NA,NA,NA,NA,NA,NA,NA,NA,NA,NA,NA,NA,NA,NA,NA,54.25,0.3535533905932738,23.4,1.9798989873223336,14.55,0.7778174593052021,0.9,0.14142135623730948,0.5,0.7071067811865476,0.9,0.14142135623730948,0,0,Zyon,McCollum,TBB,CB,26,-2
DB,15895,robust,NA,NA,NA,NA,NA,NA,NA,NA,NA,NA,NA,NA,NA,NA,NA,NA,NA,NA,NA,NA,NA,NA,NA,NA,NA,NA,NA,NA,NA,NA,NA,NA,NA,NA,NA,NA,NA,NA,NA,NA,NA,NA,54.25,0.37065,23.4,2.0756400000000004,14.55,0.8154299999999997,0.9,0.14825999999999995,0.5,0.7413,0.9,0.14825999999999995,0,0,Zyon,McCollum,TBB,CB,26,-2
DB,15895,weighted,NA,NA,NA,NA,NA,NA,NA,NA,NA,NA,NA,NA,NA,NA,NA,NA,NA,NA,NA,NA,NA,NA,NA,NA,NA,NA,NA,NA,NA,NA,NA,NA,NA,NA,NA,NA,NA,NA,NA,NA,NA,NA,54.24232081911263,0.35355339059327373,23.356996587030718,1.9798989873223336,14.53310580204778,0.777817459305202,0.9030716723549489,0.14142135623730945,0.48464163822525597,0.7071067811865475,0.9030716723549489,0.14142135623730945,0,0,Zyon,McCollum,TBB,CB,26,-2
DB,14908,average,NA,NA,NA,NA,NA,NA,NA,NA,NA,NA,NA,NA,NA,NA,NA,NA,NA,NA,NA,NA,NA,NA,NA,NA,NA,NA,NA,NA,NA,NA,NA,NA,NA,NA,NA,NA,NA,NA,NA,NA,NA,NA,59.75,6.010407640085654,31,1.4142135623730951,8.6,3.394112549695428,4.45,0.7778174593052023,0.5,0.7071067811865476,0.5,0.7071067811865476,0,0,Xavier,McKinney,GBP,S,26,0
DB,14908,robust,NA,NA,NA,NA,NA,NA,NA,NA,NA,NA,NA,NA,NA,NA,NA,NA,NA,NA,NA,NA,NA,NA,NA,NA,NA,NA,NA,NA,NA,NA,NA,NA,NA,NA,NA,NA,NA,NA,NA,NA,NA,NA,59.75,6.30105,31,1.4826,8.6,3.5582399999999996,4.45,0.81543,0.5,0.7413,0.5,0.7413,0,0,Xavier,McKinney,GBP,S,26,0
DB,14908,weighted,NA,NA,NA,NA,NA,NA,NA,NA,NA,NA,NA,NA,NA,NA,NA,NA,NA,NA,NA,NA,NA,NA,NA,NA,NA,NA,NA,NA,NA,NA,NA,NA,NA,NA,NA,NA,NA,NA,NA,NA,NA,NA,59.88054607508532,6.010407640085654,31.030716723549485,1.414213562373095,8.67372013651877,3.3941125496954276,4.466894197952219,0.7778174593052023,0.515358361774744,0.7071067811865475,0.515358361774744,0.7071067811865475,0,0,Xavier,McKinney,GBP,S,26,0
DB,14182,average,NA,NA,NA,NA,NA,NA,NA,NA,NA,NA,NA,NA,NA,NA,NA,NA,NA,NA,NA,NA,NA,NA,NA,NA,NA,NA,NA,NA,NA,NA,NA,NA,NA,NA,NA,NA,NA,NA,NA,NA,NA,NA,49.65,10.818733752154175,22.95,0.07071067811865576,6.75,0.3535533905932738,3.2,0.28284271247461895,1.85,0.21213203435596428,0,0,0,0,Amani,Hooker,TEN,S,27,1
DB,14182,robust,NA,NA,NA,NA,NA,NA,NA,NA,NA,NA,NA,NA,NA,NA,NA,NA,NA,NA,NA,NA,NA,NA,NA,NA,NA,NA,NA,NA,NA,NA,NA,NA,NA,NA,NA,NA,NA,NA,NA,NA,NA,NA,49.65,11.341889999999998,22.95,0.07413000000000106,6.75,0.37065,3.2,0.2965199999999999,1.85,0.22239000000000003,0,0,0,0,Amani,Hooker,TEN,S,27,1
DB,14182,weighted,NA,NA,NA,NA,NA,NA,NA,NA,NA,NA,NA,NA,NA,NA,NA,NA,NA,NA,NA,NA,NA,NA,NA,NA,NA,NA,NA,NA,NA,NA,NA,NA,NA,NA,NA,NA,NA,NA,NA,NA,NA,NA,49.41501706484642,10.818733752154175,22.951535836177474,0.07071067811865575,6.757679180887372,0.35355339059327373,3.1938566552901024,0.28284271247461895,1.8546075085324234,0.21213203435596428,0,0,0,0,Amani,Hooker,TEN,S,27,1
DB,15923,average,NA,NA,NA,NA,NA,NA,NA,NA,NA,NA,NA,NA,NA,NA,NA,NA,NA,NA,NA,NA,NA,NA,NA,NA,NA,NA,NA,NA,NA,NA,NA,NA,NA,NA,NA,NA,NA,NA,NA,NA,NA,NA,66,7.0710678118654755,31.85,4.45477272147525,5.95,1.3435028842544405,0.1,0.14142135623730953,0.5,0.7071067811865476,0,0,0,0,Quentin,Lake,LAR,S,26,-2
DB,15923,robust,NA,NA,NA,NA,NA,NA,NA,NA,NA,NA,NA,NA,NA,NA,NA,NA,NA,NA,NA,NA,NA,NA,NA,NA,NA,NA,NA,NA,NA,NA,NA,NA,NA,NA,NA,NA,NA,NA,NA,NA,NA,NA,66,7.412999999999999,31.85,4.67019,5.95,1.4084700000000001,0.1,0.14826,0.5,0.7413,0,0,0,0,Quentin,Lake,LAR,S,26,-2
DB,15923,weighted,NA,NA,NA,NA,NA,NA,NA,NA,NA,NA,NA,NA,NA,NA,NA,NA,NA,NA,NA,NA,NA,NA,NA,NA,NA,NA,NA,NA,NA,NA,NA,NA,NA,NA,NA,NA,NA,NA,NA,NA,NA,NA,66.15358361774744,7.071067811865475,31.946757679180884,4.4547727214752495,5.920819112627987,1.3435028842544405,0.09692832764505119,0.1414213562373095,0.515358361774744,0.7071067811865475,0,0,0,0,Quentin,Lake,LAR,S,26,-2
DB,15860,average,NA,NA,NA,NA,NA,NA,NA,NA,NA,NA,NA,NA,NA,NA,NA,NA,NA,NA,NA,NA,NA,NA,NA,NA,NA,NA,NA,NA,NA,NA,NA,NA,NA,NA,NA,NA,NA,NA,NA,NA,NA,NA,56.15,3.0405591591021524,19.75,7.424621202458749,6.05,2.899137802864845,3.1,1.5556349186104046,0,0,0,0,0,0,Bryan,Cook,KCC,S,26,-2
DB,15860,robust,NA,NA,NA,NA,NA,NA,NA,NA,NA,NA,NA,NA,NA,NA,NA,NA,NA,NA,NA,NA,NA,NA,NA,NA,NA,NA,NA,NA,NA,NA,NA,NA,NA,NA,NA,NA,NA,NA,NA,NA,NA,NA,56.15,3.187589999999998,19.75,7.78365,6.05,3.0393299999999996,3.1,1.63086,0,0,0,0,0,0,Bryan,Cook,KCC,S,26,-2
DB,15860,weighted,NA,NA,NA,NA,NA,NA,NA,NA,NA,NA,NA,NA,NA,NA,NA,NA,NA,NA,NA,NA,NA,NA,NA,NA,NA,NA,NA,NA,NA,NA,NA,NA,NA,NA,NA,NA,NA,NA,NA,NA,NA,NA,56.083959044368605,3.0405591591021524,19.911262798634812,7.424621202458749,5.98703071672355,2.8991378028648445,3.066211604095563,1.5556349186104046,0,0,0,0,0,0,Bryan,Cook,KCC,S,26,-2
DB,15452,average,NA,NA,NA,NA,NA,NA,NA,NA,NA,NA,NA,NA,NA,NA,NA,NA,NA,NA,NA,NA,NA,NA,NA,NA,NA,NA,NA,NA,NA,NA,NA,NA,NA,NA,NA,NA,NA,NA,NA,NA,NA,NA,54.75,3.8890872965260113,26.05,0.07071067811865576,5.8,1.1313708498984758,1.95,0.07071067811865482,0.65,0.4949747468305833,0.15,0.21213203435596426,0.8,0,Talanoa,Hufanga,DEN,S,25,-1
DB,15452,robust,NA,NA,NA,NA,NA,NA,NA,NA,NA,NA,NA,NA,NA,NA,NA,NA,NA,NA,NA,NA,NA,NA,NA,NA,NA,NA,NA,NA,NA,NA,NA,NA,NA,NA,NA,NA,NA,NA,NA,NA,NA,NA,54.75,4.07715,26.05,0.07413000000000106,5.8,1.1860799999999996,1.95,0.07413000000000006,0.65,0.51891,0.15,0.22238999999999998,0.8,0,Talanoa,Hufanga,DEN,S,25,-1
DB,15452,weighted,NA,NA,NA,NA,NA,NA,NA,NA,NA,NA,NA,NA,NA,NA,NA,NA,NA,NA,NA,NA,NA,NA,NA,NA,NA,NA,NA,NA,NA,NA,NA,NA,NA,NA,NA,NA,NA,NA,NA,NA,NA,NA,54.665529010238906,3.889087296526011,26.048464163822523,0.07071067811865575,5.775426621160409,1.1313708498984756,1.9515358361774744,0.07071067811865481,0.6607508532423209,0.4949747468305833,0.14539249146757677,0.21213203435596423,0.8,0,Talanoa,Hufanga,DEN,S,25,-1
DB,14252,average,NA,NA,NA,NA,NA,NA,NA,NA,NA,NA,NA,NA,NA,NA,NA,NA,NA,NA,NA,NA,NA,NA,NA,NA,NA,NA,NA,NA,NA,NA,NA,NA,NA,NA,NA,NA,NA,NA,NA,NA,NA,NA,54.55,0.7778174593052033,17.15,0.21213203435596475,14,1.4142135623730951,1.25,0.3535533905932738,0,0,0,0,0,0,Michael,Jackson,CAR,CB,28,1
DB,14252,robust,NA,NA,NA,NA,NA,NA,NA,NA,NA,NA,NA,NA,NA,NA,NA,NA,NA,NA,NA,NA,NA,NA,NA,NA,NA,NA,NA,NA,NA,NA,NA,NA,NA,NA,NA,NA,NA,NA,NA,NA,NA,NA,54.55,0.815430000000001,17.15,0.2223900000000005,14,1.4826,1.25,0.37065,0,0,0,0,0,0,Michael,Jackson,CAR,CB,28,1
DB,14252,weighted,NA,NA,NA,NA,NA,NA,NA,NA,NA,NA,NA,NA,NA,NA,NA,NA,NA,NA,NA,NA,NA,NA,NA,NA,NA,NA,NA,NA,NA,NA,NA,NA,NA,NA,NA,NA,NA,NA,NA,NA,NA,NA,54.533105802047785,0.7778174593052033,17.14539249146758,0.21213203435596475,13.969283276450513,1.414213562373095,1.242320819112628,0.35355339059327373,0,0,0,0,0,0,Michael,Jackson,CAR,CB,28,1
DB,14669,average,NA,NA,NA,NA,NA,NA,NA,NA,NA,NA,NA,NA,NA,NA,NA,NA,NA,NA,NA,NA,NA,NA,NA,NA,NA,NA,NA,NA,NA,NA,NA,NA,NA,NA,NA,NA,NA,NA,NA,NA,NA,NA,58.8,1.6970562748477132,24.6,0.8485281374238566,5.85,0.21213203435596414,0.6,0.565685424949238,1.9,1.2727922061357855,0.2,0.28284271247461906,0,0,Keisean,Nixon,GBP,CB,28,1
DB,14669,robust,NA,NA,NA,NA,NA,NA,NA,NA,NA,NA,NA,NA,NA,NA,NA,NA,NA,NA,NA,NA,NA,NA,NA,NA,NA,NA,NA,NA,NA,NA,NA,NA,NA,NA,NA,NA,NA,NA,NA,NA,NA,NA,58.8,1.779119999999999,24.6,0.8895599999999995,5.85,0.22238999999999987,0.6,0.59304,1.9,1.3343399999999999,0.2,0.29652,0,0,Keisean,Nixon,GBP,CB,28,1
DB,14669,weighted,NA,NA,NA,NA,NA,NA,NA,NA,NA,NA,NA,NA,NA,NA,NA,NA,NA,NA,NA,NA,NA,NA,NA,NA,NA,NA,NA,NA,NA,NA,NA,NA,NA,NA,NA,NA,NA,NA,NA,NA,NA,NA,58.83686006825939,1.697056274847713,24.581569965870305,0.8485281374238565,5.854607508532423,0.21213203435596412,0.6122866894197952,0.565685424949238,1.8723549488054607,1.2727922061357853,0.19385665529010238,0.282842712474619,0,0,Keisean,Nixon,GBP,CB,28,1
DB,14283,average,NA,NA,NA,NA,NA,NA,NA,NA,NA,NA,NA,NA,NA,NA,NA,NA,NA,NA,NA,NA,NA,NA,NA,NA,NA,NA,NA,NA,NA,NA,NA,NA,NA,NA,NA,NA,NA,NA,NA,NA,NA,NA,53.25,5.303300858899107,34.55,0.7778174593052033,3.7,0.9899494936611668,1.05,0.07071067811865482,1.55,0.7778174593052023,1.05,0.07071067811865482,0.2,0,Donovan,Wilson,DAL,S,30,1
DB,14283,robust,NA,NA,NA,NA,NA,NA,NA,NA,NA,NA,NA,NA,NA,NA,NA,NA,NA,NA,NA,NA,NA,NA,NA,NA,NA,NA,NA,NA,NA,NA,NA,NA,NA,NA,NA,NA,NA,NA,NA,NA,NA,NA,53.25,5.559749999999999,34.55,0.815430000000001,3.7,1.0378200000000002,1.05,0.07413000000000006,1.55,0.81543,1.05,0.07413000000000006,0.2,0,Donovan,Wilson,DAL,S,30,1
DB,14283,weighted,NA,NA,NA,NA,NA,NA,NA,NA,NA,NA,NA,NA,NA,NA,NA,NA,NA,NA,NA,NA,NA,NA,NA,NA,NA,NA,NA,NA,NA,NA,NA,NA,NA,NA,NA,NA,NA,NA,NA,NA,NA,NA,53.36518771331058,5.303300858899106,34.53310580204778,0.7778174593052033,3.678498293515358,0.9899494936611668,1.0484641638225258,0.07071067811865481,1.5331058020477815,0.7778174593052023,1.0484641638225258,0.07071067811865481,0.2,0,Donovan,Wilson,DAL,S,30,1
DB,15859,average,NA,NA,NA,NA,NA,NA,NA,NA,NA,NA,NA,NA,NA,NA,NA,NA,NA,NA,NA,NA,NA,NA,NA,NA,NA,NA,NA,NA,NA,NA,NA,NA,NA,NA,NA,NA,NA,NA,NA,NA,NA,NA,51.75,2.4748737341529163,15,0,14.35,1.9091883092036779,2.45,0.7778174593052023,0.5,0.7071067811865476,0,0,0.7,0,Cam,Taylor-Britt,CIN,CB,26,-2
DB,15859,robust,NA,NA,NA,NA,NA,NA,NA,NA,NA,NA,NA,NA,NA,NA,NA,NA,NA,NA,NA,NA,NA,NA,NA,NA,NA,NA,NA,NA,NA,NA,NA,NA,NA,NA,NA,NA,NA,NA,NA,NA,NA,NA,51.75,2.59455,15,0,14.35,2.0015099999999992,2.45,0.81543,0.5,0.7413,0,0,0.7,0,Cam,Taylor-Britt,CIN,CB,26,-2
DB,15859,weighted,NA,NA,NA,NA,NA,NA,NA,NA,NA,NA,NA,NA,NA,NA,NA,NA,NA,NA,NA,NA,NA,NA,NA,NA,NA,NA,NA,NA,NA,NA,NA,NA,NA,NA,NA,NA,NA,NA,NA,NA,NA,NA,51.696245733788395,2.4748737341529163,15,0,14.30853242320819,1.9091883092036774,2.466894197952218,0.7778174593052023,0.515358361774744,0.7071067811865475,0,0,0.7,0,Cam,Taylor-Britt,CIN,CB,26,-2
DB,15448,average,NA,NA,NA,NA,NA,NA,NA,NA,NA,NA,NA,NA,NA,NA,NA,NA,NA,NA,NA,NA,NA,NA,NA,NA,NA,NA,NA,NA,NA,NA,NA,NA,NA,NA,NA,NA,NA,NA,NA,NA,NA,NA,54.3,1.8384776310850246,33.35,4.737615433949871,3.75,1.0606601717798212,0.7,0.4242640687119285,0,0,0,0,0,0,Jason,Pinnock,SFO,S,26,-1
DB,15448,robust,NA,NA,NA,NA,NA,NA,NA,NA,NA,NA,NA,NA,NA,NA,NA,NA,NA,NA,NA,NA,NA,NA,NA,NA,NA,NA,NA,NA,NA,NA,NA,NA,NA,NA,NA,NA,NA,NA,NA,NA,NA,NA,54.3,1.927380000000001,33.35,4.966710000000002,3.75,1.11195,0.7,0.44477999999999995,0,0,0,0,0,0,Jason,Pinnock,SFO,S,26,-1
DB,15448,weighted,NA,NA,NA,NA,NA,NA,NA,NA,NA,NA,NA,NA,NA,NA,NA,NA,NA,NA,NA,NA,NA,NA,NA,NA,NA,NA,NA,NA,NA,NA,NA,NA,NA,NA,NA,NA,NA,NA,NA,NA,NA,NA,54.26006825938567,1.8384776310850246,33.24709897610922,4.737615433949871,3.726962457337884,1.0606601717798212,0.7092150170648464,0.42426406871192845,0,0,0,0,0,0,Jason,Pinnock,SFO,S,26,-1
DB,15366,average,NA,NA,NA,NA,NA,NA,NA,NA,NA,NA,NA,NA,NA,NA,NA,NA,NA,NA,NA,NA,NA,NA,NA,NA,NA,NA,NA,NA,NA,NA,NA,NA,NA,NA,NA,NA,NA,NA,NA,NA,NA,NA,58.4,2.2627416997969543,22.3,3.2526911934581197,5.15,1.6263455967290592,0.85,0.21213203435596428,1.65,0.49497474683058323,0.8,0.28284271247461906,0,0,Jevon,Holland,NYG,S,25,-1
DB,15366,robust,NA,NA,NA,NA,NA,NA,NA,NA,NA,NA,NA,NA,NA,NA,NA,NA,NA,NA,NA,NA,NA,NA,NA,NA,NA,NA,NA,NA,NA,NA,NA,NA,NA,NA,NA,NA,NA,NA,NA,NA,NA,NA,58.4,2.372160000000002,22.3,3.409980000000001,5.15,1.7049899999999998,0.85,0.22239000000000003,1.65,0.51891,0.8,0.29652,0,0,Jevon,Holland,NYG,S,25,-1
DB,15366,weighted,NA,NA,NA,NA,NA,NA,NA,NA,NA,NA,NA,NA,NA,NA,NA,NA,NA,NA,NA,NA,NA,NA,NA,NA,NA,NA,NA,NA,NA,NA,NA,NA,NA,NA,NA,NA,NA,NA,NA,NA,NA,NA,58.44914675767918,2.262741699796954,22.229351535836177,3.2526911934581193,5.114675767918088,1.626345596729059,0.8546075085324231,0.21213203435596428,1.6607508532423207,0.4949747468305832,0.8061433447098976,0.28284271247461906,0,0,Jevon,Holland,NYG,S,25,-1
DB,15003,average,NA,NA,NA,NA,NA,NA,NA,NA,NA,NA,NA,NA,NA,NA,NA,NA,NA,NA,NA,NA,NA,NA,NA,NA,NA,NA,NA,NA,NA,NA,NA,NA,NA,NA,NA,NA,NA,NA,NA,NA,NA,NA,49.25,2.4748737341529163,31.85,2.616295090390228,6.2,0.2828427124746193,4.1,0.14142135623730964,0,0,0,0,1.1,0,Geno,Stone,CIN,S,26,0
DB,15003,robust,NA,NA,NA,NA,NA,NA,NA,NA,NA,NA,NA,NA,NA,NA,NA,NA,NA,NA,NA,NA,NA,NA,NA,NA,NA,NA,NA,NA,NA,NA,NA,NA,NA,NA,NA,NA,NA,NA,NA,NA,NA,NA,49.25,2.59455,31.85,2.7428100000000017,6.2,0.29652000000000023,4.1,0.14826000000000011,0,0,0,0,1.1,0,Geno,Stone,CIN,S,26,0
DB,15003,weighted,NA,NA,NA,NA,NA,NA,NA,NA,NA,NA,NA,NA,NA,NA,NA,NA,NA,NA,NA,NA,NA,NA,NA,NA,NA,NA,NA,NA,NA,NA,NA,NA,NA,NA,NA,NA,NA,NA,NA,NA,NA,NA,49.3037542662116,2.4748737341529163,31.79317406143345,2.616295090390228,6.193856655290102,0.28284271247461923,4.096928327645051,0.14142135623730961,0,0,0,0,1.1,0,Geno,Stone,CIN,S,26,0
DB,17131,average,NA,NA,NA,NA,NA,NA,NA,NA,NA,NA,NA,NA,NA,NA,NA,NA,NA,NA,NA,NA,NA,NA,NA,NA,NA,NA,NA,NA,NA,NA,NA,NA,NA,NA,NA,NA,NA,NA,NA,NA,NA,NA,51.8,2.545584412271572,19.25,1.7677669529663689,6.6,3.6769552621700465,1.25,0.3535533905932738,1.15,1.6263455967290592,0.2,0.28284271247461906,0.8,0,Xavier,Watts,ATL,S,24,-5
DB,17131,robust,NA,NA,NA,NA,NA,NA,NA,NA,NA,NA,NA,NA,NA,NA,NA,NA,NA,NA,NA,NA,NA,NA,NA,NA,NA,NA,NA,NA,NA,NA,NA,NA,NA,NA,NA,NA,NA,NA,NA,NA,NA,NA,51.8,2.668680000000001,19.25,1.8532499999999998,6.6,3.8547599999999993,1.25,0.37065,1.15,1.7049899999999998,0.2,0.29652,0.8,0,Xavier,Watts,ATL,S,24,-5
DB,17131,weighted,NA,NA,NA,NA,NA,NA,NA,NA,NA,NA,NA,NA,NA,NA,NA,NA,NA,NA,NA,NA,NA,NA,NA,NA,NA,NA,NA,NA,NA,NA,NA,NA,NA,NA,NA,NA,NA,NA,NA,NA,NA,NA,51.744709897610925,2.545584412271572,19.21160409556314,1.7677669529663687,6.52013651877133,3.6769552621700465,1.242320819112628,0.35355339059327373,1.1146757679180885,1.626345596729059,0.19385665529010238,0.282842712474619,0.8,0,Xavier,Watts,ATL,S,24,-5
DB,14180,average,NA,NA,NA,NA,NA,NA,NA,NA,NA,NA,NA,NA,NA,NA,NA,NA,NA,NA,NA,NA,NA,NA,NA,NA,NA,NA,NA,NA,NA,NA,NA,NA,NA,NA,NA,NA,NA,NA,NA,NA,NA,NA,53.7,3.2526911934581197,16.2,1.6970562748477132,11.6,1.9798989873223336,3.9,0.14142135623730964,0.75,0.3535533905932738,0,0,0,0,Byron,Murphy,MIN,CB,27,1
DB,14180,robust,NA,NA,NA,NA,NA,NA,NA,NA,NA,NA,NA,NA,NA,NA,NA,NA,NA,NA,NA,NA,NA,NA,NA,NA,NA,NA,NA,NA,NA,NA,NA,NA,NA,NA,NA,NA,NA,NA,NA,NA,NA,NA,53.7,3.409980000000001,16.2,1.779119999999999,11.6,2.0756400000000004,3.9,0.14826000000000011,0.75,0.37065,0,0,0,0,Byron,Murphy,MIN,CB,27,1
DB,14180,weighted,NA,NA,NA,NA,NA,NA,NA,NA,NA,NA,NA,NA,NA,NA,NA,NA,NA,NA,NA,NA,NA,NA,NA,NA,NA,NA,NA,NA,NA,NA,NA,NA,NA,NA,NA,NA,NA,NA,NA,NA,NA,NA,53.77064846416383,3.2526911934581193,16.163139931740613,1.697056274847713,11.643003412969282,1.9798989873223336,3.903071672354949,0.14142135623730961,0.757679180887372,0.35355339059327373,0,0,0,0,Byron,Murphy,MIN,CB,27,1
DB,15832,average,NA,NA,NA,NA,NA,NA,NA,NA,NA,NA,NA,NA,NA,NA,NA,NA,NA,NA,NA,NA,NA,NA,NA,NA,NA,NA,NA,NA,NA,NA,NA,NA,NA,NA,NA,NA,NA,NA,NA,NA,NA,NA,39.45,2.1920310216782983,13.45,2.050609665440988,18.3,1.8384776310850246,4.7,2.4041630560342617,0.3,0.4242640687119285,0,0,0,0,Derek,Stingley Jr.,HOU,CB,24,-2
DB,15832,robust,NA,NA,NA,NA,NA,NA,NA,NA,NA,NA,NA,NA,NA,NA,NA,NA,NA,NA,NA,NA,NA,NA,NA,NA,NA,NA,NA,NA,NA,NA,NA,NA,NA,NA,NA,NA,NA,NA,NA,NA,NA,NA,39.45,2.298030000000001,13.45,2.14977,18.3,1.927380000000001,4.7,2.52042,0.3,0.44477999999999995,0,0,0,0,Derek,Stingley Jr.,HOU,CB,24,-2
DB,15832,weighted,NA,NA,NA,NA,NA,NA,NA,NA,NA,NA,NA,NA,NA,NA,NA,NA,NA,NA,NA,NA,NA,NA,NA,NA,NA,NA,NA,NA,NA,NA,NA,NA,NA,NA,NA,NA,NA,NA,NA,NA,NA,NA,39.4976109215017,2.1920310216782983,13.40546075085324,2.050609665440988,18.260068259385665,1.8384776310850246,4.64778156996587,2.4041630560342617,0.29078498293515354,0.42426406871192845,0,0,0,0,Derek,Stingley Jr.,HOU,CB,24,-2
DB,16672,average,NA,NA,NA,NA,NA,NA,NA,NA,NA,NA,NA,NA,NA,NA,NA,NA,NA,NA,NA,NA,NA,NA,NA,NA,NA,NA,NA,NA,NA,NA,NA,NA,NA,NA,NA,NA,NA,NA,NA,NA,NA,NA,48.7,4.666904755831214,19.1,2.969848480983499,12.85,1.2020815280171302,3.45,0.6363961030678927,0,0,0,0,0,0,Kamari,Lassiter,HOU,CB,22,-4
DB,16672,robust,NA,NA,NA,NA,NA,NA,NA,NA,NA,NA,NA,NA,NA,NA,NA,NA,NA,NA,NA,NA,NA,NA,NA,NA,NA,NA,NA,NA,NA,NA,NA,NA,NA,NA,NA,NA,NA,NA,NA,NA,NA,NA,48.7,4.892580000000001,19.1,3.1134599999999995,12.85,1.2602099999999994,3.45,0.6671699999999999,0,0,0,0,0,0,Kamari,Lassiter,HOU,CB,22,-4
DB,16672,weighted,NA,NA,NA,NA,NA,NA,NA,NA,NA,NA,NA,NA,NA,NA,NA,NA,NA,NA,NA,NA,NA,NA,NA,NA,NA,NA,NA,NA,NA,NA,NA,NA,NA,NA,NA,NA,NA,NA,NA,NA,NA,NA,48.801365187713316,4.666904755831214,19.03549488054607,2.9698484809834986,12.823890784982934,1.2020815280171302,3.4361774744027302,0.6363961030678926,0,0,0,0,0,0,Kamari,Lassiter,HOU,CB,22,-4
DB,14186,average,NA,NA,NA,NA,NA,NA,NA,NA,NA,NA,NA,NA,NA,NA,NA,NA,NA,NA,NA,NA,NA,NA,NA,NA,NA,NA,NA,NA,NA,NA,NA,NA,NA,NA,NA,NA,NA,NA,NA,NA,NA,NA,49.85,1.6263455967290572,29.55,4.879036790187177,5.75,1.0606601717798212,2,1.4142135623730951,1.05,0.07071067811865482,0.2,0.28284271247461906,0,0,Taylor,Rapp,BUF,S,28,1
DB,14186,robust,NA,NA,NA,NA,NA,NA,NA,NA,NA,NA,NA,NA,NA,NA,NA,NA,NA,NA,NA,NA,NA,NA,NA,NA,NA,NA,NA,NA,NA,NA,NA,NA,NA,NA,NA,NA,NA,NA,NA,NA,NA,NA,49.85,1.7049899999999978,29.55,5.114969999999999,5.75,1.11195,2,1.4826,1.05,0.07413000000000006,0.2,0.29652,0,0,Taylor,Rapp,BUF,S,28,1
DB,14186,weighted,NA,NA,NA,NA,NA,NA,NA,NA,NA,NA,NA,NA,NA,NA,NA,NA,NA,NA,NA,NA,NA,NA,NA,NA,NA,NA,NA,NA,NA,NA,NA,NA,NA,NA,NA,NA,NA,NA,NA,NA,NA,NA,49.885324232081906,1.6263455967290572,29.655972696245733,4.879036790187177,5.726962457337884,1.0606601717798212,1.969283276450512,1.414213562373095,1.0484641638225258,0.07071067811865481,0.19385665529010238,0.282842712474619,0,0,Taylor,Rapp,BUF,S,28,1
DB,16700,average,NA,NA,NA,NA,NA,NA,NA,NA,NA,NA,NA,NA,NA,NA,NA,NA,NA,NA,NA,NA,NA,NA,NA,NA,NA,NA,NA,NA,NA,NA,NA,NA,NA,NA,NA,NA,NA,NA,NA,NA,NA,NA,42.3,17.39482681718907,23.4,4.8083261120685235,3.3,1.8384776310850233,1.2,0.28284271247461895,0.5,0.7071067811865476,0,0,0.8,0,Cole,Bishop,BUF,S,23,-4
DB,16700,robust,NA,NA,NA,NA,NA,NA,NA,NA,NA,NA,NA,NA,NA,NA,NA,NA,NA,NA,NA,NA,NA,NA,NA,NA,NA,NA,NA,NA,NA,NA,NA,NA,NA,NA,NA,NA,NA,NA,NA,NA,NA,NA,42.3,18.23598,23.4,5.04084,3.3,1.9273799999999996,1.2,0.2965199999999999,0.5,0.7413,0,0,0.8,0,Cole,Bishop,BUF,S,23,-4
DB,16700,weighted,NA,NA,NA,NA,NA,NA,NA,NA,NA,NA,NA,NA,NA,NA,NA,NA,NA,NA,NA,NA,NA,NA,NA,NA,NA,NA,NA,NA,NA,NA,NA,NA,NA,NA,NA,NA,NA,NA,NA,NA,NA,NA,41.9221843003413,17.39482681718907,23.29556313993174,4.8083261120685235,3.260068259385665,1.8384776310850233,1.1938566552901024,0.28284271247461895,0.515358361774744,0.7071067811865475,0,0,0.8,0,Cole,Bishop,BUF,S,23,-4
DB,11348,average,NA,NA,NA,NA,NA,NA,NA,NA,NA,NA,NA,NA,NA,NA,NA,NA,NA,NA,NA,NA,NA,NA,NA,NA,NA,NA,NA,NA,NA,NA,NA,NA,NA,NA,NA,NA,NA,NA,NA,NA,NA,NA,45.4,10.4651803615609,15.35,6.151828996322963,12.5,0.7071067811865476,1.2,1.131370849898476,0.5,0.7071067811865476,0.5,0.7071067811865476,0,0,Darius,Slay,PIT,CB,34,7
DB,11348,robust,NA,NA,NA,NA,NA,NA,NA,NA,NA,NA,NA,NA,NA,NA,NA,NA,NA,NA,NA,NA,NA,NA,NA,NA,NA,NA,NA,NA,NA,NA,NA,NA,NA,NA,NA,NA,NA,NA,NA,NA,NA,NA,45.4,10.971239999999998,15.35,6.449309999999999,12.5,0.7413,1.2,1.18608,0.5,0.7413,0.5,0.7413,0,0,Darius,Slay,PIT,CB,34,7
DB,11348,weighted,NA,NA,NA,NA,NA,NA,NA,NA,NA,NA,NA,NA,NA,NA,NA,NA,NA,NA,NA,NA,NA,NA,NA,NA,NA,NA,NA,NA,NA,NA,NA,NA,NA,NA,NA,NA,NA,NA,NA,NA,NA,NA,45.17269624573378,10.4651803615609,15.216382252559725,6.151828996322963,12.515358361774744,0.7071067811865475,1.2245733788395905,1.131370849898476,0.515358361774744,0.7071067811865475,0.515358361774744,0.7071067811865475,0,0,Darius,Slay,PIT,CB,34,7
DB,16271,average,NA,NA,NA,NA,NA,NA,NA,NA,NA,NA,NA,NA,NA,NA,NA,NA,NA,NA,NA,NA,NA,NA,NA,NA,NA,NA,NA,NA,NA,NA,NA,NA,NA,NA,NA,NA,NA,NA,NA,NA,NA,NA,41.7,9.475230867899736,15.8,1.1313708498984771,7.85,5.444722215136416,2,1.4142135623730951,0.65,0.4949747468305833,0.15,0.21213203435596426,0.7,0,Sydney,Brown,PHI,S,25,-3
DB,16271,robust,NA,NA,NA,NA,NA,NA,NA,NA,NA,NA,NA,NA,NA,NA,NA,NA,NA,NA,NA,NA,NA,NA,NA,NA,NA,NA,NA,NA,NA,NA,NA,NA,NA,NA,NA,NA,NA,NA,NA,NA,NA,NA,41.7,9.933419999999998,15.8,1.186080000000001,7.85,5.708009999999999,2,1.4826,0.65,0.51891,0.15,0.22238999999999998,0.7,0,Sydney,Brown,PHI,S,25,-3
DB,16271,weighted,NA,NA,NA,NA,NA,NA,NA,NA,NA,NA,NA,NA,NA,NA,NA,NA,NA,NA,NA,NA,NA,NA,NA,NA,NA,NA,NA,NA,NA,NA,NA,NA,NA,NA,NA,NA,NA,NA,NA,NA,NA,NA,41.49419795221843,9.475230867899736,15.775426621160412,1.131370849898477,7.73174061433447,5.444722215136415,1.969283276450512,1.414213562373095,0.6607508532423209,0.4949747468305833,0.14539249146757677,0.21213203435596423,0.7,0,Sydney,Brown,PHI,S,25,-3
DB,13717,average,NA,NA,NA,NA,NA,NA,NA,NA,NA,NA,NA,NA,NA,NA,NA,NA,NA,NA,NA,NA,NA,NA,NA,NA,NA,NA,NA,NA,NA,NA,NA,NA,NA,NA,NA,NA,NA,NA,NA,NA,NA,NA,58.55,7.707463914933367,20.35,5.161879502661797,8.55,0.7778174593052021,2,0,0,0,0,0,0,0,Justin,Reid,NOS,S,28,2
DB,13717,robust,NA,NA,NA,NA,NA,NA,NA,NA,NA,NA,NA,NA,NA,NA,NA,NA,NA,NA,NA,NA,NA,NA,NA,NA,NA,NA,NA,NA,NA,NA,NA,NA,NA,NA,NA,NA,NA,NA,NA,NA,NA,NA,58.55,8.080169999999999,20.35,5.411490000000001,8.55,0.8154299999999997,2,0,0,0,0,0,0,0,Justin,Reid,NOS,S,28,2
DB,13717,weighted,NA,NA,NA,NA,NA,NA,NA,NA,NA,NA,NA,NA,NA,NA,NA,NA,NA,NA,NA,NA,NA,NA,NA,NA,NA,NA,NA,NA,NA,NA,NA,NA,NA,NA,NA,NA,NA,NA,NA,NA,NA,NA,58.71740614334471,7.707463914933367,20.462116040955628,5.161879502661797,8.53310580204778,0.777817459305202,2,0,0,0,0,0,0,0,Justin,Reid,NOS,S,28,2
DB,13223,average,NA,NA,NA,NA,NA,NA,NA,NA,NA,NA,NA,NA,NA,NA,NA,NA,NA,NA,NA,NA,NA,NA,NA,NA,NA,NA,NA,NA,NA,NA,NA,NA,NA,NA,NA,NA,NA,NA,NA,NA,NA,NA,46.15,2.616295090390228,17.55,2.1920310216782983,12.5,0.7071067811865476,3.1,0.14142135623730964,1.45,0.6363961030678927,0,0,0.6,0,Marlon,Humphrey,BAL,CB,29,3
DB,13223,robust,NA,NA,NA,NA,NA,NA,NA,NA,NA,NA,NA,NA,NA,NA,NA,NA,NA,NA,NA,NA,NA,NA,NA,NA,NA,NA,NA,NA,NA,NA,NA,NA,NA,NA,NA,NA,NA,NA,NA,NA,NA,NA,46.15,2.7428100000000017,17.55,2.298030000000001,12.5,0.7413,3.1,0.14826000000000011,1.45,0.6671699999999999,0,0,0.6,0,Marlon,Humphrey,BAL,CB,29,3
DB,13223,weighted,NA,NA,NA,NA,NA,NA,NA,NA,NA,NA,NA,NA,NA,NA,NA,NA,NA,NA,NA,NA,NA,NA,NA,NA,NA,NA,NA,NA,NA,NA,NA,NA,NA,NA,NA,NA,NA,NA,NA,NA,NA,NA,46.20682593856655,2.616295090390228,17.502389078498293,2.1920310216782983,12.515358361774744,0.7071067811865475,3.096928327645051,0.14142135623730961,1.4361774744027302,0.6363961030678926,0,0,0.6,0,Marlon,Humphrey,BAL,CB,29,3
DB,17132,average,NA,NA,NA,NA,NA,NA,NA,NA,NA,NA,NA,NA,NA,NA,NA,NA,NA,NA,NA,NA,NA,NA,NA,NA,NA,NA,NA,NA,NA,NA,NA,NA,NA,NA,NA,NA,NA,NA,NA,NA,NA,NA,49.35,1.9091883092036803,22.15,6.858935777509511,7.7,2.4041630560342617,1.75,1.0606601717798212,0.5,0.7071067811865476,0,0,0.7,0,Malaki,Starks,BAL,S,22,-5
DB,17132,robust,NA,NA,NA,NA,NA,NA,NA,NA,NA,NA,NA,NA,NA,NA,NA,NA,NA,NA,NA,NA,NA,NA,NA,NA,NA,NA,NA,NA,NA,NA,NA,NA,NA,NA,NA,NA,NA,NA,NA,NA,NA,NA,49.35,2.001510000000002,22.15,7.1906099999999995,7.7,2.52042,1.75,1.11195,0.5,0.7413,0,0,0.7,0,Malaki,Starks,BAL,S,22,-5
DB,17132,weighted,NA,NA,NA,NA,NA,NA,NA,NA,NA,NA,NA,NA,NA,NA,NA,NA,NA,NA,NA,NA,NA,NA,NA,NA,NA,NA,NA,NA,NA,NA,NA,NA,NA,NA,NA,NA,NA,NA,NA,NA,NA,NA,49.308532423208185,1.9091883092036803,22.29897610921502,6.85893577750951,7.647781569965871,2.4041630560342617,1.7269624573378841,1.0606601717798212,0.515358361774744,0.7071067811865475,0,0,0.7,0,Malaki,Starks,BAL,S,22,-5
DB,13228,average,NA,NA,NA,NA,NA,NA,NA,NA,NA,NA,NA,NA,NA,NA,NA,NA,NA,NA,NA,NA,NA,NA,NA,NA,NA,NA,NA,NA,NA,NA,NA,NA,NA,NA,NA,NA,NA,NA,NA,NA,NA,NA,47.15,1.6263455967290572,29.45,3.464823227814082,4.65,0.9192388155425116,2.15,0.21213203435596414,0,0,0,0,0.2,0,Malik,Hooker,DAL,S,29,3
DB,13228,robust,NA,NA,NA,NA,NA,NA,NA,NA,NA,NA,NA,NA,NA,NA,NA,NA,NA,NA,NA,NA,NA,NA,NA,NA,NA,NA,NA,NA,NA,NA,NA,NA,NA,NA,NA,NA,NA,NA,NA,NA,NA,NA,47.15,1.7049899999999978,29.45,3.6323699999999985,4.65,0.9636899999999998,2.15,0.22238999999999987,0,0,0,0,0.2,0,Malik,Hooker,DAL,S,29,3
DB,13228,weighted,NA,NA,NA,NA,NA,NA,NA,NA,NA,NA,NA,NA,NA,NA,NA,NA,NA,NA,NA,NA,NA,NA,NA,NA,NA,NA,NA,NA,NA,NA,NA,NA,NA,NA,NA,NA,NA,NA,NA,NA,NA,NA,47.11467576791809,1.6263455967290572,29.374744027303755,3.464823227814082,4.630034129692833,0.9192388155425116,2.1453924914675766,0.21213203435596412,0,0,0,0,0.2,0,Malik,Hooker,DAL,S,29,3
DB,15380,average,NA,NA,NA,NA,NA,NA,NA,NA,NA,NA,NA,NA,NA,NA,NA,NA,NA,NA,NA,NA,NA,NA,NA,NA,NA,NA,NA,NA,NA,NA,NA,NA,NA,NA,NA,NA,NA,NA,NA,NA,NA,NA,49.1,5.798275605729692,18.95,5.586143571373724,9.55,2.050609665440988,0.15,0.21213203435596426,0.1,0.14142135623730953,0,0,0.2,0,Tyson,Campbell,CLE,CB,25,-1
DB,15380,robust,NA,NA,NA,NA,NA,NA,NA,NA,NA,NA,NA,NA,NA,NA,NA,NA,NA,NA,NA,NA,NA,NA,NA,NA,NA,NA,NA,NA,NA,NA,NA,NA,NA,NA,NA,NA,NA,NA,NA,NA,NA,NA,49.1,6.078660000000002,18.95,5.8562699999999985,9.55,2.14977,0.15,0.22238999999999998,0.1,0.14826,0,0,0.2,0,Tyson,Campbell,CLE,CB,25,-1
DB,15380,weighted,NA,NA,NA,NA,NA,NA,NA,NA,NA,NA,NA,NA,NA,NA,NA,NA,NA,NA,NA,NA,NA,NA,NA,NA,NA,NA,NA,NA,NA,NA,NA,NA,NA,NA,NA,NA,NA,NA,NA,NA,NA,NA,48.9740614334471,5.798275605729691,18.828668941979522,5.586143571373724,9.594539249146758,2.050609665440988,0.14539249146757677,0.21213203435596423,0.09692832764505119,0.1414213562373095,0,0,0.2,0,Tyson,Campbell,CLE,CB,25,-1
DB,16736,average,NA,NA,NA,NA,NA,NA,NA,NA,NA,NA,NA,NA,NA,NA,NA,NA,NA,NA,NA,NA,NA,NA,NA,NA,NA,NA,NA,NA,NA,NA,NA,NA,NA,NA,NA,NA,NA,NA,NA,NA,NA,NA,46.85,4.030508652763323,32.8,2.545584412271572,6.5,0.7071067811865476,1.1,1.2727922061357855,0.5,0.7071067811865476,0,0,0,0,Jarvis,Brownlee,NYJ,CB,24,-4
DB,16736,robust,NA,NA,NA,NA,NA,NA,NA,NA,NA,NA,NA,NA,NA,NA,NA,NA,NA,NA,NA,NA,NA,NA,NA,NA,NA,NA,NA,NA,NA,NA,NA,NA,NA,NA,NA,NA,NA,NA,NA,NA,NA,NA,46.85,4.225410000000002,32.8,2.668680000000001,6.5,0.7413,1.1,1.3343399999999999,0.5,0.7413,0,0,0,0,Jarvis,Brownlee,NYJ,CB,24,-4
DB,16736,weighted,NA,NA,NA,NA,NA,NA,NA,NA,NA,NA,NA,NA,NA,NA,NA,NA,NA,NA,NA,NA,NA,NA,NA,NA,NA,NA,NA,NA,NA,NA,NA,NA,NA,NA,NA,NA,NA,NA,NA,NA,NA,NA,46.76245733788396,4.030508652763323,32.744709897610925,2.545584412271572,6.5153583617747435,0.7071067811865475,1.1276450511945393,1.2727922061357855,0.515358361774744,0.7071067811865475,0,0,0,0,Jarvis,Brownlee,NYJ,CB,24,-4
DB,13764,average,NA,NA,NA,NA,NA,NA,NA,NA,NA,NA,NA,NA,NA,NA,NA,NA,NA,NA,NA,NA,NA,NA,NA,NA,NA,NA,NA,NA,NA,NA,NA,NA,NA,NA,NA,NA,NA,NA,NA,NA,NA,NA,57.25,10.960155108391486,25.35,2.333452377915607,6.5,0.7071067811865476,1.6,0.5656854249492381,1.3,0.9899494936611666,0.8,0.28284271247461906,0.6,0,Taron,Johnson,BUF,CB,29,2
DB,13764,robust,NA,NA,NA,NA,NA,NA,NA,NA,NA,NA,NA,NA,NA,NA,NA,NA,NA,NA,NA,NA,NA,NA,NA,NA,NA,NA,NA,NA,NA,NA,NA,NA,NA,NA,NA,NA,NA,NA,NA,NA,NA,NA,57.25,11.49015,25.35,2.4462900000000003,6.5,0.7413,1.6,0.59304,1.3,1.03782,0.8,0.29652,0.6,0,Taron,Johnson,BUF,CB,29,2
DB,13764,weighted,NA,NA,NA,NA,NA,NA,NA,NA,NA,NA,NA,NA,NA,NA,NA,NA,NA,NA,NA,NA,NA,NA,NA,NA,NA,NA,NA,NA,NA,NA,NA,NA,NA,NA,NA,NA,NA,NA,NA,NA,NA,NA,57.48805460750853,10.960155108391486,25.400682593856654,2.333452377915607,6.5153583617747435,0.7071067811865475,1.6122866894197951,0.5656854249492381,1.3215017064846417,0.9899494936611666,0.8061433447098976,0.28284271247461906,0.6,0,Taron,Johnson,BUF,CB,29,2
DB,16671,average,NA,NA,NA,NA,NA,NA,NA,NA,NA,NA,NA,NA,NA,NA,NA,NA,NA,NA,NA,NA,NA,NA,NA,NA,NA,NA,NA,NA,NA,NA,NA,NA,NA,NA,NA,NA,NA,NA,NA,NA,NA,NA,54.25,0.3535533905932738,14.55,0.636396103067893,10,1.4142135623730951,1,1.4142135623730951,0.1,0.14142135623730953,0.1,0.14142135623730953,0,0,Terrion,Arnold,DET,CB,22,-4
DB,16671,robust,NA,NA,NA,NA,NA,NA,NA,NA,NA,NA,NA,NA,NA,NA,NA,NA,NA,NA,NA,NA,NA,NA,NA,NA,NA,NA,NA,NA,NA,NA,NA,NA,NA,NA,NA,NA,NA,NA,NA,NA,NA,NA,54.25,0.37065,14.55,0.6671700000000003,10,1.4826,1,1.4826,0.1,0.14826,0.1,0.14826,0,0,Terrion,Arnold,DET,CB,22,-4
DB,16671,weighted,NA,NA,NA,NA,NA,NA,NA,NA,NA,NA,NA,NA,NA,NA,NA,NA,NA,NA,NA,NA,NA,NA,NA,NA,NA,NA,NA,NA,NA,NA,NA,NA,NA,NA,NA,NA,NA,NA,NA,NA,NA,NA,54.24232081911263,0.35355339059327373,14.56382252559727,0.636396103067893,10.030716723549489,1.414213562373095,1.030716723549488,1.414213562373095,0.09692832764505119,0.1414213562373095,0.09692832764505119,0.1414213562373095,0,0,Terrion,Arnold,DET,CB,22,-4
DB,14982,average,NA,NA,NA,NA,NA,NA,NA,NA,NA,NA,NA,NA,NA,NA,NA,NA,NA,NA,NA,NA,NA,NA,NA,NA,NA,NA,NA,NA,NA,NA,NA,NA,NA,NA,NA,NA,NA,NA,NA,NA,NA,NA,41.75,2.4748737341529163,19.15,3.040559159102155,7.4,0.5656854249492379,2.8,1.1313708498984762,0.8,0.28284271247461906,0.5,0.7071067811865476,0.6,0,Alohi,Gilman,BAL,S,28,0
DB,14982,robust,NA,NA,NA,NA,NA,NA,NA,NA,NA,NA,NA,NA,NA,NA,NA,NA,NA,NA,NA,NA,NA,NA,NA,NA,NA,NA,NA,NA,NA,NA,NA,NA,NA,NA,NA,NA,NA,NA,NA,NA,NA,NA,41.75,2.59455,19.15,3.18759,7.4,0.5930399999999998,2.8,1.18608,0.8,0.29652,0.5,0.7413,0.6,0,Alohi,Gilman,BAL,S,28,0
DB,14982,weighted,NA,NA,NA,NA,NA,NA,NA,NA,NA,NA,NA,NA,NA,NA,NA,NA,NA,NA,NA,NA,NA,NA,NA,NA,NA,NA,NA,NA,NA,NA,NA,NA,NA,NA,NA,NA,NA,NA,NA,NA,NA,NA,41.696245733788395,2.4748737341529163,19.0839590443686,3.0405591591021546,7.387713310580206,0.5656854249492379,2.7754266211604093,1.131370849898476,0.8061433447098976,0.28284271247461906,0.515358361774744,0.7071067811865475,0.6,0,Alohi,Gilman,BAL,S,28,0
DB,15001,average,NA,NA,NA,NA,NA,NA,NA,NA,NA,NA,NA,NA,NA,NA,NA,NA,NA,NA,NA,NA,NA,NA,NA,NA,NA,NA,NA,NA,NA,NA,NA,NA,NA,NA,NA,NA,NA,NA,NA,NA,NA,NA,55.35,15.061374439273461,31.2,5.374011537017762,7.15,1.6263455967290599,0.6,0.565685424949238,1.15,0.21213203435596428,0.4,0.5656854249492381,0.5,0,Kamren,Curl,LAR,S,26,0
DB,15001,robust,NA,NA,NA,NA,NA,NA,NA,NA,NA,NA,NA,NA,NA,NA,NA,NA,NA,NA,NA,NA,NA,NA,NA,NA,NA,NA,NA,NA,NA,NA,NA,NA,NA,NA,NA,NA,NA,NA,NA,NA,NA,NA,55.35,15.789689999999997,31.2,5.6338800000000004,7.15,1.7049900000000004,0.6,0.59304,1.15,0.22239000000000003,0.4,0.59304,0.5,0,Kamren,Curl,LAR,S,26,0
DB,15001,weighted,NA,NA,NA,NA,NA,NA,NA,NA,NA,NA,NA,NA,NA,NA,NA,NA,NA,NA,NA,NA,NA,NA,NA,NA,NA,NA,NA,NA,NA,NA,NA,NA,NA,NA,NA,NA,NA,NA,NA,NA,NA,NA,55.67713310580204,15.06137443927346,31.316723549488053,5.374011537017762,7.114675767918089,1.6263455967290597,0.6122866894197952,0.565685424949238,1.1453924914675768,0.21213203435596428,0.38771331058020475,0.565685424949238,0.5,0,Kamren,Curl,LAR,S,26,0
DB,14224,average,NA,NA,NA,NA,NA,NA,NA,NA,NA,NA,NA,NA,NA,NA,NA,NA,NA,NA,NA,NA,NA,NA,NA,NA,NA,NA,NA,NA,NA,NA,NA,NA,NA,NA,NA,NA,NA,NA,NA,NA,NA,NA,42,7.0710678118654755,20,0,10.4,1.9798989873223336,3.95,1.3435028842544405,0.9,0.14142135623730948,0,0,0.9,0,Chauncey,Gardner-Johnson,CHI,S,28,1
DB,14224,robust,NA,NA,NA,NA,NA,NA,NA,NA,NA,NA,NA,NA,NA,NA,NA,NA,NA,NA,NA,NA,NA,NA,NA,NA,NA,NA,NA,NA,NA,NA,NA,NA,NA,NA,NA,NA,NA,NA,NA,NA,NA,NA,42,7.412999999999999,20,0,10.4,2.0756400000000004,3.95,1.4084700000000001,0.9,0.14825999999999995,0,0,0.9,0,Chauncey,Gardner-Johnson,CHI,S,28,1
DB,14224,weighted,NA,NA,NA,NA,NA,NA,NA,NA,NA,NA,NA,NA,NA,NA,NA,NA,NA,NA,NA,NA,NA,NA,NA,NA,NA,NA,NA,NA,NA,NA,NA,NA,NA,NA,NA,NA,NA,NA,NA,NA,NA,NA,42.15358361774744,7.071067811865475,20,0,10.356996587030718,1.9798989873223336,3.9208191126279868,1.3435028842544405,0.9030716723549489,0.14142135623730945,0,0,0.9,0,Chauncey,Gardner-Johnson,CHI,S,28,1
DB,15445,average,NA,NA,NA,NA,NA,NA,NA,NA,NA,NA,NA,NA,NA,NA,NA,NA,NA,NA,NA,NA,NA,NA,NA,NA,NA,NA,NA,NA,NA,NA,NA,NA,NA,NA,NA,NA,NA,NA,NA,NA,NA,NA,49.4,7.919595949289334,30.3,4.666904755831214,7.05,1.3435028842544405,1.4,0.848528137423857,1,0,0,0,0.9,0,Deommodore,Lenoir,SFO,CB,26,-1
DB,15445,robust,NA,NA,NA,NA,NA,NA,NA,NA,NA,NA,NA,NA,NA,NA,NA,NA,NA,NA,NA,NA,NA,NA,NA,NA,NA,NA,NA,NA,NA,NA,NA,NA,NA,NA,NA,NA,NA,NA,NA,NA,NA,NA,49.4,8.302560000000001,30.3,4.892580000000001,7.05,1.4084700000000001,1.4,0.8895599999999999,1,0,0,0,0.9,0,Deommodore,Lenoir,SFO,CB,26,-1
DB,15445,weighted,NA,NA,NA,NA,NA,NA,NA,NA,NA,NA,NA,NA,NA,NA,NA,NA,NA,NA,NA,NA,NA,NA,NA,NA,NA,NA,NA,NA,NA,NA,NA,NA,NA,NA,NA,NA,NA,NA,NA,NA,NA,NA,49.572013651877135,7.919595949289334,30.198634812286688,4.666904755831214,7.079180887372013,1.3435028842544405,1.4184300341296927,0.8485281374238569,1,0,0,0,0.9,0,Deommodore,Lenoir,SFO,CB,26,-1
DB,16690,average,NA,NA,NA,NA,NA,NA,NA,NA,NA,NA,NA,NA,NA,NA,NA,NA,NA,NA,NA,NA,NA,NA,NA,NA,NA,NA,NA,NA,NA,NA,NA,NA,NA,NA,NA,NA,NA,NA,NA,NA,NA,NA,41,1.4142135623730951,12.65,3.7476659402887025,12.5,0.7071067811865476,2.4,0.5656854249492379,0.4,0.5656854249492381,0.4,0.5656854249492381,0,0,Quinyon,Mitchell,PHI,CB,24,-4
DB,16690,robust,NA,NA,NA,NA,NA,NA,NA,NA,NA,NA,NA,NA,NA,NA,NA,NA,NA,NA,NA,NA,NA,NA,NA,NA,NA,NA,NA,NA,NA,NA,NA,NA,NA,NA,NA,NA,NA,NA,NA,NA,NA,NA,41,1.4826,12.65,3.9288900000000004,12.5,0.7413,2.4,0.5930399999999998,0.4,0.59304,0.4,0.59304,0,0,Quinyon,Mitchell,PHI,CB,24,-4
DB,16690,weighted,NA,NA,NA,NA,NA,NA,NA,NA,NA,NA,NA,NA,NA,NA,NA,NA,NA,NA,NA,NA,NA,NA,NA,NA,NA,NA,NA,NA,NA,NA,NA,NA,NA,NA,NA,NA,NA,NA,NA,NA,NA,NA,40.96928327645051,1.414213562373095,12.568600682593857,3.7476659402887025,12.515358361774744,0.7071067811865475,2.387713310580205,0.5656854249492379,0.38771331058020475,0.565685424949238,0.38771331058020475,0.565685424949238,0,0,Quinyon,Mitchell,PHI,CB,24,-4
DB,16675,average,NA,NA,NA,NA,NA,NA,NA,NA,NA,NA,NA,NA,NA,NA,NA,NA,NA,NA,NA,NA,NA,NA,NA,NA,NA,NA,NA,NA,NA,NA,NA,NA,NA,NA,NA,NA,NA,NA,NA,NA,NA,NA,46,1.4142135623730951,17.15,1.6263455967290599,9.45,2.050609665440988,1,0,0.85,0.21213203435596428,0.85,0.21213203435596428,0.7,0,Cooper,DeJean,PHI,CB,22,-4
DB,16675,robust,NA,NA,NA,NA,NA,NA,NA,NA,NA,NA,NA,NA,NA,NA,NA,NA,NA,NA,NA,NA,NA,NA,NA,NA,NA,NA,NA,NA,NA,NA,NA,NA,NA,NA,NA,NA,NA,NA,NA,NA,NA,NA,46,1.4826,17.15,1.7049900000000004,9.45,2.14977,1,0,0.85,0.22239000000000003,0.85,0.22239000000000003,0.7,0,Cooper,DeJean,PHI,CB,22,-4
DB,16675,weighted,NA,NA,NA,NA,NA,NA,NA,NA,NA,NA,NA,NA,NA,NA,NA,NA,NA,NA,NA,NA,NA,NA,NA,NA,NA,NA,NA,NA,NA,NA,NA,NA,NA,NA,NA,NA,NA,NA,NA,NA,NA,NA,46.03071672354948,1.414213562373095,17.11467576791809,1.6263455967290597,9.405460750853242,2.050609665440988,1,0,0.8546075085324231,0.21213203435596428,0.8546075085324231,0.21213203435596428,0.7,0,Cooper,DeJean,PHI,CB,22,-4
DB,15850,average,NA,NA,NA,NA,NA,NA,NA,NA,NA,NA,NA,NA,NA,NA,NA,NA,NA,NA,NA,NA,NA,NA,NA,NA,NA,NA,NA,NA,NA,NA,NA,NA,NA,NA,NA,NA,NA,NA,NA,NA,NA,NA,57.6,17.536248173426376,24.55,2.1920310216782983,7.3,0.4242640687119283,1.4,0.848528137423857,0.45,0.6363961030678927,0.5,0.7071067811865476,0,0,Jalen,Pitre,HOU,S,26,-2
DB,15850,robust,NA,NA,NA,NA,NA,NA,NA,NA,NA,NA,NA,NA,NA,NA,NA,NA,NA,NA,NA,NA,NA,NA,NA,NA,NA,NA,NA,NA,NA,NA,NA,NA,NA,NA,NA,NA,NA,NA,NA,NA,NA,NA,57.6,18.38424,24.55,2.298030000000001,7.3,0.44477999999999973,1.4,0.8895599999999999,0.45,0.6671699999999999,0.5,0.7413,0,0,Jalen,Pitre,HOU,S,26,-2
DB,15850,weighted,NA,NA,NA,NA,NA,NA,NA,NA,NA,NA,NA,NA,NA,NA,NA,NA,NA,NA,NA,NA,NA,NA,NA,NA,NA,NA,NA,NA,NA,NA,NA,NA,NA,NA,NA,NA,NA,NA,NA,NA,NA,NA,57.98088737201365,17.536248173426376,24.502389078498293,2.1920310216782983,7.290784982935153,0.42426406871192823,1.4184300341296927,0.8485281374238569,0.4361774744027304,0.6363961030678927,0.515358361774744,0.7071067811865475,0,0,Jalen,Pitre,HOU,S,26,-2
DB,13227,average,NA,NA,NA,NA,NA,NA,NA,NA,NA,NA,NA,NA,NA,NA,NA,NA,NA,NA,NA,NA,NA,NA,NA,NA,NA,NA,NA,NA,NA,NA,NA,NA,NA,NA,NA,NA,NA,NA,NA,NA,NA,NA,40.75,0.3535533905932738,22.65,7.990306627407987,8.4,0.5656854249492386,0.65,0.4949747468305833,0.35,0.49497474683058323,0.35,0.49497474683058323,0,0,Jourdan,Lewis,JAC,CB,30,3
DB,13227,robust,NA,NA,NA,NA,NA,NA,NA,NA,NA,NA,NA,NA,NA,NA,NA,NA,NA,NA,NA,NA,NA,NA,NA,NA,NA,NA,NA,NA,NA,NA,NA,NA,NA,NA,NA,NA,NA,NA,NA,NA,NA,NA,40.75,0.37065,22.65,8.37669,8.4,0.5930400000000005,0.65,0.51891,0.35,0.51891,0.35,0.51891,0,0,Jourdan,Lewis,JAC,CB,30,3
DB,13227,weighted,NA,NA,NA,NA,NA,NA,NA,NA,NA,NA,NA,NA,NA,NA,NA,NA,NA,NA,NA,NA,NA,NA,NA,NA,NA,NA,NA,NA,NA,NA,NA,NA,NA,NA,NA,NA,NA,NA,NA,NA,NA,NA,40.75767918088737,0.35355339059327373,22.47645051194539,7.990306627407988,8.387713310580207,0.5656854249492385,0.6607508532423209,0.4949747468305833,0.33924914675767914,0.4949747468305832,0.33924914675767914,0.4949747468305832,0,0,Jourdan,Lewis,JAC,CB,30,3
DB,15845,average,NA,NA,NA,NA,NA,NA,NA,NA,NA,NA,NA,NA,NA,NA,NA,NA,NA,NA,NA,NA,NA,NA,NA,NA,NA,NA,NA,NA,NA,NA,NA,NA,NA,NA,NA,NA,NA,NA,NA,NA,NA,NA,47,5.656854249492381,14,0,12.25,0.3535533905932738,1.7,0.42426406871192857,0.9,0.14142135623730948,0.25,0.3535533905932738,0,0,Trent,McDuffie,KCC,CB,25,-2
DB,15845,robust,NA,NA,NA,NA,NA,NA,NA,NA,NA,NA,NA,NA,NA,NA,NA,NA,NA,NA,NA,NA,NA,NA,NA,NA,NA,NA,NA,NA,NA,NA,NA,NA,NA,NA,NA,NA,NA,NA,NA,NA,NA,NA,47,5.9304,14,0,12.25,0.37065,1.7,0.44478000000000006,0.9,0.14825999999999995,0.25,0.37065,0,0,Trent,McDuffie,KCC,CB,25,-2
DB,15845,weighted,NA,NA,NA,NA,NA,NA,NA,NA,NA,NA,NA,NA,NA,NA,NA,NA,NA,NA,NA,NA,NA,NA,NA,NA,NA,NA,NA,NA,NA,NA,NA,NA,NA,NA,NA,NA,NA,NA,NA,NA,NA,NA,47.12286689419795,5.65685424949238,13.999999999999998,2.5133339004686026e-15,12.242320819112628,0.35355339059327373,1.7092150170648461,0.42426406871192857,0.9030716723549489,0.14142135623730945,0.24232081911262798,0.35355339059327373,0,0,Trent,McDuffie,KCC,CB,25,-2
DB,15361,average,NA,NA,NA,NA,NA,NA,NA,NA,NA,NA,NA,NA,NA,NA,NA,NA,NA,NA,NA,NA,NA,NA,NA,NA,NA,NA,NA,NA,NA,NA,NA,NA,NA,NA,NA,NA,NA,NA,NA,NA,NA,NA,47.6,6.222539674441617,20.05,1.4849242404917509,11.25,1.0606601717798212,1.25,1.0606601717798212,0,0,0,0,0,0,Jaycee,Horn,CAR,CB,26,-1
DB,15361,robust,NA,NA,NA,NA,NA,NA,NA,NA,NA,NA,NA,NA,NA,NA,NA,NA,NA,NA,NA,NA,NA,NA,NA,NA,NA,NA,NA,NA,NA,NA,NA,NA,NA,NA,NA,NA,NA,NA,NA,NA,NA,NA,47.6,6.523439999999997,20.05,1.556730000000001,11.25,1.11195,1.25,1.11195,0,0,0,0,0,0,Jaycee,Horn,CAR,CB,26,-1
DB,15361,weighted,NA,NA,NA,NA,NA,NA,NA,NA,NA,NA,NA,NA,NA,NA,NA,NA,NA,NA,NA,NA,NA,NA,NA,NA,NA,NA,NA,NA,NA,NA,NA,NA,NA,NA,NA,NA,NA,NA,NA,NA,NA,NA,47.73515358361775,6.222539674441616,20.017747440273038,1.4849242404917506,11.273037542662117,1.0606601717798212,1.273037542662116,1.0606601717798212,0,0,0,0,0,0,Jaycee,Horn,CAR,CB,26,-1
DB,15364,average,NA,NA,NA,NA,NA,NA,NA,NA,NA,NA,NA,NA,NA,NA,NA,NA,NA,NA,NA,NA,NA,NA,NA,NA,NA,NA,NA,NA,NA,NA,NA,NA,NA,NA,NA,NA,NA,NA,NA,NA,NA,NA,48.4,2.2627416997969543,22.5,0.7071067811865476,6.45,0.636396103067893,1.75,1.7677669529663689,0.75,0.3535533905932738,0,0,0,0,Andre,Cisco,NYJ,S,25,-1
DB,15364,robust,NA,NA,NA,NA,NA,NA,NA,NA,NA,NA,NA,NA,NA,NA,NA,NA,NA,NA,NA,NA,NA,NA,NA,NA,NA,NA,NA,NA,NA,NA,NA,NA,NA,NA,NA,NA,NA,NA,NA,NA,NA,NA,48.4,2.372160000000002,22.5,0.7413,6.45,0.6671700000000003,1.75,1.8532499999999998,0.75,0.37065,0,0,0,0,Andre,Cisco,NYJ,S,25,-1
DB,15364,weighted,NA,NA,NA,NA,NA,NA,NA,NA,NA,NA,NA,NA,NA,NA,NA,NA,NA,NA,NA,NA,NA,NA,NA,NA,NA,NA,NA,NA,NA,NA,NA,NA,NA,NA,NA,NA,NA,NA,NA,NA,NA,NA,48.44914675767918,2.262741699796954,22.515358361774744,0.7071067811865475,6.43617747440273,0.636396103067893,1.7883959044368598,1.7677669529663687,0.757679180887372,0.35355339059327373,0,0,0,0,Andre,Cisco,NYJ,S,25,-1
DB,15852,average,NA,NA,NA,NA,NA,NA,NA,NA,NA,NA,NA,NA,NA,NA,NA,NA,NA,NA,NA,NA,NA,NA,NA,NA,NA,NA,NA,NA,NA,NA,NA,NA,NA,NA,NA,NA,NA,NA,NA,NA,NA,NA,46.2,0.282842712474618,22.35,2.333452377915607,5.85,0.21213203435596414,1.4,0.848528137423857,0.95,0.07071067811865474,0.95,0.07071067811865474,0,0,Kyler,Gordon,CHI,CB,26,-2
DB,15852,robust,NA,NA,NA,NA,NA,NA,NA,NA,NA,NA,NA,NA,NA,NA,NA,NA,NA,NA,NA,NA,NA,NA,NA,NA,NA,NA,NA,NA,NA,NA,NA,NA,NA,NA,NA,NA,NA,NA,NA,NA,NA,NA,46.2,0.29651999999999895,22.35,2.4462900000000003,5.85,0.22238999999999987,1.4,0.8895599999999999,0.95,0.07412999999999997,0.95,0.07412999999999997,0,0,Kyler,Gordon,CHI,CB,26,-2
DB,15852,weighted,NA,NA,NA,NA,NA,NA,NA,NA,NA,NA,NA,NA,NA,NA,NA,NA,NA,NA,NA,NA,NA,NA,NA,NA,NA,NA,NA,NA,NA,NA,NA,NA,NA,NA,NA,NA,NA,NA,NA,NA,NA,NA,46.1938566552901,0.282842712474618,22.400682593856654,2.333452377915607,5.854607508532423,0.21213203435596412,1.4184300341296927,0.8485281374238569,0.9515358361774744,0.07071067811865474,0.9515358361774744,0.07071067811865474,0,0,Kyler,Gordon,CHI,CB,26,-2
DB,15913,average,NA,NA,NA,NA,NA,NA,NA,NA,NA,NA,NA,NA,NA,NA,NA,NA,NA,NA,NA,NA,NA,NA,NA,NA,NA,NA,NA,NA,NA,NA,NA,NA,NA,NA,NA,NA,NA,NA,NA,NA,NA,NA,43.6,4.808326112068521,13.65,0.9192388155425123,9.75,0.3535533905932738,2.1,0.14142135623730964,1.6,0.8485281374238571,1,0,0.2,0,Christian,Benford,BUF,CB,25,-2
DB,15913,robust,NA,NA,NA,NA,NA,NA,NA,NA,NA,NA,NA,NA,NA,NA,NA,NA,NA,NA,NA,NA,NA,NA,NA,NA,NA,NA,NA,NA,NA,NA,NA,NA,NA,NA,NA,NA,NA,NA,NA,NA,NA,NA,43.6,5.0408399999999975,13.65,0.9636900000000005,9.75,0.37065,2.1,0.14826000000000011,1.6,0.8895600000000001,1,0,0.2,0,Christian,Benford,BUF,CB,25,-2
DB,15913,weighted,NA,NA,NA,NA,NA,NA,NA,NA,NA,NA,NA,NA,NA,NA,NA,NA,NA,NA,NA,NA,NA,NA,NA,NA,NA,NA,NA,NA,NA,NA,NA,NA,NA,NA,NA,NA,NA,NA,NA,NA,NA,NA,43.704436860068256,4.808326112068521,13.630034129692833,0.9192388155425123,9.757679180887372,0.35355339059327373,2.0969283276450517,0.14142135623730961,1.5815699658703073,0.8485281374238571,1,0,0.2,0,Christian,Benford,BUF,CB,25,-2
DB,14903,average,NA,NA,NA,NA,NA,NA,NA,NA,NA,NA,NA,NA,NA,NA,NA,NA,NA,NA,NA,NA,NA,NA,NA,NA,NA,NA,NA,NA,NA,NA,NA,NA,NA,NA,NA,NA,NA,NA,NA,NA,NA,NA,43.9,2.9698484809835017,12.35,4.737615433949868,13.8,3.111269837220809,2.1,1.2727922061357855,0.7,0.4242640687119285,0,0,0,0,Trevon,Diggs,DAL,CB,27,0
DB,14903,robust,NA,NA,NA,NA,NA,NA,NA,NA,NA,NA,NA,NA,NA,NA,NA,NA,NA,NA,NA,NA,NA,NA,NA,NA,NA,NA,NA,NA,NA,NA,NA,NA,NA,NA,NA,NA,NA,NA,NA,NA,NA,NA,43.9,3.113460000000002,12.35,4.966709999999999,13.8,3.26172,2.1,1.3343399999999999,0.7,0.44477999999999995,0,0,0,0,Trevon,Diggs,DAL,CB,27,0
DB,14903,weighted,NA,NA,NA,NA,NA,NA,NA,NA,NA,NA,NA,NA,NA,NA,NA,NA,NA,NA,NA,NA,NA,NA,NA,NA,NA,NA,NA,NA,NA,NA,NA,NA,NA,NA,NA,NA,NA,NA,NA,NA,NA,NA,43.964505119453925,2.9698484809835013,12.247098976109214,4.737615433949868,13.867576791808874,3.111269837220809,2.127645051194539,1.2727922061357855,0.7092150170648464,0.42426406871192845,0,0,0,0,Trevon,Diggs,DAL,CB,27,0
DB,15362,average,NA,NA,NA,NA,NA,NA,NA,NA,NA,NA,NA,NA,NA,NA,NA,NA,NA,NA,NA,NA,NA,NA,NA,NA,NA,NA,NA,NA,NA,NA,NA,NA,NA,NA,NA,NA,NA,NA,NA,NA,NA,NA,42.15,4.454772721475248,11.7,0.4242640687119283,10.15,2.616295090390225,2.4,0.848528137423857,0.95,0.07071067811865474,0.45,0.6363961030678927,0.2,0,Patrick,Surtain II,DEN,CB,25,-1
DB,15362,robust,NA,NA,NA,NA,NA,NA,NA,NA,NA,NA,NA,NA,NA,NA,NA,NA,NA,NA,NA,NA,NA,NA,NA,NA,NA,NA,NA,NA,NA,NA,NA,NA,NA,NA,NA,NA,NA,NA,NA,NA,NA,NA,42.15,4.670189999999998,11.7,0.44477999999999973,10.15,2.7428099999999995,2.4,0.8895599999999999,0.95,0.07412999999999997,0.45,0.6671699999999999,0.2,0,Patrick,Surtain II,DEN,CB,25,-1
DB,15362,weighted,NA,NA,NA,NA,NA,NA,NA,NA,NA,NA,NA,NA,NA,NA,NA,NA,NA,NA,NA,NA,NA,NA,NA,NA,NA,NA,NA,NA,NA,NA,NA,NA,NA,NA,NA,NA,NA,NA,NA,NA,NA,NA,42.053242320819116,4.454772721475248,11.709215017064846,0.42426406871192823,10.206825938566553,2.616295090390225,2.4184300341296927,0.8485281374238569,0.9515358361774744,0.07071067811865474,0.4361774744027304,0.6363961030678927,0.2,0,Patrick,Surtain II,DEN,CB,25,-1
DB,15904,average,NA,NA,NA,NA,NA,NA,NA,NA,NA,NA,NA,NA,NA,NA,NA,NA,NA,NA,NA,NA,NA,NA,NA,NA,NA,NA,NA,NA,NA,NA,NA,NA,NA,NA,NA,NA,NA,NA,NA,NA,NA,NA,42.45,0.6363961030678917,18.2,3.1112698372208083,8.7,1.8384776310850233,2.8,1.697056274847714,0.2,0.28284271247461906,0.2,0.28284271247461906,0,0,DaRon,Bland,DAL,CB,26,-2
DB,15904,robust,NA,NA,NA,NA,NA,NA,NA,NA,NA,NA,NA,NA,NA,NA,NA,NA,NA,NA,NA,NA,NA,NA,NA,NA,NA,NA,NA,NA,NA,NA,NA,NA,NA,NA,NA,NA,NA,NA,NA,NA,NA,NA,42.45,0.6671699999999989,18.2,3.2617199999999986,8.7,1.9273799999999996,2.8,1.7791199999999998,0.2,0.29652,0.2,0.29652,0,0,DaRon,Bland,DAL,CB,26,-2
DB,15904,weighted,NA,NA,NA,NA,NA,NA,NA,NA,NA,NA,NA,NA,NA,NA,NA,NA,NA,NA,NA,NA,NA,NA,NA,NA,NA,NA,NA,NA,NA,NA,NA,NA,NA,NA,NA,NA,NA,NA,NA,NA,NA,NA,42.436177474402726,0.6363961030678917,18.132423208191124,3.111269837220808,8.739931740614335,1.8384776310850233,2.8368600682593854,1.6970562748477138,0.19385665529010238,0.282842712474619,0.19385665529010238,0.282842712474619,0,0,DaRon,Bland,DAL,CB,26,-2
DB,14924,average,NA,NA,NA,NA,NA,NA,NA,NA,NA,NA,NA,NA,NA,NA,NA,NA,NA,NA,NA,NA,NA,NA,NA,NA,NA,NA,NA,NA,NA,NA,NA,NA,NA,NA,NA,NA,NA,NA,NA,NA,NA,NA,39.85,4.030508652763323,9.45,2.050609665440988,10.3,0.9899494936611668,2.85,0.21213203435596414,1,0,0,0,0.3,0,Jaylon,Johnson,CHI,CB,26,0
DB,14924,robust,NA,NA,NA,NA,NA,NA,NA,NA,NA,NA,NA,NA,NA,NA,NA,NA,NA,NA,NA,NA,NA,NA,NA,NA,NA,NA,NA,NA,NA,NA,NA,NA,NA,NA,NA,NA,NA,NA,NA,NA,NA,NA,39.85,4.225410000000002,9.45,2.14977,10.3,1.0378200000000002,2.85,0.22238999999999987,1,0,0,0,0.3,0,Jaylon,Johnson,CHI,CB,26,0
DB,14924,weighted,NA,NA,NA,NA,NA,NA,NA,NA,NA,NA,NA,NA,NA,NA,NA,NA,NA,NA,NA,NA,NA,NA,NA,NA,NA,NA,NA,NA,NA,NA,NA,NA,NA,NA,NA,NA,NA,NA,NA,NA,NA,NA,39.76245733788396,4.030508652763323,9.405460750853242,2.050609665440988,10.321501706484641,0.9899494936611668,2.8546075085324234,0.21213203435596412,1,0,0,0,0.3,0,Jaylon,Johnson,CHI,CB,26,0
DB,13731,average,NA,NA,NA,NA,NA,NA,NA,NA,NA,NA,NA,NA,NA,NA,NA,NA,NA,NA,NA,NA,NA,NA,NA,NA,NA,NA,NA,NA,NA,NA,NA,NA,NA,NA,NA,NA,NA,NA,NA,NA,NA,NA,49,1.4142135623730951,16,2.8284271247461903,6.7,0.4242640687119283,0.5,0.7071067811865476,0,0,0,0,0,0,Mike,Hughes,ATL,CB,28,2
DB,13731,robust,NA,NA,NA,NA,NA,NA,NA,NA,NA,NA,NA,NA,NA,NA,NA,NA,NA,NA,NA,NA,NA,NA,NA,NA,NA,NA,NA,NA,NA,NA,NA,NA,NA,NA,NA,NA,NA,NA,NA,NA,NA,NA,49,1.4826,16,2.9652,6.7,0.44477999999999973,0.5,0.7413,0,0,0,0,0,0,Mike,Hughes,ATL,CB,28,2
DB,13731,weighted,NA,NA,NA,NA,NA,NA,NA,NA,NA,NA,NA,NA,NA,NA,NA,NA,NA,NA,NA,NA,NA,NA,NA,NA,NA,NA,NA,NA,NA,NA,NA,NA,NA,NA,NA,NA,NA,NA,NA,NA,NA,NA,49.03071672354949,1.414213562373095,15.938566552901024,2.82842712474619,6.709215017064846,0.42426406871192823,0.515358361774744,0.7071067811865475,0,0,0,0,0,0,Mike,Hughes,ATL,CB,28,2
DB,16673,average,NA,NA,NA,NA,NA,NA,NA,NA,NA,NA,NA,NA,NA,NA,NA,NA,NA,NA,NA,NA,NA,NA,NA,NA,NA,NA,NA,NA,NA,NA,NA,NA,NA,NA,NA,NA,NA,NA,NA,NA,NA,NA,37.7,0.4242640687119295,12,2.8284271247461903,12.45,0.636396103067893,2.75,0.3535533905932738,0.4,0.5656854249492381,0,0,1.6,0,Nate,Wiggins,BAL,CB,22,-4
DB,16673,robust,NA,NA,NA,NA,NA,NA,NA,NA,NA,NA,NA,NA,NA,NA,NA,NA,NA,NA,NA,NA,NA,NA,NA,NA,NA,NA,NA,NA,NA,NA,NA,NA,NA,NA,NA,NA,NA,NA,NA,NA,NA,NA,37.7,0.444780000000001,12,2.9652,12.45,0.6671700000000003,2.75,0.37065,0.4,0.59304,0,0,1.6,0,Nate,Wiggins,BAL,CB,22,-4
DB,16673,weighted,NA,NA,NA,NA,NA,NA,NA,NA,NA,NA,NA,NA,NA,NA,NA,NA,NA,NA,NA,NA,NA,NA,NA,NA,NA,NA,NA,NA,NA,NA,NA,NA,NA,NA,NA,NA,NA,NA,NA,NA,NA,NA,37.70921501706485,0.4242640687119295,11.938566552901024,2.82842712474619,12.43617747440273,0.636396103067893,2.757679180887372,0.35355339059327373,0.38771331058020475,0.565685424949238,0,0,1.6,0,Nate,Wiggins,BAL,CB,22,-4
DB,14956,average,NA,NA,NA,NA,NA,NA,NA,NA,NA,NA,NA,NA,NA,NA,NA,NA,NA,NA,NA,NA,NA,NA,NA,NA,NA,NA,NA,NA,NA,NA,NA,NA,NA,NA,NA,NA,NA,NA,NA,NA,NA,NA,51,5.656854249492381,19.85,0.21213203435596475,7.65,4.737615433949869,1.25,1.0606601717798212,0,0,0,0,0.3,0,L'Jarius,Sneed,TEN,CB,28,0
DB,14956,robust,NA,NA,NA,NA,NA,NA,NA,NA,NA,NA,NA,NA,NA,NA,NA,NA,NA,NA,NA,NA,NA,NA,NA,NA,NA,NA,NA,NA,NA,NA,NA,NA,NA,NA,NA,NA,NA,NA,NA,NA,NA,NA,51,5.9304,19.85,0.2223900000000005,7.65,4.96671,1.25,1.11195,0,0,0,0,0.3,0,L'Jarius,Sneed,TEN,CB,28,0
DB,14956,weighted,NA,NA,NA,NA,NA,NA,NA,NA,NA,NA,NA,NA,NA,NA,NA,NA,NA,NA,NA,NA,NA,NA,NA,NA,NA,NA,NA,NA,NA,NA,NA,NA,NA,NA,NA,NA,NA,NA,NA,NA,NA,NA,51.122866894197955,5.65685424949238,19.85460750853242,0.21213203435596475,7.752901023890785,4.737615433949868,1.273037542662116,1.0606601717798212,0,0,0,0,0.3,0,L'Jarius,Sneed,TEN,CB,28,0
DB,14219,average,NA,NA,NA,NA,NA,NA,NA,NA,NA,NA,NA,NA,NA,NA,NA,NA,NA,NA,NA,NA,NA,NA,NA,NA,NA,NA,NA,NA,NA,NA,NA,NA,NA,NA,NA,NA,NA,NA,NA,NA,NA,NA,42.3,0.9899494936611655,14.8,1.1313708498984758,7.65,0.9192388155425123,1.45,0.7778174593052023,0.5,0.7071067811865476,0.45,0.6363961030678927,0,0,Jamel,Dean,TBB,CB,29,1
DB,14219,robust,NA,NA,NA,NA,NA,NA,NA,NA,NA,NA,NA,NA,NA,NA,NA,NA,NA,NA,NA,NA,NA,NA,NA,NA,NA,NA,NA,NA,NA,NA,NA,NA,NA,NA,NA,NA,NA,NA,NA,NA,NA,NA,42.3,1.0378199999999989,14.8,1.1860799999999996,7.65,0.9636900000000005,1.45,0.81543,0.5,0.7413,0.45,0.6671699999999999,0,0,Jamel,Dean,TBB,CB,29,1
DB,14219,weighted,NA,NA,NA,NA,NA,NA,NA,NA,NA,NA,NA,NA,NA,NA,NA,NA,NA,NA,NA,NA,NA,NA,NA,NA,NA,NA,NA,NA,NA,NA,NA,NA,NA,NA,NA,NA,NA,NA,NA,NA,NA,NA,42.32150170648464,0.9899494936611655,14.775426621160412,1.1313708498984758,7.630034129692833,0.9192388155425123,1.4668941979522183,0.7778174593052022,0.48464163822525597,0.7071067811865475,0.4361774744027304,0.6363961030678927,0,0,Jamel,Dean,TBB,CB,29,1
DB,16729,average,NA,NA,NA,NA,NA,NA,NA,NA,NA,NA,NA,NA,NA,NA,NA,NA,NA,NA,NA,NA,NA,NA,NA,NA,NA,NA,NA,NA,NA,NA,NA,NA,NA,NA,NA,NA,NA,NA,NA,NA,NA,NA,46.05,5.586143571373724,15.85,3.040559159102155,10,2.8284271247461903,2.45,0.7778174593052023,0,0,0,0,0.2,0,Tarheeb,Still,LAC,CB,23,-4
DB,16729,robust,NA,NA,NA,NA,NA,NA,NA,NA,NA,NA,NA,NA,NA,NA,NA,NA,NA,NA,NA,NA,NA,NA,NA,NA,NA,NA,NA,NA,NA,NA,NA,NA,NA,NA,NA,NA,NA,NA,NA,NA,NA,NA,46.05,5.8562699999999985,15.85,3.18759,10,2.9652,2.45,0.81543,0,0,0,0,0.2,0,Tarheeb,Still,LAC,CB,23,-4
DB,16729,weighted,NA,NA,NA,NA,NA,NA,NA,NA,NA,NA,NA,NA,NA,NA,NA,NA,NA,NA,NA,NA,NA,NA,NA,NA,NA,NA,NA,NA,NA,NA,NA,NA,NA,NA,NA,NA,NA,NA,NA,NA,NA,NA,46.17133105802048,5.586143571373724,15.916040955631399,3.0405591591021546,10.061433447098976,2.82842712474619,2.466894197952218,0.7778174593052023,0,0,0,0,0.2,0,Tarheeb,Still,LAC,CB,23,-4
DB,16670,average,NA,NA,NA,NA,NA,NA,NA,NA,NA,NA,NA,NA,NA,NA,NA,NA,NA,NA,NA,NA,NA,NA,NA,NA,NA,NA,NA,NA,NA,NA,NA,NA,NA,NA,NA,NA,NA,NA,NA,NA,NA,NA,41.4,1.979898987322331,15,2.8284271247461903,9.1,1.272792206135786,0.75,0.3535533905932738,0,0,0,0,0,0,Kool-Aid,McKinstry,NOS,CB,23,-4
DB,16670,robust,NA,NA,NA,NA,NA,NA,NA,NA,NA,NA,NA,NA,NA,NA,NA,NA,NA,NA,NA,NA,NA,NA,NA,NA,NA,NA,NA,NA,NA,NA,NA,NA,NA,NA,NA,NA,NA,NA,NA,NA,NA,NA,41.4,2.0756399999999977,15,2.9652,9.1,1.3343400000000005,0.75,0.37065,0,0,0,0,0,0,Kool-Aid,McKinstry,NOS,CB,23,-4
DB,16670,weighted,NA,NA,NA,NA,NA,NA,NA,NA,NA,NA,NA,NA,NA,NA,NA,NA,NA,NA,NA,NA,NA,NA,NA,NA,NA,NA,NA,NA,NA,NA,NA,NA,NA,NA,NA,NA,NA,NA,NA,NA,NA,NA,41.356996587030714,1.979898987322331,14.938566552901024,2.82842712474619,9.12764505119454,1.272792206135786,0.757679180887372,0.35355339059327373,0,0,0,0,0,0,Kool-Aid,McKinstry,NOS,CB,23,-4
DB,14918,average,NA,NA,NA,NA,NA,NA,NA,NA,NA,NA,NA,NA,NA,NA,NA,NA,NA,NA,NA,NA,NA,NA,NA,NA,NA,NA,NA,NA,NA,NA,NA,NA,NA,NA,NA,NA,NA,NA,NA,NA,NA,NA,46.9,7.2124891681027865,14.8,1.1313708498984758,8.35,0.49497474683058273,1.4,0.848528137423857,0,0,0,0,0,0,A.J.,Terrell,ATL,CB,27,0
DB,14918,robust,NA,NA,NA,NA,NA,NA,NA,NA,NA,NA,NA,NA,NA,NA,NA,NA,NA,NA,NA,NA,NA,NA,NA,NA,NA,NA,NA,NA,NA,NA,NA,NA,NA,NA,NA,NA,NA,NA,NA,NA,NA,NA,46.9,7.561260000000002,14.8,1.1860799999999996,8.35,0.5189099999999994,1.4,0.8895599999999999,0,0,0,0,0,0,A.J.,Terrell,ATL,CB,27,0
DB,14918,weighted,NA,NA,NA,NA,NA,NA,NA,NA,NA,NA,NA,NA,NA,NA,NA,NA,NA,NA,NA,NA,NA,NA,NA,NA,NA,NA,NA,NA,NA,NA,NA,NA,NA,NA,NA,NA,NA,NA,NA,NA,NA,NA,47.056655290102384,7.2124891681027865,14.775426621160412,1.1313708498984758,8.339249146757679,0.49497474683058273,1.4184300341296927,0.8485281374238569,0,0,0,0,0,0,A.J.,Terrell,ATL,CB,27,0
DB,16268,average,NA,NA,NA,NA,NA,NA,NA,NA,NA,NA,NA,NA,NA,NA,NA,NA,NA,NA,NA,NA,NA,NA,NA,NA,NA,NA,NA,NA,NA,NA,NA,NA,NA,NA,NA,NA,NA,NA,NA,NA,NA,NA,39.8,1.1313708498984771,10.8,3.111269837220809,10.4,3.3941125496954285,1.05,0.07071067811865482,0,0,0,0,0,0,DJ,Turner,CIN,CB,25,-3
DB,16268,robust,NA,NA,NA,NA,NA,NA,NA,NA,NA,NA,NA,NA,NA,NA,NA,NA,NA,NA,NA,NA,NA,NA,NA,NA,NA,NA,NA,NA,NA,NA,NA,NA,NA,NA,NA,NA,NA,NA,NA,NA,NA,NA,39.8,1.186080000000001,10.8,3.26172,10.4,3.5582400000000005,1.05,0.07413000000000006,0,0,0,0,0,0,DJ,Turner,CIN,CB,25,-3
DB,16268,weighted,NA,NA,NA,NA,NA,NA,NA,NA,NA,NA,NA,NA,NA,NA,NA,NA,NA,NA,NA,NA,NA,NA,NA,NA,NA,NA,NA,NA,NA,NA,NA,NA,NA,NA,NA,NA,NA,NA,NA,NA,NA,NA,39.77542662116041,1.131370849898477,10.867576791808874,3.111269837220809,10.32627986348123,3.3941125496954285,1.0484641638225258,0.07071067811865481,0,0,0,0,0,0,DJ,Turner,CIN,CB,25,-3
DB,13224,average,NA,NA,NA,NA,NA,NA,NA,NA,NA,NA,NA,NA,NA,NA,NA,NA,NA,NA,NA,NA,NA,NA,NA,NA,NA,NA,NA,NA,NA,NA,NA,NA,NA,NA,NA,NA,NA,NA,NA,NA,NA,NA,39.05,1.3435028842544392,15.25,4.596194077712559,8.25,3.181980515339464,0.6,0.565685424949238,0,0,0,0,0,0,Marshon,Lattimore,WAS,CB,29,3
DB,13224,robust,NA,NA,NA,NA,NA,NA,NA,NA,NA,NA,NA,NA,NA,NA,NA,NA,NA,NA,NA,NA,NA,NA,NA,NA,NA,NA,NA,NA,NA,NA,NA,NA,NA,NA,NA,NA,NA,NA,NA,NA,NA,NA,39.05,1.4084699999999988,15.25,4.8184499999999995,8.25,3.3358499999999998,0.6,0.59304,0,0,0,0,0,0,Marshon,Lattimore,WAS,CB,29,3
DB,13224,weighted,NA,NA,NA,NA,NA,NA,NA,NA,NA,NA,NA,NA,NA,NA,NA,NA,NA,NA,NA,NA,NA,NA,NA,NA,NA,NA,NA,NA,NA,NA,NA,NA,NA,NA,NA,NA,NA,NA,NA,NA,NA,NA,39.07918088737201,1.3435028842544392,15.150170648464165,4.596194077712559,8.180887372013652,3.181980515339464,0.6122866894197952,0.565685424949238,0,0,0,0,0,0,Marshon,Lattimore,WAS,CB,29,3
DB,15394,average,NA,NA,NA,NA,NA,NA,NA,NA,NA,NA,NA,NA,NA,NA,NA,NA,NA,NA,NA,NA,NA,NA,NA,NA,NA,NA,NA,NA,NA,NA,NA,NA,NA,NA,NA,NA,NA,NA,NA,NA,NA,NA,46.55,10.535891039679557,15.45,2.050609665440987,10.25,5.303300858899107,2.3,0.9899494936611665,0.5,0.7071067811865476,0,0,0,0,Paulson,Adebo,NYG,CB,26,-1
DB,15394,robust,NA,NA,NA,NA,NA,NA,NA,NA,NA,NA,NA,NA,NA,NA,NA,NA,NA,NA,NA,NA,NA,NA,NA,NA,NA,NA,NA,NA,NA,NA,NA,NA,NA,NA,NA,NA,NA,NA,NA,NA,NA,NA,46.55,11.045369999999998,15.45,2.149769999999999,10.25,5.559749999999999,2.3,1.03782,0.5,0.7413,0,0,0,0,Paulson,Adebo,NYG,CB,26,-1
DB,15394,weighted,NA,NA,NA,NA,NA,NA,NA,NA,NA,NA,NA,NA,NA,NA,NA,NA,NA,NA,NA,NA,NA,NA,NA,NA,NA,NA,NA,NA,NA,NA,NA,NA,NA,NA,NA,NA,NA,NA,NA,NA,NA,NA,46.77883959044369,10.535891039679555,15.405460750853242,2.050609665440987,10.365187713310581,5.303300858899106,2.3215017064846415,0.9899494936611664,0.515358361774744,0.7071067811865475,0,0,0,0,Paulson,Adebo,NYG,CB,26,-1
DB,16263,average,NA,NA,NA,NA,NA,NA,NA,NA,NA,NA,NA,NA,NA,NA,NA,NA,NA,NA,NA,NA,NA,NA,NA,NA,NA,NA,NA,NA,NA,NA,NA,NA,NA,NA,NA,NA,NA,NA,NA,NA,NA,NA,44,11.313708498984761,29.5,7.7781745930520225,3.65,0.4949747468305834,1.9,0.14142135623730948,1.75,0.3535533905932738,0,0,0.7,0,Quan,Martin,WAS,S,25,-3
DB,16263,robust,NA,NA,NA,NA,NA,NA,NA,NA,NA,NA,NA,NA,NA,NA,NA,NA,NA,NA,NA,NA,NA,NA,NA,NA,NA,NA,NA,NA,NA,NA,NA,NA,NA,NA,NA,NA,NA,NA,NA,NA,NA,NA,44,11.8608,29.5,8.1543,3.65,0.5189100000000001,1.9,0.14825999999999995,1.75,0.37065,0,0,0.7,0,Quan,Martin,WAS,S,25,-3
DB,16263,weighted,NA,NA,NA,NA,NA,NA,NA,NA,NA,NA,NA,NA,NA,NA,NA,NA,NA,NA,NA,NA,NA,NA,NA,NA,NA,NA,NA,NA,NA,NA,NA,NA,NA,NA,NA,NA,NA,NA,NA,NA,NA,NA,44.2457337883959,11.31370849898476,29.668941979522184,7.7781745930520225,3.660750853242321,0.4949747468305834,1.9030716723549488,0.14142135623730948,1.7576791808873717,0.35355339059327373,0,0,0.7,0,Quan,Martin,WAS,S,25,-3
DB,16703,average,NA,NA,NA,NA,NA,NA,NA,NA,NA,NA,NA,NA,NA,NA,NA,NA,NA,NA,NA,NA,NA,NA,NA,NA,NA,NA,NA,NA,NA,NA,NA,NA,NA,NA,NA,NA,NA,NA,NA,NA,NA,NA,40.55,0.7778174593052033,19.45,0.7778174593052033,3.25,1.0606601717798212,1,0,1.25,0.3535533905932738,0.1,0.14142135623730953,0,0,Andru,Phillips,NYG,CB,24,-4
DB,16703,robust,NA,NA,NA,NA,NA,NA,NA,NA,NA,NA,NA,NA,NA,NA,NA,NA,NA,NA,NA,NA,NA,NA,NA,NA,NA,NA,NA,NA,NA,NA,NA,NA,NA,NA,NA,NA,NA,NA,NA,NA,NA,NA,40.55,0.815430000000001,19.45,0.815430000000001,3.25,1.11195,1,0,1.25,0.37065,0.1,0.14826,0,0,Andru,Phillips,NYG,CB,24,-4
DB,16703,weighted,NA,NA,NA,NA,NA,NA,NA,NA,NA,NA,NA,NA,NA,NA,NA,NA,NA,NA,NA,NA,NA,NA,NA,NA,NA,NA,NA,NA,NA,NA,NA,NA,NA,NA,NA,NA,NA,NA,NA,NA,NA,NA,40.533105802047785,0.7778174593052033,19.466894197952218,0.7778174593052032,3.273037542662116,1.0606601717798212,1,0,1.242320819112628,0.35355339059327373,0.09692832764505119,0.1414213562373095,0,0,Andru,Phillips,NYG,CB,24,-4
DB,15836,average,NA,NA,NA,NA,NA,NA,NA,NA,NA,NA,NA,NA,NA,NA,NA,NA,NA,NA,NA,NA,NA,NA,NA,NA,NA,NA,NA,NA,NA,NA,NA,NA,NA,NA,NA,NA,NA,NA,NA,NA,NA,NA,46.6,11.879393923933996,25.1,4.101219330881976,5.85,3.040559159102154,1.45,0.7778174593052023,0.35,0.49497474683058323,0.35,0.49497474683058323,0.6,0,Daxton,Hill,CIN,CB,25,-2
DB,15836,robust,NA,NA,NA,NA,NA,NA,NA,NA,NA,NA,NA,NA,NA,NA,NA,NA,NA,NA,NA,NA,NA,NA,NA,NA,NA,NA,NA,NA,NA,NA,NA,NA,NA,NA,NA,NA,NA,NA,NA,NA,NA,NA,46.6,12.453839999999998,25.1,4.29954,5.85,3.1875899999999997,1.45,0.81543,0.35,0.51891,0.35,0.51891,0.6,0,Daxton,Hill,CIN,CB,25,-2
DB,15836,weighted,NA,NA,NA,NA,NA,NA,NA,NA,NA,NA,NA,NA,NA,NA,NA,NA,NA,NA,NA,NA,NA,NA,NA,NA,NA,NA,NA,NA,NA,NA,NA,NA,NA,NA,NA,NA,NA,NA,NA,NA,NA,NA,46.8580204778157,11.879393923933996,25.189078498293515,4.101219330881976,5.9160409556313995,3.040559159102154,1.4668941979522183,0.7778174593052022,0.33924914675767914,0.4949747468305832,0.33924914675767914,0.4949747468305832,0.6,0,Daxton,Hill,CIN,CB,25,-2
DB,13707,average,NA,NA,NA,NA,NA,NA,NA,NA,NA,NA,NA,NA,NA,NA,NA,NA,NA,NA,NA,NA,NA,NA,NA,NA,NA,NA,NA,NA,NA,NA,NA,NA,NA,NA,NA,NA,NA,NA,NA,NA,NA,NA,38.4,0.848528137423859,6.1,0.14142135623730964,13.1,2.687005768508881,2.4,0.848528137423857,0.65,0.4949747468305833,0.65,0.4949747468305833,0,0,Denzel,Ward,CLE,CB,28,2
DB,13707,robust,NA,NA,NA,NA,NA,NA,NA,NA,NA,NA,NA,NA,NA,NA,NA,NA,NA,NA,NA,NA,NA,NA,NA,NA,NA,NA,NA,NA,NA,NA,NA,NA,NA,NA,NA,NA,NA,NA,NA,NA,NA,NA,38.4,0.889560000000002,6.1,0.14826000000000011,13.1,2.8169400000000002,2.4,0.8895599999999999,0.65,0.51891,0.65,0.51891,0,0,Denzel,Ward,CLE,CB,28,2
DB,13707,weighted,NA,NA,NA,NA,NA,NA,NA,NA,NA,NA,NA,NA,NA,NA,NA,NA,NA,NA,NA,NA,NA,NA,NA,NA,NA,NA,NA,NA,NA,NA,NA,NA,NA,NA,NA,NA,NA,NA,NA,NA,NA,NA,38.41843003412969,0.848528137423859,6.096928327645052,0.14142135623730961,13.158361774744028,2.687005768508881,2.4184300341296927,0.8485281374238569,0.6607508532423209,0.4949747468305833,0.6607508532423209,0.4949747468305833,0,0,Denzel,Ward,CLE,CB,28,2
DB,13920,average,NA,NA,NA,NA,NA,NA,NA,NA,NA,NA,NA,NA,NA,NA,NA,NA,NA,NA,NA,NA,NA,NA,NA,NA,NA,NA,NA,NA,NA,NA,NA,NA,NA,NA,NA,NA,NA,NA,NA,NA,NA,NA,43.05,2.7577164466275343,16.3,1.8384776310850246,9.5,6.363961030678928,1.65,1.9091883092036783,0,0,0,0,0,0,Charvarius,Ward,IND,CB,29,2
DB,13920,robust,NA,NA,NA,NA,NA,NA,NA,NA,NA,NA,NA,NA,NA,NA,NA,NA,NA,NA,NA,NA,NA,NA,NA,NA,NA,NA,NA,NA,NA,NA,NA,NA,NA,NA,NA,NA,NA,NA,NA,NA,NA,NA,43.05,2.8910699999999987,16.3,1.927380000000001,9.5,6.6716999999999995,1.65,2.00151,0,0,0,0,0,0,Charvarius,Ward,IND,CB,29,2
DB,13920,weighted,NA,NA,NA,NA,NA,NA,NA,NA,NA,NA,NA,NA,NA,NA,NA,NA,NA,NA,NA,NA,NA,NA,NA,NA,NA,NA,NA,NA,NA,NA,NA,NA,NA,NA,NA,NA,NA,NA,NA,NA,NA,NA,43.1098976109215,2.7577164466275343,16.26006825938567,1.8384776310850246,9.638225255972696,6.363961030678928,1.6914675767918088,1.9091883092036783,0,0,0,0,0,0,Charvarius,Ward,IND,CB,29,2
DB,13959,average,NA,NA,NA,NA,NA,NA,NA,NA,NA,NA,NA,NA,NA,NA,NA,NA,NA,NA,NA,NA,NA,NA,NA,NA,NA,NA,NA,NA,NA,NA,NA,NA,NA,NA,NA,NA,NA,NA,NA,NA,NA,NA,37.7,3.2526911934581197,15.55,5.020458146424488,11,4.242640687119285,1.7,0.42426406871192857,0.5,0.7071067811865476,0,0,0,0,Darious,Williams,LAR,CB,32,2
DB,13959,robust,NA,NA,NA,NA,NA,NA,NA,NA,NA,NA,NA,NA,NA,NA,NA,NA,NA,NA,NA,NA,NA,NA,NA,NA,NA,NA,NA,NA,NA,NA,NA,NA,NA,NA,NA,NA,NA,NA,NA,NA,NA,NA,37.7,3.409980000000001,15.55,5.263230000000001,11,4.4478,1.7,0.44478000000000006,0.5,0.7413,0,0,0,0,Darious,Williams,LAR,CB,32,2
DB,13959,weighted,NA,NA,NA,NA,NA,NA,NA,NA,NA,NA,NA,NA,NA,NA,NA,NA,NA,NA,NA,NA,NA,NA,NA,NA,NA,NA,NA,NA,NA,NA,NA,NA,NA,NA,NA,NA,NA,NA,NA,NA,NA,NA,37.77064846416383,3.2526911934581193,15.44095563139932,5.020458146424488,11.092150170648464,4.242640687119285,1.7092150170648461,0.42426406871192857,0.515358361774744,0.7071067811865475,0,0,0,0,Darious,Williams,LAR,CB,32,2
DB,16240,average,NA,NA,NA,NA,NA,NA,NA,NA,NA,NA,NA,NA,NA,NA,NA,NA,NA,NA,NA,NA,NA,NA,NA,NA,NA,NA,NA,NA,NA,NA,NA,NA,NA,NA,NA,NA,NA,NA,NA,NA,NA,NA,43.3,3.8183766184073558,14.1,1.272792206135786,7.5,2.1213203435596424,1.05,0.07071067811865482,0,0,0,0,0,0,Joey,Porter Jr.,PIT,CB,25,-3
DB,16240,robust,NA,NA,NA,NA,NA,NA,NA,NA,NA,NA,NA,NA,NA,NA,NA,NA,NA,NA,NA,NA,NA,NA,NA,NA,NA,NA,NA,NA,NA,NA,NA,NA,NA,NA,NA,NA,NA,NA,NA,NA,NA,NA,43.3,4.0030199999999985,14.1,1.3343400000000005,7.5,2.2239,1.05,0.07413000000000006,0,0,0,0,0,0,Joey,Porter Jr.,PIT,CB,25,-3
DB,16240,weighted,NA,NA,NA,NA,NA,NA,NA,NA,NA,NA,NA,NA,NA,NA,NA,NA,NA,NA,NA,NA,NA,NA,NA,NA,NA,NA,NA,NA,NA,NA,NA,NA,NA,NA,NA,NA,NA,NA,NA,NA,NA,NA,43.38293515358362,3.8183766184073553,14.127645051194541,1.272792206135786,7.546075085324232,2.1213203435596424,1.0484641638225258,0.07071067811865481,0,0,0,0,0,0,Joey,Porter Jr.,PIT,CB,25,-3
DB,15894,average,NA,NA,NA,NA,NA,NA,NA,NA,NA,NA,NA,NA,NA,NA,NA,NA,NA,NA,NA,NA,NA,NA,NA,NA,NA,NA,NA,NA,NA,NA,NA,NA,NA,NA,NA,NA,NA,NA,NA,NA,NA,NA,35.65,6.151828996322963,11.15,1.2020815280171302,13,0,2.6,0.5656854249492379,0.5,0.7071067811865476,0.5,0.7071067811865476,0,0,Tariq,Woolen,SEA,CB,26,-2
DB,15894,robust,NA,NA,NA,NA,NA,NA,NA,NA,NA,NA,NA,NA,NA,NA,NA,NA,NA,NA,NA,NA,NA,NA,NA,NA,NA,NA,NA,NA,NA,NA,NA,NA,NA,NA,NA,NA,NA,NA,NA,NA,NA,NA,35.65,6.449309999999999,11.15,1.2602099999999994,13,0,2.6,0.5930399999999998,0.5,0.7413,0.5,0.7413,0,0,Tariq,Woolen,SEA,CB,26,-2
DB,15894,weighted,NA,NA,NA,NA,NA,NA,NA,NA,NA,NA,NA,NA,NA,NA,NA,NA,NA,NA,NA,NA,NA,NA,NA,NA,NA,NA,NA,NA,NA,NA,NA,NA,NA,NA,NA,NA,NA,NA,NA,NA,NA,NA,35.783617747440275,6.151828996322963,11.176109215017064,1.2020815280171302,13,0,2.612286689419795,0.5656854249492379,0.48464163822525597,0.7071067811865475,0.515358361774744,0.7071067811865475,0,0,Tariq,Woolen,SEA,CB,26,-2
DB,16889,average,NA,NA,NA,NA,NA,NA,NA,NA,NA,NA,NA,NA,NA,NA,NA,NA,NA,NA,NA,NA,NA,NA,NA,NA,NA,NA,NA,NA,NA,NA,NA,NA,NA,NA,NA,NA,NA,NA,NA,NA,NA,NA,37.9,0.14142135623731153,19.45,2.1920310216782983,5.4,1.979898987322333,0.75,0.3535533905932738,0.5,0.7071067811865476,0,0,0,0,Storm,Duck,MIA,CB,25,-4
DB,16889,robust,NA,NA,NA,NA,NA,NA,NA,NA,NA,NA,NA,NA,NA,NA,NA,NA,NA,NA,NA,NA,NA,NA,NA,NA,NA,NA,NA,NA,NA,NA,NA,NA,NA,NA,NA,NA,NA,NA,NA,NA,NA,NA,37.9,0.1482600000000021,19.45,2.298030000000001,5.4,2.07564,0.75,0.37065,0.5,0.7413,0,0,0,0,Storm,Duck,MIA,CB,25,-4
DB,16889,weighted,NA,NA,NA,NA,NA,NA,NA,NA,NA,NA,NA,NA,NA,NA,NA,NA,NA,NA,NA,NA,NA,NA,NA,NA,NA,NA,NA,NA,NA,NA,NA,NA,NA,NA,NA,NA,NA,NA,NA,NA,NA,NA,37.90307167235495,0.1414213562373115,19.497610921501707,2.1920310216782983,5.356996587030717,1.9798989873223327,0.757679180887372,0.35355339059327373,0.515358361774744,0.7071067811865475,0,0,0,0,Storm,Duck,MIA,CB,25,-4
DB,10783,average,NA,NA,NA,NA,NA,NA,NA,NA,NA,NA,NA,NA,NA,NA,NA,NA,NA,NA,NA,NA,NA,NA,NA,NA,NA,NA,NA,NA,NA,NA,NA,NA,NA,NA,NA,NA,NA,NA,NA,NA,NA,NA,48.95,19.869700551341985,26.35,7.990306627407987,6.35,0.9192388155425116,1.6,0.5656854249492381,0.65,0.4949747468305833,0.65,0.4949747468305833,0,0,Harrison,Smith,MIN,S,36,8
DB,10783,robust,NA,NA,NA,NA,NA,NA,NA,NA,NA,NA,NA,NA,NA,NA,NA,NA,NA,NA,NA,NA,NA,NA,NA,NA,NA,NA,NA,NA,NA,NA,NA,NA,NA,NA,NA,NA,NA,NA,NA,NA,NA,NA,48.95,20.83053,26.35,8.37669,6.35,0.9636899999999998,1.6,0.59304,0.65,0.51891,0.65,0.51891,0,0,Harrison,Smith,MIN,S,36,8
DB,10783,weighted,NA,NA,NA,NA,NA,NA,NA,NA,NA,NA,NA,NA,NA,NA,NA,NA,NA,NA,NA,NA,NA,NA,NA,NA,NA,NA,NA,NA,NA,NA,NA,NA,NA,NA,NA,NA,NA,NA,NA,NA,NA,NA,49.381569965870305,19.869700551341985,26.52354948805461,7.990306627407988,6.369965870307168,0.9192388155425116,1.6122866894197951,0.5656854249492381,0.6607508532423209,0.4949747468305833,0.6607508532423209,0.4949747468305833,0,0,Harrison,Smith,MIN,S,36,8
DB,12711,average,NA,NA,NA,NA,NA,NA,NA,NA,NA,NA,NA,NA,NA,NA,NA,NA,NA,NA,NA,NA,NA,NA,NA,NA,NA,NA,NA,NA,NA,NA,NA,NA,NA,NA,NA,NA,NA,NA,NA,NA,NA,NA,39.55,10.535891039679557,15.8,2.545584412271572,10.55,4.879036790187178,2.3,0.9899494936611665,1.15,0.21213203435596428,0,0,0,0,Jalen,Ramsey,PIT,CB,31,4
DB,12711,robust,NA,NA,NA,NA,NA,NA,NA,NA,NA,NA,NA,NA,NA,NA,NA,NA,NA,NA,NA,NA,NA,NA,NA,NA,NA,NA,NA,NA,NA,NA,NA,NA,NA,NA,NA,NA,NA,NA,NA,NA,NA,NA,39.55,11.045369999999998,15.8,2.668680000000001,10.55,5.11497,2.3,1.03782,1.15,0.22239000000000003,0,0,0,0,Jalen,Ramsey,PIT,CB,31,4
DB,12711,weighted,NA,NA,NA,NA,NA,NA,NA,NA,NA,NA,NA,NA,NA,NA,NA,NA,NA,NA,NA,NA,NA,NA,NA,NA,NA,NA,NA,NA,NA,NA,NA,NA,NA,NA,NA,NA,NA,NA,NA,NA,NA,NA,39.77883959044368,10.535891039679557,15.744709897610923,2.545584412271572,10.655972696245733,4.879036790187178,2.3215017064846415,0.9899494936611664,1.1453924914675768,0.21213203435596428,0,0,0,0,Jalen,Ramsey,PIT,CB,31,4
DB,16255,average,NA,NA,NA,NA,NA,NA,NA,NA,NA,NA,NA,NA,NA,NA,NA,NA,NA,NA,NA,NA,NA,NA,NA,NA,NA,NA,NA,NA,NA,NA,NA,NA,NA,NA,NA,NA,NA,NA,NA,NA,NA,NA,39.2,5.374011537017762,13.6,2.2627416997969516,9.85,1.6263455967290599,1.1,1.2727922061357855,0.3,0.4242640687119285,0,0,0,0,Deonte,Banks,NYG,CB,24,-3
DB,16255,robust,NA,NA,NA,NA,NA,NA,NA,NA,NA,NA,NA,NA,NA,NA,NA,NA,NA,NA,NA,NA,NA,NA,NA,NA,NA,NA,NA,NA,NA,NA,NA,NA,NA,NA,NA,NA,NA,NA,NA,NA,NA,NA,39.2,5.6338800000000004,13.6,2.372159999999999,9.85,1.7049900000000004,1.1,1.3343399999999999,0.3,0.44477999999999995,0,0,0,0,Deonte,Banks,NYG,CB,24,-3
DB,16255,weighted,NA,NA,NA,NA,NA,NA,NA,NA,NA,NA,NA,NA,NA,NA,NA,NA,NA,NA,NA,NA,NA,NA,NA,NA,NA,NA,NA,NA,NA,NA,NA,NA,NA,NA,NA,NA,NA,NA,NA,NA,NA,NA,39.31672354948806,5.374011537017762,13.55085324232082,2.2627416997969516,9.885324232081912,1.6263455967290597,1.1276450511945393,1.2727922061357855,0.29078498293515354,0.42426406871192845,0,0,0,0,Deonte,Banks,NYG,CB,24,-3
DB,14197,average,NA,NA,NA,NA,NA,NA,NA,NA,NA,NA,NA,NA,NA,NA,NA,NA,NA,NA,NA,NA,NA,NA,NA,NA,NA,NA,NA,NA,NA,NA,NA,NA,NA,NA,NA,NA,NA,NA,NA,NA,NA,NA,42.05,4.171930009000629,12.75,3.181980515339464,5.1,1.5556349186104046,1,0,0,0,0,0,0,0,Darnell,Savage,WAS,S,28,1
DB,14197,robust,NA,NA,NA,NA,NA,NA,NA,NA,NA,NA,NA,NA,NA,NA,NA,NA,NA,NA,NA,NA,NA,NA,NA,NA,NA,NA,NA,NA,NA,NA,NA,NA,NA,NA,NA,NA,NA,NA,NA,NA,NA,NA,42.05,4.373669999999999,12.75,3.3358499999999998,5.1,1.63086,1,0,0,0,0,0,0,0,Darnell,Savage,WAS,S,28,1
DB,14197,weighted,NA,NA,NA,NA,NA,NA,NA,NA,NA,NA,NA,NA,NA,NA,NA,NA,NA,NA,NA,NA,NA,NA,NA,NA,NA,NA,NA,NA,NA,NA,NA,NA,NA,NA,NA,NA,NA,NA,NA,NA,NA,NA,42.140614334470996,4.171930009000629,12.81911262798635,3.181980515339464,5.066211604095563,1.5556349186104046,1,0,0,0,0,0,0,0,Darnell,Savage,WAS,S,28,1
DB,15833,average,NA,NA,NA,NA,NA,NA,NA,NA,NA,NA,NA,NA,NA,NA,NA,NA,NA,NA,NA,NA,NA,NA,NA,NA,NA,NA,NA,NA,NA,NA,NA,NA,NA,NA,NA,NA,NA,NA,NA,NA,NA,NA,37.1,4.101219330881974,13.65,1.9091883092036779,12.9,4.384062043356594,1.4,0.848528137423857,0,0,0.5,0.7071067811865476,0,0,Sauce,Gardner,NYJ,CB,25,-2
DB,15833,robust,NA,NA,NA,NA,NA,NA,NA,NA,NA,NA,NA,NA,NA,NA,NA,NA,NA,NA,NA,NA,NA,NA,NA,NA,NA,NA,NA,NA,NA,NA,NA,NA,NA,NA,NA,NA,NA,NA,NA,NA,NA,NA,37.1,4.299539999999998,13.65,2.0015099999999992,12.9,4.59606,1.4,0.8895599999999999,0,0,0.5,0.7413,0,0,Sauce,Gardner,NYJ,CB,25,-2
DB,15833,weighted,NA,NA,NA,NA,NA,NA,NA,NA,NA,NA,NA,NA,NA,NA,NA,NA,NA,NA,NA,NA,NA,NA,NA,NA,NA,NA,NA,NA,NA,NA,NA,NA,NA,NA,NA,NA,NA,NA,NA,NA,NA,NA,37.18907849829352,4.101219330881974,13.691467576791808,1.9091883092036777,12.995221843003414,4.384062043356594,1.4184300341296927,0.8485281374238569,0,0,0.515358361774744,0.7071067811865475,0,0,Sauce,Gardner,NYJ,CB,25,-2
DB,13774,average,NA,NA,NA,NA,NA,NA,NA,NA,NA,NA,NA,NA,NA,NA,NA,NA,NA,NA,NA,NA,NA,NA,NA,NA,NA,NA,NA,NA,NA,NA,NA,NA,NA,NA,NA,NA,NA,NA,NA,NA,NA,NA,44.8,14.42497833620557,12.85,3.040559159102155,8.6,1.979898987322333,0.5,0.7071067811865476,0.35,0.49497474683058323,0.15,0.21213203435596426,0,0,D.J.,Reed,DET,CB,29,2
DB,13774,robust,NA,NA,NA,NA,NA,NA,NA,NA,NA,NA,NA,NA,NA,NA,NA,NA,NA,NA,NA,NA,NA,NA,NA,NA,NA,NA,NA,NA,NA,NA,NA,NA,NA,NA,NA,NA,NA,NA,NA,NA,NA,NA,44.8,15.122519999999998,12.85,3.18759,8.6,2.07564,0.5,0.7413,0.35,0.51891,0.15,0.22238999999999998,0,0,D.J.,Reed,DET,CB,29,2
DB,13774,weighted,NA,NA,NA,NA,NA,NA,NA,NA,NA,NA,NA,NA,NA,NA,NA,NA,NA,NA,NA,NA,NA,NA,NA,NA,NA,NA,NA,NA,NA,NA,NA,NA,NA,NA,NA,NA,NA,NA,NA,NA,NA,NA,45.11331058020478,14.424978336205568,12.916040955631399,3.0405591591021546,8.643003412969284,1.9798989873223327,0.515358361774744,0.7071067811865475,0.33924914675767914,0.4949747468305832,0.14539249146757677,0.21213203435596423,0,0,D.J.,Reed,DET,CB,29,2
DB,13710,average,NA,NA,NA,NA,NA,NA,NA,NA,NA,NA,NA,NA,NA,NA,NA,NA,NA,NA,NA,NA,NA,NA,NA,NA,NA,NA,NA,NA,NA,NA,NA,NA,NA,NA,NA,NA,NA,NA,NA,NA,NA,NA,38.2,9.616652224137047,11.7,0.4242640687119283,9.7,0.4242640687119283,1,1.4142135623730951,1.3,0.42426406871192857,0.4,0.5656854249492381,0,0,Carlton,Davis,NEP,CB,29,2
DB,13710,robust,NA,NA,NA,NA,NA,NA,NA,NA,NA,NA,NA,NA,NA,NA,NA,NA,NA,NA,NA,NA,NA,NA,NA,NA,NA,NA,NA,NA,NA,NA,NA,NA,NA,NA,NA,NA,NA,NA,NA,NA,NA,NA,38.2,10.08168,11.7,0.44477999999999973,9.7,0.44477999999999973,1,1.4826,1.3,0.44478000000000006,0.4,0.59304,0,0,Carlton,Davis,NEP,CB,29,2
DB,13710,weighted,NA,NA,NA,NA,NA,NA,NA,NA,NA,NA,NA,NA,NA,NA,NA,NA,NA,NA,NA,NA,NA,NA,NA,NA,NA,NA,NA,NA,NA,NA,NA,NA,NA,NA,NA,NA,NA,NA,NA,NA,NA,NA,38.40887372013651,9.616652224137047,11.709215017064846,0.42426406871192823,9.709215017064848,0.42426406871192823,1.030716723549488,1.414213562373095,1.2907849829351536,0.42426406871192857,0.38771331058020475,0.565685424949238,0,0,Carlton,Davis,NEP,CB,29,2
DB,15377,average,NA,NA,NA,NA,NA,NA,NA,NA,NA,NA,NA,NA,NA,NA,NA,NA,NA,NA,NA,NA,NA,NA,NA,NA,NA,NA,NA,NA,NA,NA,NA,NA,NA,NA,NA,NA,NA,NA,NA,NA,NA,NA,32.2,6.788225099390857,12.8,2.545584412271571,6.25,2.4748737341529163,1.1,0.14142135623730948,0,0,0,0,0,0,Eric,Stokes,LVR,CB,26,-1
DB,15377,robust,NA,NA,NA,NA,NA,NA,NA,NA,NA,NA,NA,NA,NA,NA,NA,NA,NA,NA,NA,NA,NA,NA,NA,NA,NA,NA,NA,NA,NA,NA,NA,NA,NA,NA,NA,NA,NA,NA,NA,NA,NA,NA,32.2,7.116480000000001,12.8,2.6686799999999997,6.25,2.59455,1.1,0.14825999999999995,0,0,0,0,0,0,Eric,Stokes,LVR,CB,26,-1
DB,15377,weighted,NA,NA,NA,NA,NA,NA,NA,NA,NA,NA,NA,NA,NA,NA,NA,NA,NA,NA,NA,NA,NA,NA,NA,NA,NA,NA,NA,NA,NA,NA,NA,NA,NA,NA,NA,NA,NA,NA,NA,NA,NA,NA,32.34744027303754,6.788225099390857,12.744709897610923,2.5455844122715705,6.303754266211604,2.474873734152916,1.0969283276450512,0.14142135623730948,0,0,0,0,0,0,Eric,Stokes,LVR,CB,26,-1
DB,16727,average,NA,NA,NA,NA,NA,NA,NA,NA,NA,NA,NA,NA,NA,NA,NA,NA,NA,NA,NA,NA,NA,NA,NA,NA,NA,NA,NA,NA,NA,NA,NA,NA,NA,NA,NA,NA,NA,NA,NA,NA,NA,NA,34.7,14.56639969244288,17.85,10.11162697096763,5.8,0.2828427124746193,3.45,0.7778174593052023,0,0,0.5,0.7071067811865476,0,0,Jaden,Hicks,KCC,S,23,-4
DB,16727,robust,NA,NA,NA,NA,NA,NA,NA,NA,NA,NA,NA,NA,NA,NA,NA,NA,NA,NA,NA,NA,NA,NA,NA,NA,NA,NA,NA,NA,NA,NA,NA,NA,NA,NA,NA,NA,NA,NA,NA,NA,NA,NA,34.7,15.27078,17.85,10.60059,5.8,0.29652000000000023,3.45,0.81543,0,0,0.5,0.7413,0,0,Jaden,Hicks,KCC,S,23,-4
DB,16727,weighted,NA,NA,NA,NA,NA,NA,NA,NA,NA,NA,NA,NA,NA,NA,NA,NA,NA,NA,NA,NA,NA,NA,NA,NA,NA,NA,NA,NA,NA,NA,NA,NA,NA,NA,NA,NA,NA,NA,NA,NA,NA,NA,35.01638225255972,14.566399692442879,18.06962457337884,10.11162697096763,5.806143344709898,0.28284271247461923,3.4668941979522185,0.7778174593052023,0,0,0.515358361774744,0.7071067811865475,0,0,Jaden,Hicks,KCC,S,23,-4
DB,16695,average,NA,NA,NA,NA,NA,NA,NA,NA,NA,NA,NA,NA,NA,NA,NA,NA,NA,NA,NA,NA,NA,NA,NA,NA,NA,NA,NA,NA,NA,NA,NA,NA,NA,NA,NA,NA,NA,NA,NA,NA,NA,NA,32.25,8.131727983645296,15.25,1.7677669529663689,6.55,0.636396103067893,1,1.4142135623730951,0.15,0.21213203435596426,0,0,0,0,Max,Melton,ARI,CB,23,-4
DB,16695,robust,NA,NA,NA,NA,NA,NA,NA,NA,NA,NA,NA,NA,NA,NA,NA,NA,NA,NA,NA,NA,NA,NA,NA,NA,NA,NA,NA,NA,NA,NA,NA,NA,NA,NA,NA,NA,NA,NA,NA,NA,NA,NA,32.25,8.524949999999999,15.25,1.8532499999999998,6.55,0.6671700000000003,1,1.4826,0.15,0.22238999999999998,0,0,0,0,Max,Melton,ARI,CB,23,-4
DB,16695,weighted,NA,NA,NA,NA,NA,NA,NA,NA,NA,NA,NA,NA,NA,NA,NA,NA,NA,NA,NA,NA,NA,NA,NA,NA,NA,NA,NA,NA,NA,NA,NA,NA,NA,NA,NA,NA,NA,NA,NA,NA,NA,NA,32.42662116040955,8.131727983645296,15.21160409556314,1.7677669529663687,6.56382252559727,0.636396103067893,1.030716723549488,1.414213562373095,0.14539249146757677,0.21213203435596423,0,0,0,0,Max,Melton,ARI,CB,23,-4
DB,16251,average,NA,NA,NA,NA,NA,NA,NA,NA,NA,NA,NA,NA,NA,NA,NA,NA,NA,NA,NA,NA,NA,NA,NA,NA,NA,NA,NA,NA,NA,NA,NA,NA,NA,NA,NA,NA,NA,NA,NA,NA,NA,NA,41.8,18.667619023324853,8.65,1.9091883092036785,9,4.242640687119285,1.35,0.9192388155425119,0,0,0,0,0.6,0,Christian,Gonzalez,NEP,CB,23,-3
DB,16251,robust,NA,NA,NA,NA,NA,NA,NA,NA,NA,NA,NA,NA,NA,NA,NA,NA,NA,NA,NA,NA,NA,NA,NA,NA,NA,NA,NA,NA,NA,NA,NA,NA,NA,NA,NA,NA,NA,NA,NA,NA,NA,NA,41.8,19.57032,8.65,2.00151,9,4.4478,1.35,0.9636899999999999,0,0,0,0,0.6,0,Christian,Gonzalez,NEP,CB,23,-3
DB,16251,weighted,NA,NA,NA,NA,NA,NA,NA,NA,NA,NA,NA,NA,NA,NA,NA,NA,NA,NA,NA,NA,NA,NA,NA,NA,NA,NA,NA,NA,NA,NA,NA,NA,NA,NA,NA,NA,NA,NA,NA,NA,NA,NA,42.20546075085324,18.667619023324853,8.691467576791808,1.9091883092036783,9.092150170648464,4.242640687119285,1.3699658703071673,0.9192388155425117,0,0,0,0,0.6,0,Christian,Gonzalez,NEP,CB,23,-3
DB,15441,average,NA,NA,NA,NA,NA,NA,NA,NA,NA,NA,NA,NA,NA,NA,NA,NA,NA,NA,NA,NA,NA,NA,NA,NA,NA,NA,NA,NA,NA,NA,NA,NA,NA,NA,NA,NA,NA,NA,NA,NA,NA,NA,34.55,23.26381310103741,12.7,3.2526911934581184,4.55,3.4648232278140827,0.75,0.3535533905932738,0.25,0.3535533905932738,0.1,0.14142135623730953,0,0,Nate,Hobbs,GBP,CB,26,-1
DB,15441,robust,NA,NA,NA,NA,NA,NA,NA,NA,NA,NA,NA,NA,NA,NA,NA,NA,NA,NA,NA,NA,NA,NA,NA,NA,NA,NA,NA,NA,NA,NA,NA,NA,NA,NA,NA,NA,NA,NA,NA,NA,NA,NA,34.55,24.388769999999997,12.7,3.4099799999999996,4.55,3.63237,0.75,0.37065,0.25,0.37065,0.1,0.14826,0,0,Nate,Hobbs,GBP,CB,26,-1
DB,15441,weighted,NA,NA,NA,NA,NA,NA,NA,NA,NA,NA,NA,NA,NA,NA,NA,NA,NA,NA,NA,NA,NA,NA,NA,NA,NA,NA,NA,NA,NA,NA,NA,NA,NA,NA,NA,NA,NA,NA,NA,NA,NA,NA,35.05529010238908,23.26381310103741,12.770648464163823,3.252691193458118,4.6252559726962454,3.4648232278140827,0.757679180887372,0.35355339059327373,0.24232081911262798,0.35355339059327373,0.09692832764505119,0.1414213562373095,0,0,Nate,Hobbs,GBP,CB,26,-1
DB,15921,average,NA,NA,NA,NA,NA,NA,NA,NA,NA,NA,NA,NA,NA,NA,NA,NA,NA,NA,NA,NA,NA,NA,NA,NA,NA,NA,NA,NA,NA,NA,NA,NA,NA,NA,NA,NA,NA,NA,NA,NA,NA,NA,30.85,24.25376259469858,14.4,14.990663761154808,6.1,2.6870057685088806,1.4,0.848528137423857,0,0,0,0,0,0,Theo,Jackson,MIN,S,27,-2
DB,15921,robust,NA,NA,NA,NA,NA,NA,NA,NA,NA,NA,NA,NA,NA,NA,NA,NA,NA,NA,NA,NA,NA,NA,NA,NA,NA,NA,NA,NA,NA,NA,NA,NA,NA,NA,NA,NA,NA,NA,NA,NA,NA,NA,30.85,25.426589999999997,14.4,15.715560000000002,6.1,2.8169399999999998,1.4,0.8895599999999999,0,0,0,0,0,0,Theo,Jackson,MIN,S,27,-2
DB,15921,weighted,NA,NA,NA,NA,NA,NA,NA,NA,NA,NA,NA,NA,NA,NA,NA,NA,NA,NA,NA,NA,NA,NA,NA,NA,NA,NA,NA,NA,NA,NA,NA,NA,NA,NA,NA,NA,NA,NA,NA,NA,NA,NA,31.37679180887372,24.25376259469858,14.725597269624572,14.990663761154806,6.158361774744027,2.68700576850888,1.4184300341296927,0.8485281374238569,0,0,0,0,0,0,Theo,Jackson,MIN,S,27,-2
DB,17181,average,NA,NA,NA,NA,NA,NA,NA,NA,NA,NA,NA,NA,NA,NA,NA,NA,NA,NA,NA,NA,NA,NA,NA,NA,NA,NA,NA,NA,NA,NA,NA,NA,NA,NA,NA,NA,NA,NA,NA,NA,NA,NA,21,24.041630560342615,11.55,11.950104602052653,1.55,0.6363961030678927,1,1.4142135623730951,0.5,0.7071067811865476,0,0,0,0,Lathan,Ransom,CAR,S,23,-5
DB,17181,robust,NA,NA,NA,NA,NA,NA,NA,NA,NA,NA,NA,NA,NA,NA,NA,NA,NA,NA,NA,NA,NA,NA,NA,NA,NA,NA,NA,NA,NA,NA,NA,NA,NA,NA,NA,NA,NA,NA,NA,NA,NA,NA,21,25.2042,11.55,12.527969999999998,1.55,0.6671699999999999,1,1.4826,0.5,0.7413,0,0,0,0,Lathan,Ransom,CAR,S,23,-5
DB,17181,weighted,NA,NA,NA,NA,NA,NA,NA,NA,NA,NA,NA,NA,NA,NA,NA,NA,NA,NA,NA,NA,NA,NA,NA,NA,NA,NA,NA,NA,NA,NA,NA,NA,NA,NA,NA,NA,NA,NA,NA,NA,NA,NA,21.522184300341294,24.041630560342618,11.809556313993175,11.950104602052653,1.5638225255972698,0.6363961030678926,1.030716723549488,1.414213562373095,0.515358361774744,0.7071067811865475,0,0,0,0,Lathan,Ransom,CAR,S,23,-5
DB,17186,average,NA,NA,NA,NA,NA,NA,NA,NA,NA,NA,NA,NA,NA,NA,NA,NA,NA,NA,NA,NA,NA,NA,NA,NA,NA,NA,NA,NA,NA,NA,NA,NA,NA,NA,NA,NA,NA,NA,NA,NA,NA,NA,24.15,29.486352775479034,14.2,18.101933598375616,2.5,3.5355339059327378,1,1.4142135623730951,0.5,0.7071067811865476,0.5,0.7071067811865476,0,0,Malachi,Moore,NYJ,S,24,-5
DB,17186,robust,NA,NA,NA,NA,NA,NA,NA,NA,NA,NA,NA,NA,NA,NA,NA,NA,NA,NA,NA,NA,NA,NA,NA,NA,NA,NA,NA,NA,NA,NA,NA,NA,NA,NA,NA,NA,NA,NA,NA,NA,NA,NA,24.15,30.91221,14.2,18.97728,2.5,3.7064999999999997,1,1.4826,0.5,0.7413,0.5,0.7413,0,0,Malachi,Moore,NYJ,S,24,-5
DB,17186,weighted,NA,NA,NA,NA,NA,NA,NA,NA,NA,NA,NA,NA,NA,NA,NA,NA,NA,NA,NA,NA,NA,NA,NA,NA,NA,NA,NA,NA,NA,NA,NA,NA,NA,NA,NA,NA,NA,NA,NA,NA,NA,NA,24.790443686006828,29.48635277547903,14.59317406143345,18.101933598375616,2.5767918088737205,3.5355339059327373,1.030716723549488,1.414213562373095,0.515358361774744,0.7071067811865475,0.515358361774744,0.7071067811865475,0,0,Malachi,Moore,NYJ,S,24,-5
DB,15363,average,NA,NA,NA,NA,NA,NA,NA,NA,NA,NA,NA,NA,NA,NA,NA,NA,NA,NA,NA,NA,NA,NA,NA,NA,NA,NA,NA,NA,NA,NA,NA,NA,NA,NA,NA,NA,NA,NA,NA,NA,NA,NA,18.25,23.68807716974934,11.65,13.22289680818844,2.25,2.4748737341529163,1,1.4142135623730951,0,0,0,0,0,0,Ifeatu,Melifonwu,MIA,S,26,-1
DB,15363,robust,NA,NA,NA,NA,NA,NA,NA,NA,NA,NA,NA,NA,NA,NA,NA,NA,NA,NA,NA,NA,NA,NA,NA,NA,NA,NA,NA,NA,NA,NA,NA,NA,NA,NA,NA,NA,NA,NA,NA,NA,NA,NA,18.25,24.83355,11.65,13.86231,2.25,2.59455,1,1.4826,0,0,0,0,0,0,Ifeatu,Melifonwu,MIA,S,26,-1
DB,15363,weighted,NA,NA,NA,NA,NA,NA,NA,NA,NA,NA,NA,NA,NA,NA,NA,NA,NA,NA,NA,NA,NA,NA,NA,NA,NA,NA,NA,NA,NA,NA,NA,NA,NA,NA,NA,NA,NA,NA,NA,NA,NA,NA,18.764505119453926,23.68807716974934,11.937201365187713,13.22289680818844,2.303754266211604,2.4748737341529163,1.030716723549488,1.414213562373095,0,0,0,0,0,0,Ifeatu,Melifonwu,MIA,S,26,-1
