position.x,id,avg_type,pass_yds,pass_yds_sd,pass_tds,pass_tds_sd,pass_int,pass_int_sd,rush_yds,rush_yds_sd,rush_tds,rush_tds_sd,fumbles_lost,fumbles_lost_sd,rec,rec_sd,rec_yds,rec_yds_sd,rec_tds,rec_tds_sd,return_tds,return_tds_sd,dst_int,dst_int_sd,dst_fum_rec,dst_fum_rec_sd,dst_sacks,dst_sacks_sd,fg_0019,fg_0019_sd,fg_2029,fg_2029_sd,fg_3039,fg_3039_sd,fg_4049,fg_4049_sd,fg_50,fg_50_sd,xp,xp_sd,dst_safety,dst_safety_sd,dst_td,dst_td_sd,idp_solo,idp_solo_sd,idp_asst,idp_asst_sd,idp_pd,idp_pd_sd,idp_int,idp_int_sd,idp_fum_force,idp_fum_force_sd,idp_fum_rec,idp_fum_rec_sd,idp_td,idp_td_sd,first_name,last_name,team,position.y,age,exp
QB,13589,average,3705.7625,505.95301288756053,28.225,3.389795611200517,9.975,1.6782218480965416,537.3125,61.00171982353097,10.85,1.9755650186357174,2.425,0.6242137912148826,NA,NA,NA,NA,NA,NA,NA,NA,NA,NA,NA,NA,NA,NA,NA,NA,NA,NA,NA,NA,NA,NA,NA,NA,NA,NA,NA,NA,NA,NA,NA,NA,NA,NA,NA,NA,NA,NA,NA,NA,NA,NA,NA,NA,Josh,Allen,BUF,QB,29,2
QB,13589,robust,3816.75,157.97102999999993,28.9,2.8169400000000002,10,1.186080000000001,546.375,43.366049999999994,11,1.4826,2.425,0.31505249999999985,NA,NA,NA,NA,NA,NA,NA,NA,NA,NA,NA,NA,NA,NA,NA,NA,NA,NA,NA,NA,NA,NA,NA,NA,NA,NA,NA,NA,NA,NA,NA,NA,NA,NA,NA,NA,NA,NA,NA,NA,NA,NA,NA,NA,Josh,Allen,BUF,QB,29,2
QB,13589,weighted,3667.4716599190283,540.8044284084924,27.98846153846154,3.630995868285519,9.921862348178138,1.8040522870135622,531.7226720647773,64.70342748955908,10.807894736842107,2.131501225602523,2.282413967611336,0.5237867806869905,NA,NA,NA,NA,NA,NA,NA,NA,NA,NA,NA,NA,NA,NA,NA,NA,NA,NA,NA,NA,NA,NA,NA,NA,NA,NA,NA,NA,NA,NA,NA,NA,NA,NA,NA,NA,NA,NA,NA,NA,NA,NA,NA,NA,Josh,Allen,BUF,QB,29,2
QB,13593,average,3643.2875,468.6111742997295,31.7875,5.06710328632501,7.7125,1.4456214679408397,810.2625,142.10411613119646,3.7,0.9242757782641035,4.175,0.605628363178042,NA,NA,NA,NA,NA,NA,NA,NA,NA,NA,NA,NA,NA,NA,NA,NA,NA,NA,NA,NA,NA,NA,NA,NA,NA,NA,NA,NA,NA,NA,NA,NA,NA,NA,NA,NA,NA,NA,NA,NA,NA,NA,NA,NA,Lamar,Jackson,BAL,QB,28,2
QB,13593,robust,3758,152.18889000000013,32,2.9652,7.675,1.7049900000000004,839.275,16.234469999999984,3.95,0.07413000000000006,4.175,0.12972749999999986,NA,NA,NA,NA,NA,NA,NA,NA,NA,NA,NA,NA,NA,NA,NA,NA,NA,NA,NA,NA,NA,NA,NA,NA,NA,NA,NA,NA,NA,NA,NA,NA,NA,NA,NA,NA,NA,NA,NA,NA,NA,NA,NA,NA,Lamar,Jackson,BAL,QB,28,2
QB,13593,weighted,3602.5313765182186,499.5794270440906,31.55263157894737,5.4366571114648234,7.697368421052632,1.5706164363164001,807.3238866396761,155.45780579574355,3.6441295546558705,0.9832092451149317,4.125075910931174,0.6442990626981933,NA,NA,NA,NA,NA,NA,NA,NA,NA,NA,NA,NA,NA,NA,NA,NA,NA,NA,NA,NA,NA,NA,NA,NA,NA,NA,NA,NA,NA,NA,NA,NA,NA,NA,NA,NA,NA,NA,NA,NA,NA,NA,NA,NA,Lamar,Jackson,BAL,QB,28,2
QB,14783,average,3265.85,537.618938335642,21.9625,2.3651864921940393,7.3625,1.8745951943972177,606.7,113.57429286594744,12.5375,2.38862632370275,3.275,0.6489001684168595,NA,NA,NA,NA,NA,NA,NA,NA,NA,NA,NA,NA,NA,NA,NA,NA,NA,NA,NA,NA,NA,NA,NA,NA,NA,NA,NA,NA,NA,NA,NA,NA,NA,NA,NA,NA,NA,NA,NA,NA,NA,NA,NA,NA,Jalen,Hurts,PHI,QB,27,0
QB,14783,robust,3401.45,232.76819999999998,22,1.4826,7.3,1.9273799999999996,623.3,84.80472000000006,13,1.4826,3.275,0.2038574999999999,NA,NA,NA,NA,NA,NA,NA,NA,NA,NA,NA,NA,NA,NA,NA,NA,NA,NA,NA,NA,NA,NA,NA,NA,NA,NA,NA,NA,NA,NA,NA,NA,NA,NA,NA,NA,NA,NA,NA,NA,NA,NA,NA,NA,Jalen,Hurts,PHI,QB,27,0
QB,14783,weighted,3224.7591093117408,576.2206499904486,21.704655870445343,2.4687804470256354,7.210121457489878,2.004146102756592,601.917004048583,122.84517883128369,12.497165991902833,2.6141817243063303,3.1818572874493927,0.6516195349010577,NA,NA,NA,NA,NA,NA,NA,NA,NA,NA,NA,NA,NA,NA,NA,NA,NA,NA,NA,NA,NA,NA,NA,NA,NA,NA,NA,NA,NA,NA,NA,NA,NA,NA,NA,NA,NA,NA,NA,NA,NA,NA,NA,NA,Jalen,Hurts,PHI,QB,27,0
QB,13116,average,3966.3125,613.1173819972346,30.1625,5.221914673483554,10.9125,2.4723831764976425,337.325,28.47333338908029,2.375,0.4713203338949606,1.85,0.40883108632154813,NA,NA,NA,NA,NA,NA,NA,NA,NA,NA,NA,NA,NA,NA,NA,NA,NA,NA,NA,NA,NA,NA,NA,NA,NA,NA,NA,NA,NA,NA,NA,NA,NA,NA,NA,NA,NA,NA,NA,NA,NA,NA,NA,NA,Patrick,Mahomes,KCC,QB,30,3
QB,13116,robust,4216.75,91.55055,30.825,2.9652,12,0,341.25,24.166380000000014,2.4,0.14826000000000011,1.8625,0.03706499999999987,NA,NA,NA,NA,NA,NA,NA,NA,NA,NA,NA,NA,NA,NA,NA,NA,NA,NA,NA,NA,NA,NA,NA,NA,NA,NA,NA,NA,NA,NA,NA,NA,NA,NA,NA,NA,NA,NA,NA,NA,NA,NA,NA,NA,Patrick,Mahomes,KCC,QB,30,3
QB,13116,weighted,3918.1103238866394,656.663695251483,29.987854251012145,5.632873270187125,10.713967611336033,2.6477271956483697,333.1477732793522,28.80469226953447,2.334412955465587,0.4827807480551461,1.7536943319838056,0.34225765515030426,NA,NA,NA,NA,NA,NA,NA,NA,NA,NA,NA,NA,NA,NA,NA,NA,NA,NA,NA,NA,NA,NA,NA,NA,NA,NA,NA,NA,NA,NA,NA,NA,NA,NA,NA,NA,NA,NA,NA,NA,NA,NA,NA,NA,Patrick,Mahomes,KCC,QB,30,3
QB,13590,average,3976.5,574.7946217066207,31.475,5.103150287532483,13.2375,2.6779189681541897,267.4375,38.885764471994484,2.0875,0.5743008171432709,3.15,0.9418826132501105,NA,NA,NA,NA,NA,NA,NA,NA,NA,NA,NA,NA,NA,NA,NA,NA,NA,NA,NA,NA,NA,NA,NA,NA,NA,NA,NA,NA,NA,NA,NA,NA,NA,NA,NA,NA,NA,NA,NA,NA,NA,NA,NA,NA,Baker,Mayfield,TBB,QB,30,2
QB,13590,robust,4150,44.477999999999994,31.925,2.9652,13.875,0.9636899999999992,266.875,41.5128,2.025,0.07413000000000006,3.2874999999999996,0.40771500000000016,NA,NA,NA,NA,NA,NA,NA,NA,NA,NA,NA,NA,NA,NA,NA,NA,NA,NA,NA,NA,NA,NA,NA,NA,NA,NA,NA,NA,NA,NA,NA,NA,NA,NA,NA,NA,NA,NA,NA,NA,NA,NA,NA,NA,Baker,Mayfield,TBB,QB,30,2
QB,13590,weighted,3940.1406882591095,619.8187810776757,31.16821862348178,5.481002079343562,12.993522267206478,2.8420827834016436,265.27530364372467,41.75131424109536,2.009311740890688,0.5817605346194534,3.0339574898785426,0.9730629617958588,NA,NA,NA,NA,NA,NA,NA,NA,NA,NA,NA,NA,NA,NA,NA,NA,NA,NA,NA,NA,NA,NA,NA,NA,NA,NA,NA,NA,NA,NA,NA,NA,NA,NA,NA,NA,NA,NA,NA,NA,NA,NA,NA,NA,Baker,Mayfield,TBB,QB,30,2
QB,16580,average,3373.85,463.1286245279413,23.3,4.260449339145881,11.6625,2.82687990547883,511.6875,100.71421289257752,3.325,0.7941752235585581,4.075,1.5055848412778716,NA,NA,NA,NA,NA,NA,NA,NA,NA,NA,NA,NA,NA,NA,NA,NA,NA,NA,NA,NA,NA,NA,NA,NA,NA,NA,NA,NA,NA,NA,NA,NA,NA,NA,NA,NA,NA,NA,NA,NA,NA,NA,NA,NA,Drake,Maye,NEP,QB,23,-4
QB,16580,robust,3490.95,199.4097,23.175,2.2239,12.5,0.7413,499.25,42.62475,3.05,0.07413000000000006,4.075,0.055597500000000126,NA,NA,NA,NA,NA,NA,NA,NA,NA,NA,NA,NA,NA,NA,NA,NA,NA,NA,NA,NA,NA,NA,NA,NA,NA,NA,NA,NA,NA,NA,NA,NA,NA,NA,NA,NA,NA,NA,NA,NA,NA,NA,NA,NA,Drake,Maye,NEP,QB,23,-4
QB,16580,weighted,3339.8734817813765,497.81558523074676,23.346558704453443,4.635369898618574,11.498178137651822,3.0455668384483725,513.1619433198381,108.00661857974477,3.3329959514170042,0.8322153522999246,3.9616143724696355,1.6104440268525284,NA,NA,NA,NA,NA,NA,NA,NA,NA,NA,NA,NA,NA,NA,NA,NA,NA,NA,NA,NA,NA,NA,NA,NA,NA,NA,NA,NA,NA,NA,NA,NA,NA,NA,NA,NA,NA,NA,NA,NA,NA,NA,NA,NA,Drake,Maye,NEP,QB,23,-4
QB,12620,average,3988.4875,596.8496471055336,27.7375,3.7549728931873028,11.4375,2.646797255984242,156.7625,33.46588614864823,1.65,0.465985898008574,2.3,0.6391959234627741,NA,NA,NA,NA,NA,NA,NA,NA,NA,NA,NA,NA,NA,NA,NA,NA,NA,NA,NA,NA,NA,NA,NA,NA,NA,NA,NA,NA,NA,NA,NA,NA,NA,NA,NA,NA,NA,NA,NA,NA,NA,NA,NA,NA,Dak,Prescott,DAL,QB,32,4
QB,12620,robust,4171.475,167.53379999999999,28,1.4826,12,2.6686799999999997,157.525,33.3585,1.65,0.07413000000000006,2.3,0.14825999999999978,NA,NA,NA,NA,NA,NA,NA,NA,NA,NA,NA,NA,NA,NA,NA,NA,NA,NA,NA,NA,NA,NA,NA,NA,NA,NA,NA,NA,NA,NA,NA,NA,NA,NA,NA,NA,NA,NA,NA,NA,NA,NA,NA,NA,Dak,Prescott,DAL,QB,32,4
QB,12620,weighted,3945.8815789473683,642.1038140709761,27.698987854251012,4.08375469802173,11.306477732793523,2.8765136928539,153.8663967611336,35.17684629746254,1.5997975708502024,0.4950499820545246,2.1796558704453437,0.6004439506730664,NA,NA,NA,NA,NA,NA,NA,NA,NA,NA,NA,NA,NA,NA,NA,NA,NA,NA,NA,NA,NA,NA,NA,NA,NA,NA,NA,NA,NA,NA,NA,NA,NA,NA,NA,NA,NA,NA,NA,NA,NA,NA,NA,NA,Dak,Prescott,DAL,QB,32,4
QB,16579,average,3610.7,535.888506527777,25.4375,5.140855265142451,9.4125,1.939394235321947,435.6125,84.55683528170353,2.2,1.002853072844814,3.75,1.267731382092775,NA,NA,NA,NA,NA,NA,NA,NA,NA,NA,NA,NA,NA,NA,NA,NA,NA,NA,NA,NA,NA,NA,NA,NA,NA,NA,NA,NA,NA,NA,NA,NA,NA,NA,NA,NA,NA,NA,NA,NA,NA,NA,NA,NA,Caleb,Williams,CHI,QB,24,-4
QB,16579,robust,3752.8,125.27969999999999,24.45,1.4826,9.5,2.2239,453.75,47.4432,2,1.18608,3.8125,0.185325,NA,NA,NA,NA,NA,NA,NA,NA,NA,NA,NA,NA,NA,NA,NA,NA,NA,NA,NA,NA,NA,NA,NA,NA,NA,NA,NA,NA,NA,NA,NA,NA,NA,NA,NA,NA,NA,NA,NA,NA,NA,NA,NA,NA,Caleb,Williams,CHI,QB,24,-4
QB,16579,weighted,3578.8704453441296,575.2698808315204,25.534817813765184,5.488471537919954,9.286437246963564,2.079341061705288,428.80161943319837,90.18277100485285,2.112348178137652,1.074360902251245,3.63335020242915,1.3433543934302687,NA,NA,NA,NA,NA,NA,NA,NA,NA,NA,NA,NA,NA,NA,NA,NA,NA,NA,NA,NA,NA,NA,NA,NA,NA,NA,NA,NA,NA,NA,NA,NA,NA,NA,NA,NA,NA,NA,NA,NA,NA,NA,NA,NA,Caleb,Williams,CHI,QB,24,-4
QB,12611,average,4120.325,647.9257800308393,29.825,5.488364315271251,10.925,2.594362019016291,69.8125,51.861035125474636,0.5625,0.49551560448255744,2.6,0.29760952365713794,NA,NA,NA,NA,NA,NA,NA,NA,NA,NA,NA,NA,NA,NA,NA,NA,NA,NA,NA,NA,NA,NA,NA,NA,NA,NA,NA,NA,NA,NA,NA,NA,NA,NA,NA,NA,NA,NA,NA,NA,NA,NA,NA,NA,Jared,Goff,DET,QB,31,4
QB,12611,robust,4311.75,110.4537,29.95,4.373669999999999,11.45,0.7413000000000013,57.75,14.0847,0.5,0.37065,2.6,0.07413000000000006,NA,NA,NA,NA,NA,NA,NA,NA,NA,NA,NA,NA,NA,NA,NA,NA,NA,NA,NA,NA,NA,NA,NA,NA,NA,NA,NA,NA,NA,NA,NA,NA,NA,NA,NA,NA,NA,NA,NA,NA,NA,NA,NA,NA,Jared,Goff,DET,QB,31,4
QB,12611,weighted,4076.7449392712547,698.1849712955436,29.652226720647775,5.957421746164465,10.841093117408906,2.826718430174971,71.19838056680162,56.0605680831824,0.5566801619433199,0.536843219385807,2.554251012145749,0.2956534384917459,NA,NA,NA,NA,NA,NA,NA,NA,NA,NA,NA,NA,NA,NA,NA,NA,NA,NA,NA,NA,NA,NA,NA,NA,NA,NA,NA,NA,NA,NA,NA,NA,NA,NA,NA,NA,NA,NA,NA,NA,NA,NA,NA,NA,Jared,Goff,DET,QB,31,4
QB,14782,average,3673.0375,487.97615263014063,26.6625,3.54841513918538,11.3875,2.0704985596986742,158.4875,19.597043326554573,1.825,0.3494894235064305,1.975,0.6103277807866851,NA,NA,NA,NA,NA,NA,NA,NA,NA,NA,NA,NA,NA,NA,NA,NA,NA,NA,NA,NA,NA,NA,NA,NA,NA,NA,NA,NA,NA,NA,NA,NA,NA,NA,NA,NA,NA,NA,NA,NA,NA,NA,NA,NA,Jordan,Love,GBP,QB,27,0
QB,14782,robust,3766,168.05270999999985,27.5,2.2239,12,0.07412999999999974,159.725,17.049899999999997,1.95,0,1.975,0.38918249999999993,NA,NA,NA,NA,NA,NA,NA,NA,NA,NA,NA,NA,NA,NA,NA,NA,NA,NA,NA,NA,NA,NA,NA,NA,NA,NA,NA,NA,NA,NA,NA,NA,NA,NA,NA,NA,NA,NA,NA,NA,NA,NA,NA,NA,Jordan,Love,GBP,QB,27,0
QB,14782,weighted,3634.1902834008097,523.4616871786374,26.4163967611336,3.820292458348357,11.29655870445344,2.2628574541065714,157.1417004048583,20.60234020119821,1.8101214574898785,0.37998801364630047,1.8945091093117408,0.6202502108899911,NA,NA,NA,NA,NA,NA,NA,NA,NA,NA,NA,NA,NA,NA,NA,NA,NA,NA,NA,NA,NA,NA,NA,NA,NA,NA,NA,NA,NA,NA,NA,NA,NA,NA,NA,NA,NA,NA,NA,NA,NA,NA,NA,NA,Jordan,Love,GBP,QB,27,0
QB,14056,average,3593.3,525.8247182148385,23.725,5.382445010003752,10.6875,1.6556720689798448,527.3375,68.50357524559263,4.475,0.7459413994601529,2.925,0.4821825380496477,NA,NA,NA,NA,NA,NA,NA,NA,NA,NA,NA,NA,NA,NA,NA,NA,NA,NA,NA,NA,NA,NA,NA,NA,NA,NA,NA,NA,NA,NA,NA,NA,NA,NA,NA,NA,NA,NA,NA,NA,NA,NA,NA,NA,Kyler,Murray,ARI,QB,28,1
QB,14056,robust,3710.6,154.48692000000005,23.5,2.2239,11,0.8154299999999997,544.5,26.686799999999998,4.5,0.29652000000000023,2.925,0.018532499999999934,NA,NA,NA,NA,NA,NA,NA,NA,NA,NA,NA,NA,NA,NA,NA,NA,NA,NA,NA,NA,NA,NA,NA,NA,NA,NA,NA,NA,NA,NA,NA,NA,NA,NA,NA,NA,NA,NA,NA,NA,NA,NA,NA,NA,Kyler,Murray,ARI,QB,28,1
QB,14056,weighted,3554.7236842105262,562.9684953582498,23.59939271255061,5.849227588709568,10.648582995951417,1.8049759452903575,523.6315789473684,74.57856590230382,4.386032388663968,0.7644051500087974,2.7962803643724694,0.358233646728163,NA,NA,NA,NA,NA,NA,NA,NA,NA,NA,NA,NA,NA,NA,NA,NA,NA,NA,NA,NA,NA,NA,NA,NA,NA,NA,NA,NA,NA,NA,NA,NA,NA,NA,NA,NA,NA,NA,NA,NA,NA,NA,NA,NA,Kyler,Murray,ARI,QB,28,1
QB,16582,average,3614.6125,583.4354914457737,26.85,5.1788029504896205,11.55,2.4065387118075976,416.0375,69.383282002428885,3.1875,0.6512350903146596,1.725,0.6444820733404016,NA,NA,NA,NA,NA,NA,NA,NA,NA,NA,NA,NA,NA,NA,NA,NA,NA,NA,NA,NA,NA,NA,NA,NA,NA,NA,NA,NA,NA,NA,NA,NA,NA,NA,NA,NA,NA,NA,NA,NA,NA,NA,NA,NA,Bo,Nix,DEN,QB,25,-4
QB,16582,robust,3795.225,181.61849999999998,27,2.9652,12,1.0378200000000002,427.15,42.9954,3.125,0.37065,1.725,0.2038574999999999,NA,NA,NA,NA,NA,NA,NA,NA,NA,NA,NA,NA,NA,NA,NA,NA,NA,NA,NA,NA,NA,NA,NA,NA,NA,NA,NA,NA,NA,NA,NA,NA,NA,NA,NA,NA,NA,NA,NA,NA,NA,NA,NA,NA,Bo,Nix,DEN,QB,25,-4
QB,16582,weighted,3581.672064777328,631.7866983768581,26.649595141700402,5.581200190618827,11.468421052631578,2.608710149325885,412.54453441295544,74.65168213999144,3.1204453441295543,0.693309278771602,1.6806933198380567,0.6863228161941746,NA,NA,NA,NA,NA,NA,NA,NA,NA,NA,NA,NA,NA,NA,NA,NA,NA,NA,NA,NA,NA,NA,NA,NA,NA,NA,NA,NA,NA,NA,NA,NA,NA,NA,NA,NA,NA,NA,NA,NA,NA,NA,NA,NA,Bo,Nix,DEN,QB,25,-4
QB,14059,average,2362.2375,722.6881918770857,14.525,6.57956794065646,8.0875,3.0375918563418436,304.3,132.11177086088884,2.9875,1.0287822204640091,2.95,0.8709600614100675,NA,NA,NA,NA,NA,NA,NA,NA,NA,NA,NA,NA,NA,NA,NA,NA,NA,NA,NA,NA,NA,NA,NA,NA,NA,NA,NA,NA,NA,NA,NA,NA,NA,NA,NA,NA,NA,NA,NA,NA,NA,NA,NA,NA,Daniel,Jones,IND,QB,28,1
QB,14059,robust,2542.25,277.2462,14.5,2.2239,8,1.4826,324.5,87.76991999999998,3.1,0.8154299999999997,3.0625,0.3335849999999998,NA,NA,NA,NA,NA,NA,NA,NA,NA,NA,NA,NA,NA,NA,NA,NA,NA,NA,NA,NA,NA,NA,NA,NA,NA,NA,NA,NA,NA,NA,NA,NA,NA,NA,NA,NA,NA,NA,NA,NA,NA,NA,NA,NA,Daniel,Jones,IND,QB,28,1
QB,14059,weighted,2323.474696356275,708.6768589851267,14.40991902834008,6.789617677842088,7.9550607287449395,3.074991922683647,296.7925101214575,132.142356440552,2.9757085020242915,1.0762228071940554,2.877277327935223,0.9284178743500107,NA,NA,NA,NA,NA,NA,NA,NA,NA,NA,NA,NA,NA,NA,NA,NA,NA,NA,NA,NA,NA,NA,NA,NA,NA,NA,NA,NA,NA,NA,NA,NA,NA,NA,NA,NA,NA,NA,NA,NA,NA,NA,NA,NA,Daniel,Jones,IND,QB,28,1
QB,16581,average,3571.9625,658.5237688247424,25.825,5.110982572572798,9.6125,1.8976959714348345,770.8875,156.44109286154418,5.6625,1.745964735366341,1.925,0.7988831489737944,NA,NA,NA,NA,NA,NA,NA,NA,NA,NA,NA,NA,NA,NA,NA,NA,NA,NA,NA,NA,NA,NA,NA,NA,NA,NA,NA,NA,NA,NA,NA,NA,NA,NA,NA,NA,NA,NA,NA,NA,NA,NA,NA,NA,Jayden,Daniels,WAS,QB,25,-4
QB,16581,robust,3740.75,138.6231,26.425,2.2239,9.875,1.4826,806.75,84.43406999999998,5.824999999999999,0.8154299999999997,1.94375,0.055597499999999966,NA,NA,NA,NA,NA,NA,NA,NA,NA,NA,NA,NA,NA,NA,NA,NA,NA,NA,NA,NA,NA,NA,NA,NA,NA,NA,NA,NA,NA,NA,NA,NA,NA,NA,NA,NA,NA,NA,NA,NA,NA,NA,NA,NA,Jayden,Daniels,WAS,QB,25,-4
QB,16581,weighted,3528.4848178137654,711.4680602149934,25.60404858299595,5.545625524119085,9.492712550607287,2.0600750685303955,769.4615384615385,168.60471733755935,5.610526315789474,1.880832228789148,1.8404099190283403,0.8266061053934461,NA,NA,NA,NA,NA,NA,NA,NA,NA,NA,NA,NA,NA,NA,NA,NA,NA,NA,NA,NA,NA,NA,NA,NA,NA,NA,NA,NA,NA,NA,NA,NA,NA,NA,NA,NA,NA,NA,NA,NA,NA,NA,NA,NA,Jayden,Daniels,WAS,QB,25,-4
QB,17032,average,1161.6285714285714,642.806061250944,6.942857142857143,4.1064409338083925,4.242857142857143,2.3265547796811368,121.47142857142858,112.54046256474031,1.0714285714285714,1.096531327587567,1.275,0.8857670875198137,NA,NA,NA,NA,NA,NA,NA,NA,NA,NA,NA,NA,NA,NA,NA,NA,NA,NA,NA,NA,NA,NA,NA,NA,NA,NA,NA,NA,NA,NA,NA,NA,NA,NA,NA,NA,NA,NA,NA,NA,NA,NA,NA,NA,Jaxson,Dart,NYG,QB,22,-5
QB,17032,robust,981,189.7728,6.65,3.2617199999999986,3.8,1.1860799999999996,92,53.373599999999996,1,1.4826,1.1875,0.2594549999999997,NA,NA,NA,NA,NA,NA,NA,NA,NA,NA,NA,NA,NA,NA,NA,NA,NA,NA,NA,NA,NA,NA,NA,NA,NA,NA,NA,NA,NA,NA,NA,NA,NA,NA,NA,NA,NA,NA,NA,NA,NA,NA,NA,NA,Jaxson,Dart,NYG,QB,22,-5
QB,17032,weighted,1252.8974358974358,680.2249202296618,7.548251748251748,4.258241933520077,4.5279720279720275,2.521327897647727,134.03729603729602,120.23173676933231,1.1794871794871795,1.1846698194931333,1.3106351981351982,0.9698541657362908,NA,NA,NA,NA,NA,NA,NA,NA,NA,NA,NA,NA,NA,NA,NA,NA,NA,NA,NA,NA,NA,NA,NA,NA,NA,NA,NA,NA,NA,NA,NA,NA,NA,NA,NA,NA,NA,NA,NA,NA,NA,NA,NA,NA,Jaxson,Dart,NYG,QB,22,-5
QB,16150,average,3865.2125,605.085180396706,24.275,4.464062851580065,10.25,1.7655432187128293,230.725,31.10589057672885,1.775,0.9953463144626024,2.8,0.8088792952509752,NA,NA,NA,NA,NA,NA,NA,NA,NA,NA,NA,NA,NA,NA,NA,NA,NA,NA,NA,NA,NA,NA,NA,NA,NA,NA,NA,NA,NA,NA,NA,NA,NA,NA,NA,NA,NA,NA,NA,NA,NA,NA,NA,NA,C.J.,Stroud,HOU,QB,24,-3
QB,16150,robust,3999.175,146.7774,24.5,3.7064999999999997,10.8,0.29652000000000023,225.7,25.2042,1.5,0.7413,2.8499999999999996,0.14826000000000011,NA,NA,NA,NA,NA,NA,NA,NA,NA,NA,NA,NA,NA,NA,NA,NA,NA,NA,NA,NA,NA,NA,NA,NA,NA,NA,NA,NA,NA,NA,NA,NA,NA,NA,NA,NA,NA,NA,NA,NA,NA,NA,NA,NA,C.J.,Stroud,HOU,QB,24,-3
QB,16150,weighted,3836.146761133603,659.4996666201566,24.139271255060727,4.845161727865585,10.17085020242915,1.9202097963722218,227.38663967611336,31.696921540097307,1.7327935222672064,1.0529290848165276,2.664777327935223,0.7891826281073291,NA,NA,NA,NA,NA,NA,NA,NA,NA,NA,NA,NA,NA,NA,NA,NA,NA,NA,NA,NA,NA,NA,NA,NA,NA,NA,NA,NA,NA,NA,NA,NA,NA,NA,NA,NA,NA,NA,NA,NA,NA,NA,NA,NA,C.J.,Stroud,HOU,QB,24,-3
QB,7836,average,3606.725,519.6375983042687,24.55,5.0148351347348825,10.3,2.086007807135096,97.4375,53.21481902896706,1.0375,0.8584662402880416,2.325,0.7038161285855439,NA,NA,NA,NA,NA,NA,NA,NA,NA,NA,NA,NA,NA,NA,NA,NA,NA,NA,NA,NA,NA,NA,NA,NA,NA,NA,NA,NA,NA,NA,NA,NA,NA,NA,NA,NA,NA,NA,NA,NA,NA,NA,NA,NA,Aaron,Rodgers,PIT,QB,42,15
QB,7836,robust,3743.3500000000004,218.09045999999987,24.25,3.6323699999999985,10.425,1.186080000000001,88.25,23.350949999999997,1,1.4084699999999999,2.325,0.24092250000000012,NA,NA,NA,NA,NA,NA,NA,NA,NA,NA,NA,NA,NA,NA,NA,NA,NA,NA,NA,NA,NA,NA,NA,NA,NA,NA,NA,NA,NA,NA,NA,NA,NA,NA,NA,NA,NA,NA,NA,NA,NA,NA,NA,NA,Aaron,Rodgers,PIT,QB,42,15
QB,7836,weighted,3579.3117408906883,562.8271074878686,24.60222672064777,5.396385907548702,10.31417004048583,2.226564613358609,100.63562753036437,56.96596863590654,1.08582995951417,0.8810586395283977,2.253365384615385,0.7376376859838663,NA,NA,NA,NA,NA,NA,NA,NA,NA,NA,NA,NA,NA,NA,NA,NA,NA,NA,NA,NA,NA,NA,NA,NA,NA,NA,NA,NA,NA,NA,NA,NA,NA,NA,NA,NA,NA,NA,NA,NA,NA,NA,NA,NA,Aaron,Rodgers,PIT,QB,42,15
QB,14779,average,3761.7375,559.7610534543161,24.9625,4.606807850500015,7.6625,1.9264604849308486,270.75,31.671302918753256,2.4875,0.7120142454433659,1.9,0.4174754056057845,NA,NA,NA,NA,NA,NA,NA,NA,NA,NA,NA,NA,NA,NA,NA,NA,NA,NA,NA,NA,NA,NA,NA,NA,NA,NA,NA,NA,NA,NA,NA,NA,NA,NA,NA,NA,NA,NA,NA,NA,NA,NA,NA,NA,Justin,Herbert,LAC,QB,27,0
QB,14779,robust,3917.25,169.7577,25.4,1.4826,7.625,2.59455,272.75,26.686799999999998,2.625,0.29652000000000023,1.9249999999999998,0.07413000000000006,NA,NA,NA,NA,NA,NA,NA,NA,NA,NA,NA,NA,NA,NA,NA,NA,NA,NA,NA,NA,NA,NA,NA,NA,NA,NA,NA,NA,NA,NA,NA,NA,NA,NA,NA,NA,NA,NA,NA,NA,NA,NA,NA,NA,Justin,Herbert,LAC,QB,27,0
QB,14779,weighted,3730.288461538462,606.4732010030832,24.771457489878543,4.997577106300687,7.597773279352227,2.061671681074413,269.8663967611336,34.18132798847728,2.4530364372469635,0.7725980656260388,1.81082995951417,0.3713597325436972,NA,NA,NA,NA,NA,NA,NA,NA,NA,NA,NA,NA,NA,NA,NA,NA,NA,NA,NA,NA,NA,NA,NA,NA,NA,NA,NA,NA,NA,NA,NA,NA,NA,NA,NA,NA,NA,NA,NA,NA,NA,NA,NA,NA,Justin,Herbert,LAC,QB,27,0
QB,15698,average,3982.8875,561.5706937751852,25.9875,4.610682471949555,11.875,1.1707750790456233,258.125,54.968659902062114,3,1.0364775512695459,2.4,0.3070597894314954,NA,NA,NA,NA,NA,NA,NA,NA,NA,NA,NA,NA,NA,NA,NA,NA,NA,NA,NA,NA,NA,NA,NA,NA,NA,NA,NA,NA,NA,NA,NA,NA,NA,NA,NA,NA,NA,NA,NA,NA,NA,NA,NA,NA,Brock,Purdy,SFO,QB,26,-2
QB,15698,robust,4091.3,238.03143000000026,27,2.9652,12,1.4826,266.75,25.2042,3.1,0.8895599999999998,2.4,0.2223900000000002,NA,NA,NA,NA,NA,NA,NA,NA,NA,NA,NA,NA,NA,NA,NA,NA,NA,NA,NA,NA,NA,NA,NA,NA,NA,NA,NA,NA,NA,NA,NA,NA,NA,NA,NA,NA,NA,NA,NA,NA,NA,NA,NA,NA,Brock,Purdy,SFO,QB,26,-2
QB,15698,weighted,3939.5951417004044,604.0130576988923,25.729554655870444,4.9953938365780335,11.83927125506073,1.252869892419034,255.56174089068827,59.65819077473318,2.9329959514170043,1.1008539492236284,2.327732793522267,0.2508103620426903,NA,NA,NA,NA,NA,NA,NA,NA,NA,NA,NA,NA,NA,NA,NA,NA,NA,NA,NA,NA,NA,NA,NA,NA,NA,NA,NA,NA,NA,NA,NA,NA,NA,NA,NA,NA,NA,NA,NA,NA,NA,NA,NA,NA,Brock,Purdy,SFO,QB,26,-2
QB,9431,average,3801.5,633.3464409671174,25.1125,4.154666051561786,9.3125,2.693610163755274,58.2,45.10280320714952,0.4875,0.4823676724538777,2.05,0.21712405933672377,NA,NA,NA,NA,NA,NA,NA,NA,NA,NA,NA,NA,NA,NA,NA,NA,NA,NA,NA,NA,NA,NA,NA,NA,NA,NA,NA,NA,NA,NA,NA,NA,NA,NA,NA,NA,NA,NA,NA,NA,NA,NA,NA,NA,Matthew,Stafford,LAR,QB,37,11
QB,9431,robust,3955.5,255.74849999999998,25,1.4826,9.8,2.9652,48,21.4977,0.5,0.6671699999999999,2.0374999999999996,0.03706499999999987,NA,NA,NA,NA,NA,NA,NA,NA,NA,NA,NA,NA,NA,NA,NA,NA,NA,NA,NA,NA,NA,NA,NA,NA,NA,NA,NA,NA,NA,NA,NA,NA,NA,NA,NA,NA,NA,NA,NA,NA,NA,NA,NA,NA,Matthew,Stafford,LAR,QB,37,11
QB,9431,weighted,3766.408906882591,687.6483032871392,25.06821862348178,4.551555854965366,9.11255060728745,2.8698256893901744,56.604251012145745,48.380045030324496,0.46093117408906886,0.5131422700427569,1.9852732793522267,0.12849261695564426,NA,NA,NA,NA,NA,NA,NA,NA,NA,NA,NA,NA,NA,NA,NA,NA,NA,NA,NA,NA,NA,NA,NA,NA,NA,NA,NA,NA,NA,NA,NA,NA,NA,NA,NA,NA,NA,NA,NA,NA,NA,NA,NA,NA,Matthew,Stafford,LAR,QB,37,11
QB,16583,average,3703.4,507.85483865259874,23,4.448113564840075,12.525,2.693775894804275,147.325,62.521213542741975,2.1375,0.6390562237728831,2.675,0.3520349008671888,NA,NA,NA,NA,NA,NA,NA,NA,NA,NA,NA,NA,NA,NA,NA,NA,NA,NA,NA,NA,NA,NA,NA,NA,NA,NA,NA,NA,NA,NA,NA,NA,NA,NA,NA,NA,NA,NA,NA,NA,NA,NA,NA,NA,Michael,Penix Jr.,ATL,QB,25,-4
QB,16583,robust,3810.05,332.99195999999984,23.125,0.37065,12.7,1.0378200000000002,142.65,53.373599999999996,2.025,0.07413000000000006,2.675,0.12972749999999986,NA,NA,NA,NA,NA,NA,NA,NA,NA,NA,NA,NA,NA,NA,NA,NA,NA,NA,NA,NA,NA,NA,NA,NA,NA,NA,NA,NA,NA,NA,NA,NA,NA,NA,NA,NA,NA,NA,NA,NA,NA,NA,NA,NA,Michael,Penix Jr.,ATL,QB,25,-4
QB,16583,weighted,3674.7378542510123,547.7982781831606,22.88157894736842,4.8427982754394385,12.399392712550606,2.912603901759755,139.74696356275302,63.100316962102575,2.1497975708502026,0.7111204060228775,2.596837044534413,0.30589768080032514,NA,NA,NA,NA,NA,NA,NA,NA,NA,NA,NA,NA,NA,NA,NA,NA,NA,NA,NA,NA,NA,NA,NA,NA,NA,NA,NA,NA,NA,NA,NA,NA,NA,NA,NA,NA,NA,NA,NA,NA,NA,NA,NA,NA,Michael,Penix Jr.,ATL,QB,25,-4
QB,15237,average,3772.425,680.6128031833833,23.7375,4.583491339267792,12.1125,1.87878190021392,240.15,36.51547617107026,3.2,0.648074069840786,3.425,0.6377975496078001,NA,NA,NA,NA,NA,NA,NA,NA,NA,NA,NA,NA,NA,NA,NA,NA,NA,NA,NA,NA,NA,NA,NA,NA,NA,NA,NA,NA,NA,NA,NA,NA,NA,NA,NA,NA,NA,NA,NA,NA,NA,NA,NA,NA,Trevor,Lawrence,JAC,QB,26,-1
QB,15237,robust,3950.2,302.89518000000027,24.5,2.2239,12.5,0.7413,246,17.7912,3.175,0.3706500000000003,3.46875,0.1297275000000002,NA,NA,NA,NA,NA,NA,NA,NA,NA,NA,NA,NA,NA,NA,NA,NA,NA,NA,NA,NA,NA,NA,NA,NA,NA,NA,NA,NA,NA,NA,NA,NA,NA,NA,NA,NA,NA,NA,NA,NA,NA,NA,NA,NA,Trevor,Lawrence,JAC,QB,26,-1
QB,15237,weighted,3733.7763157894738,736.2455951456521,23.653846153846157,4.9833542768778845,12.030161943319838,2.027005830763958,238.50607287449392,39.815681069821416,3.2095141700404857,0.7130298273741754,3.322494939271255,0.6289738569895389,NA,NA,NA,NA,NA,NA,NA,NA,NA,NA,NA,NA,NA,NA,NA,NA,NA,NA,NA,NA,NA,NA,NA,NA,NA,NA,NA,NA,NA,NA,NA,NA,NA,NA,NA,NA,NA,NA,NA,NA,NA,NA,NA,NA,Trevor,Lawrence,JAC,QB,26,-1
QB,13592,average,3535.9375,515.5216801246786,22.7625,4.136920006823572,11.825,2.694836332162467,186.2875,53.4186012947336,1.4625,0.936463712972524,2.45,0.7955231881329059,NA,NA,NA,NA,NA,NA,NA,NA,NA,NA,NA,NA,NA,NA,NA,NA,NA,NA,NA,NA,NA,NA,NA,NA,NA,NA,NA,NA,NA,NA,NA,NA,NA,NA,NA,NA,NA,NA,NA,NA,NA,NA,NA,NA,Sam,Darnold,SEA,QB,28,2
QB,13592,robust,3642.875,292.44284999999996,22.925,2.9652,11.95,2.9652,195.4,15.789690000000007,1.475,0.81543,2.45,0.33358500000000013,NA,NA,NA,NA,NA,NA,NA,NA,NA,NA,NA,NA,NA,NA,NA,NA,NA,NA,NA,NA,NA,NA,NA,NA,NA,NA,NA,NA,NA,NA,NA,NA,NA,NA,NA,NA,NA,NA,NA,NA,NA,NA,NA,NA,Sam,Darnold,SEA,QB,28,2
QB,13592,weighted,3494.1487854251013,548.7753854048409,22.668825910931172,4.462583538524623,11.481376518218624,2.7870260881473388,182.74595141700405,57.510154323000215,1.388259109311741,0.9837427802197005,2.2534919028340084,0.6265447367055258,NA,NA,NA,NA,NA,NA,NA,NA,NA,NA,NA,NA,NA,NA,NA,NA,NA,NA,NA,NA,NA,NA,NA,NA,NA,NA,NA,NA,NA,NA,NA,NA,NA,NA,NA,NA,NA,NA,NA,NA,NA,NA,NA,NA,Sam,Darnold,SEA,QB,28,2
QB,16584,average,3729.7,653.1152425108451,26.3125,4.8028079584462136,13.325,1.3177361539506198,256.15,62.84181956081703,1.9625,0.7707834604200734,3.5,0.3927922024247863,NA,NA,NA,NA,NA,NA,NA,NA,NA,NA,NA,NA,NA,NA,NA,NA,NA,NA,NA,NA,NA,NA,NA,NA,NA,NA,NA,NA,NA,NA,NA,NA,NA,NA,NA,NA,NA,NA,NA,NA,NA,NA,NA,NA,J.J.,McCarthy,MIN,QB,22,-4
QB,16584,robust,3963.9,118.60799999999999,27.125,1.8532499999999998,13.5,1.0378200000000002,257.85,68.19959999999999,2,1.03782,3.5,0.22238999999999987,NA,NA,NA,NA,NA,NA,NA,NA,NA,NA,NA,NA,NA,NA,NA,NA,NA,NA,NA,NA,NA,NA,NA,NA,NA,NA,NA,NA,NA,NA,NA,NA,NA,NA,NA,NA,NA,NA,NA,NA,NA,NA,NA,NA,J.J.,McCarthy,MIN,QB,22,-4
QB,16584,weighted,3680.592105263158,701.2273293473644,26.022267206477736,5.185534989202494,13.235222672064777,1.3302109292296926,252.1528340080972,66.35267501816877,1.9161943319838057,0.8292534184727687,3.4563765182186232,0.4052626230532904,NA,NA,NA,NA,NA,NA,NA,NA,NA,NA,NA,NA,NA,NA,NA,NA,NA,NA,NA,NA,NA,NA,NA,NA,NA,NA,NA,NA,NA,NA,NA,NA,NA,NA,NA,NA,NA,NA,NA,NA,NA,NA,NA,NA,J.J.,McCarthy,MIN,QB,22,-4
QB,16586,average,2274.6285714285714,917.5306529199006,13.542857142857143,8.626868327664283,7.857142857142857,2.6626159710938055,191.02857142857144,75.75358548798674,0.7999999999999999,0.565685424949238,3,0.5773502691896257,NA,NA,NA,NA,NA,NA,NA,NA,NA,NA,NA,NA,NA,NA,NA,NA,NA,NA,NA,NA,NA,NA,NA,NA,NA,NA,NA,NA,NA,NA,NA,NA,NA,NA,NA,NA,NA,NA,NA,NA,NA,NA,NA,NA,Spencer,Rattler,NOS,QB,25,-4
QB,16586,robust,2473.1,578.8070400000001,12.8,3.2617199999999986,8.55,1.186080000000001,209.25,50.4084,1,0.2965199999999999,3,0,NA,NA,NA,NA,NA,NA,NA,NA,NA,NA,NA,NA,NA,NA,NA,NA,NA,NA,NA,NA,NA,NA,NA,NA,NA,NA,NA,NA,NA,NA,NA,NA,NA,NA,NA,NA,NA,NA,NA,NA,NA,NA,NA,NA,Spencer,Rattler,NOS,QB,25,-4
QB,16586,weighted,2233.8636363636365,922.9081573293156,13.46060606060606,9.215873117224227,7.6834498834498834,2.6038785343335054,187.46969696969697,76.1794576982165,0.7538461538461539,0.5781509999224678,2.8310023310023307,0.4107435999471587,NA,NA,NA,NA,NA,NA,NA,NA,NA,NA,NA,NA,NA,NA,NA,NA,NA,NA,NA,NA,NA,NA,NA,NA,NA,NA,NA,NA,NA,NA,NA,NA,NA,NA,NA,NA,NA,NA,NA,NA,NA,NA,NA,NA,Spencer,Rattler,NOS,QB,25,-4
QB,14778,average,3828.675,744.6776402290744,25.125,4.580626906564522,11.175,1.0566118357412866,84.6375,30.449393027025774,0.65,0.4407785320154718,3.15,0.5618845839799181,NA,NA,NA,NA,NA,NA,NA,NA,NA,NA,NA,NA,NA,NA,NA,NA,NA,NA,NA,NA,NA,NA,NA,NA,NA,NA,NA,NA,NA,NA,NA,NA,NA,NA,NA,NA,NA,NA,NA,NA,NA,NA,NA,NA,Tua,Tagovailoa,MIA,QB,27,0
QB,14778,robust,3923.6,409.19759999999997,26,4.4478,11,1.4084700000000001,81.525,29.651999999999997,0.725,0.22239000000000003,3.15,0.11119499999999993,NA,NA,NA,NA,NA,NA,NA,NA,NA,NA,NA,NA,NA,NA,NA,NA,NA,NA,NA,NA,NA,NA,NA,NA,NA,NA,NA,NA,NA,NA,NA,NA,NA,NA,NA,NA,NA,NA,NA,NA,NA,NA,NA,NA,Tua,Tagovailoa,MIA,QB,27,0
QB,14778,weighted,3779.6963562753035,800.781797212473,24.93016194331984,4.94789486025944,11.131578947368421,1.108403276955772,84.75506072874494,33.174293208497744,0.6572874493927126,0.4772991811977632,3.0390182186234815,0.5165016749551907,NA,NA,NA,NA,NA,NA,NA,NA,NA,NA,NA,NA,NA,NA,NA,NA,NA,NA,NA,NA,NA,NA,NA,NA,NA,NA,NA,NA,NA,NA,NA,NA,NA,NA,NA,NA,NA,NA,NA,NA,NA,NA,NA,NA,Tua,Tagovailoa,MIA,QB,27,0
QB,17037,average,1004.1714285714286,565.0201226926516,5.571428571428571,3.2694108978602885,3.6285714285714286,2.692405545055874,58.6,37.586167668438875,0.5176617825047286,0.4715568960980534,0.9,0.08164965809277258,NA,NA,NA,NA,NA,NA,NA,NA,NA,NA,NA,NA,NA,NA,NA,NA,NA,NA,NA,NA,NA,NA,NA,NA,NA,NA,NA,NA,NA,NA,NA,NA,NA,NA,NA,NA,NA,NA,NA,NA,NA,NA,NA,NA,Dillon,Gabriel,CLE,QB,25,-5
QB,17037,robust,954.5,515.6482799999999,4.975,3.11346,3,2.2239,54.8,25.2042,0.5,0.59304,0.9,0.14825999999999995,NA,NA,NA,NA,NA,NA,NA,NA,NA,NA,NA,NA,NA,NA,NA,NA,NA,NA,NA,NA,NA,NA,NA,NA,NA,NA,NA,NA,NA,NA,NA,NA,NA,NA,NA,NA,NA,NA,NA,NA,NA,NA,NA,NA,Dillon,Gabriel,CLE,QB,25,-5
QB,17037,weighted,1063.602564102564,601.6246235916001,5.9675990675990676,3.439346901528579,3.844988344988345,2.909721894691736,62.526806526806524,40.11207747864075,0.5644621758212517,0.5111799312047599,0.9166666666666666,0.07513252629292692,NA,NA,NA,NA,NA,NA,NA,NA,NA,NA,NA,NA,NA,NA,NA,NA,NA,NA,NA,NA,NA,NA,NA,NA,NA,NA,NA,NA,NA,NA,NA,NA,NA,NA,NA,NA,NA,NA,NA,NA,NA,NA,NA,NA,Dillon,Gabriel,CLE,QB,25,-5
QB,16148,average,3309.2,721.5217886027915,21.825,5.86338517533052,10.725,2.1191305494740726,277.475,69.03315456048223,3.675,1.265757819309388,3.4,0.6347102826149446,NA,NA,NA,NA,NA,NA,NA,NA,NA,NA,NA,NA,NA,NA,NA,NA,NA,NA,NA,NA,NA,NA,NA,NA,NA,NA,NA,NA,NA,NA,NA,NA,NA,NA,NA,NA,NA,NA,NA,NA,NA,NA,NA,NA,Bryce,Young,CAR,QB,24,-3
QB,16148,robust,3441.5,296.81651999999974,21.85,3.484110000000002,11,1.4826,294.6,14.825999999999999,3.975,1.0378200000000002,3.425,0.07413000000000006,NA,NA,NA,NA,NA,NA,NA,NA,NA,NA,NA,NA,NA,NA,NA,NA,NA,NA,NA,NA,NA,NA,NA,NA,NA,NA,NA,NA,NA,NA,NA,NA,NA,NA,NA,NA,NA,NA,NA,NA,NA,NA,NA,NA,Bryce,Young,CAR,QB,24,-3
QB,16148,weighted,3262.3856275303647,777.5038954910416,21.772064777327934,6.358065124549998,10.544129554655871,2.266053949593185,273.8744939271255,74.85680287518268,3.6607287449392714,1.3667113549467855,3.380161943319838,0.6908534893213175,NA,NA,NA,NA,NA,NA,NA,NA,NA,NA,NA,NA,NA,NA,NA,NA,NA,NA,NA,NA,NA,NA,NA,NA,NA,NA,NA,NA,NA,NA,NA,NA,NA,NA,NA,NA,NA,NA,NA,NA,NA,NA,NA,NA,Bryce,Young,CAR,QB,24,-3
QB,11150,average,3660.3625,727.8419528942098,21.95,5.266335131216557,12.775,1.7152675759609217,221.925,56.0524180694158,1.4625,0.7347254103210454,1.85,0.9031690238899281,NA,NA,NA,NA,NA,NA,NA,NA,NA,NA,NA,NA,NA,NA,NA,NA,NA,NA,NA,NA,NA,NA,NA,NA,NA,NA,NA,NA,NA,NA,NA,NA,NA,NA,NA,NA,NA,NA,NA,NA,NA,NA,NA,NA,Geno,Smith,LVR,QB,35,7
QB,11150,robust,3812.225,378.80429999999996,22,0.7413,12.6,1.7791200000000003,234.35,18.5325,1.5,0.22239000000000003,1.85,0.185325,NA,NA,NA,NA,NA,NA,NA,NA,NA,NA,NA,NA,NA,NA,NA,NA,NA,NA,NA,NA,NA,NA,NA,NA,NA,NA,NA,NA,NA,NA,NA,NA,NA,NA,NA,NA,NA,NA,NA,NA,NA,NA,NA,NA,Geno,Smith,LVR,QB,35,7
QB,11150,weighted,3608.158906882591,782.1606661493746,21.87773279352227,5.7376671257290495,12.736437246963563,1.846519833680124,219.1265182186235,61.02506601511404,1.409919028340081,0.7907301842669109,1.705516194331984,0.8896834540320887,NA,NA,NA,NA,NA,NA,NA,NA,NA,NA,NA,NA,NA,NA,NA,NA,NA,NA,NA,NA,NA,NA,NA,NA,NA,NA,NA,NA,NA,NA,NA,NA,NA,NA,NA,NA,NA,NA,NA,NA,NA,NA,NA,NA,Geno,Smith,LVR,QB,35,7
QB,17030,average,3308.95,693.0414273331718,20.45,4.567900424233685,12.35,1.8996240229507073,289.5125,141.3244032865015,2.275,1.5116216457830975,4,0.0534522483824848,NA,NA,NA,NA,NA,NA,NA,NA,NA,NA,NA,NA,NA,NA,NA,NA,NA,NA,NA,NA,NA,NA,NA,NA,NA,NA,NA,NA,NA,NA,NA,NA,NA,NA,NA,NA,NA,NA,NA,NA,NA,NA,NA,NA,Cam,Ward,TEN,QB,23,-5
QB,17030,robust,3425.9,410.9767199999997,21.5,2.8169400000000002,12.5,1.6308599999999993,286.5,124.5384,2.3,1.1860799999999996,4,0,NA,NA,NA,NA,NA,NA,NA,NA,NA,NA,NA,NA,NA,NA,NA,NA,NA,NA,NA,NA,NA,NA,NA,NA,NA,NA,NA,NA,NA,NA,NA,NA,NA,NA,NA,NA,NA,NA,NA,NA,NA,NA,NA,NA,Cam,Ward,TEN,QB,23,-5
QB,17030,weighted,3256.994939271255,741.2755924864557,20.22732793522267,4.936204312219851,12.19838056680162,1.9818938371698056,281.2105263157895,148.73702041781013,2.2293522267206476,1.612391109720974,3.985627530364373,0.03791040515430534,NA,NA,NA,NA,NA,NA,NA,NA,NA,NA,NA,NA,NA,NA,NA,NA,NA,NA,NA,NA,NA,NA,NA,NA,NA,NA,NA,NA,NA,NA,NA,NA,NA,NA,NA,NA,NA,NA,NA,NA,NA,NA,NA,NA,Cam,Ward,TEN,QB,23,-5
QB,9064,average,2030.2625,703.4541977931876,13.2875,7.881159722491898,9.2,4.928923382878427,39.9375,49.21413668855728,0.4,0.465985898008574,3.2249999999999996,0.6149912891369158,NA,NA,NA,NA,NA,NA,NA,NA,NA,NA,NA,NA,NA,NA,NA,NA,NA,NA,NA,NA,NA,NA,NA,NA,NA,NA,NA,NA,NA,NA,NA,NA,NA,NA,NA,NA,NA,NA,NA,NA,NA,NA,NA,NA,Joe,Flacco,CIN,QB,40,12
QB,9064,robust,2059.275,762.8718299999999,12,3.0393299999999996,8.575,3.7064999999999997,32.375,33.3585,0.4,0.29652,3.2249999999999996,0.16679249999999973,NA,NA,NA,NA,NA,NA,NA,NA,NA,NA,NA,NA,NA,NA,NA,NA,NA,NA,NA,NA,NA,NA,NA,NA,NA,NA,NA,NA,NA,NA,NA,NA,NA,NA,NA,NA,NA,NA,NA,NA,NA,NA,NA,NA,Joe,Flacco,CIN,QB,40,12
QB,9064,weighted,1940.3552631578946,674.0230906401973,13.21497975708502,8.481963857818931,8.938866396761133,5.194710299711928,40.58704453441296,53.15503708445435,0.415587044534413,0.506730915177204,3.139094129554656,0.6208499954240513,NA,NA,NA,NA,NA,NA,NA,NA,NA,NA,NA,NA,NA,NA,NA,NA,NA,NA,NA,NA,NA,NA,NA,NA,NA,NA,NA,NA,NA,NA,NA,NA,NA,NA,NA,NA,NA,NA,NA,NA,NA,NA,NA,NA,Joe,Flacco,CIN,QB,40,12
QB,15238,average,2921.8625,764.9924984459465,19.2375,7.4354243802412325,9.6375,3.0161174190860485,640.0375,276.98697203762384,5.275,2.236547083596242,2.55,1.0274795792200864,NA,NA,NA,NA,NA,NA,NA,NA,NA,NA,NA,NA,NA,NA,NA,NA,NA,NA,NA,NA,NA,NA,NA,NA,NA,NA,NA,NA,NA,NA,NA,NA,NA,NA,NA,NA,NA,NA,NA,NA,NA,NA,NA,NA,Justin,Fields,NYJ,QB,26,-1
QB,15238,robust,3131.475,308.38079999999997,18.575,2.9652,10.075,1.7049900000000004,748.15,77.8365,5.3,2.14977,2.55,0.8524949999999999,NA,NA,NA,NA,NA,NA,NA,NA,NA,NA,NA,NA,NA,NA,NA,NA,NA,NA,NA,NA,NA,NA,NA,NA,NA,NA,NA,NA,NA,NA,NA,NA,NA,NA,NA,NA,NA,NA,NA,NA,NA,NA,NA,NA,Justin,Fields,NYJ,QB,26,-1
QB,15238,weighted,2873.6882591093117,823.3983721385787,19.15404858299595,8.071842554191662,9.433805668016195,3.2262509087238795,623.247975708502,298.00939934451657,5.166194331983807,2.42250202225609,2.362702429149797,0.9698903360793023,NA,NA,NA,NA,NA,NA,NA,NA,NA,NA,NA,NA,NA,NA,NA,NA,NA,NA,NA,NA,NA,NA,NA,NA,NA,NA,NA,NA,NA,NA,NA,NA,NA,NA,NA,NA,NA,NA,NA,NA,NA,NA,NA,NA,Justin,Fields,NYJ,QB,26,-1
QB,14777,average,4125.575,1305.2116256979718,34.05,11.105725678997427,9.3875,2.9043993723807535,169.5875,58.58050474103382,1.7125,0.8871100753087441,3.025,0.9507515823960385,NA,NA,NA,NA,NA,NA,NA,NA,NA,NA,NA,NA,NA,NA,NA,NA,NA,NA,NA,NA,NA,NA,NA,NA,NA,NA,NA,NA,NA,NA,NA,NA,NA,NA,NA,NA,NA,NA,NA,NA,NA,NA,NA,NA,Joe,Burrow,CIN,QB,29,0
QB,14777,robust,4556.9,170.499,36,2.9652,10,2.0015099999999992,179.925,29.651999999999997,1.8250000000000002,0.37065,3.025,0.018532499999999934,NA,NA,NA,NA,NA,NA,NA,NA,NA,NA,NA,NA,NA,NA,NA,NA,NA,NA,NA,NA,NA,NA,NA,NA,NA,NA,NA,NA,NA,NA,NA,NA,NA,NA,NA,NA,NA,NA,NA,NA,NA,NA,NA,NA,Joe,Burrow,CIN,QB,29,0
QB,14777,weighted,4035.5981781376518,1406.939869968024,33.58441295546559,12.05635018862253,9.239271255060729,3.159535338141858,167.11032388663966,63.43439991565835,1.6550607287449393,0.9682538492851864,2.9075151821862346,0.9796104719844932,NA,NA,NA,NA,NA,NA,NA,NA,NA,NA,NA,NA,NA,NA,NA,NA,NA,NA,NA,NA,NA,NA,NA,NA,NA,NA,NA,NA,NA,NA,NA,NA,NA,NA,NA,NA,NA,NA,NA,NA,NA,NA,NA,NA,Joe,Burrow,CIN,QB,29,0
QB,10413,average,326.7285714285714,236.86258121736404,2.7285714285714286,3.107364524112722,1.4,0.9746794344808963,49.42857142857143,38.569664862674756,0,0,0.725,0.2263846284534354,NA,NA,NA,NA,NA,NA,NA,NA,NA,NA,NA,NA,NA,NA,NA,NA,NA,NA,NA,NA,NA,NA,NA,NA,NA,NA,NA,NA,NA,NA,NA,NA,NA,NA,NA,NA,NA,NA,NA,NA,NA,NA,NA,NA,Tyrod,Taylor,NYJ,QB,36,9
QB,10413,robust,309.275,214.97699999999998,1.75,1.4826,1.45,1.3343399999999999,48.5,41.5128,0,0,0.725,0.33358499999999996,NA,NA,NA,NA,NA,NA,NA,NA,NA,NA,NA,NA,NA,NA,NA,NA,NA,NA,NA,NA,NA,NA,NA,NA,NA,NA,NA,NA,NA,NA,NA,NA,NA,NA,NA,NA,NA,NA,NA,NA,NA,NA,NA,NA,Tyrod,Taylor,NYJ,QB,36,9
QB,10413,weighted,348.8787878787878,253.71280843845003,3.0167832167832165,3.303316862944332,1.4869463869463868,1.0699147275674936,53.84149184149184,40.78930017692183,0,0,0.7791083916083915,0.1916390202388191,NA,NA,NA,NA,NA,NA,NA,NA,NA,NA,NA,NA,NA,NA,NA,NA,NA,NA,NA,NA,NA,NA,NA,NA,NA,NA,NA,NA,NA,NA,NA,NA,NA,NA,NA,NA,NA,NA,NA,NA,NA,NA,NA,NA,Tyrod,Taylor,NYJ,QB,36,9
QB,12610,average,305.06666666666666,233.17978757459517,2.2333333333333334,1.6623276853055577,1.4333333333333333,1.3576941236277535,23.866666666666667,21.768172484922417,0,0,0.19999999999999998,0.34641016151377546,NA,NA,NA,NA,NA,NA,NA,NA,NA,NA,NA,NA,NA,NA,NA,NA,NA,NA,NA,NA,NA,NA,NA,NA,NA,NA,NA,NA,NA,NA,NA,NA,NA,NA,NA,NA,NA,NA,NA,NA,NA,NA,NA,NA,Carson,Wentz,MIN,QB,33,4
QB,12610,robust,289.55,198.37188,2.175,1.9273799999999999,1.25,0.14825999999999995,20.8,0.8895599999999995,0,0,0.15,0,NA,NA,NA,NA,NA,NA,NA,NA,NA,NA,NA,NA,NA,NA,NA,NA,NA,NA,NA,NA,NA,NA,NA,NA,NA,NA,NA,NA,NA,NA,NA,NA,NA,NA,NA,NA,NA,NA,NA,NA,NA,NA,NA,NA,Carson,Wentz,MIN,QB,33,4
QB,12610,weighted,404.67247386759584,226.27416997969522,3.0104529616724736,1.4142135623730951,1.862020905923345,1.6263455967290592,30.198606271777006,26.870057685088806,0,0,0.2968641114982578,0.42426406871192857,NA,NA,NA,NA,NA,NA,NA,NA,NA,NA,NA,NA,NA,NA,NA,NA,NA,NA,NA,NA,NA,NA,NA,NA,NA,NA,NA,NA,NA,NA,NA,NA,NA,NA,NA,NA,NA,NA,NA,NA,NA,NA,NA,NA,Carson,Wentz,MIN,QB,33,4
QB,10313,average,246.12,128.07799186433243,2.28,1.1256109452204166,1.18,0.49193495504995377,9,4.301162633521313,0,0,0,0,NA,NA,NA,NA,NA,NA,NA,NA,NA,NA,NA,NA,NA,NA,NA,NA,NA,NA,NA,NA,NA,NA,NA,NA,NA,NA,NA,NA,NA,NA,NA,NA,NA,NA,NA,NA,NA,NA,NA,NA,NA,NA,NA,NA,Andy,Dalton,CAR,QB,38,9
QB,10313,robust,227.5,88.06644,2.25,0.7413,1.1,0.2965199999999999,9,4.4478,0,0,0,0,NA,NA,NA,NA,NA,NA,NA,NA,NA,NA,NA,NA,NA,NA,NA,NA,NA,NA,NA,NA,NA,NA,NA,NA,NA,NA,NA,NA,NA,NA,NA,NA,NA,NA,NA,NA,NA,NA,NA,NA,NA,NA,NA,NA,Andy,Dalton,CAR,QB,38,9
QB,10313,weighted,267.6185383244207,122.67965702895295,2.5650623885918007,0.910784380282639,1.2698752228163992,0.4572891155504247,9.711229946524064,4.7005390227816966,0,0,0,0,NA,NA,NA,NA,NA,NA,NA,NA,NA,NA,NA,NA,NA,NA,NA,NA,NA,NA,NA,NA,NA,NA,NA,NA,NA,NA,NA,NA,NA,NA,NA,NA,NA,NA,NA,NA,NA,NA,NA,NA,NA,NA,NA,NA,Andy,Dalton,CAR,QB,38,9
QB,12141,average,317.3,130.24764873117672,2.96,2.1961329650091774,0.7,0.5196152422706632,64.46,48.18669940969188,0.4,0.5477225575051661,0,0,NA,NA,NA,NA,NA,NA,NA,NA,NA,NA,NA,NA,NA,NA,NA,NA,NA,NA,NA,NA,NA,NA,NA,NA,NA,NA,NA,NA,NA,NA,NA,NA,NA,NA,NA,NA,NA,NA,NA,NA,NA,NA,NA,NA,Marcus,Mariota,WAS,QB,32,5
QB,12141,robust,322.5,160.8621,2.5,1.3343399999999999,0.65,0.2965199999999999,64.5,23.276819999999997,0.5,0,0,0,NA,NA,NA,NA,NA,NA,NA,NA,NA,NA,NA,NA,NA,NA,NA,NA,NA,NA,NA,NA,NA,NA,NA,NA,NA,NA,NA,NA,NA,NA,NA,NA,NA,NA,NA,NA,NA,NA,NA,NA,NA,NA,NA,NA,Marcus,Mariota,WAS,QB,32,5
QB,12141,weighted,349.67201426024957,118.83079930946256,3.4089126559714797,2.2606043253272614,0.7814616755793227,0.5561284641163733,73.43137254901961,49.05635298340603,0.47237076648841364,0.5770046407057438,0,0,NA,NA,NA,NA,NA,NA,NA,NA,NA,NA,NA,NA,NA,NA,NA,NA,NA,NA,NA,NA,NA,NA,NA,NA,NA,NA,NA,NA,NA,NA,NA,NA,NA,NA,NA,NA,NA,NA,NA,NA,NA,NA,NA,NA,Marcus,Mariota,WAS,QB,32,5
QB,15252,average,204.7,174.74687407790734,2.1666666666666665,2.2854612955229263,0.6333333333333333,0.7767453465154028,13.466666666666667,7.9027421401266364,0,0,0,0,NA,NA,NA,NA,NA,NA,NA,NA,NA,NA,NA,NA,NA,NA,NA,NA,NA,NA,NA,NA,NA,NA,NA,NA,NA,NA,NA,NA,NA,NA,NA,NA,NA,NA,NA,NA,NA,NA,NA,NA,NA,NA,NA,NA,Davis,Mills,HOU,QB,27,-1
QB,15252,robust,182.55,35.730659999999986,1.875,0.44478000000000006,0.575,0.59304,13.1,8.30256,0,0,0,0,NA,NA,NA,NA,NA,NA,NA,NA,NA,NA,NA,NA,NA,NA,NA,NA,NA,NA,NA,NA,NA,NA,NA,NA,NA,NA,NA,NA,NA,NA,NA,NA,NA,NA,NA,NA,NA,NA,NA,NA,NA,NA,NA,NA,Davis,Mills,HOU,QB,27,-1
QB,15252,weighted,247.35888501742158,222.03152929257593,2.8801393728222995,2.687005768508881,0.7421602787456445,1.0606601717798214,16.94773519163763,7.0710678118654755,0,0,0,0,NA,NA,NA,NA,NA,NA,NA,NA,NA,NA,NA,NA,NA,NA,NA,NA,NA,NA,NA,NA,NA,NA,NA,NA,NA,NA,NA,NA,NA,NA,NA,NA,NA,NA,NA,NA,NA,NA,NA,NA,NA,NA,NA,NA,Davis,Mills,HOU,QB,27,-1
QB,13115,average,164.775,87.79788816746486,1.75,1.705872210923198,0.35,0.47258156262526085,16.475,10.11117368723005,0,0,0.16666666666666666,0.23570226039551584,NA,NA,NA,NA,NA,NA,NA,NA,NA,NA,NA,NA,NA,NA,NA,NA,NA,NA,NA,NA,NA,NA,NA,NA,NA,NA,NA,NA,NA,NA,NA,NA,NA,NA,NA,NA,NA,NA,NA,NA,NA,NA,NA,NA,Mitchell,Trubisky,BUF,QB,31,3
QB,13115,robust,137.525,30.393300000000018,1,0.22239000000000003,0.30000000000000004,0.29652,14.25,5.263229999999999,0,0,0.125,0.12355,NA,NA,NA,NA,NA,NA,NA,NA,NA,NA,NA,NA,NA,NA,NA,NA,NA,NA,NA,NA,NA,NA,NA,NA,NA,NA,NA,NA,NA,NA,NA,NA,NA,NA,NA,NA,NA,NA,NA,NA,NA,NA,NA,NA,Mitchell,Trubisky,BUF,QB,31,3
QB,13115,weighted,181.4512195121951,102.4868982052538,2.142926829268293,1.9254824795309136,0.3463414634146341,0.583479539251792,18.7609756097561,9.945322958479368,0,0,0.22317073170731708,0.26046615189479794,NA,NA,NA,NA,NA,NA,NA,NA,NA,NA,NA,NA,NA,NA,NA,NA,NA,NA,NA,NA,NA,NA,NA,NA,NA,NA,NA,NA,NA,NA,NA,NA,NA,NA,NA,NA,NA,NA,NA,NA,NA,NA,NA,NA,Mitchell,Trubisky,BUF,QB,31,3
QB,10703,average,2372.3125,1028.798985554793,15.125,8.61804585075493,6.55,3.3204991018993346,164.5125,86.16720353061085,1.5,0.7578164119928482,2.4,1.3480144128097655,NA,NA,NA,NA,NA,NA,NA,NA,NA,NA,NA,NA,NA,NA,NA,NA,NA,NA,NA,NA,NA,NA,NA,NA,NA,NA,NA,NA,NA,NA,NA,NA,NA,NA,NA,NA,NA,NA,NA,NA,NA,NA,NA,NA,Russell,Wilson,NYG,QB,37,8
QB,10703,robust,2600.125,412.1628,14.55,4.521929999999999,6.65,1.9273799999999996,162,56.3388,1.5,0.14826000000000011,2.4,0.14826000000000011,NA,NA,NA,NA,NA,NA,NA,NA,NA,NA,NA,NA,NA,NA,NA,NA,NA,NA,NA,NA,NA,NA,NA,NA,NA,NA,NA,NA,NA,NA,NA,NA,NA,NA,NA,NA,NA,NA,NA,NA,NA,NA,NA,NA,Russell,Wilson,NYG,QB,37,8
QB,10703,weighted,2271.3168016194336,1090.8891563040793,14.83481781376518,9.335548898573519,6.290080971659919,3.5519090950025305,156.38056680161944,91.58889786443484,1.4091093117408906,0.8022130869926778,2.3647773279352227,1.4652126130286331,NA,NA,NA,NA,NA,NA,NA,NA,NA,NA,NA,NA,NA,NA,NA,NA,NA,NA,NA,NA,NA,NA,NA,NA,NA,NA,NA,NA,NA,NA,NA,NA,NA,NA,NA,NA,NA,NA,NA,NA,NA,NA,NA,NA,Russell,Wilson,NYG,QB,37,8
QB,15702,average,124.7,45.50131866221022,1.9666666666666668,1.939931270260195,0.3333333333333333,0.30550504633038933,13,12.288205727444508,0.06666666666666667,0.11547005383792516,0,0,NA,NA,NA,NA,NA,NA,NA,NA,NA,NA,NA,NA,NA,NA,NA,NA,NA,NA,NA,NA,NA,NA,NA,NA,NA,NA,NA,NA,NA,NA,NA,NA,NA,NA,NA,NA,NA,NA,NA,NA,NA,NA,NA,NA,Tanner,McKee,PHI,QB,25,-3
QB,15702,robust,124.8,66.56874,1.725,0.44478000000000006,0.35,0.2965199999999999,11.75,5.9304,0.05,0,0,0,NA,NA,NA,NA,NA,NA,NA,NA,NA,NA,NA,NA,NA,NA,NA,NA,NA,NA,NA,NA,NA,NA,NA,NA,NA,NA,NA,NA,NA,NA,NA,NA,NA,NA,NA,NA,NA,NA,NA,NA,NA,NA,NA,NA,Tanner,McKee,PHI,QB,25,-3
QB,15702,weighted,124.02439024390245,64.34671708797582,2.583275261324042,2.2627416997969525,0.2968641114982578,0.42426406871192857,15.37979094076655,16.263455967290597,0.09895470383275261,0.14142135623730953,0,0,NA,NA,NA,NA,NA,NA,NA,NA,NA,NA,NA,NA,NA,NA,NA,NA,NA,NA,NA,NA,NA,NA,NA,NA,NA,NA,NA,NA,NA,NA,NA,NA,NA,NA,NA,NA,NA,NA,NA,NA,NA,NA,NA,NA,Tanner,McKee,PHI,QB,25,-3
QB,13595,average,348.9166666666667,330.789724245882,2.466666666666667,2.8535358183605593,1,0.9777525249264253,35.28333333333333,29.986024522544945,0.13333333333333333,0.21602468994692867,0.3333333333333333,0.3651483716701107,NA,NA,NA,NA,NA,NA,NA,NA,NA,NA,NA,NA,NA,NA,NA,NA,NA,NA,NA,NA,NA,NA,NA,NA,NA,NA,NA,NA,NA,NA,NA,NA,NA,NA,NA,NA,NA,NA,NA,NA,NA,NA,NA,NA,Mason,Rudolph,PIT,QB,30,2
QB,13595,robust,380.5,224.24325,1.95,1.55673,1,1.2602099999999998,36.5,34.099799999999995,0.15,0,0.3333333333333333,0.2471,NA,NA,NA,NA,NA,NA,NA,NA,NA,NA,NA,NA,NA,NA,NA,NA,NA,NA,NA,NA,NA,NA,NA,NA,NA,NA,NA,NA,NA,NA,NA,NA,NA,NA,NA,NA,NA,NA,NA,NA,NA,NA,NA,NA,Mason,Rudolph,PIT,QB,30,2
QB,13595,weighted,369.7075208913649,351.5260896571594,2.6988857938718662,3.0935841312277943,1.0467966573816156,1.0980176940509496,27.651810584958216,28.590738919377596,0.05933147632311977,0.13370778688206414,0.39786443825441037,0.3645958419716596,NA,NA,NA,NA,NA,NA,NA,NA,NA,NA,NA,NA,NA,NA,NA,NA,NA,NA,NA,NA,NA,NA,NA,NA,NA,NA,NA,NA,NA,NA,NA,NA,NA,NA,NA,NA,NA,NA,NA,NA,NA,NA,NA,NA,Mason,Rudolph,PIT,QB,30,2
QB,14063,average,78.06666666666666,44.61628999965521,0.6666666666666666,0.3511884584284246,0.16666666666666669,0.20816659994661327,8.866666666666667,3.6678785875943785,0,0,0,0,NA,NA,NA,NA,NA,NA,NA,NA,NA,NA,NA,NA,NA,NA,NA,NA,NA,NA,NA,NA,NA,NA,NA,NA,NA,NA,NA,NA,NA,NA,NA,NA,NA,NA,NA,NA,NA,NA,NA,NA,NA,NA,NA,NA,Jarrett,Stidham,DEN,QB,29,1
QB,14063,robust,80.8,40.32672,0.675,0.44478000000000006,0.15000000000000002,0.14826,8.55,2.372159999999999,0,0,0,0,NA,NA,NA,NA,NA,NA,NA,NA,NA,NA,NA,NA,NA,NA,NA,NA,NA,NA,NA,NA,NA,NA,NA,NA,NA,NA,NA,NA,NA,NA,NA,NA,NA,NA,NA,NA,NA,NA,NA,NA,NA,NA,NA,NA,Jarrett,Stidham,DEN,QB,29,1
QB,14063,weighted,59.31358885017422,42.42640687119285,0.6536585365853659,0.4949747468305833,0.049477351916376304,0.07071067811865477,9.536585365853657,4.949747468305833,0,0,0,0,NA,NA,NA,NA,NA,NA,NA,NA,NA,NA,NA,NA,NA,NA,NA,NA,NA,NA,NA,NA,NA,NA,NA,NA,NA,NA,NA,NA,NA,NA,NA,NA,NA,NA,NA,NA,NA,NA,NA,NA,NA,NA,NA,NA,Jarrett,Stidham,DEN,QB,29,1
QB,15241,average,221.66,102.19529343369977,1.54,0.5458937625582472,0.92,0.719027120489902,10.7,3.383784863137726,0.04,0.08944271909999159,0.06666666666666667,0.08164965809277261,NA,NA,NA,NA,NA,NA,NA,NA,NA,NA,NA,NA,NA,NA,NA,NA,NA,NA,NA,NA,NA,NA,NA,NA,NA,NA,NA,NA,NA,NA,NA,NA,NA,NA,NA,NA,NA,NA,NA,NA,NA,NA,NA,NA,Mac,Jones,SFO,QB,27,-1
QB,15241,robust,231.65,93.40379999999999,1.5,0.2965199999999999,0.9,0.29652000000000006,11,4.4478,0,0,0.06666666666666667,0.09884,NA,NA,NA,NA,NA,NA,NA,NA,NA,NA,NA,NA,NA,NA,NA,NA,NA,NA,NA,NA,NA,NA,NA,NA,NA,NA,NA,NA,NA,NA,NA,NA,NA,NA,NA,NA,NA,NA,NA,NA,NA,NA,NA,NA,Mac,Jones,SFO,QB,27,-1
QB,15241,weighted,233.45989304812838,115.79723229334805,1.6909090909090911,0.4808005565037719,0.9354723707664884,0.797472950810328,11.288770053475938,3.2321135776180996,0.05062388591800357,0.10050593148067993,0.08318478906714201,0.08474122181617992,NA,NA,NA,NA,NA,NA,NA,NA,NA,NA,NA,NA,NA,NA,NA,NA,NA,NA,NA,NA,NA,NA,NA,NA,NA,NA,NA,NA,NA,NA,NA,NA,NA,NA,NA,NA,NA,NA,NA,NA,NA,NA,NA,NA,Mac,Jones,SFO,QB,27,-1
QB,17039,average,1365.225,803.7796104299096,7.2875,4.745354871571025,5.4375,5.038689597220974,95.9125,50.65348493158477,0.6,0.565685424949238,0.825,0.6510979737555412,NA,NA,NA,NA,NA,NA,NA,NA,NA,NA,NA,NA,NA,NA,NA,NA,NA,NA,NA,NA,NA,NA,NA,NA,NA,NA,NA,NA,NA,NA,NA,NA,NA,NA,NA,NA,NA,NA,NA,NA,NA,NA,NA,NA,Tyler,Shough,NOS,QB,26,-5
QB,17039,robust,1288,512.2383,6.75,3.48411,4.5,2.2239,96.825,44.99691,0.5,0.7413,0.825,0.35211750000000003,NA,NA,NA,NA,NA,NA,NA,NA,NA,NA,NA,NA,NA,NA,NA,NA,NA,NA,NA,NA,NA,NA,NA,NA,NA,NA,NA,NA,NA,NA,NA,NA,NA,NA,NA,NA,NA,NA,NA,NA,NA,NA,NA,NA,Tyler,Shough,NOS,QB,26,-5
QB,17039,weighted,1414.254048582996,832.1070214560496,7.62753036437247,4.911780533154598,5.600202429149797,5.2220557813069854,99.4585020242915,54.13240327302081,0.6263157894736843,0.6060621450719057,0.7518471659919029,0.6731308178764797,NA,NA,NA,NA,NA,NA,NA,NA,NA,NA,NA,NA,NA,NA,NA,NA,NA,NA,NA,NA,NA,NA,NA,NA,NA,NA,NA,NA,NA,NA,NA,NA,NA,NA,NA,NA,NA,NA,NA,NA,NA,NA,NA,NA,Tyler,Shough,NOS,QB,26,-5
QB,15694,average,257.94,131.249830476081,2.06,1.1349008767288886,0.46,0.5079370039680118,38.44,24.581863232879645,0.24,0.433589667773576,0.7333333333333334,0.8981462390204987,NA,NA,NA,NA,NA,NA,NA,NA,NA,NA,NA,NA,NA,NA,NA,NA,NA,NA,NA,NA,NA,NA,NA,NA,NA,NA,NA,NA,NA,NA,NA,NA,NA,NA,NA,NA,NA,NA,NA,NA,NA,NA,NA,NA,Malik,Willis,GBP,QB,26,-2
QB,15694,robust,253.5,182.80458000000002,2,1.4826,0.5,0.44477999999999995,36.5,21.052919999999997,0.1,0,0.7333333333333334,1.08724,NA,NA,NA,NA,NA,NA,NA,NA,NA,NA,NA,NA,NA,NA,NA,NA,NA,NA,NA,NA,NA,NA,NA,NA,NA,NA,NA,NA,NA,NA,NA,NA,NA,NA,NA,NA,NA,NA,NA,NA,NA,NA,NA,NA,Malik,Willis,GBP,QB,26,-2
QB,15694,weighted,283.03565062388594,139.23540629411843,2.3151515151515154,1.080827167881388,0.47237076648841364,0.5770046407057438,41.94117647058823,28.187997818669004,0.26916221033868093,0.5126145341921353,0.9150326797385622,0.9321534399779791,NA,NA,NA,NA,NA,NA,NA,NA,NA,NA,NA,NA,NA,NA,NA,NA,NA,NA,NA,NA,NA,NA,NA,NA,NA,NA,NA,NA,NA,NA,NA,NA,NA,NA,NA,NA,NA,NA,NA,NA,NA,NA,NA,NA,Malik,Willis,GBP,QB,26,-2
QB,13119,average,251.68,128.70785523813223,1.8599999999999999,1.0089598604503551,1.26,1.0382677881933928,19.52,10.032547034527175,0.12,0.2683281572999748,0.16666666666666666,0.2041241452319315,NA,NA,NA,NA,NA,NA,NA,NA,NA,NA,NA,NA,NA,NA,NA,NA,NA,NA,NA,NA,NA,NA,NA,NA,NA,NA,NA,NA,NA,NA,NA,NA,NA,NA,NA,NA,NA,NA,NA,NA,NA,NA,NA,NA,Joshua,Dobbs,NEP,QB,30,3
QB,13119,robust,249,166.94075999999998,2,1.4826,1.3,1.4826,19.3,4.4478,0,0,0.16666666666666666,0.2471,NA,NA,NA,NA,NA,NA,NA,NA,NA,NA,NA,NA,NA,NA,NA,NA,NA,NA,NA,NA,NA,NA,NA,NA,NA,NA,NA,NA,NA,NA,NA,NA,NA,NA,NA,NA,NA,NA,NA,NA,NA,NA,NA,NA,Joshua,Dobbs,NEP,QB,30,3
QB,13119,weighted,271.01426024955435,134.45349630158114,2.0959001782531197,0.9978459155438164,1.365775401069519,1.1510920296274365,20.91800356506239,10.798144608937518,0.15187165775401068,0.3015177944420398,0.20796197266785502,0.2118530545404498,NA,NA,NA,NA,NA,NA,NA,NA,NA,NA,NA,NA,NA,NA,NA,NA,NA,NA,NA,NA,NA,NA,NA,NA,NA,NA,NA,NA,NA,NA,NA,NA,NA,NA,NA,NA,NA,NA,NA,NA,NA,NA,NA,NA,Joshua,Dobbs,NEP,QB,30,3
QB,15239,average,158.675,91.17321883828241,1.275,0.4991659710623979,0.6,0.4546060565661952,9.325,3.797696670351649,0,0,0.09999999999999999,0.1414213562373095,NA,NA,NA,NA,NA,NA,NA,NA,NA,NA,NA,NA,NA,NA,NA,NA,NA,NA,NA,NA,NA,NA,NA,NA,NA,NA,NA,NA,NA,NA,NA,NA,NA,NA,NA,NA,NA,NA,NA,NA,NA,NA,NA,NA,Zach,Wilson,MIA,QB,26,-1
QB,15239,robust,140.77499999999998,47.220809999999986,1.15,0.22239000000000012,0.6,0.37065000000000003,10.075,2.2239,0,0,0.075,0.07412999999999999,NA,NA,NA,NA,NA,NA,NA,NA,NA,NA,NA,NA,NA,NA,NA,NA,NA,NA,NA,NA,NA,NA,NA,NA,NA,NA,NA,NA,NA,NA,NA,NA,NA,NA,NA,NA,NA,NA,NA,NA,NA,NA,NA,NA,Zach,Wilson,MIA,QB,26,-1
QB,15239,weighted,162.49543378995432,112.55845308461807,1.4095890410958904,0.5338765477072802,0.6365296803652969,0.5507921306215242,9.047945205479452,4.541275964485281,0,0,0.1317351598173516,0.15137586548284268,NA,NA,NA,NA,NA,NA,NA,NA,NA,NA,NA,NA,NA,NA,NA,NA,NA,NA,NA,NA,NA,NA,NA,NA,NA,NA,NA,NA,NA,NA,NA,NA,NA,NA,NA,NA,NA,NA,NA,NA,NA,NA,NA,NA,Zach,Wilson,MIA,QB,26,-1
QB,14358,average,279.925,226.40411325768798,2.625,2.1360009363293826,0.9,0.9591663046625439,17.35,16.446580191638624,0.225,0.45,0,0,NA,NA,NA,NA,NA,NA,NA,NA,NA,NA,NA,NA,NA,NA,NA,NA,NA,NA,NA,NA,NA,NA,NA,NA,NA,NA,NA,NA,NA,NA,NA,NA,NA,NA,NA,NA,NA,NA,NA,NA,NA,NA,NA,NA,Jake,Browning,CIN,QB,29,1
QB,14358,robust,265.675,164.5686,2.5,1.4826,0.85,0.7413,9.75,1.1860799999999996,0,0,0,0,NA,NA,NA,NA,NA,NA,NA,NA,NA,NA,NA,NA,NA,NA,NA,NA,NA,NA,NA,NA,NA,NA,NA,NA,NA,NA,NA,NA,NA,NA,NA,NA,NA,NA,NA,NA,NA,NA,NA,NA,NA,NA,NA,NA,Jake,Browning,CIN,QB,29,1
QB,14358,weighted,327.1170731707317,257.40994072326134,3.158536585365854,2.311877641453582,1.0619512195121952,1.12963261737798,20.729268292682924,18.993460537307715,0.31170731707317073,0.5251315853266129,0,0,NA,NA,NA,NA,NA,NA,NA,NA,NA,NA,NA,NA,NA,NA,NA,NA,NA,NA,NA,NA,NA,NA,NA,NA,NA,NA,NA,NA,NA,NA,NA,NA,NA,NA,NA,NA,NA,NA,NA,NA,NA,NA,NA,NA,Jake,Browning,CIN,QB,29,1
QB,14067,average,312.34,216.27384955190493,2.52,2.334951819631403,1.6,1.7818529681205462,13.96,8.373052012259329,0,0,1.1,0.9513148795220224,NA,NA,NA,NA,NA,NA,NA,NA,NA,NA,NA,NA,NA,NA,NA,NA,NA,NA,NA,NA,NA,NA,NA,NA,NA,NA,NA,NA,NA,NA,NA,NA,NA,NA,NA,NA,NA,NA,NA,NA,NA,NA,NA,NA,Gardner,Minshew,KCC,QB,29,1
QB,14067,robust,291.85,214.97699999999998,2,1.4826,1.25,1.4826,11.5,4.74432,0,0,1.1,0.5930400000000001,NA,NA,NA,NA,NA,NA,NA,NA,NA,NA,NA,NA,NA,NA,NA,NA,NA,NA,NA,NA,NA,NA,NA,NA,NA,NA,NA,NA,NA,NA,NA,NA,NA,NA,NA,NA,NA,NA,NA,NA,NA,NA,NA,NA,Gardner,Minshew,KCC,QB,29,1
QB,14067,weighted,346.7967914438503,229.5742118932224,2.9058823529411764,2.5305542657980333,1.8467023172905523,1.9551148093854887,15.372549019607842,8.949821398326531,0,0,1.1953654188948308,1.0799971059126603,NA,NA,NA,NA,NA,NA,NA,NA,NA,NA,NA,NA,NA,NA,NA,NA,NA,NA,NA,NA,NA,NA,NA,NA,NA,NA,NA,NA,NA,NA,NA,NA,NA,NA,NA,NA,NA,NA,NA,NA,NA,NA,NA,NA,Gardner,Minshew,KCC,QB,29,1
QB,14789,average,171.5,106.77312395916867,1.5,0.7071067811865476,0.5,0.7071067811865476,32.5,21.920310216782973,0,0,0,0,NA,NA,NA,NA,NA,NA,NA,NA,NA,NA,NA,NA,NA,NA,NA,NA,NA,NA,NA,NA,NA,NA,NA,NA,NA,NA,NA,NA,NA,NA,NA,NA,NA,NA,NA,NA,NA,NA,NA,NA,NA,NA,NA,NA,Tyler,Huntley,BAL,QB,27,0
QB,14789,robust,171.5,111.93629999999999,1.5,0.7413,0.5,0.7413,32.5,22.9803,0,0,0,0,NA,NA,NA,NA,NA,NA,NA,NA,NA,NA,NA,NA,NA,NA,NA,NA,NA,NA,NA,NA,NA,NA,NA,NA,NA,NA,NA,NA,NA,NA,NA,NA,NA,NA,NA,NA,NA,NA,NA,NA,NA,NA,NA,NA,Tyler,Huntley,BAL,QB,27,0
QB,14789,weighted,165.30223880597015,106.77312395916866,1.458955223880597,0.7071067811865474,0.458955223880597,0.7071067811865474,31.227611940298505,21.92031021678297,0,0,0,0,NA,NA,NA,NA,NA,NA,NA,NA,NA,NA,NA,NA,NA,NA,NA,NA,NA,NA,NA,NA,NA,NA,NA,NA,NA,NA,NA,NA,NA,NA,NA,NA,NA,NA,NA,NA,NA,NA,NA,NA,NA,NA,NA,NA,Tyler,Huntley,BAL,QB,27,0
QB,16585,average,161.825,85.43919377740717,1.35,0.660807586719967,0.5,0.7571877794400365,9.7,2.821347195933177,0,0,0.03333333333333333,0.047140452079103175,NA,NA,NA,NA,NA,NA,NA,NA,NA,NA,NA,NA,NA,NA,NA,NA,NA,NA,NA,NA,NA,NA,NA,NA,NA,NA,NA,NA,NA,NA,NA,NA,NA,NA,NA,NA,NA,NA,NA,NA,NA,NA,NA,NA,Joe,Milton,DAL,QB,25,-4
QB,16585,robust,128.325,18.53250000000001,1.35,0.7413000000000001,0.30000000000000004,0.29652,9.7,2.2239,0,0,0.025,0.02471,NA,NA,NA,NA,NA,NA,NA,NA,NA,NA,NA,NA,NA,NA,NA,NA,NA,NA,NA,NA,NA,NA,NA,NA,NA,NA,NA,NA,NA,NA,NA,NA,NA,NA,NA,NA,NA,NA,NA,NA,NA,NA,NA,NA,Joe,Milton,DAL,QB,25,-4
QB,16585,weighted,168.85853658536587,97.29888957085291,1.5770731707317074,0.5326239295642099,0.5541463414634147,0.9335672628028673,8.860975609756098,2.952755509070849,0,0,0.04463414634146341,0.05209323037895959,NA,NA,NA,NA,NA,NA,NA,NA,NA,NA,NA,NA,NA,NA,NA,NA,NA,NA,NA,NA,NA,NA,NA,NA,NA,NA,NA,NA,NA,NA,NA,NA,NA,NA,NA,NA,NA,NA,NA,NA,NA,NA,NA,NA,Joe,Milton,DAL,QB,25,-4
QB,13124,average,222.125,192.53500763930353,2.05,2.3043437243605824,0.7999999999999999,0.8445906306213284,10.775,8.652697074708364,0,0,0.23333333333333334,0.16996731711975951,NA,NA,NA,NA,NA,NA,NA,NA,NA,NA,NA,NA,NA,NA,NA,NA,NA,NA,NA,NA,NA,NA,NA,NA,NA,NA,NA,NA,NA,NA,NA,NA,NA,NA,NA,NA,NA,NA,NA,NA,NA,NA,NA,NA,Cooper,Rush,BAL,QB,32,3
QB,13124,robust,152.375,48.1845,1,0.22239000000000003,0.8,0.7413,9.325,5.263230000000001,0,0,0.25,0.12355000000000001,NA,NA,NA,NA,NA,NA,NA,NA,NA,NA,NA,NA,NA,NA,NA,NA,NA,NA,NA,NA,NA,NA,NA,NA,NA,NA,NA,NA,NA,NA,NA,NA,NA,NA,NA,NA,NA,NA,NA,NA,NA,NA,NA,NA,Cooper,Rush,BAL,QB,32,3
QB,13124,weighted,260.1536585365854,223.55528677891252,2.5585365853658537,2.625657926633064,0.9580487804878048,0.9752275053885048,11.126829268292681,10.781098951995958,0,0,0.17390243902439023,0.1611178136046441,NA,NA,NA,NA,NA,NA,NA,NA,NA,NA,NA,NA,NA,NA,NA,NA,NA,NA,NA,NA,NA,NA,NA,NA,NA,NA,NA,NA,NA,NA,NA,NA,NA,NA,NA,NA,NA,NA,NA,NA,NA,NA,NA,NA,Cooper,Rush,BAL,QB,32,3
QB,12616,average,224.18,111.73635039681581,1.66,1.6486357996840901,0.78,0.5403702434442518,16.5,9.486832980505138,0,0,0.09999999999999999,0.1224744871391589,NA,NA,NA,NA,NA,NA,NA,NA,NA,NA,NA,NA,NA,NA,NA,NA,NA,NA,NA,NA,NA,NA,NA,NA,NA,NA,NA,NA,NA,NA,NA,NA,NA,NA,NA,NA,NA,NA,NA,NA,NA,NA,NA,NA,Jacoby,Brissett,ARI,QB,33,4
QB,12616,robust,231,123.20405999999998,1,0,0.75,0.5930399999999998,14,4.4478,0,0,0.09999999999999999,0.14825999999999998,NA,NA,NA,NA,NA,NA,NA,NA,NA,NA,NA,NA,NA,NA,NA,NA,NA,NA,NA,NA,NA,NA,NA,NA,NA,NA,NA,NA,NA,NA,NA,NA,NA,NA,NA,NA,NA,NA,NA,NA,NA,NA,NA,NA,Jacoby,Brissett,ARI,QB,33,4
QB,12616,weighted,243.19964349376116,120.78114511899707,1.911229946524064,1.8091067666522385,0.8427807486631017,0.605264634027776,18.221033868092693,10.089109851961368,0,0,0.12477718360071301,0.12711183272426987,NA,NA,NA,NA,NA,NA,NA,NA,NA,NA,NA,NA,NA,NA,NA,NA,NA,NA,NA,NA,NA,NA,NA,NA,NA,NA,NA,NA,NA,NA,NA,NA,NA,NA,NA,NA,NA,NA,NA,NA,NA,NA,NA,NA,Jacoby,Brissett,ARI,QB,33,4
QB,12140,average,338.06,357.11926299207107,2.14,1.8676188047886004,1.42,1.625423021862309,15.06,12.24410062029874,0,0,0.03333333333333333,0.040824829046386304,NA,NA,NA,NA,NA,NA,NA,NA,NA,NA,NA,NA,NA,NA,NA,NA,NA,NA,NA,NA,NA,NA,NA,NA,NA,NA,NA,NA,NA,NA,NA,NA,NA,NA,NA,NA,NA,NA,NA,NA,NA,NA,NA,NA,Jameis,Winston,NYG,QB,31,5
QB,12140,robust,268.5,231.73038,2,1.3343399999999999,1.2,1.03782,13.5,6.968219999999999,0,0,0.03333333333333333,0.04942,NA,NA,NA,NA,NA,NA,NA,NA,NA,NA,NA,NA,NA,NA,NA,NA,NA,NA,NA,NA,NA,NA,NA,NA,NA,NA,NA,NA,NA,NA,NA,NA,NA,NA,NA,NA,NA,NA,NA,NA,NA,NA,NA,NA,Jameis,Winston,NYG,QB,31,5
QB,12140,weighted,352.31636363636363,392.6683706650889,2.248727272727273,2.0441907192690087,1.5069090909090908,1.7776232917943091,15.316363636363635,13.546840595965195,0,0,0.04175757575757576,0.04275834482452751,NA,NA,NA,NA,NA,NA,NA,NA,NA,NA,NA,NA,NA,NA,NA,NA,NA,NA,NA,NA,NA,NA,NA,NA,NA,NA,NA,NA,NA,NA,NA,NA,NA,NA,NA,NA,NA,NA,NA,NA,NA,NA,NA,NA,Jameis,Winston,NYG,QB,31,5
QB,14057,average,206.8,149.28237225696364,1.825,1.3817259737975063,1.15,1.011599393699568,14.75,8.220908303425682,0.025,0.05,0,0,NA,NA,NA,NA,NA,NA,NA,NA,NA,NA,NA,NA,NA,NA,NA,NA,NA,NA,NA,NA,NA,NA,NA,NA,NA,NA,NA,NA,NA,NA,NA,NA,NA,NA,NA,NA,NA,NA,NA,NA,NA,NA,NA,NA,Drew,Lock,SEA,QB,29,1
QB,14057,robust,181.8,83.0256,1.75,1.03782,1.15,1.03782,14.75,9.636899999999999,0,0,0,0,NA,NA,NA,NA,NA,NA,NA,NA,NA,NA,NA,NA,NA,NA,NA,NA,NA,NA,NA,NA,NA,NA,NA,NA,NA,NA,NA,NA,NA,NA,NA,NA,NA,NA,NA,NA,NA,NA,NA,NA,NA,NA,NA,NA,Drew,Lock,SEA,QB,29,1
QB,14057,weighted,229.99024390243903,161.49982702113337,2.2351219512195124,1.3978260994478715,1.2926829268292683,1.1726029863103553,17.548780487804876,7.27548742375554,0.03463414634146342,0.058347953925179205,0,0,NA,NA,NA,NA,NA,NA,NA,NA,NA,NA,NA,NA,NA,NA,NA,NA,NA,NA,NA,NA,NA,NA,NA,NA,NA,NA,NA,NA,NA,NA,NA,NA,NA,NA,NA,NA,NA,NA,NA,NA,NA,NA,NA,NA,Drew,Lock,SEA,QB,29,1
QB,11760,average,180.62857142857143,143.22278350278532,1.4,1.0708252269472673,0.5428571428571428,0.48941169737125156,2.5714285714285716,2.6812399405960705,0,0,0,0,NA,NA,NA,NA,NA,NA,NA,NA,NA,NA,NA,NA,NA,NA,NA,NA,NA,NA,NA,NA,NA,NA,NA,NA,NA,NA,NA,NA,NA,NA,NA,NA,NA,NA,NA,NA,NA,NA,NA,NA,NA,NA,NA,NA,Jimmy,Garoppolo,LAR,QB,34,6
QB,11760,robust,176,168.12684,1.5,0.8895600000000001,0.5,0.44478000000000006,2.975,4.2995399999999995,0,0,0,0,NA,NA,NA,NA,NA,NA,NA,NA,NA,NA,NA,NA,NA,NA,NA,NA,NA,NA,NA,NA,NA,NA,NA,NA,NA,NA,NA,NA,NA,NA,NA,NA,NA,NA,NA,NA,NA,NA,NA,NA,NA,NA,NA,NA,Jimmy,Garoppolo,LAR,QB,34,6
QB,11760,weighted,169.07692307692307,152.53427463795566,1.3104895104895107,1.1521997566134978,0.4990675990675991,0.5314462657584482,2.362703962703963,2.894733343916737,0,0,0,0,NA,NA,NA,NA,NA,NA,NA,NA,NA,NA,NA,NA,NA,NA,NA,NA,NA,NA,NA,NA,NA,NA,NA,NA,NA,NA,NA,NA,NA,NA,NA,NA,NA,NA,NA,NA,NA,NA,NA,NA,NA,NA,NA,NA,Jimmy,Garoppolo,LAR,QB,34,6
QB,16384,average,124.66666666666667,33.56088993655164,1.1333333333333333,0.6110100926607787,0.5333333333333333,0.6110100926607787,10.7,3.517101079013795,0.3333333333333333,0.5773502691896257,0.3666666666666667,0.6350852961085883,NA,NA,NA,NA,NA,NA,NA,NA,NA,NA,NA,NA,NA,NA,NA,NA,NA,NA,NA,NA,NA,NA,NA,NA,NA,NA,NA,NA,NA,NA,NA,NA,NA,NA,NA,NA,NA,NA,NA,NA,NA,NA,NA,NA,Tyson,Bagent,CHI,QB,25,-3
QB,16384,robust,122.25,26.686799999999998,1.1,0.59304,0.5,0.59304,10.8,4.29954,0.25,0,0.275,0,NA,NA,NA,NA,NA,NA,NA,NA,NA,NA,NA,NA,NA,NA,NA,NA,NA,NA,NA,NA,NA,NA,NA,NA,NA,NA,NA,NA,NA,NA,NA,NA,NA,NA,NA,NA,NA,NA,NA,NA,NA,NA,NA,NA,Tyson,Bagent,CHI,QB,25,-3
QB,16384,weighted,129.1602787456446,45.96194077712559,1.3958188153310105,0.5656854249492381,0.5937282229965156,0.8485281374238571,10.536585365853657,4.949747468305833,0.49477351916376305,0.7071067811865476,0.5442508710801395,0.7778174593052024,NA,NA,NA,NA,NA,NA,NA,NA,NA,NA,NA,NA,NA,NA,NA,NA,NA,NA,NA,NA,NA,NA,NA,NA,NA,NA,NA,NA,NA,NA,NA,NA,NA,NA,NA,NA,NA,NA,NA,NA,NA,NA,NA,NA,Tyson,Bagent,CHI,QB,25,-3
QB,13968,average,167.7,103.17591773277329,1.3333333333333333,0.8504900548115382,0.8,0.9165151389911681,10.166666666666666,3.3291640592396967,0,0,0,0,NA,NA,NA,NA,NA,NA,NA,NA,NA,NA,NA,NA,NA,NA,NA,NA,NA,NA,NA,NA,NA,NA,NA,NA,NA,NA,NA,NA,NA,NA,NA,NA,NA,NA,NA,NA,NA,NA,NA,NA,NA,NA,NA,NA,Nick,Mullens,JAC,QB,30,3
QB,13968,robust,157.55,53.52185999999999,1.25,0.44478000000000006,0.75,0.8895599999999999,10.375,2.9652,0,0,0,0,NA,NA,NA,NA,NA,NA,NA,NA,NA,NA,NA,NA,NA,NA,NA,NA,NA,NA,NA,NA,NA,NA,NA,NA,NA,NA,NA,NA,NA,NA,NA,NA,NA,NA,NA,NA,NA,NA,NA,NA,NA,NA,NA,NA,Nick,Mullens,JAC,QB,30,3
QB,13968,weighted,186.98606271777004,137.17871555019022,1.6432055749128918,0.9192388155425117,0.8905923344947736,1.2727922061357857,11.989547038327526,1.4142135623730951,0,0,0,0,NA,NA,NA,NA,NA,NA,NA,NA,NA,NA,NA,NA,NA,NA,NA,NA,NA,NA,NA,NA,NA,NA,NA,NA,NA,NA,NA,NA,NA,NA,NA,NA,NA,NA,NA,NA,NA,NA,NA,NA,NA,NA,NA,NA,Nick,Mullens,JAC,QB,30,3
QB,17036,average,58.25,19.445436482630058,0.75,0.3535533905932738,0,0,4,1.4142135623730951,0,0,0,0,NA,NA,NA,NA,NA,NA,NA,NA,NA,NA,NA,NA,NA,NA,NA,NA,NA,NA,NA,NA,NA,NA,NA,NA,NA,NA,NA,NA,NA,NA,NA,NA,NA,NA,NA,NA,NA,NA,NA,NA,NA,NA,NA,NA,Will,Howard,PIT,QB,24,-5
QB,17036,robust,58.25,20.385749999999998,0.75,0.37065,0,0,4,1.4826,0,0,0,0,NA,NA,NA,NA,NA,NA,NA,NA,NA,NA,NA,NA,NA,NA,NA,NA,NA,NA,NA,NA,NA,NA,NA,NA,NA,NA,NA,NA,NA,NA,NA,NA,NA,NA,NA,NA,NA,NA,NA,NA,NA,NA,NA,NA,Will,Howard,PIT,QB,24,-5
QB,17036,weighted,72,NA,1,NA,0,NA,5,NA,0,NA,0,NA,NA,NA,NA,NA,NA,NA,NA,NA,NA,NA,NA,NA,NA,NA,NA,NA,NA,NA,NA,NA,NA,NA,NA,NA,NA,NA,NA,NA,NA,NA,NA,NA,NA,NA,NA,NA,NA,NA,NA,NA,NA,NA,NA,NA,Will,Howard,PIT,QB,24,-5
QB,17033,average,128.4,67.5141466657174,0.6333333333333333,0.496655480858378,0.6333333333333333,0.496655480858378,64.65,32.851407884594536,0.6666666666666666,0.5163977794943222,0.8,0.21908902300206642,NA,NA,NA,NA,NA,NA,NA,NA,NA,NA,NA,NA,NA,NA,NA,NA,NA,NA,NA,NA,NA,NA,NA,NA,NA,NA,NA,NA,NA,NA,NA,NA,NA,NA,NA,NA,NA,NA,NA,NA,NA,NA,NA,NA,Jalen,Milroe,SEA,QB,23,-5
QB,17033,robust,118.5,43.44018000000001,0.5,0.14825999999999995,0.5,0.14825999999999995,57.5,26.686799999999998,0.5,0,0.8,0.14825999999999995,NA,NA,NA,NA,NA,NA,NA,NA,NA,NA,NA,NA,NA,NA,NA,NA,NA,NA,NA,NA,NA,NA,NA,NA,NA,NA,NA,NA,NA,NA,NA,NA,NA,NA,NA,NA,NA,NA,NA,NA,NA,NA,NA,NA,Jalen,Milroe,SEA,QB,23,-5
QB,17033,weighted,124.86312849162012,76.26104003135501,0.5782122905027933,0.5525888831531747,0.5782122905027933,0.5525888831531747,55.19832402234637,27.567018620373045,0.6089385474860335,0.5460353529259613,0.8796089385474861,0.10954424396138197,NA,NA,NA,NA,NA,NA,NA,NA,NA,NA,NA,NA,NA,NA,NA,NA,NA,NA,NA,NA,NA,NA,NA,NA,NA,NA,NA,NA,NA,NA,NA,NA,NA,NA,NA,NA,NA,NA,NA,NA,NA,NA,NA,NA,Jalen,Milroe,SEA,QB,23,-5
QB,10700,average,1417.9833333333333,1776.4337087734702,8.716666666666667,10.31860778722918,4.9,5.785153411967569,20.216666666666665,17.77868574070273,0,0,0.6666666666666666,0.19321835661585918,NA,NA,NA,NA,NA,NA,NA,NA,NA,NA,NA,NA,NA,NA,NA,NA,NA,NA,NA,NA,NA,NA,NA,NA,NA,NA,NA,NA,NA,NA,NA,NA,NA,NA,NA,NA,NA,NA,NA,NA,NA,NA,NA,NA,Kirk,Cousins,ATL,QB,37,8
QB,10700,robust,1771.5,644.85687,10,5.856269999999999,6,4.003019999999999,20,19.051409999999997,0,0,0.6666666666666666,0.049419999999999985,NA,NA,NA,NA,NA,NA,NA,NA,NA,NA,NA,NA,NA,NA,NA,NA,NA,NA,NA,NA,NA,NA,NA,NA,NA,NA,NA,NA,NA,NA,NA,NA,NA,NA,NA,NA,NA,NA,NA,NA,NA,NA,NA,NA,Kirk,Cousins,ATL,QB,37,8
QB,10700,weighted,1543.180774748924,1829.8871829668735,9.545480631276902,10.546275419594155,5.333715925394548,5.975678002812737,21.96413199426112,18.537147734525888,0,0,0.7224294595887135,0.16182138164545168,NA,NA,NA,NA,NA,NA,NA,NA,NA,NA,NA,NA,NA,NA,NA,NA,NA,NA,NA,NA,NA,NA,NA,NA,NA,NA,NA,NA,NA,NA,NA,NA,NA,NA,NA,NA,NA,NA,NA,NA,NA,NA,NA,NA,Kirk,Cousins,ATL,QB,37,8
QB,16152,average,1522.057142857143,888.4014986801536,9.871428571428572,6.977276041004896,6.242857142857143,2.963026123665434,353.48571428571427,209.36885655521476,3.442857142857143,2.1709115925935683,1.2333333333333334,0.4333333333333333,NA,NA,NA,NA,NA,NA,NA,NA,NA,NA,NA,NA,NA,NA,NA,NA,NA,NA,NA,NA,NA,NA,NA,NA,NA,NA,NA,NA,NA,NA,NA,NA,NA,NA,NA,NA,NA,NA,NA,NA,NA,NA,NA,NA,Anthony,Richardson,IND,QB,23,-3
QB,16152,robust,1470,822.843,8.5,2.9652,5.675,2.2239,378.85,286.1418,2.925,1.0378200000000002,1.2333333333333334,0,NA,NA,NA,NA,NA,NA,NA,NA,NA,NA,NA,NA,NA,NA,NA,NA,NA,NA,NA,NA,NA,NA,NA,NA,NA,NA,NA,NA,NA,NA,NA,NA,NA,NA,NA,NA,NA,NA,NA,NA,NA,NA,NA,NA,Anthony,Richardson,IND,QB,23,-3
QB,16152,weighted,1614.0521945432977,866.0767420903428,10.602609727164886,7.002693727038407,6.548042704626334,2.802330176136711,373.0818505338078,205.16138058763752,3.6386714116251486,2.1236533342895805,1.237129300118624,0.4755310706532078,NA,NA,NA,NA,NA,NA,NA,NA,NA,NA,NA,NA,NA,NA,NA,NA,NA,NA,NA,NA,NA,NA,NA,NA,NA,NA,NA,NA,NA,NA,NA,NA,NA,NA,NA,NA,NA,NA,NA,NA,NA,NA,NA,NA,Anthony,Richardson,IND,QB,23,-3
QB,17031,average,772.3142857142857,515.2827942938112,3.7285714285714286,2.425362025014194,3.0714285714285716,2.1297216451250818,35,22.93468988235943,0.5166666666666667,0.4844813951249544,0.6666666666666666,0.3333333333333333,NA,NA,NA,NA,NA,NA,NA,NA,NA,NA,NA,NA,NA,NA,NA,NA,NA,NA,NA,NA,NA,NA,NA,NA,NA,NA,NA,NA,NA,NA,NA,NA,NA,NA,NA,NA,NA,NA,NA,NA,NA,NA,NA,NA,Shedeur,Sanders,CLE,QB,23,-5
QB,17031,robust,763.3,421.05839999999995,3.525,1.3343399999999999,3,1.4826,35.75,25.2042,0.5,0.7165899999999998,0.6666666666666666,0,NA,NA,NA,NA,NA,NA,NA,NA,NA,NA,NA,NA,NA,NA,NA,NA,NA,NA,NA,NA,NA,NA,NA,NA,NA,NA,NA,NA,NA,NA,NA,NA,NA,NA,NA,NA,NA,NA,NA,NA,NA,NA,NA,NA,Shedeur,Sanders,CLE,QB,23,-5
QB,17031,weighted,790.1660735468565,550.9985322754253,3.8102016607354687,2.5981242090503764,3.151838671411625,2.271114825424197,35.774614472123375,25.69542180054517,0.572162910241202,0.4942822772082538,0.6097271648873073,0.32899389207837837,NA,NA,NA,NA,NA,NA,NA,NA,NA,NA,NA,NA,NA,NA,NA,NA,NA,NA,NA,NA,NA,NA,NA,NA,NA,NA,NA,NA,NA,NA,NA,NA,NA,NA,NA,NA,NA,NA,NA,NA,NA,NA,NA,NA,Shedeur,Sanders,CLE,QB,23,-5
QB,16159,average,379.875,384.91608934069427,2.525,2.359908190304586,1.225,1.212091855705114,5.75,2.5,0,0,0,0,NA,NA,NA,NA,NA,NA,NA,NA,NA,NA,NA,NA,NA,NA,NA,NA,NA,NA,NA,NA,NA,NA,NA,NA,NA,NA,NA,NA,NA,NA,NA,NA,NA,NA,NA,NA,NA,NA,NA,NA,NA,NA,NA,NA,Aidan,O'Connell,LVR,QB,27,-3
QB,16159,robust,277.375,158.63819999999998,1.775,0.7413,0.875,0.44477999999999995,5.75,2.2239,0,0,0,0,NA,NA,NA,NA,NA,NA,NA,NA,NA,NA,NA,NA,NA,NA,NA,NA,NA,NA,NA,NA,NA,NA,NA,NA,NA,NA,NA,NA,NA,NA,NA,NA,NA,NA,NA,NA,NA,NA,NA,NA,NA,NA,NA,NA,Aidan,O'Connell,LVR,QB,27,-3
QB,16159,weighted,428.4519230769231,422.0653284625871,2.8754807692307693,2.526618748424542,1.3865384615384615,1.3192468723308233,6.545673076923077,2.0177682737956157,0,0,0,0,NA,NA,NA,NA,NA,NA,NA,NA,NA,NA,NA,NA,NA,NA,NA,NA,NA,NA,NA,NA,NA,NA,NA,NA,NA,NA,NA,NA,NA,NA,NA,NA,NA,NA,NA,NA,NA,NA,NA,NA,NA,NA,NA,NA,Aidan,O'Connell,LVR,QB,27,-3
QB,15692,average,292.4,236.00101694696147,2.533333333333333,3.0088757590391353,1.1333333333333333,0.9073771725877467,14.833333333333334,8.1291655988381315,0.16666666666666666,0.28867513459481287,0.8,0.8,NA,NA,NA,NA,NA,NA,NA,NA,NA,NA,NA,NA,NA,NA,NA,NA,NA,NA,NA,NA,NA,NA,NA,NA,NA,NA,NA,NA,NA,NA,NA,NA,NA,NA,NA,NA,NA,NA,NA,NA,NA,NA,NA,NA,Kenny,Pickett,LVR,QB,27,-2
QB,15692,robust,267.3,102.00287999999999,2.15,0.59304,1.1,1.03782,14.125,5.1891,0.125,0,0.8,1.18608,NA,NA,NA,NA,NA,NA,NA,NA,NA,NA,NA,NA,NA,NA,NA,NA,NA,NA,NA,NA,NA,NA,NA,NA,NA,NA,NA,NA,NA,NA,NA,NA,NA,NA,NA,NA,NA,NA,NA,NA,NA,NA,NA,NA,Kenny,Pickett,LVR,QB,27,-2
QB,15692,weighted,390.26415094339615,261.62950903902254,3.6792452830188673,3.535533905932737,1.5894339622641507,0.7778174593052021,18.43018867924528,8.485281374238568,0.26792452830188673,0.3535533905932737,1.2286792452830189,0.5656854249492379,NA,NA,NA,NA,NA,NA,NA,NA,NA,NA,NA,NA,NA,NA,NA,NA,NA,NA,NA,NA,NA,NA,NA,NA,NA,NA,NA,NA,NA,NA,NA,NA,NA,NA,NA,NA,NA,NA,NA,NA,NA,NA,NA,NA,Kenny,Pickett,LVR,QB,27,-2
QB,11640,average,62.8,81.74154390516489,0.39999999999999997,0.42426406871192845,0.3,0.4242640687119285,4,5.656854249492381,0,0,0,0,NA,NA,NA,NA,NA,NA,NA,NA,NA,NA,NA,NA,NA,NA,NA,NA,NA,NA,NA,NA,NA,NA,NA,NA,NA,NA,NA,NA,NA,NA,NA,NA,NA,NA,NA,NA,NA,NA,NA,NA,NA,NA,NA,NA,Teddy,Bridgewater,TBB,QB,33,6
QB,11640,robust,62.8,85.69427999999999,0.39999999999999997,0.4447799999999999,0.3,0.44477999999999995,4,5.9304,0,0,0,0,NA,NA,NA,NA,NA,NA,NA,NA,NA,NA,NA,NA,NA,NA,NA,NA,NA,NA,NA,NA,NA,NA,NA,NA,NA,NA,NA,NA,NA,NA,NA,NA,NA,NA,NA,NA,NA,NA,NA,NA,NA,NA,NA,NA,Teddy,Bridgewater,TBB,QB,33,6
QB,11640,weighted,5,NA,0.1,NA,0,NA,0,NA,0,NA,0,NA,NA,NA,NA,NA,NA,NA,NA,NA,NA,NA,NA,NA,NA,NA,NA,NA,NA,NA,NA,NA,NA,NA,NA,NA,NA,NA,NA,NA,NA,NA,NA,NA,NA,NA,NA,NA,NA,NA,NA,NA,NA,NA,NA,NA,Teddy,Bridgewater,TBB,QB,33,6
QB,15240,average,62.45,68.51864709697645,0.30000000000000004,0.14142135623730953,0.25,0.21213203435596428,6.75,8.131727983645296,0,0,0,0,NA,NA,NA,NA,NA,NA,NA,NA,NA,NA,NA,NA,NA,NA,NA,NA,NA,NA,NA,NA,NA,NA,NA,NA,NA,NA,NA,NA,NA,NA,NA,NA,NA,NA,NA,NA,NA,NA,NA,NA,NA,NA,NA,NA,Trey,Lance,LAC,QB,25,-1
QB,15240,robust,62.45,71.83197,0.30000000000000004,0.14826,0.25,0.22239000000000003,6.75,8.524949999999999,0,0,0,0,NA,NA,NA,NA,NA,NA,NA,NA,NA,NA,NA,NA,NA,NA,NA,NA,NA,NA,NA,NA,NA,NA,NA,NA,NA,NA,NA,NA,NA,NA,NA,NA,NA,NA,NA,NA,NA,NA,NA,NA,NA,NA,NA,NA,Trey,Lance,LAC,QB,25,-1
QB,15240,weighted,14,NA,0.2,NA,0.1,NA,1,NA,0,NA,0,NA,NA,NA,NA,NA,NA,NA,NA,NA,NA,NA,NA,NA,NA,NA,NA,NA,NA,NA,NA,NA,NA,NA,NA,NA,NA,NA,NA,NA,NA,NA,NA,NA,NA,NA,NA,NA,NA,NA,NA,NA,NA,NA,NA,NA,Trey,Lance,LAC,QB,25,-1
QB,12621,average,84.1,36.91097397793778,0.75,0.21213203435596428,1.55,1.3435028842544403,6,1.4142135623730951,0,0,0.4,0.5656854249492381,NA,NA,NA,NA,NA,NA,NA,NA,NA,NA,NA,NA,NA,NA,NA,NA,NA,NA,NA,NA,NA,NA,NA,NA,NA,NA,NA,NA,NA,NA,NA,NA,NA,NA,NA,NA,NA,NA,NA,NA,NA,NA,NA,NA,Brandon,Allen,TEN,QB,33,4
QB,12621,robust,84.1,38.69586,0.75,0.22239000000000003,1.55,1.4084699999999999,6,1.4826,0,0,0.4,0.59304,NA,NA,NA,NA,NA,NA,NA,NA,NA,NA,NA,NA,NA,NA,NA,NA,NA,NA,NA,NA,NA,NA,NA,NA,NA,NA,NA,NA,NA,NA,NA,NA,NA,NA,NA,NA,NA,NA,NA,NA,NA,NA,NA,NA,Brandon,Allen,TEN,QB,33,4
QB,12621,weighted,58,NA,0.9,NA,2.5,NA,7,NA,0,NA,0.8,NA,NA,NA,NA,NA,NA,NA,NA,NA,NA,NA,NA,NA,NA,NA,NA,NA,NA,NA,NA,NA,NA,NA,NA,NA,NA,NA,NA,NA,NA,NA,NA,NA,NA,NA,NA,NA,NA,NA,NA,NA,NA,NA,NA,NA,Brandon,Allen,TEN,QB,33,4
QB,15693,average,107.43333333333334,95.52729103943717,1.0666666666666667,0.8326663997864531,0.6,0.34641016151377546,6.9,6.295236294214857,0.15000000000000002,0.18027756377319948,0,0,NA,NA,NA,NA,NA,NA,NA,NA,NA,NA,NA,NA,NA,NA,NA,NA,NA,NA,NA,NA,NA,NA,NA,NA,NA,NA,NA,NA,NA,NA,NA,NA,NA,NA,NA,NA,NA,NA,NA,NA,NA,NA,NA,NA,Sam,Howell,PHI,QB,25,-2
QB,15693,robust,103.4,104.22677999999999,1,0.59304,0.55,0,6.35,4.00302,0.1375,0.14826,0,0,NA,NA,NA,NA,NA,NA,NA,NA,NA,NA,NA,NA,NA,NA,NA,NA,NA,NA,NA,NA,NA,NA,NA,NA,NA,NA,NA,NA,NA,NA,NA,NA,NA,NA,NA,NA,NA,NA,NA,NA,NA,NA,NA,NA,Sam,Howell,PHI,QB,25,-2
QB,15693,weighted,114.82978723404256,133.64318164425748,1.1943262411347517,1.131370849898476,0.6978723404255318,0.42426406871192845,7.957446808510638,8.48528137423857,0.22411347517730495,0.1767766952966369,0,0,NA,NA,NA,NA,NA,NA,NA,NA,NA,NA,NA,NA,NA,NA,NA,NA,NA,NA,NA,NA,NA,NA,NA,NA,NA,NA,NA,NA,NA,NA,NA,NA,NA,NA,NA,NA,NA,NA,NA,NA,NA,NA,NA,NA,Sam,Howell,PHI,QB,25,-2
QB,13879,average,62.8,63.356767594314654,0.44999999999999996,0.21213203435596426,0.1,0,1.15,0.21213203435596428,0,0,0,0,NA,NA,NA,NA,NA,NA,NA,NA,NA,NA,NA,NA,NA,NA,NA,NA,NA,NA,NA,NA,NA,NA,NA,NA,NA,NA,NA,NA,NA,NA,NA,NA,NA,NA,NA,NA,NA,NA,NA,NA,NA,NA,NA,NA,Kyle,Allen,DET,QB,29,2
QB,13879,robust,62.8,66.42048,0.44999999999999996,0.22238999999999998,0.1,0,1.15,0.22239000000000003,0,0,0,0,NA,NA,NA,NA,NA,NA,NA,NA,NA,NA,NA,NA,NA,NA,NA,NA,NA,NA,NA,NA,NA,NA,NA,NA,NA,NA,NA,NA,NA,NA,NA,NA,NA,NA,NA,NA,NA,NA,NA,NA,NA,NA,NA,NA,Kyle,Allen,DET,QB,29,2
QB,13879,weighted,18,NA,0.3,NA,0.1,NA,1,NA,0,NA,0,NA,NA,NA,NA,NA,NA,NA,NA,NA,NA,NA,NA,NA,NA,NA,NA,NA,NA,NA,NA,NA,NA,NA,NA,NA,NA,NA,NA,NA,NA,NA,NA,NA,NA,NA,NA,NA,NA,NA,NA,NA,NA,NA,NA,NA,Kyle,Allen,DET,QB,29,2
QB,13113,average,676,533.0168852860104,5.3999999999999995,6.4443773942872085,4.566666666666666,5.79338703465713,52.333333333333336,54.24327915358117,0.16666666666666666,0.28867513459481287,1.55,1.55,NA,NA,NA,NA,NA,NA,NA,NA,NA,NA,NA,NA,NA,NA,NA,NA,NA,NA,NA,NA,NA,NA,NA,NA,NA,NA,NA,NA,NA,NA,NA,NA,NA,NA,NA,NA,NA,NA,NA,NA,NA,NA,NA,NA,Deshaun,Watson,CLE,QB,30,3
QB,13113,robust,701.75,550.0446,4.8,3.7064999999999997,3.925,2.2239,47,28.1694,0.125,0,1.55,2.29803,NA,NA,NA,NA,NA,NA,NA,NA,NA,NA,NA,NA,NA,NA,NA,NA,NA,NA,NA,NA,NA,NA,NA,NA,NA,NA,NA,NA,NA,NA,NA,NA,NA,NA,NA,NA,NA,NA,NA,NA,NA,NA,NA,NA,Deshaun,Watson,CLE,QB,30,3
QB,13113,weighted,977.7999999999998,262.3366158202091,8.197735849056603,6.858935777509509,6.929811320754716,6.505382386916236,75.4754716981132,58.689862838483435,0.26792452830188673,0.3535533905932737,2.380566037735849,1.0960155108391485,NA,NA,NA,NA,NA,NA,NA,NA,NA,NA,NA,NA,NA,NA,NA,NA,NA,NA,NA,NA,NA,NA,NA,NA,NA,NA,NA,NA,NA,NA,NA,NA,NA,NA,NA,NA,NA,NA,NA,NA,NA,NA,NA,NA,Deshaun,Watson,CLE,QB,30,3
QB,16149,average,258.5,239.7091988222396,1.95,1.4849242404917498,1.5,0.7071067811865476,21,16.97056274847714,0,0,0.6,0,NA,NA,NA,NA,NA,NA,NA,NA,NA,NA,NA,NA,NA,NA,NA,NA,NA,NA,NA,NA,NA,NA,NA,NA,NA,NA,NA,NA,NA,NA,NA,NA,NA,NA,NA,NA,NA,NA,NA,NA,NA,NA,NA,NA,Will,Levis,TEN,QB,26,-3
QB,16149,robust,258.5,251.30069999999998,1.95,1.5567299999999997,1.5,0.7413,21,17.7912,0,0,0.6,0,NA,NA,NA,NA,NA,NA,NA,NA,NA,NA,NA,NA,NA,NA,NA,NA,NA,NA,NA,NA,NA,NA,NA,NA,NA,NA,NA,NA,NA,NA,NA,NA,NA,NA,NA,NA,NA,NA,NA,NA,NA,NA,NA,NA,Will,Levis,TEN,QB,26,-3
QB,16149,weighted,246.34716981132073,239.70919882223956,1.8747169811320754,1.4849242404917495,1.4641509433962263,0.7071067811865474,20.139622641509433,16.970562748477136,0,0,0.5999999999999999,1.5741437087491992e-16,NA,NA,NA,NA,NA,NA,NA,NA,NA,NA,NA,NA,NA,NA,NA,NA,NA,NA,NA,NA,NA,NA,NA,NA,NA,NA,NA,NA,NA,NA,NA,NA,NA,NA,NA,NA,NA,NA,NA,NA,NA,NA,NA,NA,Will,Levis,TEN,QB,26,-3
RB,13130,average,NA,NA,NA,NA,NA,NA,1030.7375,167.0326994290981,8.13125,1.1541655922291716,1.75,0.3443420226626843,61.75,6.226900168967358,528.2375,57.15862483350297,3.68125,0.7652905610662808,NA,NA,NA,NA,NA,NA,NA,NA,NA,NA,NA,NA,NA,NA,NA,NA,NA,NA,NA,NA,NA,NA,NA,NA,NA,NA,NA,NA,NA,NA,NA,NA,NA,NA,NA,NA,NA,NA,Christian,McCaffrey,SFO,RB,29,3
RB,13130,robust,NA,NA,NA,NA,NA,NA,1046.5,146.0361,8.075,0.7042350000000007,1.7625,0.03706500000000003,61.65,4.4478,530,54.856199999999994,3.6,0.6671700000000003,0,NA,NA,NA,NA,NA,NA,NA,NA,NA,NA,NA,NA,NA,NA,NA,NA,NA,NA,NA,NA,NA,NA,NA,NA,NA,NA,NA,NA,NA,NA,NA,NA,NA,NA,NA,NA,NA,Christian,McCaffrey,SFO,RB,29,3
RB,13130,weighted,NA,NA,NA,NA,NA,NA,1023.0647773279352,180.02904066796486,8.095647773279353,1.2279947469692207,1.7400303643724697,0.37499458448459755,61.3085020242915,6.842448662197357,524.7894736842105,62.44910634538146,3.6571862348178135,0.8028581554597825,NA,NA,NA,NA,NA,NA,NA,NA,NA,NA,NA,NA,NA,NA,NA,NA,NA,NA,NA,NA,NA,NA,NA,NA,NA,NA,NA,NA,NA,NA,NA,NA,NA,NA,NA,NA,NA,NA,Christian,McCaffrey,SFO,RB,29,3
RB,14802,average,NA,NA,NA,NA,NA,NA,1351.1375,195.45085562433772,10.618664383561644,1.4197268917279153,1.375,0.33964266937053544,26.325,5.5986605540968455,198.025,41.99053464770364,1.268835616438356,0.38257123319098485,NA,NA,NA,NA,NA,NA,NA,NA,NA,NA,NA,NA,NA,NA,NA,NA,NA,NA,NA,NA,NA,NA,NA,NA,NA,NA,NA,NA,NA,NA,NA,NA,NA,NA,NA,NA,NA,NA,Jonathan,Taylor,IND,RB,26,0
RB,14802,robust,NA,NA,NA,NA,NA,NA,1378.775,95.70182999999993,10.7,1.0378200000000002,1.375,0.16679250000000007,26.075000000000003,6.30105,198.75,48.1845,1.1503424657534245,0.11170273972602751,0,NA,NA,NA,NA,NA,NA,NA,NA,NA,NA,NA,NA,NA,NA,NA,NA,NA,NA,NA,NA,NA,NA,NA,NA,NA,NA,NA,NA,NA,NA,NA,NA,NA,NA,NA,NA,NA,Jonathan,Taylor,IND,RB,26,0
RB,14802,weighted,NA,NA,NA,NA,NA,NA,1343.4676113360324,213.63030798278348,10.551832954356387,1.5045887891236251,1.340258097165992,0.35383881104240844,26.143927125506075,6.007671485491972,198.00708502024293,45.67209983050077,1.2671953857245852,0.4168300327132232,NA,NA,NA,NA,NA,NA,NA,NA,NA,NA,NA,NA,NA,NA,NA,NA,NA,NA,NA,NA,NA,NA,NA,NA,NA,NA,NA,NA,NA,NA,NA,NA,NA,NA,NA,NA,NA,NA,Jonathan,Taylor,IND,RB,26,0
RB,16161,average,NA,NA,NA,NA,NA,NA,1369.225,238.41213865309555,11.107523696682465,3.003037151022811,1.35,0.30937725468153876,58.9375,6.477860647731516,464.025,23.619710292163077,2.3674763033175354,0.6162869886889268,NA,NA,NA,NA,NA,NA,NA,NA,NA,NA,NA,NA,NA,NA,NA,NA,NA,NA,NA,NA,NA,NA,NA,NA,NA,NA,NA,NA,NA,NA,NA,NA,NA,NA,NA,NA,NA,NA,Bijan,Robinson,ATL,RB,23,-3
RB,16161,robust,NA,NA,NA,NA,NA,NA,1401.95,79.17084000000013,11.815047393364928,0.7117885308056867,1.35,0.03706499999999987,59.875,4.8184499999999995,463.55,28.9107,2.1,0.07413000000000006,0,NA,NA,NA,NA,NA,NA,NA,NA,NA,NA,NA,NA,NA,NA,NA,NA,NA,NA,NA,NA,NA,NA,NA,NA,NA,NA,NA,NA,NA,NA,NA,NA,NA,NA,NA,NA,NA,Bijan,Robinson,ATL,RB,23,-3
RB,16161,weighted,NA,NA,NA,NA,NA,NA,1354.93016194332,256.12774090116835,10.994964215131338,3.2492972090412158,1.3404352226720648,0.33371247372112833,58.736032388663965,6.975446494075539,466.2672064777328,24.922998528532453,2.3768981330467986,0.6483546015088968,NA,NA,NA,NA,NA,NA,NA,NA,NA,NA,NA,NA,NA,NA,NA,NA,NA,NA,NA,NA,NA,NA,NA,NA,NA,NA,NA,NA,NA,NA,NA,NA,NA,NA,NA,NA,NA,NA,Bijan,Robinson,ATL,RB,23,-3
RB,14073,average,NA,NA,NA,NA,NA,NA,1196.9,171.155635106097,11.72198275862069,1.1088643826577216,1.775,0.4484098890205574,37.9,5.862227757918851,311.375,48.864060704892594,1.2780172413793103,0.7611398778859051,NA,NA,NA,NA,NA,NA,NA,NA,NA,NA,NA,NA,NA,NA,NA,NA,NA,NA,NA,NA,NA,NA,NA,NA,NA,NA,NA,NA,NA,NA,NA,NA,NA,NA,NA,NA,NA,NA,Josh,Jacobs,GBP,RB,27,1
RB,14073,robust,NA,NA,NA,NA,NA,NA,1227.75,55.00446000000003,11.693965517241379,1.019926551724138,1.775,0.16679250000000007,38.3,2.8169399999999976,315,40.771499999999996,1.3,1.03782,0,NA,NA,NA,NA,NA,NA,NA,NA,NA,NA,NA,NA,NA,NA,NA,NA,NA,NA,NA,NA,NA,NA,NA,NA,NA,NA,NA,NA,NA,NA,NA,NA,NA,NA,NA,NA,NA,Josh,Jacobs,GBP,RB,27,1
RB,14073,weighted,NA,NA,NA,NA,NA,NA,1187.9524291497978,184.04925582058996,11.721317883568336,1.189766975288619,1.8117155870445343,0.47326723818745753,37.75242914979757,6.254664026441255,310.92914979757086,50.97034104503468,1.2442691609660756,0.8208488097861029,NA,NA,NA,NA,NA,NA,NA,NA,NA,NA,NA,NA,NA,NA,NA,NA,NA,NA,NA,NA,NA,NA,NA,NA,NA,NA,NA,NA,NA,NA,NA,NA,NA,NA,NA,NA,NA,NA,Josh,Jacobs,GBP,RB,27,1
RB,16167,average,NA,NA,NA,NA,NA,NA,954.825,106.03295646704782,7.13343023255814,0.9098047209715355,1.075,0.5434677017607789,67.9375,10.591227839247777,523.9625,114.80348348995588,4.16656976744186,0.6341110232211172,NA,NA,NA,NA,NA,NA,NA,NA,NA,NA,NA,NA,NA,NA,NA,NA,NA,NA,NA,NA,NA,NA,NA,NA,NA,NA,NA,NA,NA,NA,NA,NA,NA,NA,NA,NA,NA,NA,De'Von,Achane,MIA,RB,24,-3
RB,16167,robust,NA,NA,NA,NA,NA,NA,971.9,61.97268000000001,7,0.5930399999999998,1.075,0.055597499999999966,69.375,5.559749999999999,523.25,45.9606,4.15,0.5930400000000001,0,NA,NA,NA,NA,NA,NA,NA,NA,NA,NA,NA,NA,NA,NA,NA,NA,NA,NA,NA,NA,NA,NA,NA,NA,NA,NA,NA,NA,NA,NA,NA,NA,NA,NA,NA,NA,NA,De'Von,Achane,MIA,RB,24,-3
RB,16167,weighted,NA,NA,NA,NA,NA,NA,944.498987854251,111.67483595720972,7.103408341964033,0.9951717677104182,1.0405617408906882,0.5789047860413908,67.70951417004049,11.4820187464873,524.0131578947369,122.23039236859525,4.179790038602768,0.6616785136749145,NA,NA,NA,NA,NA,NA,NA,NA,NA,NA,NA,NA,NA,NA,NA,NA,NA,NA,NA,NA,NA,NA,NA,NA,NA,NA,NA,NA,NA,NA,NA,NA,NA,NA,NA,NA,NA,NA,De'Von,Achane,MIA,RB,24,-3
RB,15715,average,NA,NA,NA,NA,NA,NA,1057.25,107.31895052998395,9.564772727272727,2.0790995547779056,1.35,0.30937725468153876,34.175,5.8009235717870204,283.0875,51.579936229396125,1.9227272727272726,0.3937528695946857,NA,NA,NA,NA,NA,NA,NA,NA,NA,NA,NA,NA,NA,NA,NA,NA,NA,NA,NA,NA,NA,NA,NA,NA,NA,NA,NA,NA,NA,NA,NA,NA,NA,NA,NA,NA,NA,NA,James,Cook,BUF,RB,26,-2
RB,15715,robust,NA,NA,NA,NA,NA,NA,1056,71.9061,9.5,2.89107,1.35,0.03706499999999987,34.15,4.0030199999999985,282.675,36.323699999999995,2,0.07413000000000006,0,NA,NA,NA,NA,NA,NA,NA,NA,NA,NA,NA,NA,NA,NA,NA,NA,NA,NA,NA,NA,NA,NA,NA,NA,NA,NA,NA,NA,NA,NA,NA,NA,NA,NA,NA,NA,NA,James,Cook,BUF,RB,26,-2
RB,15715,weighted,NA,NA,NA,NA,NA,NA,1053.742914979757,117.96071768612622,9.57304011777696,2.2451643973323776,1.3404352226720648,0.33371247372112833,34.30425101214575,6.048482738467835,284.0394736842105,53.34759124171368,1.9202797202797204,0.42913024721057647,NA,NA,NA,NA,NA,NA,NA,NA,NA,NA,NA,NA,NA,NA,NA,NA,NA,NA,NA,NA,NA,NA,NA,NA,NA,NA,NA,NA,NA,NA,NA,NA,NA,NA,NA,NA,NA,NA,James,Cook,BUF,RB,26,-2
RB,12626,average,NA,NA,NA,NA,NA,NA,1471.425,216.0595536288218,13.199183006535948,2.347723875156863,1.525,0.4048809348790968,17.1125,2.8722502378050954,152,30.061841023368572,0.8508169934640523,0.34682193107036985,NA,NA,NA,NA,NA,NA,NA,NA,NA,NA,NA,NA,NA,NA,NA,NA,NA,NA,NA,NA,NA,NA,NA,NA,NA,NA,NA,NA,NA,NA,NA,NA,NA,NA,NA,NA,NA,NA,Derrick,Henry,BAL,RB,31,4
RB,12626,robust,NA,NA,NA,NA,NA,NA,1525.1,51.891,13.498366013071895,0.7461450980392156,1.525,0.0926625,17.15,1.2602099999999994,151.5,32.6172,0.95,0.004845098039215669,0,NA,NA,NA,NA,NA,NA,NA,NA,NA,NA,NA,NA,NA,NA,NA,NA,NA,NA,NA,NA,NA,NA,NA,NA,NA,NA,NA,NA,NA,NA,NA,NA,NA,NA,NA,NA,NA,Derrick,Henry,BAL,RB,31,4
RB,12626,weighted,NA,NA,NA,NA,NA,NA,1459.6912955465586,233.43416907117967,13.124443650604642,2.562398377892641,1.5434463562753036,0.43571401399642784,17.248178137651824,3.143530011629305,152.30465587044534,32.39508538530054,0.8397263898811886,0.37825360815371245,NA,NA,NA,NA,NA,NA,NA,NA,NA,NA,NA,NA,NA,NA,NA,NA,NA,NA,NA,NA,NA,NA,NA,NA,NA,NA,NA,NA,NA,NA,NA,NA,NA,NA,NA,NA,NA,NA,Derrick,Henry,BAL,RB,31,4
RB,16162,average,NA,NA,NA,NA,NA,NA,1193.8,184.96201926727704,11.388302139037433,2.751893991571329,1.55,0.3139608710833701,55.0125,8.896618539005223,477.4875,88.71069250257105,2.424197860962567,0.8228830691113008,NA,NA,NA,NA,NA,NA,NA,NA,NA,NA,NA,NA,NA,NA,NA,NA,NA,NA,NA,NA,NA,NA,NA,NA,NA,NA,NA,NA,NA,NA,NA,NA,NA,NA,NA,NA,NA,NA,Jahmyr,Gibbs,DET,RB,23,-3
RB,16162,robust,NA,NA,NA,NA,NA,NA,1236.35,88.65947999999993,11.6,1.4826,1.55,0.185325,57.025000000000006,5.0408399999999975,487.75,49.59296999999998,2.5,0.7413,0,NA,NA,NA,NA,NA,NA,NA,NA,NA,NA,NA,NA,NA,NA,NA,NA,NA,NA,NA,NA,NA,NA,NA,NA,NA,NA,NA,NA,NA,NA,NA,NA,NA,NA,NA,NA,NA,Jahmyr,Gibbs,DET,RB,23,-3
RB,16162,weighted,NA,NA,NA,NA,NA,NA,1181.39979757085,199.0447704944758,11.333840308298512,2.9609569249685306,1.58335020242915,0.3234448992045958,54.364170040485824,9.537100252107312,472.2580971659919,95.86916514503353,2.3655524042520946,0.8711893094888427,NA,NA,NA,NA,NA,NA,NA,NA,NA,NA,NA,NA,NA,NA,NA,NA,NA,NA,NA,NA,NA,NA,NA,NA,NA,NA,NA,NA,NA,NA,NA,NA,NA,NA,NA,NA,NA,NA,Jahmyr,Gibbs,DET,RB,23,-3
RB,15710,average,NA,NA,NA,NA,NA,NA,1209.4125,222.00892155496814,11.344021739130435,2.269205175387259,2.425,0.4354800307050337,32.0125,4.551432270646869,201.4875,26.16898041029275,1.8434782608695652,0.6499631265637457,NA,NA,NA,NA,NA,NA,NA,NA,NA,NA,NA,NA,NA,NA,NA,NA,NA,NA,NA,NA,NA,NA,NA,NA,NA,NA,NA,NA,NA,NA,NA,NA,NA,NA,NA,NA,NA,NA,Kyren,Williams,LAR,RB,25,-2
RB,15710,robust,NA,NA,NA,NA,NA,NA,1249.15,117.1254,12,1.0378200000000002,2.39375,0.0926625,32.15,4.4478,202.5,36.323699999999995,1.8869565217391304,0.37065000000000015,0,NA,NA,NA,NA,NA,NA,NA,NA,NA,NA,NA,NA,NA,NA,NA,NA,NA,NA,NA,NA,NA,NA,NA,NA,NA,NA,NA,NA,NA,NA,NA,NA,NA,NA,NA,NA,NA,Kyren,Williams,LAR,RB,25,-2
RB,15710,weighted,NA,NA,NA,NA,NA,NA,1203.2095141700404,242.79470407256554,11.253828551311388,2.456552491891754,2.442535425101214,0.4690879910959213,31.772469635627527,4.833896881295585,199.90182186234819,27.64939670844725,1.8609487766238337,0.7092540290341081,NA,NA,NA,NA,NA,NA,NA,NA,NA,NA,NA,NA,NA,NA,NA,NA,NA,NA,NA,NA,NA,NA,NA,NA,NA,NA,NA,NA,NA,NA,NA,NA,NA,NA,NA,NA,NA,NA,Kyren,Williams,LAR,RB,25,-2
RB,17051,average,NA,NA,NA,NA,NA,NA,640.5875,247.34184809980815,4.203703703703704,2.062746846848593,1.1,0.07559289460184543,18.425,6.917214550876468,138.4125,58.47799189194415,0.5337962962962963,0.4880963493484719,NA,NA,NA,NA,NA,NA,NA,NA,NA,NA,NA,NA,NA,NA,NA,NA,NA,NA,NA,NA,NA,NA,NA,NA,NA,NA,NA,NA,NA,NA,NA,NA,NA,NA,NA,NA,NA,NA,Quinshon,Judkins,CLE,RB,22,-5
RB,17051,robust,NA,NA,NA,NA,NA,NA,635.175,152.93018999999995,4,1.6528244444444444,1.1,0.07412999999999989,17.925,7.1906099999999995,135.575,56.56119,0.5,0.5408744444444444,0,NA,NA,NA,NA,NA,NA,NA,NA,NA,NA,NA,NA,NA,NA,NA,NA,NA,NA,NA,NA,NA,NA,NA,NA,NA,NA,NA,NA,NA,NA,NA,NA,NA,NA,NA,NA,NA,Quinshon,Judkins,CLE,RB,22,-5
RB,17051,weighted,NA,NA,NA,NA,NA,NA,638.7085020242915,264.4570869582992,4.189931024141551,2.2292581121641595,1.0855263157894737,0.06929986076029229,17.77570850202429,7.098084277843749,132.66497975708504,59.625023655490615,0.46776128355075725,0.5048820900657891,NA,NA,NA,NA,NA,NA,NA,NA,NA,NA,NA,NA,NA,NA,NA,NA,NA,NA,NA,NA,NA,NA,NA,NA,NA,NA,NA,NA,NA,NA,NA,NA,NA,NA,NA,NA,NA,NA,Quinshon,Judkins,CLE,RB,22,-5
RB,13604,average,NA,NA,NA,NA,NA,NA,1555.2,337.24358301636266,11.327205882352942,2.918737830634039,1.325,0.32678083524851065,37.575,7.520970682033005,288.0125,60.663720330076316,1.8852941176470588,0.36811902478854636,NA,NA,NA,NA,NA,NA,NA,NA,NA,NA,NA,NA,NA,NA,NA,NA,NA,NA,NA,NA,NA,NA,NA,NA,NA,NA,NA,NA,NA,NA,NA,NA,NA,NA,NA,NA,NA,NA,Saquon,Barkley,PHI,RB,28,2
RB,13604,robust,NA,NA,NA,NA,NA,NA,1648.9,83.0256,11.649999999999999,1.7791200000000003,1.325,0.055597499999999966,38.35,5.337360000000002,292.25,43.81083000000002,2,0,0,NA,NA,NA,NA,NA,NA,NA,NA,NA,NA,NA,NA,NA,NA,NA,NA,NA,NA,NA,NA,NA,NA,NA,NA,NA,NA,NA,NA,NA,NA,NA,NA,NA,NA,NA,NA,NA,Saquon,Barkley,PHI,RB,28,2
RB,13604,weighted,NA,NA,NA,NA,NA,NA,1531.3896761133603,362.9583227805588,11.2480709692784,3.14116338116687,1.3118674089068825,0.35158872179451506,36.91072874493927,7.882416424834161,283.0931174089069,64.27269365770714,1.840795427482734,0.3746604248008836,NA,NA,NA,NA,NA,NA,NA,NA,NA,NA,NA,NA,NA,NA,NA,NA,NA,NA,NA,NA,NA,NA,NA,NA,NA,NA,NA,NA,NA,NA,NA,NA,NA,NA,NA,NA,NA,NA,Saquon,Barkley,PHI,RB,28,2
RB,15742,average,NA,NA,NA,NA,NA,NA,717.25,128.2416803205127,3.6862500000000002,1.299702575866604,1,0.05345224838248489,47.925,5.852410980588623,362.9125,32.86298123594823,1.03875,0.5398528238590323,NA,NA,NA,NA,NA,NA,NA,NA,NA,NA,NA,NA,NA,NA,NA,NA,NA,NA,NA,NA,NA,NA,NA,NA,NA,NA,NA,NA,NA,NA,NA,NA,NA,NA,NA,NA,NA,NA,Jaylen,Warren,PIT,RB,27,-2
RB,15742,robust,NA,NA,NA,NA,NA,NA,677.75,44.477999999999994,3.5,0.7413000000000003,1,0,47.349999999999994,3.558239999999998,357.075,19.79271000000003,1.0274999999999999,0.08154299999999991,0,NA,NA,NA,NA,NA,NA,NA,NA,NA,NA,NA,NA,NA,NA,NA,NA,NA,NA,NA,NA,NA,NA,NA,NA,NA,NA,NA,NA,NA,NA,NA,NA,NA,NA,NA,NA,NA,Jaylen,Warren,PIT,RB,27,-2
RB,15742,weighted,NA,NA,NA,NA,NA,NA,729.5364372469636,141.6485472937441,3.759817813765182,1.4220155425403465,0.9856275303643725,0.0379104051543053,47.886842105263156,6.496104762443363,364.67004048582993,36.54565108229332,1.0296558704453442,0.5951875993775281,NA,NA,NA,NA,NA,NA,NA,NA,NA,NA,NA,NA,NA,NA,NA,NA,NA,NA,NA,NA,NA,NA,NA,NA,NA,NA,NA,NA,NA,NA,NA,NA,NA,NA,NA,NA,NA,NA,Jaylen,Warren,PIT,RB,27,-2
RB,14797,average,NA,NA,NA,NA,NA,NA,954.525,131.60842081178328,6.098611111111111,1.6387227518697576,0.775,0.33964266937053544,37.7125,6.343824331021245,301.775,47.96432453992684,1.238888888888889,0.6643079968195836,NA,NA,NA,NA,NA,NA,NA,NA,NA,NA,NA,NA,NA,NA,NA,NA,NA,NA,NA,NA,NA,NA,NA,NA,NA,NA,NA,NA,NA,NA,NA,NA,NA,NA,NA,NA,NA,NA,D'Andre,Swift,CHI,RB,26,0
RB,14797,robust,NA,NA,NA,NA,NA,NA,966.6500000000001,87.32513999999996,5.875,0.823666666666667,0.83125,0.16679249999999998,37,2.149769999999999,298.25,51.149699999999996,1.2777777777777777,0.5271466666666665,0,NA,NA,NA,NA,NA,NA,NA,NA,NA,NA,NA,NA,NA,NA,NA,NA,NA,NA,NA,NA,NA,NA,NA,NA,NA,NA,NA,NA,NA,NA,NA,NA,NA,NA,NA,NA,NA,D'Andre,Swift,CHI,RB,26,0
RB,14797,weighted,NA,NA,NA,NA,NA,NA,949.7348178137652,140.52208842661383,6.076270805218173,1.7415873047373864,0.7285172064777329,0.3396195965424416,37.66012145748988,6.701929423537393,302.50404858299595,49.90793408357076,1.227170490328385,0.7135439868402603,NA,NA,NA,NA,NA,NA,NA,NA,NA,NA,NA,NA,NA,NA,NA,NA,NA,NA,NA,NA,NA,NA,NA,NA,NA,NA,NA,NA,NA,NA,NA,NA,NA,NA,NA,NA,NA,NA,D'Andre,Swift,CHI,RB,26,0
RB,16598,average,NA,NA,NA,NA,NA,NA,1131.1125,255.8612092382453,8.08048245614035,1.8416484545187277,1.25,0.39096949095440026,48.1375,7.175143104595794,384.2125,43.12826178140865,1.8820175438596491,0.6757752310223412,NA,NA,NA,NA,NA,NA,NA,NA,NA,NA,NA,NA,NA,NA,NA,NA,NA,NA,NA,NA,NA,NA,NA,NA,NA,NA,NA,NA,NA,NA,NA,NA,NA,NA,NA,NA,NA,NA,Bucky,Irving,TBB,RB,23,-4
RB,16598,robust,NA,NA,NA,NA,NA,NA,1187,139.3644,8.4,1.0378200000000002,1.25,0.11119499999999993,48.575,5.708010000000002,382.925,31.875899999999998,1.9249999999999998,0.5605268421052629,0,NA,NA,NA,NA,NA,NA,NA,NA,NA,NA,NA,NA,NA,NA,NA,NA,NA,NA,NA,NA,NA,NA,NA,NA,NA,NA,NA,NA,NA,NA,NA,NA,NA,NA,NA,NA,NA,Bucky,Irving,TBB,RB,23,-4
RB,16598,weighted,NA,NA,NA,NA,NA,NA,1120.4746963562752,277.02231586665545,7.960426876908872,1.9732003973791215,1.226163967611336,0.4171858170277474,48.432793522267204,7.637422207454223,388.2287449392713,43.81092391297522,1.9272249449534766,0.7327370662101107,NA,NA,NA,NA,NA,NA,NA,NA,NA,NA,NA,NA,NA,NA,NA,NA,NA,NA,NA,NA,NA,NA,NA,NA,NA,NA,NA,NA,NA,NA,NA,NA,NA,NA,NA,NA,NA,NA,Bucky,Irving,TBB,RB,23,-4
RB,15256,average,NA,NA,NA,NA,NA,NA,687.325,129.86603812060665,4.575,1.7934404287370607,1.1666666666666665,0.3559026084010437,34.65,6.595669575020957,227.4875,58.31381697333831,0.9875,0.1125991626459603,NA,NA,NA,NA,NA,NA,NA,NA,NA,NA,NA,NA,NA,NA,NA,NA,NA,NA,NA,NA,NA,NA,NA,NA,NA,NA,NA,NA,NA,NA,NA,NA,NA,NA,NA,NA,NA,NA,Javonte,Williams,DAL,RB,25,-1
RB,15256,robust,NA,NA,NA,NA,NA,NA,670.15,95.62769999999999,4.4,1.63086,1.1666666666666665,0,34.625,7.338869999999998,231.25,60.0453,1,0,0,NA,NA,NA,NA,NA,NA,NA,NA,NA,NA,NA,NA,NA,NA,NA,NA,NA,NA,NA,NA,NA,NA,NA,NA,NA,NA,NA,NA,NA,NA,NA,NA,NA,NA,NA,NA,NA,Javonte,Williams,DAL,RB,25,-1
RB,15256,weighted,NA,NA,NA,NA,NA,NA,700.0910931174088,142.57489308031202,4.69412955465587,1.9802735251361956,1.247604588394062,0.2955889466278615,34.57975708502024,7.095973964070257,227.18016194331986,63.370762750517585,0.9975708502024292,0.11337194680026491,NA,NA,NA,NA,NA,NA,NA,NA,NA,NA,NA,NA,NA,NA,NA,NA,NA,NA,NA,NA,NA,NA,NA,NA,NA,NA,NA,NA,NA,NA,NA,NA,NA,NA,NA,NA,NA,NA,Javonte,Williams,DAL,RB,25,-1
RB,17045,average,NA,NA,NA,NA,NA,NA,596.175,167.53784860229558,3.6163461538461537,1.7831769378126543,1.15,0.4326001122779063,24.65,2.591745137381926,183.5,27.260646675067285,0.9461538461538461,0.43108308817390645,NA,NA,NA,NA,NA,NA,NA,NA,NA,NA,NA,NA,NA,NA,NA,NA,NA,NA,NA,NA,NA,NA,NA,NA,NA,NA,NA,NA,NA,NA,NA,NA,NA,NA,NA,NA,NA,NA,Cam,Skattebo,NYG,RB,23,-5
RB,17045,robust,NA,NA,NA,NA,NA,NA,568.6,109.71239999999999,3.7326923076923078,1.11195,1.15,0.03706500000000003,24.299999999999997,2.2239,180.5,22.238999999999997,1,0,0,NA,NA,NA,NA,NA,NA,NA,NA,NA,NA,NA,NA,NA,NA,NA,NA,NA,NA,NA,NA,NA,NA,NA,NA,NA,NA,NA,NA,NA,NA,NA,NA,NA,NA,NA,NA,NA,Cam,Skattebo,NYG,RB,23,-5
RB,17045,weighted,NA,NA,NA,NA,NA,NA,601.2661943319839,173.8946856806058,3.5829959514170042,1.899426055845511,1.1456983805668017,0.4711072017949597,24.870242914979755,2.8090661889269484,184.10728744939271,29.7592691552746,0.9311740890688259,0.4605435477600888,NA,NA,NA,NA,NA,NA,NA,NA,NA,NA,NA,NA,NA,NA,NA,NA,NA,NA,NA,NA,NA,NA,NA,NA,NA,NA,NA,NA,NA,NA,NA,NA,NA,NA,NA,NA,NA,NA,Cam,Skattebo,NYG,RB,23,-5
RB,15253,average,NA,NA,NA,NA,NA,NA,621.0125,101.99048187383538,3.5416095890410957,1.2931687072734979,0.8,0.1851640199545103,38.825,7.768572216676259,281.8625,67.31446326225675,1.158390410958904,0.5636021120404524,NA,NA,NA,NA,NA,NA,NA,NA,NA,NA,NA,NA,NA,NA,NA,NA,NA,NA,NA,NA,NA,NA,NA,NA,NA,NA,NA,NA,NA,NA,NA,NA,NA,NA,NA,NA,NA,NA,Travis,Etienne,JAC,RB,26,-1
RB,15253,robust,NA,NA,NA,NA,NA,NA,624.275,106.0059,3.9,0.14826000000000011,0.8,0,39.45,7.264740000000002,285.475,66.79113000000001,1.05,0.24676150684931517,0,NA,NA,NA,NA,NA,NA,NA,NA,NA,NA,NA,NA,NA,NA,NA,NA,NA,NA,NA,NA,NA,NA,NA,NA,NA,NA,NA,NA,NA,NA,NA,NA,NA,NA,NA,NA,NA,Travis,Etienne,JAC,RB,26,-1
RB,15253,weighted,NA,NA,NA,NA,NA,NA,629.9443319838057,107.39617046112238,3.5737590815817204,1.3526234347486374,0.8002024291497977,0.20082223585736342,39.02773279352227,8.525747412671572,283.2388663967611,74.38311174104489,1.1493178414952028,0.5946290484423187,NA,NA,NA,NA,NA,NA,NA,NA,NA,NA,NA,NA,NA,NA,NA,NA,NA,NA,NA,NA,NA,NA,NA,NA,NA,NA,NA,NA,NA,NA,NA,NA,NA,NA,NA,NA,NA,NA,Travis,Etienne,JAC,RB,26,-1
RB,14823,average,NA,NA,NA,NA,NA,NA,507.65,170.2171973853238,2.544078947368421,0.7372337170944465,1.175,0.3223795456113359,23.9,5.805416190322373,165.85,37.876604162162465,1.055921052631579,0.1452843370198603,NA,NA,NA,NA,NA,NA,NA,NA,NA,NA,NA,NA,NA,NA,NA,NA,NA,NA,NA,NA,NA,NA,NA,NA,NA,NA,NA,NA,NA,NA,NA,NA,NA,NA,NA,NA,NA,NA,Rico,Dowdle,CAR,RB,27,0
RB,14823,robust,NA,NA,NA,NA,NA,NA,490.55,126.16926000000002,2.5,0.4096657894736843,1.13125,0.12972750000000002,22.85,7.709520000000001,160.75,28.9107,1,0,0,NA,NA,NA,NA,NA,NA,NA,NA,NA,NA,NA,NA,NA,NA,NA,NA,NA,NA,NA,NA,NA,NA,NA,NA,NA,NA,NA,NA,NA,NA,NA,NA,NA,NA,NA,NA,NA,Rico,Dowdle,CAR,RB,27,0
RB,14823,weighted,NA,NA,NA,NA,NA,NA,517.7074898785426,182.33233593765328,2.5806094182825485,0.7987135211629179,1.2287196356275305,0.3084947981307085,23.889271255060727,6.201147274254993,166.33198380566802,39.98510063758037,1.0505646707862772,0.15586757802123374,NA,NA,NA,NA,NA,NA,NA,NA,NA,NA,NA,NA,NA,NA,NA,NA,NA,NA,NA,NA,NA,NA,NA,NA,NA,NA,NA,NA,NA,NA,NA,NA,NA,NA,NA,NA,NA,NA,Rico,Dowdle,CAR,RB,27,0
RB,13132,average,NA,NA,NA,NA,NA,NA,850.7875,122.75604654877785,4.938671875,1.2713181449243298,1.075,0.5434677017607789,64.9625,11.258512652338103,484.5,99.498743710662,1.861328125,0.42236557951222353,NA,NA,NA,NA,NA,NA,NA,NA,NA,NA,NA,NA,NA,NA,NA,NA,NA,NA,NA,NA,NA,NA,NA,NA,NA,NA,NA,NA,NA,NA,NA,NA,NA,NA,NA,NA,NA,NA,Alvin,Kamara,NOS,RB,30,3
RB,13132,robust,NA,NA,NA,NA,NA,NA,862.75,74.13,5,1.11195,1.075,0.055597499999999966,65.25,8.1543,499,76.3539,2,0,0,NA,NA,NA,NA,NA,NA,NA,NA,NA,NA,NA,NA,NA,NA,NA,NA,NA,NA,NA,NA,NA,NA,NA,NA,NA,NA,NA,NA,NA,NA,NA,NA,NA,NA,NA,NA,NA,Alvin,Kamara,NOS,RB,30,3
RB,13132,weighted,NA,NA,NA,NA,NA,NA,841.7024291497976,129.58300385115524,4.85953314777328,1.3299401123183532,1.0405617408906882,0.5789047860413908,65.21761133603239,12.225132912872613,484.7682186234818,108.76787180208224,1.832774544534413,0.4518177886152393,NA,NA,NA,NA,NA,NA,NA,NA,NA,NA,NA,NA,NA,NA,NA,NA,NA,NA,NA,NA,NA,NA,NA,NA,NA,NA,NA,NA,NA,NA,NA,NA,NA,NA,NA,NA,NA,NA,Alvin,Kamara,NOS,RB,30,3
RB,17042,average,NA,NA,NA,NA,NA,NA,1179.0875,261.1736228067452,8.820518867924529,1.8681683081686813,1.7,0.580640040940045,47.05,15.925899840018012,356.0625,122.29543780183648,2.1169811320754715,0.4870170191810321,NA,NA,NA,NA,NA,NA,NA,NA,NA,NA,NA,NA,NA,NA,NA,NA,NA,NA,NA,NA,NA,NA,NA,NA,NA,NA,NA,NA,NA,NA,NA,NA,NA,NA,NA,NA,NA,NA,Ashton,Jeanty,LVR,RB,22,-5
RB,17042,robust,NA,NA,NA,NA,NA,NA,1248.175,111.195,9.4,0.7147250943396231,1.775,0.22239000000000003,46.975,20.089229999999993,358.75,152.33714999999998,2,0,0,NA,NA,NA,NA,NA,NA,NA,NA,NA,NA,NA,NA,NA,NA,NA,NA,NA,NA,NA,NA,NA,NA,NA,NA,NA,NA,NA,NA,NA,NA,NA,NA,NA,NA,NA,NA,NA,Ashton,Jeanty,LVR,RB,22,-5
RB,17042,weighted,NA,NA,NA,NA,NA,NA,1168.2125506072873,283.81441959017866,8.710870063402337,2.012679171358695,1.5996963562753037,0.5497488614892854,47.30566801619433,17.249516243148044,355.29655870445345,132.08263448047487,2.152085402184707,0.517073571919283,NA,NA,NA,NA,NA,NA,NA,NA,NA,NA,NA,NA,NA,NA,NA,NA,NA,NA,NA,NA,NA,NA,NA,NA,NA,NA,NA,NA,NA,NA,NA,NA,NA,NA,NA,NA,NA,NA,Ashton,Jeanty,LVR,RB,22,-5
RB,15972,average,NA,NA,NA,NA,NA,NA,701.8125,119.66558686009704,4.131506849315069,1.1317496647678387,1.1,0.4174754056057845,14.8625,3.4965033553946023,103.05,23.489024792747053,0.40599315068493147,0.48867173337283804,NA,NA,NA,NA,NA,NA,NA,NA,NA,NA,NA,NA,NA,NA,NA,NA,NA,NA,NA,NA,NA,NA,NA,NA,NA,NA,NA,NA,NA,NA,NA,NA,NA,NA,NA,NA,NA,NA,Jordan,Mason,MIN,RB,26,-2
RB,15972,robust,NA,NA,NA,NA,NA,NA,722.625,85.2495,4.401027397260274,0.6285817808219173,1.1,0,15,2.7428099999999995,100.2,25.50072,0.386986301369863,0.37065,0,NA,NA,NA,NA,NA,NA,NA,NA,NA,NA,NA,NA,NA,NA,NA,NA,NA,NA,NA,NA,NA,NA,NA,NA,NA,NA,NA,NA,NA,NA,NA,NA,NA,NA,NA,NA,NA,Jordan,Mason,MIN,RB,26,-2
RB,15972,weighted,NA,NA,NA,NA,NA,NA,701.5323886639677,122.65565015578616,4.074460651100882,1.1940889161116934,1.1602226720647775,0.4201791630076822,14.804048582995952,3.626125189042043,101.32489878542509,24.278769149687133,0.38626809383838945,0.5282685046860164,NA,NA,NA,NA,NA,NA,NA,NA,NA,NA,NA,NA,NA,NA,NA,NA,NA,NA,NA,NA,NA,NA,NA,NA,NA,NA,NA,NA,NA,NA,NA,NA,NA,NA,NA,NA,NA,NA,Jordan,Mason,MIN,RB,26,-2
RB,15708,average,NA,NA,NA,NA,NA,NA,923.7375,154.11158237273594,5.181714876033058,1.1143506995260708,1.45,0.29032002047002253,49,11.122692377040988,397.5625,85.69607321392104,2.2807851239669423,0.8609334167763503,NA,NA,NA,NA,NA,NA,NA,NA,NA,NA,NA,NA,NA,NA,NA,NA,NA,NA,NA,NA,NA,NA,NA,NA,NA,NA,NA,NA,NA,NA,NA,NA,NA,NA,NA,NA,NA,NA,Breece,Hall,NYJ,RB,24,-2
RB,15708,robust,NA,NA,NA,NA,NA,NA,955.725,73.3887,5.188429752066115,0.41047190082644636,1.45,0.1111950000000001,47.5,5.1891,391.125,56.3388,2.1981404958677686,0.40495809917355363,0,NA,NA,NA,NA,NA,NA,NA,NA,NA,NA,NA,NA,NA,NA,NA,NA,NA,NA,NA,NA,NA,NA,NA,NA,NA,NA,NA,NA,NA,NA,NA,NA,NA,NA,NA,NA,NA,Breece,Hall,NYJ,RB,24,-2
RB,15708,weighted,NA,NA,NA,NA,NA,NA,914.2398785425102,164.70504960120485,5.042695820925486,1.1461933741213353,1.4259615384615385,0.30753712831940805,49.03947368421053,11.837826991807416,398.335020242915,90.91207061339925,2.3095308997222874,0.9172810083519042,NA,NA,NA,NA,NA,NA,NA,NA,NA,NA,NA,NA,NA,NA,NA,NA,NA,NA,NA,NA,NA,NA,NA,NA,NA,NA,NA,NA,NA,NA,NA,NA,NA,NA,NA,NA,NA,NA,Breece,Hall,NYJ,RB,24,-2
RB,14800,average,NA,NA,NA,NA,NA,NA,689.7875,97.83713051363912,4.740097402597403,1.1159102717177647,1.15,0.4326001122779063,27.6,11.565465835840769,179.5875,83.13305063055762,0.7974025974025974,0.667658788391428,NA,NA,NA,NA,NA,NA,NA,NA,NA,NA,NA,NA,NA,NA,NA,NA,NA,NA,NA,NA,NA,NA,NA,NA,NA,NA,NA,NA,NA,NA,NA,NA,NA,NA,NA,NA,NA,NA,J.K.,Dobbins,DEN,RB,27,0
RB,14800,robust,NA,NA,NA,NA,NA,NA,678.325,53.15121000000003,4.705194805194806,0.5776363636363642,1.15,0.03706500000000003,28,14.825999999999999,187.1,95.62769999999999,0.7896103896103897,0.5930399999999999,0,NA,NA,NA,NA,NA,NA,NA,NA,NA,NA,NA,NA,NA,NA,NA,NA,NA,NA,NA,NA,NA,NA,NA,NA,NA,NA,NA,NA,NA,NA,NA,NA,NA,NA,NA,NA,NA,J.K.,Dobbins,DEN,RB,27,0
RB,14800,weighted,NA,NA,NA,NA,NA,NA,694.3208502024291,105.15376518465067,4.718118723381881,1.2213662308961017,1.1406376518218622,0.4666093277287497,27.47004048582996,12.613254523099727,179.36133603238866,90.51435512396431,0.7551606288448395,0.6929363981654828,NA,NA,NA,NA,NA,NA,NA,NA,NA,NA,NA,NA,NA,NA,NA,NA,NA,NA,NA,NA,NA,NA,NA,NA,NA,NA,NA,NA,NA,NA,NA,NA,NA,NA,NA,NA,NA,NA,J.K.,Dobbins,DEN,RB,27,0
RB,17256,average,NA,NA,NA,NA,NA,NA,591.95,216.2275719170496,4.394886363636363,2.074226840637896,2.0666666666666664,0.5715476066494082,17.3625,8.302140429689546,134.3,67.42131922258928,0.6801136363636364,0.49939714246598144,NA,NA,NA,NA,NA,NA,NA,NA,NA,NA,NA,NA,NA,NA,NA,NA,NA,NA,NA,NA,NA,NA,NA,NA,NA,NA,NA,NA,NA,NA,NA,NA,NA,NA,NA,NA,NA,NA,Jacory,Croskey-Merritt,WAS,RB,24,-5
RB,17256,robust,NA,NA,NA,NA,NA,NA,612.15,124.98318,4.9147727272727275,1.3343399999999999,2.0666666666666664,0,18.175,8.1543,142.5,49.96362,0.6704545454545454,0.37065,0,NA,NA,NA,NA,NA,NA,NA,NA,NA,NA,NA,NA,NA,NA,NA,NA,NA,NA,NA,NA,NA,NA,NA,NA,NA,NA,NA,NA,NA,NA,NA,NA,NA,NA,NA,NA,NA,Jacory,Croskey-Merritt,WAS,RB,24,-5
RB,17256,weighted,NA,NA,NA,NA,NA,NA,586.7611336032389,219.03292173562107,4.3138479941111525,2.0867730867130287,2.2371794871794872,0.3528220706559246,17.113765182186235,8.486176485565844,131.94838056680163,68.49332088190371,0.6132775119617224,0.46431317171918624,NA,NA,NA,NA,NA,NA,NA,NA,NA,NA,NA,NA,NA,NA,NA,NA,NA,NA,NA,NA,NA,NA,NA,NA,NA,NA,NA,NA,NA,NA,NA,NA,NA,NA,NA,NA,NA,NA,Jacory,Croskey-Merritt,WAS,RB,24,-5
RB,16181,average,NA,NA,NA,NA,NA,NA,982.3875,219.5183066723268,7.60441616766467,1.943140066266362,1.275,0.3679091502764546,55.175,10.50955347699008,383.7,94.35876823516266,2.8955838323353293,0.991720380806966,NA,NA,NA,NA,NA,NA,NA,NA,NA,NA,NA,NA,NA,NA,NA,NA,NA,NA,NA,NA,NA,NA,NA,NA,NA,NA,NA,NA,NA,NA,NA,NA,NA,NA,NA,NA,NA,NA,Chase,Brown,CIN,RB,25,-3
RB,16181,robust,NA,NA,NA,NA,NA,NA,1039.3,92.58837000000007,8.267664670658682,0.9375003592814355,1.275,0.0926625,57.2,7.561259999999996,401.4,23.7216,3,1.0116303592814373,0,NA,NA,NA,NA,NA,NA,NA,NA,NA,NA,NA,NA,NA,NA,NA,NA,NA,NA,NA,NA,NA,NA,NA,NA,NA,NA,NA,NA,NA,NA,NA,NA,NA,NA,NA,NA,NA,Chase,Brown,CIN,RB,25,-3
RB,16181,weighted,NA,NA,NA,NA,NA,NA,971.1133603238867,237.17427614893572,7.476510945719896,2.0881751036815444,1.2547317813765182,0.39364276279276117,54.651012145748986,11.378483271569191,378.7024291497976,101.46402752882477,2.8773352081262575,1.062533122468581,NA,NA,NA,NA,NA,NA,NA,NA,NA,NA,NA,NA,NA,NA,NA,NA,NA,NA,NA,NA,NA,NA,NA,NA,NA,NA,NA,NA,NA,NA,NA,NA,NA,NA,NA,NA,NA,NA,Chase,Brown,CIN,RB,25,-3
RB,15711,average,NA,NA,NA,NA,NA,NA,888.5375,144.32393067085482,7.1423828125,1.5770805059867048,1.075,0.5434677017607789,41.475,11.47316745404561,297.8875,78.33892368603053,1.0951171875,0.6710290758063818,NA,NA,NA,NA,NA,NA,NA,NA,NA,NA,NA,NA,NA,NA,NA,NA,NA,NA,NA,NA,NA,NA,NA,NA,NA,NA,NA,NA,NA,NA,NA,NA,NA,NA,NA,NA,NA,NA,Kenneth,Walker III,SEA,RB,25,-2
RB,15711,robust,NA,NA,NA,NA,NA,NA,917,58.5627,7.26953125,1.0378200000000002,1.075,0.055597499999999966,43.45,7.412999999999999,316.775,33.3585,1,0,0,NA,NA,NA,NA,NA,NA,NA,NA,NA,NA,NA,NA,NA,NA,NA,NA,NA,NA,NA,NA,NA,NA,NA,NA,NA,NA,NA,NA,NA,NA,NA,NA,NA,NA,NA,NA,NA,Kenneth,Walker III,SEA,RB,25,-2
RB,15711,weighted,NA,NA,NA,NA,NA,NA,880.3370445344129,156.66392481746712,7.004330086032389,1.6572941699636212,1.0405617408906882,0.5789047860413908,40.95506072874494,12.313948125389832,294.6751012145749,84.46746340193837,1.0454674848178138,0.7049365122364522,NA,NA,NA,NA,NA,NA,NA,NA,NA,NA,NA,NA,NA,NA,NA,NA,NA,NA,NA,NA,NA,NA,NA,NA,NA,NA,NA,NA,NA,NA,NA,NA,NA,NA,NA,NA,NA,NA,Kenneth,Walker III,SEA,RB,25,-2
RB,14071,average,NA,NA,NA,NA,NA,NA,762.6375,121.93368147715145,8.476635514018692,1.7964774269601276,0.625,0.31339158526400435,28.075,6.980124845383703,229.15,50.5643296066647,0.7608644859813084,0.7522616349868853,NA,NA,NA,NA,NA,NA,NA,NA,NA,NA,NA,NA,NA,NA,NA,NA,NA,NA,NA,NA,NA,NA,NA,NA,NA,NA,NA,NA,NA,NA,NA,NA,NA,NA,NA,NA,NA,NA,David,Montgomery,DET,RB,28,1
RB,14071,robust,NA,NA,NA,NA,NA,NA,794.5,57.895530000000015,8.75,1.4826,0.625,0.0926625,29.225,5.1891,240.05,31.1346,0.7,0.7413,0,NA,NA,NA,NA,NA,NA,NA,NA,NA,NA,NA,NA,NA,NA,NA,NA,NA,NA,NA,NA,NA,NA,NA,NA,NA,NA,NA,NA,NA,NA,NA,NA,NA,NA,NA,NA,NA,David,Montgomery,DET,RB,28,1
RB,14071,weighted,NA,NA,NA,NA,NA,NA,751.9736842105262,129.72769431513,8.419737788035869,1.9387695135560397,0.5684463562753037,0.2985077442178176,27.688056680161942,7.5425089116678725,225.2327935222672,53.78262088697184,0.7411933860531992,0.7892190734825714,NA,NA,NA,NA,NA,NA,NA,NA,NA,NA,NA,NA,NA,NA,NA,NA,NA,NA,NA,NA,NA,NA,NA,NA,NA,NA,NA,NA,NA,NA,NA,NA,NA,NA,NA,NA,NA,NA,David,Montgomery,DET,RB,28,1
RB,17053,average,NA,NA,NA,NA,NA,NA,245.325,121.07159334164936,1.5529411764705883,0.8938079959163566,0.3666666666666667,0.2943920288775949,16.8125,8.300505578405621,130.3125,70.61309950305659,0.8720588235294118,0.6480950449938083,NA,NA,NA,NA,NA,NA,NA,NA,NA,NA,NA,NA,NA,NA,NA,NA,NA,NA,NA,NA,NA,NA,NA,NA,NA,NA,NA,NA,NA,NA,NA,NA,NA,NA,NA,NA,NA,NA,Woody,Marks,HOU,RB,25,-5
RB,17053,robust,NA,NA,NA,NA,NA,NA,253.25,81.54299999999999,1.5,0.7413,0.3666666666666667,0,18,5.9304,137,73.3887,0.9941176470588236,0.2790776470588235,0,NA,NA,NA,NA,NA,NA,NA,NA,NA,NA,NA,NA,NA,NA,NA,NA,NA,NA,NA,NA,NA,NA,NA,NA,NA,NA,NA,NA,NA,NA,NA,NA,NA,NA,NA,NA,NA,Woody,Marks,HOU,RB,25,-5
RB,17053,weighted,NA,NA,NA,NA,NA,NA,245.19736842105263,131.22864779515126,1.5354846391998096,0.9729414770224499,0.40691632928475036,0.2990313225190969,16.565991902834007,8.82129596234004,129.27935222672065,75.64545528751785,0.9017623243629436,0.6914712270837021,NA,NA,NA,NA,NA,NA,NA,NA,NA,NA,NA,NA,NA,NA,NA,NA,NA,NA,NA,NA,NA,NA,NA,NA,NA,NA,NA,NA,NA,NA,NA,NA,NA,NA,NA,NA,NA,NA,Woody,Marks,HOU,RB,25,-5
RB,15259,average,NA,NA,NA,NA,NA,NA,650.85,132.69344907934013,4.989473684210527,1.1742791573449443,1.975,0.5864542364316003,27.825,6.320431721240024,182.225,27.25444917806999,0.9730263157894736,0.5421632022472507,NA,NA,NA,NA,NA,NA,NA,NA,NA,NA,NA,NA,NA,NA,NA,NA,NA,NA,NA,NA,NA,NA,NA,NA,NA,NA,NA,NA,NA,NA,NA,NA,NA,NA,NA,NA,NA,NA,Rhamondre,Stevenson,NEP,RB,27,-1
RB,15259,robust,NA,NA,NA,NA,NA,NA,647.7,179.98763999999994,5,0.6788747368421051,1.975,0.31505249999999985,26.75,4.4478,180.75,30.3933,0.9960526315789473,0.1599647368421054,0,NA,NA,NA,NA,NA,NA,NA,NA,NA,NA,NA,NA,NA,NA,NA,NA,NA,NA,NA,NA,NA,NA,NA,NA,NA,NA,NA,NA,NA,NA,NA,NA,NA,NA,NA,NA,NA,Rhamondre,Stevenson,NEP,RB,27,-1
RB,15259,weighted,NA,NA,NA,NA,NA,NA,657.3410931174088,141.30782320161924,5.057340720221607,1.2629140158768255,2.048355263157895,0.6011712464976443,27.78603238866397,6.815513073734082,183.08805668016194,28.945812136563102,0.9681653526528873,0.6037817398471192,NA,NA,NA,NA,NA,NA,NA,NA,NA,NA,NA,NA,NA,NA,NA,NA,NA,NA,NA,NA,NA,NA,NA,NA,NA,NA,NA,NA,NA,NA,NA,NA,NA,NA,NA,NA,NA,NA,Rhamondre,Stevenson,NEP,RB,27,-1
RB,16169,average,NA,NA,NA,NA,NA,NA,538.525,120.10057392511851,4.593509615384615,0.7681551115920012,0.45,0.34434202266268427,33.175,7.665460567655783,244.9,58.59029661251816,0.9189903846153846,0.5623492918234807,NA,NA,NA,NA,NA,NA,NA,NA,NA,NA,NA,NA,NA,NA,NA,NA,NA,NA,NA,NA,NA,NA,NA,NA,NA,NA,NA,NA,NA,NA,NA,NA,NA,NA,NA,NA,NA,NA,Zach,Charbonnet,SEA,RB,24,-3
RB,16169,robust,NA,NA,NA,NA,NA,NA,537.25,86.73209999999999,4.5,0.7413,0.45,0.259455,34.6,2.9652,256.05,35.434139999999964,1,0,0,NA,NA,NA,NA,NA,NA,NA,NA,NA,NA,NA,NA,NA,NA,NA,NA,NA,NA,NA,NA,NA,NA,NA,NA,NA,NA,NA,NA,NA,NA,NA,NA,NA,NA,NA,NA,NA,Zach,Charbonnet,SEA,RB,24,-3
RB,16169,weighted,NA,NA,NA,NA,NA,NA,529.6508097165992,126.25907148606015,4.544382591093117,0.8248970277431088,0.3972165991902834,0.3398504267302768,32.54028340080971,8.226391742217881,239.56275303643724,62.644309936719736,0.892257085020243,0.5979091979623952,NA,NA,NA,NA,NA,NA,NA,NA,NA,NA,NA,NA,NA,NA,NA,NA,NA,NA,NA,NA,NA,NA,NA,NA,NA,NA,NA,NA,NA,NA,NA,NA,NA,NA,NA,NA,NA,NA,Zach,Charbonnet,SEA,RB,24,-3
RB,15261,average,NA,NA,NA,NA,NA,NA,1050.7,275.94674434442186,7.557142857142857,2.465434514834814,1.35,0.5988083404324197,36.95,9.246466506571192,227.8125,56.60889474531113,1.2053571428571428,0.37173750888255014,NA,NA,NA,NA,NA,NA,NA,NA,NA,NA,NA,NA,NA,NA,NA,NA,NA,NA,NA,NA,NA,NA,NA,NA,NA,NA,NA,NA,NA,NA,NA,NA,NA,NA,NA,NA,NA,NA,Chuba,Hubbard,CAR,RB,26,-1
RB,15261,robust,NA,NA,NA,NA,NA,NA,1101.15,190.06932000000006,8,0.8895600000000001,1.4125,0.185325,36.400000000000006,8.080169999999999,229.625,68.57025,1.05,0,0,NA,NA,NA,NA,NA,NA,NA,NA,NA,NA,NA,NA,NA,NA,NA,NA,NA,NA,NA,NA,NA,NA,NA,NA,NA,NA,NA,NA,NA,NA,NA,NA,NA,NA,NA,NA,NA,Chuba,Hubbard,CAR,RB,26,-1
RB,15261,weighted,NA,NA,NA,NA,NA,NA,1036.6852226720646,298.0216407848177,7.39679005205321,2.6439340516790915,1.279908906882591,0.6221129285413037,36.33643724696356,9.847801584770231,224.88765182186233,60.49186516499653,1.2181897050318102,0.4013425648157088,NA,NA,NA,NA,NA,NA,NA,NA,NA,NA,NA,NA,NA,NA,NA,NA,NA,NA,NA,NA,NA,NA,NA,NA,NA,NA,NA,NA,NA,NA,NA,NA,NA,NA,NA,NA,NA,NA,Chuba,Hubbard,CAR,RB,26,-1
RB,16757,average,NA,NA,NA,NA,NA,NA,265.3666666666667,176.22514954833585,1.5,0.8660254037844386,0,0,12.466666666666667,5.277625728803941,88.26666666666667,42.34634970494309,0.8,1.058300524425836,NA,NA,NA,NA,NA,NA,NA,NA,NA,NA,NA,NA,NA,NA,NA,NA,NA,NA,NA,NA,NA,NA,NA,NA,NA,NA,NA,NA,NA,NA,NA,NA,NA,NA,NA,NA,NA,NA,Kimani,Vidal,LAC,RB,24,-4
RB,16757,robust,NA,NA,NA,NA,NA,NA,262.525,235.58514,1.625,0,0,0,13.1,1.4826,86.95,50.70492,0.7,0.59304,0,NA,NA,NA,NA,NA,NA,NA,NA,NA,NA,NA,NA,NA,NA,NA,NA,NA,NA,NA,NA,NA,NA,NA,NA,NA,NA,NA,NA,NA,NA,NA,NA,NA,NA,NA,NA,NA,Kimani,Vidal,LAC,RB,24,-4
RB,16757,weighted,NA,NA,NA,NA,NA,NA,358.42164179104475,136.47160876900364,2,0,0,0,15.541044776119403,0.7071067811865474,105.94776119402984,35.35533905932736,1.0820895522388059,1.4142135623730947,NA,NA,NA,NA,NA,NA,NA,NA,NA,NA,NA,NA,NA,NA,NA,NA,NA,NA,NA,NA,NA,NA,NA,NA,NA,NA,NA,NA,NA,NA,NA,NA,NA,NA,NA,NA,NA,NA,Kimani,Vidal,LAC,RB,24,-4
RB,15721,average,NA,NA,NA,NA,NA,NA,421.0875,91.64608069711905,2.8165983606557377,0.6320501696677274,1.6,0.6611677980232077,35.0625,9.577494080245774,265.1,74.33030529813722,2.2209016393442624,0.9644165301750565,NA,NA,NA,NA,NA,NA,NA,NA,NA,NA,NA,NA,NA,NA,NA,NA,NA,NA,NA,NA,NA,NA,NA,NA,NA,NA,NA,NA,NA,NA,NA,NA,NA,NA,NA,NA,NA,NA,Rachaad,White,TBB,RB,26,-2
RB,15721,robust,NA,NA,NA,NA,NA,NA,418.6,96.369,2.85,0.22238999999999987,1.5250000000000001,0.22239000000000003,35.175,8.228429999999996,267.5,57.080099999999995,2.075,1.4084700000000001,0,NA,NA,NA,NA,NA,NA,NA,NA,NA,NA,NA,NA,NA,NA,NA,NA,NA,NA,NA,NA,NA,NA,NA,NA,NA,NA,NA,NA,NA,NA,NA,NA,NA,NA,NA,NA,NA,Rachaad,White,TBB,RB,26,-2
RB,15721,weighted,NA,NA,NA,NA,NA,NA,420.86234817813767,97.76500268790399,2.837917302714542,0.6853122151469782,1.64251012145749,0.7048468600242341,34.90951417004049,10.504229900838308,263.3178137651822,81.41678625236399,2.228884316718657,1.041530987112406,NA,NA,NA,NA,NA,NA,NA,NA,NA,NA,NA,NA,NA,NA,NA,NA,NA,NA,NA,NA,NA,NA,NA,NA,NA,NA,NA,NA,NA,NA,NA,NA,NA,NA,NA,NA,NA,NA,Rachaad,White,TBB,RB,26,-2
RB,13610,average,NA,NA,NA,NA,NA,NA,578.35,152.31492751157762,4.591304347826087,0.8535544654518794,0.16666666666666666,0.1543033499620919,13.4125,4.899107061496002,95.7125,41.26989347142608,0.596195652173913,0.7093809798416973,NA,NA,NA,NA,NA,NA,NA,NA,NA,NA,NA,NA,NA,NA,NA,NA,NA,NA,NA,NA,NA,NA,NA,NA,NA,NA,NA,NA,NA,NA,NA,NA,NA,NA,NA,NA,NA,NA,Nick,Chubb,HOU,RB,30,2
RB,13610,robust,NA,NA,NA,NA,NA,NA,569.9,166.7925,4.565217391304348,0.6446086956521747,0.16666666666666666,0,13.45,2.29803,92.525,22.9803,0.5,0.6446086956521738,0,NA,NA,NA,NA,NA,NA,NA,NA,NA,NA,NA,NA,NA,NA,NA,NA,NA,NA,NA,NA,NA,NA,NA,NA,NA,NA,NA,NA,NA,NA,NA,NA,NA,NA,NA,NA,NA,Nick,Chubb,HOU,RB,30,2
RB,13610,weighted,NA,NA,NA,NA,NA,NA,577.6022267206479,159.42195524123633,4.548134131314909,0.9329922358645587,0.1182523616734143,0.08176694636650494,13.52004048582996,5.3233195113886635,95.97570850202429,45.02310897817148,0.5291938039077627,0.7486925261224816,NA,NA,NA,NA,NA,NA,NA,NA,NA,NA,NA,NA,NA,NA,NA,NA,NA,NA,NA,NA,NA,NA,NA,NA,NA,NA,NA,NA,NA,NA,NA,NA,NA,NA,NA,NA,NA,NA,Nick,Chubb,HOU,RB,30,2
RB,14085,average,NA,NA,NA,NA,NA,NA,936.475,209.08721181090235,5.34609375,1.0598335106574523,1.15,0.19639610121239318,39.4625,8.61509265351055,246,63.758472826306445,0.76640625,0.41652443629010016,NA,NA,NA,NA,NA,NA,NA,NA,NA,NA,NA,NA,NA,NA,NA,NA,NA,NA,NA,NA,NA,NA,NA,NA,NA,NA,NA,NA,NA,NA,NA,NA,NA,NA,NA,NA,NA,NA,Tony,Pollard,TEN,RB,28,1
RB,14085,robust,NA,NA,NA,NA,NA,NA,1003.95,45.2193,5.484375,0.07412999999999974,1.1124999999999998,0.11119499999999993,40.75,5.263229999999996,251.25,59.303999999999995,0.95,0.023165625,0,NA,NA,NA,NA,NA,NA,NA,NA,NA,NA,NA,NA,NA,NA,NA,NA,NA,NA,NA,NA,NA,NA,NA,NA,NA,NA,NA,NA,NA,NA,NA,NA,NA,NA,NA,NA,NA,Tony,Pollard,TEN,RB,28,1
RB,14085,weighted,NA,NA,NA,NA,NA,NA,918.3947368421053,222.885981965866,5.265928643724696,1.1312461270590861,1.171406882591093,0.20256505701573918,39.02085020242915,9.338130682690464,242.51315789473685,68.6023717139062,0.742370951417004,0.4488295654971817,NA,NA,NA,NA,NA,NA,NA,NA,NA,NA,NA,NA,NA,NA,NA,NA,NA,NA,NA,NA,NA,NA,NA,NA,NA,NA,NA,NA,NA,NA,NA,NA,NA,NA,NA,NA,NA,NA,Tony,Pollard,TEN,RB,28,1
RB,13319,average,NA,NA,NA,NA,NA,NA,816.6,199.42881293476984,4.18047520661157,0.9697326949241363,1.775,0.36400549446402586,42.15,9.674118638334525,320.0125,66.36846147509695,1.9445247933884298,0.668796104383713,NA,NA,NA,NA,NA,NA,NA,NA,NA,NA,NA,NA,NA,NA,NA,NA,NA,NA,NA,NA,NA,NA,NA,NA,NA,NA,NA,NA,NA,NA,NA,NA,NA,NA,NA,NA,NA,NA,Aaron,Jones,MIN,RB,31,3
RB,13319,robust,NA,NA,NA,NA,NA,NA,845.15,67.31003999999996,4.37190082644628,0.5513801652892559,1.78125,0.018532500000000098,43.5,7.264740000000008,329,65.9757,2,0.4123098347107435,0,NA,NA,NA,NA,NA,NA,NA,NA,NA,NA,NA,NA,NA,NA,NA,NA,NA,NA,NA,NA,NA,NA,NA,NA,NA,NA,NA,NA,NA,NA,NA,NA,NA,NA,NA,NA,NA,Aaron,Jones,MIN,RB,31,3
RB,13319,weighted,NA,NA,NA,NA,NA,NA,803.1497975708502,214.7774055832099,4.116492120319872,1.0451751067973107,1.7685981781376516,0.3969027830128792,41.94514170040486,10.542231686808979,319.60020242914976,72.40113927650589,1.902131361461505,0.7236748826607676,NA,NA,NA,NA,NA,NA,NA,NA,NA,NA,NA,NA,NA,NA,NA,NA,NA,NA,NA,NA,NA,NA,NA,NA,NA,NA,NA,NA,NA,NA,NA,NA,NA,NA,NA,NA,NA,NA,Aaron,Jones,MIN,RB,31,3
RB,13131,average,NA,NA,NA,NA,NA,NA,586.225,219.14445170773936,4.964935064935065,1.5547651441290256,0.7250000000000001,0.3267808352485107,23.775,7.2635587499713745,189.6625,52.40553235516811,1.197564935064935,0.36422986121816286,NA,NA,NA,NA,NA,NA,NA,NA,NA,NA,NA,NA,NA,NA,NA,NA,NA,NA,NA,NA,NA,NA,NA,NA,NA,NA,NA,NA,NA,NA,NA,NA,NA,NA,NA,NA,NA,NA,Joe,Mixon,HOU,RB,29,3
RB,13131,robust,NA,NA,NA,NA,NA,NA,549.45,73.98173999999996,4.73474025974026,1.0522609090909087,0.7437500000000001,0.055597499999999966,23.3,4.892580000000001,188.25,25.9455,1.05,0,0,NA,NA,NA,NA,NA,NA,NA,NA,NA,NA,NA,NA,NA,NA,NA,NA,NA,NA,NA,NA,NA,NA,NA,NA,NA,NA,NA,NA,NA,NA,NA,NA,NA,NA,NA,NA,NA,Joe,Mixon,HOU,RB,29,3
RB,13131,weighted,NA,NA,NA,NA,NA,NA,576.4311740890688,227.08988136080112,4.891834481308165,1.6320381313450232,0.7114625506072875,0.35495020304286556,23.232995951417003,7.5760336401721595,185.7580971659919,54.764855039185676,1.1877201745622799,0.37378156541379026,NA,NA,NA,NA,NA,NA,NA,NA,NA,NA,NA,NA,NA,NA,NA,NA,NA,NA,NA,NA,NA,NA,NA,NA,NA,NA,NA,NA,NA,NA,NA,NA,NA,NA,NA,NA,NA,NA,Joe,Mixon,HOU,RB,29,3
RB,16594,average,NA,NA,NA,NA,NA,NA,531.8,71.24910024494545,3.4029761904761906,0.9763545158340637,0.475,0.3600595188893874,19.1125,5.287569655062981,134.475,38.45114711274183,0.4095238095238095,0.4183435643923314,NA,NA,NA,NA,NA,NA,NA,NA,NA,NA,NA,NA,NA,NA,NA,NA,NA,NA,NA,NA,NA,NA,NA,NA,NA,NA,NA,NA,NA,NA,NA,NA,NA,NA,NA,NA,NA,NA,Trey,Benson,ARI,RB,23,-4
RB,16594,robust,NA,NA,NA,NA,NA,NA,526.75,38.84411999999998,3.45,0.53656,0.475,0.3150525,19.6,2.668680000000001,138.25,35.5824,0.4380952380952381,0.5753899999999998,0,NA,NA,NA,NA,NA,NA,NA,NA,NA,NA,NA,NA,NA,NA,NA,NA,NA,NA,NA,NA,NA,NA,NA,NA,NA,NA,NA,NA,NA,NA,NA,NA,NA,NA,NA,NA,NA,Trey,Benson,ARI,RB,23,-4
RB,16594,weighted,NA,NA,NA,NA,NA,NA,526.2378542510122,74.04138945631477,3.3683150183150183,1.0229180407944205,0.4114119433198381,0.34267689679562724,19.56761133603239,5.555685098406147,136.31477732793522,40.679892709782465,0.40638133796028536,0.4562263199406518,NA,NA,NA,NA,NA,NA,NA,NA,NA,NA,NA,NA,NA,NA,NA,NA,NA,NA,NA,NA,NA,NA,NA,NA,NA,NA,NA,NA,NA,NA,NA,NA,NA,NA,NA,NA,NA,NA,Trey,Benson,ARI,RB,23,-4
RB,17044,average,NA,NA,NA,NA,NA,NA,980.825,270.3455236227468,8.55647810218978,2.3778110441118625,1.675,0.3267808352485107,36.225,8.813909461754188,267.75,60.579935386467454,1.143521897810219,0.7562268182945208,NA,NA,NA,NA,NA,NA,NA,NA,NA,NA,NA,NA,NA,NA,NA,NA,NA,NA,NA,NA,NA,NA,NA,NA,NA,NA,NA,NA,NA,NA,NA,NA,NA,NA,NA,NA,NA,NA,Omarion,Hampton,LAC,RB,22,-5
RB,17044,robust,NA,NA,NA,NA,NA,NA,1047.15,118.90451999999998,9,0.4063622627737234,1.675,0.055597499999999966,38.05,4.4478,276.75,19.273799999999998,1.062043795620438,0.81543,0,NA,NA,NA,NA,NA,NA,NA,NA,NA,NA,NA,NA,NA,NA,NA,NA,NA,NA,NA,NA,NA,NA,NA,NA,NA,NA,NA,NA,NA,NA,NA,NA,NA,NA,NA,NA,NA,Omarion,Hampton,LAC,RB,22,-5
RB,17044,weighted,NA,NA,NA,NA,NA,NA,975.8269230769231,294.05488882665446,8.546292739147137,2.6166480787939945,1.6112095141700407,0.3029189733734161,36.27246963562753,9.573380512672594,265.247975708502,65.1057161710592,1.090144507816425,0.8045419993604732,NA,NA,NA,NA,NA,NA,NA,NA,NA,NA,NA,NA,NA,NA,NA,NA,NA,NA,NA,NA,NA,NA,NA,NA,NA,NA,NA,NA,NA,NA,NA,NA,NA,NA,NA,NA,NA,NA,Omarion,Hampton,LAC,RB,22,-5
RB,15749,average,NA,NA,NA,NA,NA,NA,809.4,160.09682784400908,5.706553398058253,1.8801421282062787,1.025,0.03273268353539889,32.925,8.02010865619306,216,63.34260583750651,1.1559466019417477,0.49775357834230444,NA,NA,NA,NA,NA,NA,NA,NA,NA,NA,NA,NA,NA,NA,NA,NA,NA,NA,NA,NA,NA,NA,NA,NA,NA,NA,NA,NA,NA,NA,NA,NA,NA,NA,NA,NA,NA,NA,Isiah,Pacheco,KCC,RB,26,-2
RB,15749,robust,NA,NA,NA,NA,NA,NA,855.3,37.065,6,1.4826,1.0187499999999998,0.018532499999999934,33.349999999999994,8.969729999999995,220.5,60.7866,1.05,0.07413000000000006,0,NA,NA,NA,NA,NA,NA,NA,NA,NA,NA,NA,NA,NA,NA,NA,NA,NA,NA,NA,NA,NA,NA,NA,NA,NA,NA,NA,NA,NA,NA,NA,NA,NA,NA,NA,NA,NA,Isiah,Pacheco,KCC,RB,26,-2
RB,15749,weighted,NA,NA,NA,NA,NA,NA,800.4615384615385,173.36333544797722,5.646371997956055,2.0275866440855563,1.0285678137651821,0.03376084283595656,32.738461538461536,8.722545057504414,213.4402834008097,68.97682346413917,1.171036908926536,0.5456267646359322,NA,NA,NA,NA,NA,NA,NA,NA,NA,NA,NA,NA,NA,NA,NA,NA,NA,NA,NA,NA,NA,NA,NA,NA,NA,NA,NA,NA,NA,NA,NA,NA,NA,NA,NA,NA,NA,NA,Isiah,Pacheco,KCC,RB,26,-2
RB,13138,average,NA,NA,NA,NA,NA,NA,373.6375,73.2254432264789,3.9309210526315788,1.0208256375073674,0.03333333333333333,0.030860669992418384,19.7375,4.179862437927833,139.525,29.712515400560946,0.506578947368421,0.49786047983375104,NA,NA,NA,NA,NA,NA,NA,NA,NA,NA,NA,NA,NA,NA,NA,NA,NA,NA,NA,NA,NA,NA,NA,NA,NA,NA,NA,NA,NA,NA,NA,NA,NA,NA,NA,NA,NA,NA,Kareem,Hunt,KCC,RB,30,3
RB,13138,robust,NA,NA,NA,NA,NA,NA,353.25,29.577869999999983,3.798684210526316,0.5189100000000001,0.03333333333333333,0,20.225,2.668680000000001,146,5.9304,0.5,0.7413,0,NA,NA,NA,NA,NA,NA,NA,NA,NA,NA,NA,NA,NA,NA,NA,NA,NA,NA,NA,NA,NA,NA,NA,NA,NA,NA,NA,NA,NA,NA,NA,NA,NA,NA,NA,NA,NA,Kareem,Hunt,KCC,RB,30,3
RB,13138,weighted,NA,NA,NA,NA,NA,NA,379.0303643724696,76.29797340342286,4.043074792243767,1.0590012441991432,0.023650472334682864,0.01635338927330099,19.572064777327935,4.521188582521025,138.2823886639676,32.03549909094658,0.46785638184530154,0.5219232510590398,NA,NA,NA,NA,NA,NA,NA,NA,NA,NA,NA,NA,NA,NA,NA,NA,NA,NA,NA,NA,NA,NA,NA,NA,NA,NA,NA,NA,NA,NA,NA,NA,NA,NA,NA,NA,NA,NA,Kareem,Hunt,KCC,RB,30,3
RB,15712,average,NA,NA,NA,NA,NA,NA,561.3875,81.65660567278069,3.280357142857143,0.5497912405297718,0.45,0.34434202266268427,13.2,2.418972627259054,97.8875,23.14460365984755,0.28214285714285714,0.35699997141713713,NA,NA,NA,NA,NA,NA,NA,NA,NA,NA,NA,NA,NA,NA,NA,NA,NA,NA,NA,NA,NA,NA,NA,NA,NA,NA,NA,NA,NA,NA,NA,NA,NA,NA,NA,NA,NA,NA,Tyler,Allgeier,ATL,RB,25,-2
RB,15712,robust,NA,NA,NA,NA,NA,NA,584.775,31.1346,3.2714285714285714,0.4024199999999999,0.45,0.259455,13.65,1.4826,100.3,19.273799999999998,0.2142857142857143,0.29652,0,NA,NA,NA,NA,NA,NA,NA,NA,NA,NA,NA,NA,NA,NA,NA,NA,NA,NA,NA,NA,NA,NA,NA,NA,NA,NA,NA,NA,NA,NA,NA,NA,NA,NA,NA,NA,NA,Tyler,Allgeier,ATL,RB,25,-2
RB,15712,weighted,NA,NA,NA,NA,NA,NA,560.8755060728745,88.93058862260253,3.285801041064199,0.6011394957859094,0.3972165991902834,0.3398504267302768,13.104858299595142,2.6232776980638945,97.15485829959515,25.04311962191171,0.2593406593406593,0.3819706359011562,NA,NA,NA,NA,NA,NA,NA,NA,NA,NA,NA,NA,NA,NA,NA,NA,NA,NA,NA,NA,NA,NA,NA,NA,NA,NA,NA,NA,NA,NA,NA,NA,NA,NA,NA,NA,NA,NA,Tyler,Allgeier,ATL,RB,25,-2
RB,14086,average,NA,NA,NA,NA,NA,NA,209.2875,30.661816063072884,1.1548076923076924,0.4453277213182127,0.35,0.30937725468153876,32.325,5.753694465297927,264.65,46.727874825571575,1.7951923076923078,0.5355168697959105,NA,NA,NA,NA,NA,NA,NA,NA,NA,NA,NA,NA,NA,NA,NA,NA,NA,NA,NA,NA,NA,NA,NA,NA,NA,NA,NA,NA,NA,NA,NA,NA,NA,NA,NA,NA,NA,NA,Justice,Hill,BAL,RB,28,1
RB,14086,robust,NA,NA,NA,NA,NA,NA,208.575,34.8411,1.1,0.14825999999999995,0.35,0.03706500000000003,32.65,7.931909999999999,267,59.15574000000001,1.85,0.37065000000000015,0,NA,NA,NA,NA,NA,NA,NA,NA,NA,NA,NA,NA,NA,NA,NA,NA,NA,NA,NA,NA,NA,NA,NA,NA,NA,NA,NA,NA,NA,NA,NA,NA,NA,NA,NA,NA,NA,Justice,Hill,BAL,RB,28,1
RB,14086,weighted,NA,NA,NA,NA,NA,NA,212.836032388664,31.779322118022996,1.1457489878542508,0.48279849049096973,0.3404352226720648,0.33371247372112833,32.932793522267204,5.830541790276102,270.16295546558706,46.94381117082658,1.7898785425101214,0.5811677340414304,NA,NA,NA,NA,NA,NA,NA,NA,NA,NA,NA,NA,NA,NA,NA,NA,NA,NA,NA,NA,NA,NA,NA,NA,NA,NA,NA,NA,NA,NA,NA,NA,NA,NA,NA,NA,NA,NA,Justice,Hill,BAL,RB,28,1
RB,17068,average,NA,NA,NA,NA,NA,NA,789.9625,233.13615848438687,4.409399224806202,1.6983211720056868,0.43333333333333335,0.40118870990143896,41.2875,12.258109560613335,310.8625,112.51479823307054,1.9156007751937985,0.5908289570077925,NA,NA,NA,NA,NA,NA,NA,NA,NA,NA,NA,NA,NA,NA,NA,NA,NA,NA,NA,NA,NA,NA,NA,NA,NA,NA,NA,NA,NA,NA,NA,NA,NA,NA,NA,NA,NA,NA,RJ,Harvey,DEN,RB,24,-5
RB,17068,robust,NA,NA,NA,NA,NA,NA,827.85,46.701899999999995,4.887596899224806,0.7596888372093025,0.43333333333333335,0,43,12.379710000000001,310.475,77.8365,1.9812015503875968,0.3890388372093023,0,NA,NA,NA,NA,NA,NA,NA,NA,NA,NA,NA,NA,NA,NA,NA,NA,NA,NA,NA,NA,NA,NA,NA,NA,NA,NA,NA,NA,NA,NA,NA,NA,NA,NA,NA,NA,NA,RJ,Harvey,DEN,RB,24,-5
RB,17068,weighted,NA,NA,NA,NA,NA,NA,781.8603238866397,253.76423256908453,4.194509305464019,1.7451838920875464,0.3074561403508772,0.21259406055291288,41.730769230769226,12.979872123117758,311.36538461538464,117.74136327161844,1.915004864576468,0.6193697350476733,NA,NA,NA,NA,NA,NA,NA,NA,NA,NA,NA,NA,NA,NA,NA,NA,NA,NA,NA,NA,NA,NA,NA,NA,NA,NA,NA,NA,NA,NA,NA,NA,NA,NA,NA,NA,NA,NA,RJ,Harvey,DEN,RB,24,-5
RB,15255,average,NA,NA,NA,NA,NA,NA,315.37142857142857,249.50624383827696,2.3,2.227853974867593,0.35,0.334165627596057,18.757142857142856,8.414641434796286,122.52857142857142,62.59038036540211,0.4857142857142857,0.501426536422407,NA,NA,NA,NA,NA,NA,NA,NA,NA,NA,NA,NA,NA,NA,NA,NA,NA,NA,NA,NA,NA,NA,NA,NA,NA,NA,NA,NA,NA,NA,NA,NA,NA,NA,NA,NA,NA,NA,Kenneth,Gainwell,PIT,RB,26,-1
RB,15255,robust,NA,NA,NA,NA,NA,NA,236.15,32.6172,1.775,0.8895600000000001,0.35,0.07413000000000006,18.675,5.04084,112.5,32.6172,0.5,0.59304,0,NA,NA,NA,NA,NA,NA,NA,NA,NA,NA,NA,NA,NA,NA,NA,NA,NA,NA,NA,NA,NA,NA,NA,NA,NA,NA,NA,NA,NA,NA,NA,NA,NA,NA,NA,NA,NA,Kenneth,Gainwell,PIT,RB,26,-1
RB,15255,weighted,NA,NA,NA,NA,NA,NA,339.2960372960373,280.8758570334515,2.516317016317016,2.491846638350341,0.33898601398601397,0.36317756540567714,19.814918414918417,8.89660143897377,128.21678321678323,67.9343681924891,0.4895104895104896,0.5479030771677197,NA,NA,NA,NA,NA,NA,NA,NA,NA,NA,NA,NA,NA,NA,NA,NA,NA,NA,NA,NA,NA,NA,NA,NA,NA,NA,NA,NA,NA,NA,NA,NA,NA,NA,NA,NA,NA,NA,Kenneth,Gainwell,PIT,RB,26,-1
RB,16165,average,NA,NA,NA,NA,NA,NA,349.1625,104.42528343954146,2.4299382716049385,0.7056906723315718,0.375,0.31339158526400435,30.7375,9.307897952046654,228.25,76.95592430550286,1.2200617283950617,0.5502374303677374,NA,NA,NA,NA,NA,NA,NA,NA,NA,NA,NA,NA,NA,NA,NA,NA,NA,NA,NA,NA,NA,NA,NA,NA,NA,NA,NA,NA,NA,NA,NA,NA,NA,NA,NA,NA,NA,NA,Tyjae,Spears,TEN,RB,24,-3
RB,16165,robust,NA,NA,NA,NA,NA,NA,355.325,105.26459999999999,2.5,0.48962407407407393,0.375,0.0926625,29.875,5.1891,221.25,50.4084,1,0,0,NA,NA,NA,NA,NA,NA,NA,NA,NA,NA,NA,NA,NA,NA,NA,NA,NA,NA,NA,NA,NA,NA,NA,NA,NA,NA,NA,NA,NA,NA,NA,NA,NA,NA,NA,NA,NA,Tyjae,Spears,TEN,RB,24,-3
RB,16165,weighted,NA,NA,NA,NA,NA,NA,348.24392712550605,111.03630062082617,2.4143074923776675,0.768339648241802,0.3546305668016194,0.33445515134395454,30.66497975708502,9.75297206189584,227.26923076923077,80.84524775210105,1.219700604788324,0.5681651921462786,NA,NA,NA,NA,NA,NA,NA,NA,NA,NA,NA,NA,NA,NA,NA,NA,NA,NA,NA,NA,NA,NA,NA,NA,NA,NA,NA,NA,NA,NA,NA,NA,NA,NA,NA,NA,NA,NA,Tyjae,Spears,TEN,RB,24,-3
RB,17043,average,NA,NA,NA,NA,NA,NA,861.7,262.3241832977988,5.836066878980891,1.7422849062547419,1.15,0.24201534780139164,42.7,14.031800617576797,336.9125,136.87388812333782,2.3014331210191084,1.4594482290042434,NA,NA,NA,NA,NA,NA,NA,NA,NA,NA,NA,NA,NA,NA,NA,NA,NA,NA,NA,NA,NA,NA,NA,NA,NA,NA,NA,NA,NA,NA,NA,NA,NA,NA,NA,NA,NA,NA,TreVeyon,Henderson,NEP,RB,23,-5
RB,17043,robust,NA,NA,NA,NA,NA,NA,910,107.48849999999999,6,0.6756689808917195,1.1124999999999998,0.11119499999999993,42,4.744319999999998,322.5,43.7367,2,0.14825999999999995,0,NA,NA,NA,NA,NA,NA,NA,NA,NA,NA,NA,NA,NA,NA,NA,NA,NA,NA,NA,NA,NA,NA,NA,NA,NA,NA,NA,NA,NA,NA,NA,NA,NA,NA,NA,NA,NA,TreVeyon,Henderson,NEP,RB,23,-5
RB,17043,weighted,NA,NA,NA,NA,NA,NA,840.5435222672065,278.4975585638901,5.725212099332113,1.8603442993419683,1.0707995951417004,0.10365520576212815,43.15991902834008,14.706450049605941,339.70951417004045,143.08180735003418,2.3496866860929884,1.5660039360518188,NA,NA,NA,NA,NA,NA,NA,NA,NA,NA,NA,NA,NA,NA,NA,NA,NA,NA,NA,NA,NA,NA,NA,NA,NA,NA,NA,NA,NA,NA,NA,NA,NA,NA,NA,NA,NA,NA,TreVeyon,Henderson,NEP,RB,23,-5
RB,17052,average,NA,NA,NA,NA,NA,NA,385.6125,190.6804390110023,1.91875,1.2660223141793354,0.3,0.27774602993176545,15.25,7.928249671720919,120.8875,70.68209386299435,0.83125,0.6374824927568039,NA,NA,NA,NA,NA,NA,NA,NA,NA,NA,NA,NA,NA,NA,NA,NA,NA,NA,NA,NA,NA,NA,NA,NA,NA,NA,NA,NA,NA,NA,NA,NA,NA,NA,NA,NA,NA,NA,Bhayshul,Tuten,JAC,RB,22,-5
RB,17052,robust,NA,NA,NA,NA,NA,NA,411.5,74.87129999999999,2.0625,1.297275,0.3,0,16,7.412999999999999,124.275,47.4432,0.8875,0.185325,0,NA,NA,NA,NA,NA,NA,NA,NA,NA,NA,NA,NA,NA,NA,NA,NA,NA,NA,NA,NA,NA,NA,NA,NA,NA,NA,NA,NA,NA,NA,NA,NA,NA,NA,NA,NA,NA,Bhayshul,Tuten,JAC,RB,22,-5
RB,17052,weighted,NA,NA,NA,NA,NA,NA,370.7388663967612,210.34976687573348,1.722165991902834,1.2950223106210905,0.21285425101214575,0.1471805034597089,14.268218623481781,8.520200218395876,112.73076923076923,74.97663206473383,0.7889676113360323,0.6755715666394142,NA,NA,NA,NA,NA,NA,NA,NA,NA,NA,NA,NA,NA,NA,NA,NA,NA,NA,NA,NA,NA,NA,NA,NA,NA,NA,NA,NA,NA,NA,NA,NA,NA,NA,NA,NA,NA,NA,Bhayshul,Tuten,JAC,RB,22,-5
RB,17066,average,NA,NA,NA,NA,NA,NA,272.51428571428573,154.59037732635483,2.057142857142857,1.2998168369134975,0.03333333333333333,0.03333333333333334,8.485714285714286,5.194685929366847,64.64285714285714,45.60401506968647,0.17025786170728818,0.36867193808306975,NA,NA,NA,NA,NA,NA,NA,NA,NA,NA,NA,NA,NA,NA,NA,NA,NA,NA,NA,NA,NA,NA,NA,NA,NA,NA,NA,NA,NA,NA,NA,NA,NA,NA,NA,NA,NA,NA,Kyle,Monangai,CHI,RB,23,-5
RB,17066,robust,NA,NA,NA,NA,NA,NA,269.45000000000005,172.87116000000003,2,1.4826,0.03333333333333333,0,8,4.4478,57.5,28.1694,0.04795125798775434,0,0,NA,NA,NA,NA,NA,NA,NA,NA,NA,NA,NA,NA,NA,NA,NA,NA,NA,NA,NA,NA,NA,NA,NA,NA,NA,NA,NA,NA,NA,NA,NA,NA,NA,NA,NA,NA,NA,Kyle,Monangai,CHI,RB,23,-5
RB,17066,weighted,NA,NA,NA,NA,NA,NA,266.12354312354313,164.70431595419885,1.9627039627039626,1.4004730675115282,0.022183372183372182,0.01723771860602253,8.588578088578089,5.3957557323182685,65.95571095571096,47.8335061950373,0.15833648539993292,0.3791459430313273,NA,NA,NA,NA,NA,NA,NA,NA,NA,NA,NA,NA,NA,NA,NA,NA,NA,NA,NA,NA,NA,NA,NA,NA,NA,NA,NA,NA,NA,NA,NA,NA,NA,NA,NA,NA,NA,NA,Kyle,Monangai,CHI,RB,23,-5
RB,17069,average,NA,NA,NA,NA,NA,NA,383.9,217.67333323124356,2.2556318681318683,0.8928563820791349,0.8333333333333334,0.08164965809277261,18.225,9.889496592705964,142.325,73.96168409579188,0.7818681318681319,0.40042243120865056,NA,NA,NA,NA,NA,NA,NA,NA,NA,NA,NA,NA,NA,NA,NA,NA,NA,NA,NA,NA,NA,NA,NA,NA,NA,NA,NA,NA,NA,NA,NA,NA,NA,NA,NA,NA,NA,NA,Jaydon,Blue,DAL,RB,21,-5
RB,17069,robust,NA,NA,NA,NA,NA,NA,384,240.92249999999999,2.2612637362637362,0.7820307692307691,0.8333333333333334,0,17.75,11.8608,142.15,80.0604,0.95,0.04073076923076925,0,NA,NA,NA,NA,NA,NA,NA,NA,NA,NA,NA,NA,NA,NA,NA,NA,NA,NA,NA,NA,NA,NA,NA,NA,NA,NA,NA,NA,NA,NA,NA,NA,NA,NA,NA,NA,NA,Jaydon,Blue,DAL,RB,21,-5
RB,17069,weighted,NA,NA,NA,NA,NA,NA,355.15384615384613,228.91908478708123,2.0879120879120876,0.8902203742871948,0.8386302294197031,0.0878175308632267,17.206275303643725,10.54741788368751,134.17206477732796,79.00324576634593,0.7477154424522846,0.4403996144522015,NA,NA,NA,NA,NA,NA,NA,NA,NA,NA,NA,NA,NA,NA,NA,NA,NA,NA,NA,NA,NA,NA,NA,NA,NA,NA,NA,NA,NA,NA,NA,NA,NA,NA,NA,NA,NA,NA,Jaydon,Blue,DAL,RB,21,-5
RB,16593,average,NA,NA,NA,NA,NA,NA,294.925,49.28737160774552,1.7301829268292683,0.7429850257804903,0.35,0.30937725468153876,9.9,4.796427241782605,73.5125,36.27653462344101,0.27491097392560543,0.37359703822563134,NA,NA,NA,NA,NA,NA,NA,NA,NA,NA,NA,NA,NA,NA,NA,NA,NA,NA,NA,NA,NA,NA,NA,NA,NA,NA,NA,NA,NA,NA,NA,NA,NA,NA,NA,NA,NA,NA,Blake,Corum,LAR,RB,25,-4
RB,16593,robust,NA,NA,NA,NA,NA,NA,297.6,45.515819999999984,2,0.22238999999999987,0.35,0.03706500000000003,9.5,4.0030199999999985,70.5,36.323699999999995,0.19537560301949497,0.17846886903670323,0,NA,NA,NA,NA,NA,NA,NA,NA,NA,NA,NA,NA,NA,NA,NA,NA,NA,NA,NA,NA,NA,NA,NA,NA,NA,NA,NA,NA,NA,NA,NA,NA,NA,NA,NA,NA,NA,Blake,Corum,LAR,RB,25,-4
RB,16593,weighted,NA,NA,NA,NA,NA,NA,287.7125506072874,48.542145972222244,1.6333909351239262,0.7637097889112802,0.3404352226720648,0.33371247372112833,9.342307692307692,5.0021322205450405,69.36336032388665,37.755593189963065,0.2796709766629753,0.4128686771574589,NA,NA,NA,NA,NA,NA,NA,NA,NA,NA,NA,NA,NA,NA,NA,NA,NA,NA,NA,NA,NA,NA,NA,NA,NA,NA,NA,NA,NA,NA,NA,NA,NA,NA,NA,NA,NA,NA,Blake,Corum,LAR,RB,25,-4
RB,17048,average,NA,NA,NA,NA,NA,NA,767.4,235.51783675248765,5.290625,2.3750164473114705,1.275,0.22280677086403172,23.6,12.901494929990532,168.4125,87.21887799422456,0.809375,0.3981962680100642,NA,NA,NA,NA,NA,NA,NA,NA,NA,NA,NA,NA,NA,NA,NA,NA,NA,NA,NA,NA,NA,NA,NA,NA,NA,NA,NA,NA,NA,NA,NA,NA,NA,NA,NA,NA,NA,NA,Kaleb,Johnson,PIT,RB,22,-5
RB,17048,robust,NA,NA,NA,NA,NA,NA,801.05,102.29939999999999,6.05625,1.0378200000000002,1.275,0.0926625,24.475,6.004530000000001,180.075,42.9954,1,0,0,NA,NA,NA,NA,NA,NA,NA,NA,NA,NA,NA,NA,NA,NA,NA,NA,NA,NA,NA,NA,NA,NA,NA,NA,NA,NA,NA,NA,NA,NA,NA,NA,NA,NA,NA,NA,NA,Kaleb,Johnson,PIT,RB,22,-5
RB,17048,weighted,NA,NA,NA,NA,NA,NA,747.7155870445343,249.60459848152792,5.084463562753037,2.512233402687295,1.2136386639676113,0.15395177590156575,23.737651821862347,13.923776160700815,167.69433198380565,93.50944556103653,0.7853744939271255,0.4234341620028806,NA,NA,NA,NA,NA,NA,NA,NA,NA,NA,NA,NA,NA,NA,NA,NA,NA,NA,NA,NA,NA,NA,NA,NA,NA,NA,NA,NA,NA,NA,NA,NA,NA,NA,NA,NA,NA,NA,Kaleb,Johnson,PIT,RB,22,-5
RB,16747,average,NA,NA,NA,NA,NA,NA,813.2,245.52027556657254,4.839311594202899,1.8740968459254452,1.3250000000000002,0.7394496022621923,38.275,10.721373845867756,283.15,85.36046257740507,1.1731884057971014,0.639224557981583,NA,NA,NA,NA,NA,NA,NA,NA,NA,NA,NA,NA,NA,NA,NA,NA,NA,NA,NA,NA,NA,NA,NA,NA,NA,NA,NA,NA,NA,NA,NA,NA,NA,NA,NA,NA,NA,NA,Tyrone,Tracy,NYG,RB,26,-4
RB,16747,robust,NA,NA,NA,NA,NA,NA,867.9,103.0407,5.45,0.6671699999999996,1.3250000000000002,0.2038574999999999,38.8,3.854760000000002,286.8,27.279840000000007,1.121376811594203,0.23313347826086955,0,NA,NA,NA,NA,NA,NA,NA,NA,NA,NA,NA,NA,NA,NA,NA,NA,NA,NA,NA,NA,NA,NA,NA,NA,NA,NA,NA,NA,NA,NA,NA,NA,NA,NA,NA,NA,NA,Tyrone,Tracy,NYG,RB,26,-4
RB,16747,weighted,NA,NA,NA,NA,NA,NA,806.591093117409,267.0779392489525,4.774781435193335,2.0203575837978316,1.2821103238866398,0.7959608954320431,38.16133603238867,11.390328432666005,281.83704453441294,90.88688747902945,1.1778501437540339,0.6932148194736331,NA,NA,NA,NA,NA,NA,NA,NA,NA,NA,NA,NA,NA,NA,NA,NA,NA,NA,NA,NA,NA,NA,NA,NA,NA,NA,NA,NA,NA,NA,NA,NA,NA,NA,NA,NA,NA,NA,Tyrone,Tracy,NYG,RB,26,-4
RB,13143,average,NA,NA,NA,NA,NA,NA,114.8,65.5530319664926,1.3800000000000001,0.4816637831516918,0.3333333333333333,0.408248290463863,4.72,2.092128103152386,27.86,13.740378451847679,0,0,NA,NA,NA,NA,NA,NA,NA,NA,NA,NA,NA,NA,NA,NA,NA,NA,NA,NA,NA,NA,NA,NA,NA,NA,NA,NA,NA,NA,NA,NA,NA,NA,NA,NA,NA,NA,NA,NA,Jeremy,McNichols,WAS,RB,30,3
RB,13143,robust,NA,NA,NA,NA,NA,NA,99.5,38.547599999999996,1.4,0.14826000000000011,0.3333333333333333,0.4942,4.85,1.9273799999999996,24.5,5.9304,0,0,0,NA,NA,NA,NA,NA,NA,NA,NA,NA,NA,NA,NA,NA,NA,NA,NA,NA,NA,NA,NA,NA,NA,NA,NA,NA,NA,NA,NA,NA,NA,NA,NA,NA,NA,NA,NA,NA,Jeremy,McNichols,WAS,RB,30,3
RB,13143,weighted,NA,NA,NA,NA,NA,NA,119.3013698630137,74.74889008083521,1.4428082191780822,0.5265820072393796,0.4178082191780822,0.41684443312554326,5.21027397260274,2.018754868226785,31.049657534246577,13.559132896033589,0,0,NA,NA,NA,NA,NA,NA,NA,NA,NA,NA,NA,NA,NA,NA,NA,NA,NA,NA,NA,NA,NA,NA,NA,NA,NA,NA,NA,NA,NA,NA,NA,NA,NA,NA,NA,NA,NA,NA,Jeremy,McNichols,WAS,RB,30,3
RB,17046,average,NA,NA,NA,NA,NA,NA,212.68571428571428,78.22121256563398,1.2428571428571429,0.716140449113959,0.5333333333333333,0.2603416558635551,9.157142857142857,3.2134390419285186,69.08571428571429,26.03429971988419,0.34285714285714286,0.4720774754816659,NA,NA,NA,NA,NA,NA,NA,NA,NA,NA,NA,NA,NA,NA,NA,NA,NA,NA,NA,NA,NA,NA,NA,NA,NA,NA,NA,NA,NA,NA,NA,NA,NA,NA,NA,NA,NA,NA,Devin,Neal,NOS,RB,22,-5
RB,17046,robust,NA,NA,NA,NA,NA,NA,220.75,48.925799999999995,1.35,1.03782,0.5333333333333333,0,9,2.9652,64.9,20.16336,0.30000000000000004,0,0,NA,NA,NA,NA,NA,NA,NA,NA,NA,NA,NA,NA,NA,NA,NA,NA,NA,NA,NA,NA,NA,NA,NA,NA,NA,NA,NA,NA,NA,NA,NA,NA,NA,NA,NA,NA,NA,Devin,Neal,NOS,RB,22,-5
RB,17046,weighted,NA,NA,NA,NA,NA,NA,207.07109557109558,83.96253364361664,1.1806526806526805,0.758588017132795,0.6066822066822066,0.1948615952319084,9.26993006993007,3.483406444517398,70.02214452214453,28.32846755650048,0.3321678321678322,0.5162282654097667,NA,NA,NA,NA,NA,NA,NA,NA,NA,NA,NA,NA,NA,NA,NA,NA,NA,NA,NA,NA,NA,NA,NA,NA,NA,NA,NA,NA,NA,NA,NA,NA,NA,NA,NA,NA,NA,NA,Devin,Neal,NOS,RB,22,-5
RB,16432,average,NA,NA,NA,NA,NA,NA,294.3,110.70078289394947,2.2142857142857144,1.4519281105121002,0.35,0.334165627596057,10.028571428571428,3.748205920043297,62.15714285714286,27.141103953404766,0.2142857142857143,0.37606990231680526,NA,NA,NA,NA,NA,NA,NA,NA,NA,NA,NA,NA,NA,NA,NA,NA,NA,NA,NA,NA,NA,NA,NA,NA,NA,NA,NA,NA,NA,NA,NA,NA,NA,NA,NA,NA,NA,NA,Emanuel,Wilson,GBP,RB,26,-3
RB,16432,robust,NA,NA,NA,NA,NA,NA,291.275,94.8864,2,1.4826,0.35,0.07413000000000006,9.975,2.9652,57.05,16.160339999999998,0.07500000000000001,0,0,NA,NA,NA,NA,NA,NA,NA,NA,NA,NA,NA,NA,NA,NA,NA,NA,NA,NA,NA,NA,NA,NA,NA,NA,NA,NA,NA,NA,NA,NA,NA,NA,NA,NA,NA,NA,NA,Emanuel,Wilson,GBP,RB,26,-3
RB,16432,weighted,NA,NA,NA,NA,NA,NA,304.8263403263403,115.22789343884561,2.3044289044289044,1.5473795004551958,0.33898601398601397,0.36317756540567714,10.213986013986014,4.010951764645932,62.15384615384616,29.708914915467282,0.17972027972027974,0.399006102071146,NA,NA,NA,NA,NA,NA,NA,NA,NA,NA,NA,NA,NA,NA,NA,NA,NA,NA,NA,NA,NA,NA,NA,NA,NA,NA,NA,NA,NA,NA,NA,NA,NA,NA,NA,NA,NA,NA,Emanuel,Wilson,GBP,RB,26,-3
RB,16385,average,NA,NA,NA,NA,NA,NA,154.6142857142857,84.26807281075138,0.7964667559105604,0.288764750584357,1,1,11.357142857142858,5.83491135118525,73.41428571428571,30.368867203735064,0.3130644292418516,0.4181065115774632,NA,NA,NA,NA,NA,NA,NA,NA,NA,NA,NA,NA,NA,NA,NA,NA,NA,NA,NA,NA,NA,NA,NA,NA,NA,NA,NA,NA,NA,NA,NA,NA,NA,NA,NA,NA,NA,NA,Emari,Demercado,ARI,RB,26,-3
RB,16385,robust,NA,NA,NA,NA,NA,NA,152.75,87.4734,0.8500000000000001,0,1,0,9.525,1.6308599999999993,66,14.825999999999999,0.24358825351972108,0.14826,0,NA,NA,NA,NA,NA,NA,NA,NA,NA,NA,NA,NA,NA,NA,NA,NA,NA,NA,NA,NA,NA,NA,NA,NA,NA,NA,NA,NA,NA,NA,NA,NA,NA,NA,NA,NA,NA,Emari,Demercado,ARI,RB,26,-3
RB,16385,weighted,NA,NA,NA,NA,NA,NA,158.62004662004662,87.61837762582299,0.8649620288955118,0.2501021420772592,1.1724941724941724,0.9875001244554763,11.605827505827504,6.023556679681531,75.15501165501166,30.889061621126217,0.34895470939045986,0.447919176808052,NA,NA,NA,NA,NA,NA,NA,NA,NA,NA,NA,NA,NA,NA,NA,NA,NA,NA,NA,NA,NA,NA,NA,NA,NA,NA,NA,NA,NA,NA,NA,NA,NA,NA,NA,NA,NA,NA,Emari,Demercado,ARI,RB,26,-3
RB,12447,average,NA,NA,NA,NA,NA,NA,235.1625,56.38221445760052,1.7019736842105264,0.7678901116600467,0.9,0.5099019513592784,13.2,5.707889277132134,99.125,40.639310666257266,0.30430817302997754,0.3981910620487102,NA,NA,NA,NA,NA,NA,NA,NA,NA,NA,NA,NA,NA,NA,NA,NA,NA,NA,NA,NA,NA,NA,NA,NA,NA,NA,NA,NA,NA,NA,NA,NA,NA,NA,NA,NA,NA,NA,Raheem,Mostert,LVR,RB,33,5
RB,12447,robust,NA,NA,NA,NA,NA,NA,229.575,58.5627,1.6578947368421053,0.9753947368421053,0.9,0,12.5,2.4462900000000003,96,33.3585,0.3,0.11138392617908406,0,NA,NA,NA,NA,NA,NA,NA,NA,NA,NA,NA,NA,NA,NA,NA,NA,NA,NA,NA,NA,NA,NA,NA,NA,NA,NA,NA,NA,NA,NA,NA,NA,NA,NA,NA,NA,NA,Raheem,Mostert,LVR,RB,33,5
RB,12447,weighted,NA,NA,NA,NA,NA,NA,226.28542510121457,55.513998102101354,1.5757617728531854,0.7491874893525753,0.9116396761133604,0.5536334497644401,12.840688259109312,6.149961314986842,96.24089068825911,43.65860801773567,0.2641528831279524,0.41553053731203105,NA,NA,NA,NA,NA,NA,NA,NA,NA,NA,NA,NA,NA,NA,NA,NA,NA,NA,NA,NA,NA,NA,NA,NA,NA,NA,NA,NA,NA,NA,NA,NA,NA,NA,NA,NA,NA,NA,Raheem,Mostert,LVR,RB,33,5
RB,15716,average,NA,NA,NA,NA,NA,NA,451.375,138.93568656036504,3.796590909090909,1.3574573208038674,1.125,0.5434677017607789,11.1625,6.059688228660896,88.6875,49.85904238092482,0.4909090909090909,0.6547618689850085,NA,NA,NA,NA,NA,NA,NA,NA,NA,NA,NA,NA,NA,NA,NA,NA,NA,NA,NA,NA,NA,NA,NA,NA,NA,NA,NA,NA,NA,NA,NA,NA,NA,NA,NA,NA,NA,NA,Brian,Robinson,SFO,RB,26,-2
RB,15716,robust,NA,NA,NA,NA,NA,NA,444.75,122.3145,4,1.1860799999999996,1.14375,0.055597499999999966,10.25,4.37367,78.75,29.28135,0.38181818181818183,0.29652,0,NA,NA,NA,NA,NA,NA,NA,NA,NA,NA,NA,NA,NA,NA,NA,NA,NA,NA,NA,NA,NA,NA,NA,NA,NA,NA,NA,NA,NA,NA,NA,NA,NA,NA,NA,NA,NA,Brian,Robinson,SFO,RB,26,-2
RB,15716,weighted,NA,NA,NA,NA,NA,NA,448.0212550607287,147.39960649148958,3.796209054103791,1.454026046523577,1.1090334008097167,0.5902979641369773,11.297975708502024,6.289549558058006,89.48582995951418,52.08859869765066,0.4960986382039014,0.7093312359343181,NA,NA,NA,NA,NA,NA,NA,NA,NA,NA,NA,NA,NA,NA,NA,NA,NA,NA,NA,NA,NA,NA,NA,NA,NA,NA,NA,NA,NA,NA,NA,NA,NA,NA,NA,NA,NA,NA,Brian,Robinson,SFO,RB,26,-2
RB,17049,average,NA,NA,NA,NA,NA,NA,177.05,114.60823954423421,1.1134615384615385,0.9076713538278016,0.3666666666666667,0.3394673699166022,12.4125,8.70737577328226,98.5125,63.79980827333485,0.39903846153846156,0.6369628577585901,NA,NA,NA,NA,NA,NA,NA,NA,NA,NA,NA,NA,NA,NA,NA,NA,NA,NA,NA,NA,NA,NA,NA,NA,NA,NA,NA,NA,NA,NA,NA,NA,NA,NA,NA,NA,NA,NA,Brashard,Smith,KCC,RB,22,-5
RB,17049,robust,NA,NA,NA,NA,NA,NA,161.5,91.17989999999999,1,1.4826,0.3666666666666667,0,11.375,7.412999999999999,96.275,50.4084,0.25,0,0,NA,NA,NA,NA,NA,NA,NA,NA,NA,NA,NA,NA,NA,NA,NA,NA,NA,NA,NA,NA,NA,NA,NA,NA,NA,NA,NA,NA,NA,NA,NA,NA,NA,NA,NA,NA,NA,Brashard,Smith,KCC,RB,22,-5
RB,17049,weighted,NA,NA,NA,NA,NA,NA,183.42611336032388,114.33060993404999,1.158906882591093,0.9542325189609813,0.41825236167341434,0.33195925113864444,12.601821862348178,9.132727174057274,100.8755060728745,66.77205617292356,0.3643724696356275,0.6711910623692379,NA,NA,NA,NA,NA,NA,NA,NA,NA,NA,NA,NA,NA,NA,NA,NA,NA,NA,NA,NA,NA,NA,NA,NA,NA,NA,NA,NA,NA,NA,NA,NA,NA,NA,NA,NA,NA,NA,Brashard,Smith,KCC,RB,22,-5
RB,13133,average,NA,NA,NA,NA,NA,NA,166.8,44.76025022271435,0.8428571428571429,0.42370250120079483,1.175,0.9098992618233441,18.32857142857143,4.266424844337581,154.54285714285714,45.0976295438706,0.7571428571428571,0.3994043183589901,NA,NA,NA,NA,NA,NA,NA,NA,NA,NA,NA,NA,NA,NA,NA,NA,NA,NA,NA,NA,NA,NA,NA,NA,NA,NA,NA,NA,NA,NA,NA,NA,NA,NA,NA,NA,NA,NA,Samaje,Perine,CIN,RB,30,3
RB,13133,robust,NA,NA,NA,NA,NA,NA,167,43.88495999999999,1,0,1.0875,0.25945500000000005,18.2,2.372160000000002,152.7,35.28588000000001,0.925,0,0,NA,NA,NA,NA,NA,NA,NA,NA,NA,NA,NA,NA,NA,NA,NA,NA,NA,NA,NA,NA,NA,NA,NA,NA,NA,NA,NA,NA,NA,NA,NA,NA,NA,NA,NA,NA,NA,Samaje,Perine,CIN,RB,30,3
RB,13133,weighted,NA,NA,NA,NA,NA,NA,160.94289044289044,46.79247723187561,0.7578088578088579,0.4156524862678696,1.2604020979020978,0.9736124598361765,18.124475524475525,4.508064323716118,151.2878787878788,47.98753999873839,0.7317016317016317,0.4337275296439959,NA,NA,NA,NA,NA,NA,NA,NA,NA,NA,NA,NA,NA,NA,NA,NA,NA,NA,NA,NA,NA,NA,NA,NA,NA,NA,NA,NA,NA,NA,NA,NA,NA,NA,NA,NA,NA,NA,Samaje,Perine,CIN,RB,30,3
RB,16603,average,NA,NA,NA,NA,NA,NA,429.325,150.4852698059562,3.511111111111111,1.385653374177181,0.5,0.31167748898959186,15.15,7.240954948860583,125.45,64.44681084872569,1.4638888888888888,1.3758531103664788,NA,NA,NA,NA,NA,NA,NA,NA,NA,NA,NA,NA,NA,NA,NA,NA,NA,NA,NA,NA,NA,NA,NA,NA,NA,NA,NA,NA,NA,NA,NA,NA,NA,NA,NA,NA,NA,NA,Ray,Davis,BUF,RB,26,-4
RB,16603,robust,NA,NA,NA,NA,NA,NA,444.75,82.72908000000001,3.4444444444444446,0.6589333333333333,0.5,0.22238999999999998,15.8,6.375179999999999,122.75,75.6126,1.0555555555555556,0.0823666666666667,0,NA,NA,NA,NA,NA,NA,NA,NA,NA,NA,NA,NA,NA,NA,NA,NA,NA,NA,NA,NA,NA,NA,NA,NA,NA,NA,NA,NA,NA,NA,NA,NA,NA,NA,NA,NA,NA,Ray,Davis,BUF,RB,26,-4
RB,16603,weighted,NA,NA,NA,NA,NA,NA,421.55364372469637,162.1026345673485,3.466149347728295,1.5047066471864095,0.4543522267206478,0.3112708252891773,15.337651821862348,7.856130267884022,126.50202429149799,70.0271985459533,1.4976158344579396,1.4896062251299598,NA,NA,NA,NA,NA,NA,NA,NA,NA,NA,NA,NA,NA,NA,NA,NA,NA,NA,NA,NA,NA,NA,NA,NA,NA,NA,NA,NA,NA,NA,NA,NA,NA,NA,NA,NA,NA,NA,Ray,Davis,BUF,RB,26,-4
RB,14095,average,NA,NA,NA,NA,NA,NA,200.57142857142858,39.62683073733899,0.7714285714285715,0.38606685826112946,0.03333333333333333,0.03333333333333334,16.15714285714286,7.310234182946796,160.47142857142856,56.857327709677975,1.3428571428571427,0.7114706432386906,NA,NA,NA,NA,NA,NA,NA,NA,NA,NA,NA,NA,NA,NA,NA,NA,NA,NA,NA,NA,NA,NA,NA,NA,NA,NA,NA,NA,NA,NA,NA,NA,NA,NA,NA,NA,NA,NA,Ty,Johnson,BUF,RB,28,1
RB,14095,robust,NA,NA,NA,NA,NA,NA,199,54.856199999999994,0.925,0,0.03333333333333333,0,15.05,2.8169400000000002,153.65,28.614180000000015,1,0,0,NA,NA,NA,NA,NA,NA,NA,NA,NA,NA,NA,NA,NA,NA,NA,NA,NA,NA,NA,NA,NA,NA,NA,NA,NA,NA,NA,NA,NA,NA,NA,NA,NA,NA,NA,NA,NA,Ty,Johnson,BUF,RB,28,1
RB,14095,weighted,NA,NA,NA,NA,NA,NA,197.79953379953378,43.34566615541573,0.7482517482517482,0.4202248759926576,0.022183372183372182,0.01723771860602253,16.428904428904428,8.163067834649178,160.43822843822844,63.25663699592915,1.3144522144522144,0.7739204514855386,NA,NA,NA,NA,NA,NA,NA,NA,NA,NA,NA,NA,NA,NA,NA,NA,NA,NA,NA,NA,NA,NA,NA,NA,NA,NA,NA,NA,NA,NA,NA,NA,NA,NA,NA,NA,NA,NA,Ty,Johnson,BUF,RB,28,1
RB,11367,average,NA,NA,NA,NA,NA,NA,18.84,9.809587147275872,0.30687945283556567,0.4105079428557899,0.16666666666666669,0.14719601443879746,13.98,3.217452408350433,129.76,39.99984999971875,0.681209112524902,0.4807919830842211,NA,NA,NA,NA,NA,NA,NA,NA,NA,NA,NA,NA,NA,NA,NA,NA,NA,NA,NA,NA,NA,NA,NA,NA,NA,NA,NA,NA,NA,NA,NA,NA,NA,NA,NA,NA,NA,NA,Kyle,Juszczyk,SFO,RB,34,7
RB,11367,robust,NA,NA,NA,NA,NA,NA,20,6.226919999999999,0.23439726417782844,0.34751738387004844,0.16666666666666669,0.09884000000000001,14.25,3.5582400000000005,133.5,61.97268000000001,0.7030227813122549,0.5840768488529016,0,NA,NA,NA,NA,NA,NA,NA,NA,NA,NA,NA,NA,NA,NA,NA,NA,NA,NA,NA,NA,NA,NA,NA,NA,NA,NA,NA,NA,NA,NA,NA,NA,NA,NA,NA,NA,NA,Kyle,Juszczyk,SFO,RB,34,7
RB,11367,weighted,NA,NA,NA,NA,NA,NA,NA,5.853165582760751,NA,0.5234340731529865,NA,0.03822119577003829,NA,4.38414358778147,NA,52.82140125190542,NA,0.6132842786762964,NA,NA,NA,NA,NA,NA,NA,NA,NA,NA,NA,NA,NA,NA,NA,NA,NA,NA,NA,NA,NA,NA,NA,NA,NA,NA,NA,NA,NA,NA,NA,NA,NA,NA,NA,NA,NA,NA,Kyle,Juszczyk,SFO,RB,34,7
RB,15727,average,NA,NA,NA,NA,NA,NA,77.75,82.37794000823278,0.55,0.6363961030678927,0,0,2.55,0.7778174593052023,21.25,1.7677669529663689,0.05,0.07071067811865477,NA,NA,NA,NA,NA,NA,NA,NA,NA,NA,NA,NA,NA,NA,NA,NA,NA,NA,NA,NA,NA,NA,NA,NA,NA,NA,NA,NA,NA,NA,NA,NA,NA,NA,NA,NA,NA,NA,Bam,Knight,ARI,RB,24,-2
RB,15727,robust,NA,NA,NA,NA,NA,NA,77.75,86.36144999999999,0.55,0.6671699999999999,0,0,2.55,0.81543,21.25,1.8532499999999998,0.05,0.07413,NA,NA,NA,NA,NA,NA,NA,NA,NA,NA,NA,NA,NA,NA,NA,NA,NA,NA,NA,NA,NA,NA,NA,NA,NA,NA,NA,NA,NA,NA,NA,NA,NA,NA,NA,NA,NA,NA,Bam,Knight,ARI,RB,24,-2
RB,15727,weighted,NA,NA,NA,NA,NA,NA,136,NA,1,NA,0,NA,2,NA,20,NA,0,NA,NA,NA,NA,NA,NA,NA,NA,NA,NA,NA,NA,NA,NA,NA,NA,NA,NA,NA,NA,NA,NA,NA,NA,NA,NA,NA,NA,NA,NA,NA,NA,NA,NA,NA,NA,NA,NA,NA,Bam,Knight,ARI,RB,24,-2
RB,14319,average,NA,NA,NA,NA,NA,NA,0.5,0.7071067811865476,0.5,0.7071067811865476,0,0,1.85,1.6263455967290592,13,0,0.5,0.7071067811865476,NA,NA,NA,NA,NA,NA,NA,NA,NA,NA,NA,NA,NA,NA,NA,NA,NA,NA,NA,NA,NA,NA,NA,NA,NA,NA,NA,NA,NA,NA,NA,NA,NA,NA,NA,NA,NA,NA,Andrew,Beck,NYJ,RB,29,1
RB,14319,robust,NA,NA,NA,NA,NA,NA,0.5,0.7413,0.5,0.7413,0,0,1.85,1.7049899999999998,13,0,0.5,0.7413,NA,NA,NA,NA,NA,NA,NA,NA,NA,NA,NA,NA,NA,NA,NA,NA,NA,NA,NA,NA,NA,NA,NA,NA,NA,NA,NA,NA,NA,NA,NA,NA,NA,NA,NA,NA,NA,NA,Andrew,Beck,NYJ,RB,29,1
RB,14319,weighted,NA,NA,NA,NA,NA,NA,0.5052264808362369,0.7071067811865476,0.5052264808362369,0.7071067811865476,0,0,1.862020905923345,1.6263455967290592,13,0,0.5052264808362369,0.7071067811865476,NA,NA,NA,NA,NA,NA,NA,NA,NA,NA,NA,NA,NA,NA,NA,NA,NA,NA,NA,NA,NA,NA,NA,NA,NA,NA,NA,NA,NA,NA,NA,NA,NA,NA,NA,NA,NA,NA,Andrew,Beck,NYJ,RB,29,1
RB,16596,average,NA,NA,NA,NA,NA,NA,416.925,135.79581047608627,2.4785714285714286,0.7806329195608143,0.5666666666666667,0.20236694629405505,19.6,9.717142437098323,142.9375,63.327063442778666,0.7714285714285715,0.3747107728172572,NA,NA,NA,NA,NA,NA,NA,NA,NA,NA,NA,NA,NA,NA,NA,NA,NA,NA,NA,NA,NA,NA,NA,NA,NA,NA,NA,NA,NA,NA,NA,NA,NA,NA,NA,NA,NA,NA,Braelon,Allen,NYJ,RB,21,-4
RB,16596,robust,NA,NA,NA,NA,NA,NA,442.04999999999995,84.21168000000002,2.5,0.021179999999999925,0.5666666666666667,0,19.45,3.8547599999999993,145.75,32.6172,0.9,0.021180000000000004,0,NA,NA,NA,NA,NA,NA,NA,NA,NA,NA,NA,NA,NA,NA,NA,NA,NA,NA,NA,NA,NA,NA,NA,NA,NA,NA,NA,NA,NA,NA,NA,NA,NA,NA,NA,NA,NA,Braelon,Allen,NYJ,RB,21,-4
RB,16596,weighted,NA,NA,NA,NA,NA,NA,412.5475708502024,147.3095187170796,2.378860613071139,0.8138742111332504,0.5919365721997301,0.20826146578191607,19.807692307692307,10.503648745330905,143.8562753036437,68.48383940001203,0.7632446500867553,0.40801796457561695,NA,NA,NA,NA,NA,NA,NA,NA,NA,NA,NA,NA,NA,NA,NA,NA,NA,NA,NA,NA,NA,NA,NA,NA,NA,NA,NA,NA,NA,NA,NA,NA,NA,NA,NA,NA,NA,NA,Braelon,Allen,NYJ,RB,21,-4
RB,12155,average,NA,NA,NA,NA,NA,NA,139,26.870057685088806,1,0,0,0,13,11.313708498984761,93,73.53910524340094,0.5,0.7071067811865476,NA,NA,NA,NA,NA,NA,NA,NA,NA,NA,NA,NA,NA,NA,NA,NA,NA,NA,NA,NA,NA,NA,NA,NA,NA,NA,NA,NA,NA,NA,NA,NA,NA,NA,NA,NA,NA,NA,Ameer,Abdullah,IND,RB,32,5
RB,12155,robust,NA,NA,NA,NA,NA,NA,139,28.1694,1,0,0,0,13,11.8608,93,77.09519999999999,0.5,0.7413,NA,NA,NA,NA,NA,NA,NA,NA,NA,NA,NA,NA,NA,NA,NA,NA,NA,NA,NA,NA,NA,NA,NA,NA,NA,NA,NA,NA,NA,NA,NA,NA,NA,NA,NA,NA,NA,NA,Ameer,Abdullah,IND,RB,32,5
RB,12155,weighted,NA,NA,NA,NA,NA,NA,137.4402985074627,26.870057685088803,1,0,0,0,12.343283582089553,11.313708498984758,88.73134328358209,73.53910524340093,0.458955223880597,0.7071067811865474,NA,NA,NA,NA,NA,NA,NA,NA,NA,NA,NA,NA,NA,NA,NA,NA,NA,NA,NA,NA,NA,NA,NA,NA,NA,NA,NA,NA,NA,NA,NA,NA,NA,NA,NA,NA,NA,NA,Ameer,Abdullah,IND,RB,32,5
RB,15713,average,NA,NA,NA,NA,NA,NA,487.875,165.2041485988948,2.4824074074074076,1.2909287968490732,0.5,0.31167748898959186,29.0375,7.0617556497759715,189.8,56.41458777909943,0.8050925925925926,0.3651426695364514,NA,NA,NA,NA,NA,NA,NA,NA,NA,NA,NA,NA,NA,NA,NA,NA,NA,NA,NA,NA,NA,NA,NA,NA,NA,NA,NA,NA,NA,NA,NA,NA,NA,NA,NA,NA,NA,NA,Jerome,Ford,CLE,RB,26,-2
RB,15713,robust,NA,NA,NA,NA,NA,NA,530.75,51.891,2.525,0.81543,0.5,0.22238999999999998,28.325,2.9652,192.25,58.11792,0.8703703703703703,0.07413000000000006,0,NA,NA,NA,NA,NA,NA,NA,NA,NA,NA,NA,NA,NA,NA,NA,NA,NA,NA,NA,NA,NA,NA,NA,NA,NA,NA,NA,NA,NA,NA,NA,NA,NA,NA,NA,NA,NA,Jerome,Ford,CLE,RB,26,-2
RB,15713,weighted,NA,NA,NA,NA,NA,NA,472.7307692307692,174.6378558138505,2.411643424801319,1.3824152861791446,0.4543522267206478,0.3112708252891773,27.897773279352226,7.326492124619859,180.57995951417004,57.646601123128285,0.7494901784375468,0.3866135519472161,NA,NA,NA,NA,NA,NA,NA,NA,NA,NA,NA,NA,NA,NA,NA,NA,NA,NA,NA,NA,NA,NA,NA,NA,NA,NA,NA,NA,NA,NA,NA,NA,NA,NA,NA,NA,NA,NA,Jerome,Ford,CLE,RB,26,-2
RB,17059,average,NA,NA,NA,NA,NA,NA,297.65,140.6235399924209,2.3787037037037035,1.6356571430570495,0.775,0.33964266937053544,9.6,3.566510900025402,71.2375,28.796722903830567,0.26144149777344494,0.3564253910559453,NA,NA,NA,NA,NA,NA,NA,NA,NA,NA,NA,NA,NA,NA,NA,NA,NA,NA,NA,NA,NA,NA,NA,NA,NA,NA,NA,NA,NA,NA,NA,NA,NA,NA,NA,NA,NA,NA,Ollie,Gordon,MIA,RB,21,-5
RB,17059,robust,NA,NA,NA,NA,NA,NA,306.75,132.84096,2.4074074074074074,2.2239,0.83125,0.16679249999999998,9.5,4.00302,72.75,25.871370000000002,0.20317339850118715,0.1639471028400823,0,NA,NA,NA,NA,NA,NA,NA,NA,NA,NA,NA,NA,NA,NA,NA,NA,NA,NA,NA,NA,NA,NA,NA,NA,NA,NA,NA,NA,NA,NA,NA,NA,NA,NA,NA,NA,NA,Ollie,Gordon,MIA,RB,21,-5
RB,17059,weighted,NA,NA,NA,NA,NA,NA,279.7682186234818,142.64104339038545,2.2296071375018744,1.6842254374818375,0.7254807692307693,0.34198148828043046,9.32165991902834,3.746944948530728,68.57793522267207,29.88187329329026,0.2389785159944885,0.3847734182645577,NA,NA,NA,NA,NA,NA,NA,NA,NA,NA,NA,NA,NA,NA,NA,NA,NA,NA,NA,NA,NA,NA,NA,NA,NA,NA,NA,NA,NA,NA,NA,NA,NA,NA,NA,NA,NA,NA,Ollie,Gordon,MIA,RB,21,-5
RB,16174,average,NA,NA,NA,NA,NA,NA,251.7875,113.88674120119765,2.3410377358490564,1.1187912183994366,0.13333333333333333,0.12344267996967354,4.9375,4.090035801450014,34.7875,28.582534002428826,0.08401593841338212,0.16305816225371192,NA,NA,NA,NA,NA,NA,NA,NA,NA,NA,NA,NA,NA,NA,NA,NA,NA,NA,NA,NA,NA,NA,NA,NA,NA,NA,NA,NA,NA,NA,NA,NA,NA,NA,NA,NA,NA,NA,Chris,Rodriguez,WAS,RB,25,-3
RB,16174,robust,NA,NA,NA,NA,NA,NA,237.325,105.26459999999999,2.125,1.1860799999999998,0.13333333333333333,0,5,5.782139999999999,33.575,32.6172,0.05,0,0,NA,NA,NA,NA,NA,NA,NA,NA,NA,NA,NA,NA,NA,NA,NA,NA,NA,NA,NA,NA,NA,NA,NA,NA,NA,NA,NA,NA,NA,NA,NA,NA,NA,NA,NA,NA,NA,Chris,Rodriguez,WAS,RB,25,-3
RB,16174,weighted,NA,NA,NA,NA,NA,NA,238.1325910931174,117.07261290367225,2.227003284699412,1.1580891480716367,0.09460188933873145,0.06541355709320396,4.891093117408907,4.407361550507794,34.38461538461539,31.132227312387162,0.07629642701509362,0.1704701416756584,NA,NA,NA,NA,NA,NA,NA,NA,NA,NA,NA,NA,NA,NA,NA,NA,NA,NA,NA,NA,NA,NA,NA,NA,NA,NA,NA,NA,NA,NA,NA,NA,NA,NA,NA,NA,NA,NA,Chris,Rodriguez,WAS,RB,25,-3
RB,15258,average,NA,NA,NA,NA,NA,NA,61.5,57.27564927611035,0.5,0.7071067811865476,0,0,2.75,1.7677669529663689,18.5,10.606601717798213,0,0,NA,NA,NA,NA,NA,NA,NA,NA,NA,NA,NA,NA,NA,NA,NA,NA,NA,NA,NA,NA,NA,NA,NA,NA,NA,NA,NA,NA,NA,NA,NA,NA,NA,NA,NA,NA,NA,NA,Michael,Carter,ARI,RB,26,-1
RB,15258,robust,NA,NA,NA,NA,NA,NA,61.5,60.0453,0.5,0.7413,0,0,2.75,1.8532499999999998,18.5,11.119499999999999,0,0,NA,NA,NA,NA,NA,NA,NA,NA,NA,NA,NA,NA,NA,NA,NA,NA,NA,NA,NA,NA,NA,NA,NA,NA,NA,NA,NA,NA,NA,NA,NA,NA,NA,NA,NA,NA,NA,NA,Michael,Carter,ARI,RB,26,-1
RB,15258,weighted,NA,NA,NA,NA,NA,NA,102,NA,1,NA,0,NA,4,NA,26,NA,0,NA,NA,NA,NA,NA,NA,NA,NA,NA,NA,NA,NA,NA,NA,NA,NA,NA,NA,NA,NA,NA,NA,NA,NA,NA,NA,NA,NA,NA,NA,NA,NA,NA,NA,NA,NA,NA,NA,NA,Michael,Carter,ARI,RB,26,-1
RB,16164,average,NA,NA,NA,NA,NA,NA,584.7125,226.86970104004632,4.603571428571429,1.821106414086934,0.775,0.33964266937053544,10.775,6.7243162159009575,74.6125,47.05226387448627,0.18015578142830604,0.3697776133718717,NA,NA,NA,NA,NA,NA,NA,NA,NA,NA,NA,NA,NA,NA,NA,NA,NA,NA,NA,NA,NA,NA,NA,NA,NA,NA,NA,NA,NA,NA,NA,NA,NA,NA,NA,NA,NA,NA,Tank,Bigsby,PHI,RB,24,-3
RB,16164,robust,NA,NA,NA,NA,NA,NA,616.5250000000001,173.46419999999998,4.964285714285714,1.42965,0.83125,0.16679249999999998,10.7,5.1891,73.725,40.69737,0.08490883999893846,0,0,NA,NA,NA,NA,NA,NA,NA,NA,NA,NA,NA,NA,NA,NA,NA,NA,NA,NA,NA,NA,NA,NA,NA,NA,NA,NA,NA,NA,NA,NA,NA,NA,NA,NA,NA,NA,NA,Tank,Bigsby,PHI,RB,24,-3
RB,16164,weighted,NA,NA,NA,NA,NA,NA,573.2277327935223,244.3964172579571,4.479265471370734,1.9593060257191204,0.7254807692307693,0.34198148828043046,10.642914979757085,7.203596897289661,73.15587044534414,50.44960814486507,0.1650406776168189,0.3864676412737273,NA,NA,NA,NA,NA,NA,NA,NA,NA,NA,NA,NA,NA,NA,NA,NA,NA,NA,NA,NA,NA,NA,NA,NA,NA,NA,NA,NA,NA,NA,NA,NA,NA,NA,NA,NA,NA,NA,Tank,Bigsby,PHI,RB,24,-3
RB,15718,average,NA,NA,NA,NA,NA,NA,71.16666666666667,59.77109111713901,0.3333333333333333,0.5773502691896257,1.2666666666666666,1.1015141094572205,5.4,4.396589587396122,31.833333333333332,46.07692842772111,0,0,NA,NA,NA,NA,NA,NA,NA,NA,NA,NA,NA,NA,NA,NA,NA,NA,NA,NA,NA,NA,NA,NA,NA,NA,NA,NA,NA,NA,NA,NA,NA,NA,NA,NA,NA,NA,NA,NA,Tyler,Badie,DEN,RB,25,-2
RB,15718,robust,NA,NA,NA,NA,NA,NA,71.625,84.5082,0.25,0,1.4,0.2965199999999999,5.725,3.4099799999999996,25.625,5.1891,0,0,0,NA,NA,NA,NA,NA,NA,NA,NA,NA,NA,NA,NA,NA,NA,NA,NA,NA,NA,NA,NA,NA,NA,NA,NA,NA,NA,NA,NA,NA,NA,NA,NA,NA,NA,NA,NA,NA,Tyler,Badie,DEN,RB,25,-2
RB,15718,weighted,NA,NA,NA,NA,NA,NA,101.7979094076655,40.305086527633215,0.5052264808362369,0.7071067811865476,1.9010452961672475,0.14142135623730948,7.862020905923345,1.6263455967290592,46.40766550522648,55.15432893255071,0,0,NA,NA,NA,NA,NA,NA,NA,NA,NA,NA,NA,NA,NA,NA,NA,NA,NA,NA,NA,NA,NA,NA,NA,NA,NA,NA,NA,NA,NA,NA,NA,NA,NA,NA,NA,NA,NA,NA,Tyler,Badie,DEN,RB,25,-2
RB,16688,average,NA,NA,NA,NA,NA,NA,244.2125,84.8074531343965,2.3304054054054055,0.8394140734125285,0.13333333333333333,0.12344267996967354,7.8875,5.035711752785584,66.525,45.673116506634095,0.1481291367898511,0.2573484792334781,NA,NA,NA,NA,NA,NA,NA,NA,NA,NA,NA,NA,NA,NA,NA,NA,NA,NA,NA,NA,NA,NA,NA,NA,NA,NA,NA,NA,NA,NA,NA,NA,NA,NA,NA,NA,NA,NA,Isaac,Guerendo,SFO,RB,25,-4
RB,16688,robust,NA,NA,NA,NA,NA,NA,244.25,68.19959999999999,2.35,0.81543,0.13333333333333333,0,7.775,2.29803,63.05,14.825999999999999,0.08206908439051297,0.07413,0,NA,NA,NA,NA,NA,NA,NA,NA,NA,NA,NA,NA,NA,NA,NA,NA,NA,NA,NA,NA,NA,NA,NA,NA,NA,NA,NA,NA,NA,NA,NA,NA,NA,NA,NA,NA,NA,Isaac,Guerendo,SFO,RB,25,-4
RB,16688,weighted,NA,NA,NA,NA,NA,NA,239.91801619433198,90.02968155960825,2.356904475325528,0.8849680839504308,0.09460188933873145,0.06541355709320396,7.60748987854251,5.297431162277104,63.48178137651822,47.65379872699098,0.14649500570553203,0.26902079000680157,NA,NA,NA,NA,NA,NA,NA,NA,NA,NA,NA,NA,NA,NA,NA,NA,NA,NA,NA,NA,NA,NA,NA,NA,NA,NA,NA,NA,NA,NA,NA,NA,NA,NA,NA,NA,NA,NA,Isaac,Guerendo,SFO,RB,25,-4
RB,16604,average,NA,NA,NA,NA,NA,NA,200.84285714285713,108.63565800636636,1.2285714285714286,0.7846746368491119,0.13333333333333333,0.13333333333333336,9.585714285714285,7.195004881033455,66.47142857142858,49.3030328440254,0.39118338563412175,0.4668960078999171,NA,NA,NA,NA,NA,NA,NA,NA,NA,NA,NA,NA,NA,NA,NA,NA,NA,NA,NA,NA,NA,NA,NA,NA,NA,NA,NA,NA,NA,NA,NA,NA,NA,NA,NA,NA,NA,NA,MarShawn,Lloyd,GBP,RB,24,-4
RB,16604,robust,NA,NA,NA,NA,NA,NA,201.95,123.05579999999999,1,0,0.13333333333333333,0,9.275,7.26474,63.075,62.2692,0.43457092485971305,0.20501941278804245,0,NA,NA,NA,NA,NA,NA,NA,NA,NA,NA,NA,NA,NA,NA,NA,NA,NA,NA,NA,NA,NA,NA,NA,NA,NA,NA,NA,NA,NA,NA,NA,NA,NA,NA,NA,NA,NA,MarShawn,Lloyd,GBP,RB,24,-4
RB,16604,weighted,NA,NA,NA,NA,NA,NA,178.91958041958043,102.56643294275328,1.0270396270396271,0.6095792196091295,0.08873348873348873,0.06895087442409012,9.145920745920746,7.608941261095292,61.70979020979021,51.67391440356924,0.3489041001415377,0.4995457106236223,NA,NA,NA,NA,NA,NA,NA,NA,NA,NA,NA,NA,NA,NA,NA,NA,NA,NA,NA,NA,NA,NA,NA,NA,NA,NA,NA,NA,NA,NA,NA,NA,NA,NA,NA,NA,NA,NA,MarShawn,Lloyd,GBP,RB,24,-4
RB,16175,average,NA,NA,NA,NA,NA,NA,226.11428571428573,81.16541604590444,3.1714285714285713,1.24058358003305,0.03333333333333333,0.03333333333333334,15.885714285714286,6.752882982210529,103.87142857142857,45.88698850748123,0.34285714285714286,0.4720774754816659,NA,NA,NA,NA,NA,NA,NA,NA,NA,NA,NA,NA,NA,NA,NA,NA,NA,NA,NA,NA,NA,NA,NA,NA,NA,NA,NA,NA,NA,NA,NA,NA,NA,NA,NA,NA,NA,NA,Roschon,Johnson,CHI,RB,24,-3
RB,16175,robust,NA,NA,NA,NA,NA,NA,241.2,130.17228,3.3,0.29652000000000023,0.03333333333333333,0,17.05,4.4478,109.025,25.055940000000007,0.30000000000000004,0,0,NA,NA,NA,NA,NA,NA,NA,NA,NA,NA,NA,NA,NA,NA,NA,NA,NA,NA,NA,NA,NA,NA,NA,NA,NA,NA,NA,NA,NA,NA,NA,NA,NA,NA,NA,NA,NA,Roschon,Johnson,CHI,RB,24,-3
RB,16175,weighted,NA,NA,NA,NA,NA,NA,216.24009324009324,82.92468875187492,3.023310023310023,1.2796525656255557,0.022183372183372182,0.01723771860602253,15.943589743589744,7.404300049804887,104.04312354312356,50.31890474970636,0.30652680652680653,0.5053338565171257,NA,NA,NA,NA,NA,NA,NA,NA,NA,NA,NA,NA,NA,NA,NA,NA,NA,NA,NA,NA,NA,NA,NA,NA,NA,NA,NA,NA,NA,NA,NA,NA,NA,NA,NA,NA,NA,NA,Roschon,Johnson,CHI,RB,24,-3
RB,16166,average,NA,NA,NA,NA,NA,NA,201.87142857142857,71.44799307388357,1.2857142857142858,0.397611918955202,0.675,0.6667708251965838,6.871428571428571,3.6836188210844534,58,36.44630754045372,0.4142857142857143,0.4488079449258574,2,0,NA,NA,NA,NA,NA,NA,NA,NA,NA,NA,NA,NA,NA,NA,NA,NA,NA,NA,NA,NA,NA,NA,NA,NA,NA,NA,NA,NA,NA,NA,NA,NA,NA,NA,NA,NA,Sean,Tucker,TBB,RB,24,-3
RB,16166,robust,NA,NA,NA,NA,NA,NA,198.525,94.8864,1.25,0,0.675,0.03706499999999987,7.075,4.74432,57.5,37.065,0.475,0.59304,2,0,NA,NA,NA,NA,NA,NA,NA,NA,NA,NA,NA,NA,NA,NA,NA,NA,NA,NA,NA,NA,NA,NA,NA,NA,NA,NA,NA,NA,NA,NA,NA,NA,NA,NA,NA,NA,Sean,Tucker,TBB,RB,24,-3
RB,16166,weighted,NA,NA,NA,NA,NA,NA,193.65734265734267,76.67497047237303,1.2624708624708625,0.4299239779982941,0.6654137529137529,0.7260267405385359,6.971561771561772,3.939112665823469,58.81934731934732,38.28283184749792,0.3892773892773893,0.4856927295409108,2,0,NA,NA,NA,NA,NA,NA,NA,NA,NA,NA,NA,NA,NA,NA,NA,NA,NA,NA,NA,NA,NA,NA,NA,NA,NA,NA,NA,NA,NA,NA,NA,NA,NA,NA,NA,NA,Sean,Tucker,TBB,RB,24,-3
RB,12923,average,NA,NA,NA,NA,NA,NA,8.133333333333333,2.203028218914441,0.7333333333333334,0.4618802153517006,0,0,4.033333333333333,1.3051181300301262,24.566666666666666,8.059983457385837,0,0,NA,NA,NA,NA,NA,NA,NA,NA,NA,NA,NA,NA,NA,NA,NA,NA,NA,NA,NA,NA,NA,NA,NA,NA,NA,NA,NA,NA,NA,NA,NA,NA,NA,NA,NA,NA,NA,NA,C.J.,Ham,MIN,RB,32,4
RB,12923,robust,NA,NA,NA,NA,NA,NA,8.1,2.9652,0.8,0,0,0,3.925,0.8895600000000001,24.85,9.34038,0,0,0,NA,NA,NA,NA,NA,NA,NA,NA,NA,NA,NA,NA,NA,NA,NA,NA,NA,NA,NA,NA,NA,NA,NA,NA,NA,NA,NA,NA,NA,NA,NA,NA,NA,NA,NA,NA,NA,C.J.,Ham,MIN,RB,32,4
RB,12923,weighted,NA,NA,NA,NA,NA,NA,NA,NA,NA,NA,NA,NA,NA,NA,NA,NA,NA,NA,NA,NA,NA,NA,NA,NA,NA,NA,NA,NA,NA,NA,NA,NA,NA,NA,NA,NA,NA,NA,NA,NA,NA,NA,NA,NA,NA,NA,NA,NA,NA,NA,NA,NA,NA,NA,NA,NA,C.J.,Ham,MIN,RB,32,4
RB,15723,average,NA,NA,NA,NA,NA,NA,132.38333333333333,64.60063209185083,0.7833333333333333,0.40207793606049397,0,0,6.75,3.794601428345275,49.06666666666666,26.66133279989331,0.022286821705426358,0.040390312218085846,NA,NA,NA,NA,NA,NA,NA,NA,NA,NA,NA,NA,NA,NA,NA,NA,NA,NA,NA,NA,NA,NA,NA,NA,NA,NA,NA,NA,NA,NA,NA,NA,NA,NA,NA,NA,NA,NA,Ty,Chandler,MIN,RB,27,-2
RB,15723,robust,NA,NA,NA,NA,NA,NA,113.65,38.547599999999996,0.85,0,0,0,6.8,3.0393299999999996,49,23.42508,0.01686046511627907,0,0,NA,NA,NA,NA,NA,NA,NA,NA,NA,NA,NA,NA,NA,NA,NA,NA,NA,NA,NA,NA,NA,NA,NA,NA,NA,NA,NA,NA,NA,NA,NA,NA,NA,NA,NA,NA,NA,Ty,Chandler,MIN,RB,27,-2
RB,15723,weighted,NA,NA,NA,NA,NA,NA,136.03708987161198,66.73922937122212,0.7974322396576319,0.4496033919216494,0,0,6.983166904422254,4.078302055933236,51.06134094151212,28.41949149536215,0.0067345652390273045,0.015080804082628239,NA,NA,NA,NA,NA,NA,NA,NA,NA,NA,NA,NA,NA,NA,NA,NA,NA,NA,NA,NA,NA,NA,NA,NA,NA,NA,NA,NA,NA,NA,NA,NA,NA,NA,NA,NA,NA,NA,Ty,Chandler,MIN,RB,27,-2
RB,16178,average,NA,NA,NA,NA,NA,NA,234.3,99.22113830083933,1.0514705882352942,0.9221005378365195,0.09999999999999999,0.09258200997725514,7.675,4.492135985729474,65.1875,33.69393491416519,0.3360294117647059,0.38779498204191065,NA,NA,NA,NA,NA,NA,NA,NA,NA,NA,NA,NA,NA,NA,NA,NA,NA,NA,NA,NA,NA,NA,NA,NA,NA,NA,NA,NA,NA,NA,NA,NA,NA,NA,NA,NA,NA,NA,Keaton,Mitchell,BAL,RB,23,-3
RB,16178,robust,NA,NA,NA,NA,NA,NA,226.75,102.29939999999999,1,1.2602099999999998,0.09999999999999999,0,7.85,4.22541,73.25,19.64445,0.29705882352941176,0.37065,0,NA,NA,NA,NA,NA,NA,NA,NA,NA,NA,NA,NA,NA,NA,NA,NA,NA,NA,NA,NA,NA,NA,NA,NA,NA,NA,NA,NA,NA,NA,NA,NA,NA,NA,NA,NA,NA,Keaton,Mitchell,BAL,RB,23,-3
RB,16178,weighted,NA,NA,NA,NA,NA,NA,217.04352226720647,98.72022060558103,0.9272564896403906,0.947453216325703,0.11406882591093118,0.0905343412196303,7.284008097165992,4.829385322433659,60.71457489878542,35.75764353536106,0.30533460347701835,0.41255045697673287,NA,NA,NA,NA,NA,NA,NA,NA,NA,NA,NA,NA,NA,NA,NA,NA,NA,NA,NA,NA,NA,NA,NA,NA,NA,NA,NA,NA,NA,NA,NA,NA,NA,NA,NA,NA,NA,NA,Keaton,Mitchell,BAL,RB,23,-3
RB,15720,average,NA,NA,NA,NA,NA,NA,113.15,39.47602648021539,1.05,0.17320508075688776,0.3333333333333333,0.2867441755680875,5.475,3.377745796632225,43.45,22.95524631393297,0.45439342403628113,0.31384907994166467,NA,NA,NA,NA,NA,NA,NA,NA,NA,NA,NA,NA,NA,NA,NA,NA,NA,NA,NA,NA,NA,NA,NA,NA,NA,NA,NA,NA,NA,NA,NA,NA,NA,NA,NA,NA,NA,NA,Hassan,Haskins,LAC,RB,26,-2
RB,15720,robust,NA,NA,NA,NA,NA,NA,111.94999999999999,32.320679999999996,1,0.07412999999999997,0.32499999999999996,0.2471,5.475,4.07715,43.45,22.238999999999997,0.5293934240362812,0.14825999999999995,0,NA,NA,NA,NA,NA,NA,NA,NA,NA,NA,NA,NA,NA,NA,NA,NA,NA,NA,NA,NA,NA,NA,NA,NA,NA,NA,NA,NA,NA,NA,NA,NA,NA,NA,NA,NA,NA,Hassan,Haskins,LAC,RB,26,-2
RB,15720,weighted,NA,NA,NA,NA,NA,NA,111.14754098360656,48.093012803661594,1.0997658079625294,0.17311242531541413,0.3420765027322404,0.3515101896862672,4.701170960187354,3.699272996279645,38.04449648711944,25.150198798192683,0.4352700643098769,0.3844788920939641,NA,NA,NA,NA,NA,NA,NA,NA,NA,NA,NA,NA,NA,NA,NA,NA,NA,NA,NA,NA,NA,NA,NA,NA,NA,NA,NA,NA,NA,NA,NA,NA,NA,NA,NA,NA,NA,NA,Hassan,Haskins,LAC,RB,26,-2
RB,13455,average,NA,NA,NA,NA,NA,NA,3.8333333333333335,6.639528095680697,0.03333333333333333,0.05773502691896258,0,0,3.2,0.9165151389911679,26.1,5.597320787662612,0.5666666666666667,0.40414518843273806,NA,NA,NA,NA,NA,NA,NA,NA,NA,NA,NA,NA,NA,NA,NA,NA,NA,NA,NA,NA,NA,NA,NA,NA,NA,NA,NA,NA,NA,NA,NA,NA,NA,NA,NA,NA,NA,NA,Patrick,Ricard,BAL,RB,31,3
RB,13455,robust,NA,NA,NA,NA,NA,NA,2.875,0,0.025,0,0,0,3.25,0.8895600000000001,26.4,5.485619999999999,0.55,0.44477999999999995,0,NA,NA,NA,NA,NA,NA,NA,NA,NA,NA,NA,NA,NA,NA,NA,NA,NA,NA,NA,NA,NA,NA,NA,NA,NA,NA,NA,NA,NA,NA,NA,NA,NA,NA,NA,NA,NA,Patrick,Ricard,BAL,RB,31,3
RB,13455,weighted,NA,NA,NA,NA,NA,NA,NA,NA,NA,NA,NA,NA,NA,NA,NA,NA,NA,NA,NA,NA,NA,NA,NA,NA,NA,NA,NA,NA,NA,NA,NA,NA,NA,NA,NA,NA,NA,NA,NA,NA,NA,NA,NA,NA,NA,NA,NA,NA,NA,NA,NA,NA,NA,NA,NA,NA,Patrick,Ricard,BAL,RB,31,3
RB,17060,average,NA,NA,NA,NA,NA,NA,194.775,138.58202058193348,1.3291666666666666,1.0236004769967317,0,0,8.6875,5.497905445323181,63.5125,42.715853112666,0.11404910449028095,0.23041049547339587,NA,NA,NA,NA,NA,NA,NA,NA,NA,NA,NA,NA,NA,NA,NA,NA,NA,NA,NA,NA,NA,NA,NA,NA,NA,NA,NA,NA,NA,NA,NA,NA,NA,NA,NA,NA,NA,NA,DJ,Giddens,IND,RB,22,-5
RB,17060,robust,NA,NA,NA,NA,NA,NA,184,163.82729999999998,1.325,1.01311,0,0,8.225,7.709519999999999,61.5,52.632299999999994,0.05,0,0,NA,NA,NA,NA,NA,NA,NA,NA,NA,NA,NA,NA,NA,NA,NA,NA,NA,NA,NA,NA,NA,NA,NA,NA,NA,NA,NA,NA,NA,NA,NA,NA,NA,NA,NA,NA,NA,DJ,Giddens,IND,RB,22,-5
RB,17060,weighted,NA,NA,NA,NA,NA,NA,193.30566801619432,147.16829065251673,1.3019568151147098,1.1179416041482277,0,0,8.612145748987855,5.876749826695941,62.90080971659919,45.73059422692691,0.10836875542757896,0.24102403188642843,NA,NA,NA,NA,NA,NA,NA,NA,NA,NA,NA,NA,NA,NA,NA,NA,NA,NA,NA,NA,NA,NA,NA,NA,NA,NA,NA,NA,NA,NA,NA,NA,NA,NA,NA,NA,NA,NA,DJ,Giddens,IND,RB,22,-5
RB,17064,average,NA,NA,NA,NA,NA,NA,214.98333333333335,133.25840081919372,1.583355885594706,0.846146615348463,0.425,0.35765439556458223,9.233333333333333,8.727097010015543,74.38333333333333,70.38632482394732,0.48028204523850765,0.5474530239604667,NA,NA,NA,NA,NA,NA,NA,NA,NA,NA,NA,NA,NA,NA,NA,NA,NA,NA,NA,NA,NA,NA,NA,NA,NA,NA,NA,NA,NA,NA,NA,NA,NA,NA,NA,NA,NA,NA,Jarquez,Hunter,LAR,RB,23,-5
RB,17064,robust,NA,NA,NA,NA,NA,NA,223.24583333333334,174.9468,1.7690183268541988,0.6849068572119297,0.425,0.40771499999999994,8.158333333333333,9.043859999999999,67.17083333333333,79.02257999999999,0.37970769434252616,0.47269851052891715,0,NA,NA,NA,NA,NA,NA,NA,NA,NA,NA,NA,NA,NA,NA,NA,NA,NA,NA,NA,NA,NA,NA,NA,NA,NA,NA,NA,NA,NA,NA,NA,NA,NA,NA,NA,NA,NA,Jarquez,Hunter,LAR,RB,23,-5
RB,17064,weighted,NA,NA,NA,NA,NA,NA,202.81766228594188,142.7155136333254,1.4855207234663195,0.8994784603694151,0.3754480286738352,0.371354094810123,9.193827160493827,9.324524969661091,73.35147351652728,75.3649525164344,0.46421872521335095,0.585238433265915,NA,NA,NA,NA,NA,NA,NA,NA,NA,NA,NA,NA,NA,NA,NA,NA,NA,NA,NA,NA,NA,NA,NA,NA,NA,NA,NA,NA,NA,NA,NA,NA,NA,NA,NA,NA,NA,NA,Jarquez,Hunter,LAR,RB,23,-5
RB,15263,average,NA,NA,NA,NA,NA,NA,202.13333333333333,107.16290817670492,1.867233333120077,0.7320176511722196,0.05,0.02886751345948129,8.033333333333333,4.502468458770391,50.45,30.208373563191603,0.18436949014368367,0.22757301561037407,NA,NA,NA,NA,NA,NA,NA,NA,NA,NA,NA,NA,NA,NA,NA,NA,NA,NA,NA,NA,NA,NA,NA,NA,NA,NA,NA,NA,NA,NA,NA,NA,NA,NA,NA,NA,NA,NA,Elijah,Mitchell,KCC,RB,27,-1
RB,15263,robust,NA,NA,NA,NA,NA,NA,202.51666666666665,70.96712000000001,1.9128196232827155,0.6217354838709671,0.05,0,8.016666666666666,5.88098,50.400000000000006,31.80177,0.17589020765633667,0.16772874597764917,0,NA,NA,NA,NA,NA,NA,NA,NA,NA,NA,NA,NA,NA,NA,NA,NA,NA,NA,NA,NA,NA,NA,NA,NA,NA,NA,NA,NA,NA,NA,NA,NA,NA,NA,NA,NA,NA,Elijah,Mitchell,KCC,RB,27,-1
RB,15263,weighted,NA,NA,NA,NA,NA,NA,197.1476753349094,113.52383318122024,1.8824667286687984,0.7719956460157215,0.04143026004728133,0.02065528990812507,8.038100866824271,4.871525696425263,51.299822695035466,32.61984515062859,0.14446975767806242,0.21990287295927752,NA,NA,NA,NA,NA,NA,NA,NA,NA,NA,NA,NA,NA,NA,NA,NA,NA,NA,NA,NA,NA,NA,NA,NA,NA,NA,NA,NA,NA,NA,NA,NA,NA,NA,NA,NA,NA,NA,Elijah,Mitchell,KCC,RB,27,-1
RB,17063,average,NA,NA,NA,NA,NA,NA,67.875,49.099176843065976,0.625,0.47871355387816905,0,0,1.625,1.25,12.25,9.322910847297997,0,0,NA,NA,NA,NA,NA,NA,NA,NA,NA,NA,NA,NA,NA,NA,NA,NA,NA,NA,NA,NA,NA,NA,NA,NA,NA,NA,NA,NA,NA,NA,NA,NA,NA,NA,NA,NA,NA,NA,Phil,Mafah,DAL,RB,23,-5
RB,17063,robust,NA,NA,NA,NA,NA,NA,67.875,45.589949999999995,0.625,0.37065,0,0,1.625,1.11195,12.25,8.1543,0,0,0,NA,NA,NA,NA,NA,NA,NA,NA,NA,NA,NA,NA,NA,NA,NA,NA,NA,NA,NA,NA,NA,NA,NA,NA,NA,NA,NA,NA,NA,NA,NA,NA,NA,NA,NA,NA,NA,Phil,Mafah,DAL,RB,23,-5
RB,17063,weighted,NA,NA,NA,NA,NA,NA,69.8360655737705,59.68842431633727,0.6674473067915692,0.5770414177180471,0,0,1.6627634660421544,1.5220933421362224,12.646370023419205,11.337914131664688,0,0,NA,NA,NA,NA,NA,NA,NA,NA,NA,NA,NA,NA,NA,NA,NA,NA,NA,NA,NA,NA,NA,NA,NA,NA,NA,NA,NA,NA,NA,NA,NA,NA,NA,NA,NA,NA,NA,NA,Phil,Mafah,DAL,RB,23,-5
RB,17055,average,NA,NA,NA,NA,NA,NA,116.5,135.34523757167568,0.6,0.4898979485566356,0,0,3.75,5.560275772537426,30.75,42.765835273810175,0,0,NA,NA,NA,NA,NA,NA,NA,NA,NA,NA,NA,NA,NA,NA,NA,NA,NA,NA,NA,NA,NA,NA,NA,NA,NA,NA,NA,NA,NA,NA,NA,NA,NA,NA,NA,NA,NA,NA,Jordan,James,SFO,RB,21,-5
RB,17055,robust,NA,NA,NA,NA,NA,NA,73.5,48.925799999999995,0.6,0.44478000000000006,0,0,1.75,1.4826,15.75,12.6021,0,0,0,NA,NA,NA,NA,NA,NA,NA,NA,NA,NA,NA,NA,NA,NA,NA,NA,NA,NA,NA,NA,NA,NA,NA,NA,NA,NA,NA,NA,NA,NA,NA,NA,NA,NA,NA,NA,NA,Jordan,James,SFO,RB,21,-5
RB,17055,weighted,NA,NA,NA,NA,NA,NA,125.54146341463414,155.82060108788622,0.6536585365853659,0.583479539251792,0,0,4.307317073170732,6.26035418292886,34.21219512195122,48.783652043088985,0,0,NA,NA,NA,NA,NA,NA,NA,NA,NA,NA,NA,NA,NA,NA,NA,NA,NA,NA,NA,NA,NA,NA,NA,NA,NA,NA,NA,NA,NA,NA,NA,NA,NA,NA,NA,NA,NA,NA,Jordan,James,SFO,RB,21,-5
RB,15733,average,NA,NA,NA,NA,NA,NA,106.5,90.48342389631374,0.3333333333333333,0.5773502691896257,0,0,5.666666666666667,8.082903768654761,42.5,59.327480984784785,0,0,NA,NA,NA,NA,NA,NA,NA,NA,NA,NA,NA,NA,NA,NA,NA,NA,NA,NA,NA,NA,NA,NA,NA,NA,NA,NA,NA,NA,NA,NA,NA,NA,NA,NA,NA,NA,NA,NA,Pierre,Strong Jr.,GBP,RB,27,-2
RB,15733,robust,NA,NA,NA,NA,NA,NA,108.375,117.1254,0.25,0,0,0,4.5,0,34.125,2.2239,0,0,0,NA,NA,NA,NA,NA,NA,NA,NA,NA,NA,NA,NA,NA,NA,NA,NA,NA,NA,NA,NA,NA,NA,NA,NA,NA,NA,NA,NA,NA,NA,NA,NA,NA,NA,NA,NA,NA,Pierre,Strong Jr.,GBP,RB,27,-2
RB,15733,weighted,NA,NA,NA,NA,NA,NA,150.25746268656715,55.861435713737244,0.458955223880597,0.7071067811865474,0,0,7.425373134328358,9.899494936611664,55.81343283582089,72.12489168102783,0,0,NA,NA,NA,NA,NA,NA,NA,NA,NA,NA,NA,NA,NA,NA,NA,NA,NA,NA,NA,NA,NA,NA,NA,NA,NA,NA,NA,NA,NA,NA,NA,NA,NA,NA,NA,NA,NA,NA,Pierre,Strong Jr.,GBP,RB,27,-2
RB,16390,average,NA,NA,NA,NA,NA,NA,185.47142857142856,103.21170337847212,0.8142857142857143,0.36709931185158157,0.525,0.29083213944358577,10.514285714285714,8.612090062121695,56.25714285714286,47.67245386114351,0.3660436001966057,0.4283473275187598,NA,NA,NA,NA,NA,NA,NA,NA,NA,NA,NA,NA,NA,NA,NA,NA,NA,NA,NA,NA,NA,NA,NA,NA,NA,NA,NA,NA,NA,NA,NA,NA,NA,NA,NA,NA,NA,NA,Jaleel,McLaughlin,DEN,RB,25,-3
RB,16390,robust,NA,NA,NA,NA,NA,NA,167.47500000000002,80.0604,0.925,0,0.525,0.03706500000000003,9.875,5.9304,50,29.651999999999997,0.36557630034405997,0.3888936915604129,0,NA,NA,NA,NA,NA,NA,NA,NA,NA,NA,NA,NA,NA,NA,NA,NA,NA,NA,NA,NA,NA,NA,NA,NA,NA,NA,NA,NA,NA,NA,NA,NA,NA,NA,NA,NA,NA,Jaleel,McLaughlin,DEN,RB,25,-3
RB,16390,weighted,NA,NA,NA,NA,NA,NA,181.45104895104896,109.35607211829486,0.7979020979020979,0.40237652296426085,0.5261946386946387,0.31827820720542693,8.713286713286713,8.270742440485263,44.62004662004662,43.06828583342428,0.25235749206605307,0.3755130757641506,NA,NA,NA,NA,NA,NA,NA,NA,NA,NA,NA,NA,NA,NA,NA,NA,NA,NA,NA,NA,NA,NA,NA,NA,NA,NA,NA,NA,NA,NA,NA,NA,NA,NA,NA,NA,NA,NA,Jaleel,McLaughlin,DEN,RB,25,-3
RB,16601,average,NA,NA,NA,NA,NA,NA,239.5625,97.95094891248958,1.6031976744186047,0.7761062666839663,0.03333333333333333,0.030860669992418384,13.1625,6.784843929145102,97.7625,50.536491412500276,0.3968023255813954,0.6317844319191157,NA,NA,NA,NA,NA,NA,NA,NA,NA,NA,NA,NA,NA,NA,NA,NA,NA,NA,NA,NA,NA,NA,NA,NA,NA,NA,NA,NA,NA,NA,NA,NA,NA,NA,NA,NA,NA,NA,Will,Shipley,PHI,RB,23,-4
RB,16601,robust,NA,NA,NA,NA,NA,NA,243,67.08765,1.7,0.31548348837209317,0.03333333333333333,0,13.25,5.04084,95.775,38.47347,0.25,0,0,NA,NA,NA,NA,NA,NA,NA,NA,NA,NA,NA,NA,NA,NA,NA,NA,NA,NA,NA,NA,NA,NA,NA,NA,NA,NA,NA,NA,NA,NA,NA,NA,NA,NA,NA,NA,NA,Will,Shipley,PHI,RB,23,-4
RB,16601,weighted,NA,NA,NA,NA,NA,NA,244.76214574898785,104.4304039152396,1.6391959325863854,0.8347953500997181,0.023650472334682864,0.01635338927330099,13.55587044534413,7.048609333707826,100.3755060728745,52.742638122630325,0.3620186423124,0.6657624429975234,NA,NA,NA,NA,NA,NA,NA,NA,NA,NA,NA,NA,NA,NA,NA,NA,NA,NA,NA,NA,NA,NA,NA,NA,NA,NA,NA,NA,NA,NA,NA,NA,NA,NA,NA,NA,NA,NA,Will,Shipley,PHI,RB,23,-4
RB,15730,average,NA,NA,NA,NA,NA,NA,112.78,51.70388766814349,0.52,0.5263078946776307,0,0,4.74,2.921985626248014,30.759999999999998,20.615237083283812,0.2,0.282842712474619,NA,NA,NA,NA,NA,NA,NA,NA,NA,NA,NA,NA,NA,NA,NA,NA,NA,NA,NA,NA,NA,NA,NA,NA,NA,NA,NA,NA,NA,NA,NA,NA,NA,NA,NA,NA,NA,NA,Tyler,Goodson,IND,RB,25,-2
RB,15730,robust,NA,NA,NA,NA,NA,NA,112,34.099799999999995,0.5,0.7413,0,0,5,4.4478,34,34.099799999999995,0.2,0,0,NA,NA,NA,NA,NA,NA,NA,NA,NA,NA,NA,NA,NA,NA,NA,NA,NA,NA,NA,NA,NA,NA,NA,NA,NA,NA,NA,NA,NA,NA,NA,NA,NA,NA,NA,NA,NA,Tyler,Goodson,IND,RB,25,-2
RB,15730,weighted,NA,NA,NA,NA,NA,NA,94.6873949579832,41.00291594330687,0.37310924369747894,0.48210928951347376,0,0,4.431932773109243,3.2798146099379437,28.576470588235296,23.122354102741365,0.14319327731092435,0.2953966183389895,NA,NA,NA,NA,NA,NA,NA,NA,NA,NA,NA,NA,NA,NA,NA,NA,NA,NA,NA,NA,NA,NA,NA,NA,NA,NA,NA,NA,NA,NA,NA,NA,NA,NA,NA,NA,NA,NA,Tyler,Goodson,IND,RB,25,-2
RB,14805,average,NA,NA,NA,NA,NA,NA,90.22,63.6662547979697,0.46,0.6387487769068525,0,0,1.9,1.4317821063276353,15.44,10.633343782648993,0.025,0.04330127018922193,NA,NA,NA,NA,NA,NA,NA,NA,NA,NA,NA,NA,NA,NA,NA,NA,NA,NA,NA,NA,NA,NA,NA,NA,NA,NA,NA,NA,NA,NA,NA,NA,NA,NA,NA,NA,NA,NA,AJ,Dillon,PHI,RB,27,0
RB,14805,robust,NA,NA,NA,NA,NA,NA,94,78.5778,0.5,0,0,0,2,1.4826,14.1,11.8608,0.0125,0,0,NA,NA,NA,NA,NA,NA,NA,NA,NA,NA,NA,NA,NA,NA,NA,NA,NA,NA,NA,NA,NA,NA,NA,NA,NA,NA,NA,NA,NA,NA,NA,NA,NA,NA,NA,NA,NA,AJ,Dillon,PHI,RB,27,0
RB,14805,weighted,NA,NA,NA,NA,NA,NA,73.53082191780823,59.99984860202011,0.23972602739726032,0.49312814078830536,0,0,1.50513698630137,1.2736062109133728,12.265410958904111,8.965154302042398,0.005993150684931508,0.012328203519707634,NA,NA,NA,NA,NA,NA,NA,NA,NA,NA,NA,NA,NA,NA,NA,NA,NA,NA,NA,NA,NA,NA,NA,NA,NA,NA,NA,NA,NA,NA,NA,NA,NA,NA,NA,NA,NA,NA,AJ,Dillon,PHI,RB,27,0
RB,13146,average,NA,NA,NA,NA,NA,NA,983.7285714285714,77.73190495297956,7.709273182957394,0.9686698311090023,1.3,0.43588989435406733,40.97142857142857,3.133535961026715,315.2,24.586174977006895,1.6335839598997495,0.4548637427747481,NA,NA,NA,NA,NA,NA,NA,NA,NA,NA,NA,NA,NA,NA,NA,NA,NA,NA,NA,NA,NA,NA,NA,NA,NA,NA,NA,NA,NA,NA,NA,NA,NA,NA,NA,NA,NA,NA,James,Conner,ARI,RB,30,3
RB,13146,robust,NA,NA,NA,NA,NA,NA,981.525,47.4432,7.9,0.29652000000000023,1.3,0,41,2.0756399999999977,316.5,31.1346,1.7,0.44478000000000006,0,NA,NA,NA,NA,NA,NA,NA,NA,NA,NA,NA,NA,NA,NA,NA,NA,NA,NA,NA,NA,NA,NA,NA,NA,NA,NA,NA,NA,NA,NA,NA,NA,NA,NA,NA,NA,NA,James,Conner,ARI,RB,30,3
RB,13146,weighted,NA,NA,NA,NA,NA,NA,983.1779359430604,83.95523974837921,7.65959501363135,1.036985070714745,1.2814946619217082,0.47635487228469076,40.8846975088968,3.409044295293652,313.95255041518385,26.901326411882998,1.6298474537470604,0.49433878183839797,NA,NA,NA,NA,NA,NA,NA,NA,NA,NA,NA,NA,NA,NA,NA,NA,NA,NA,NA,NA,NA,NA,NA,NA,NA,NA,NA,NA,NA,NA,NA,NA,NA,NA,NA,NA,NA,NA,James,Conner,ARI,RB,30,3
RB,13404,average,NA,NA,NA,NA,NA,NA,462.12857142857143,88.43424514454631,4.3473347547974415,1.570154624748611,1.3333333333333333,0.17638342073763938,46.285714285714285,4.8550415622761225,391.4428571428571,42.942281306534284,1.4383795309168443,0.8066653139338693,1,0,NA,NA,NA,NA,NA,NA,NA,NA,NA,NA,NA,NA,NA,NA,NA,NA,NA,NA,NA,NA,NA,NA,NA,NA,NA,NA,NA,NA,NA,NA,NA,NA,NA,NA,NA,NA,Austin,Ekeler,WAS,RB,30,3
RB,13404,robust,NA,NA,NA,NA,NA,NA,472.225,44.477999999999994,4.35,1.0378200000000002,1.3333333333333333,0,46.5,4.4478,387.275,10.3782,1.5,0.6948304477611937,1,0,NA,NA,NA,NA,NA,NA,NA,NA,NA,NA,NA,NA,NA,NA,NA,NA,NA,NA,NA,NA,NA,NA,NA,NA,NA,NA,NA,NA,NA,NA,NA,NA,NA,NA,NA,NA,Austin,Ekeler,WAS,RB,30,3
RB,13404,weighted,NA,NA,NA,NA,NA,NA,462.18623962040334,95.6963668505447,4.377312724633063,1.7318134226272917,1.3228944246737842,0.19088150258986203,46.43534994068801,5.370892020659863,393.85053380782915,47.46984240459871,1.3795081531842566,0.8665663120414833,1,0,NA,NA,NA,NA,NA,NA,NA,NA,NA,NA,NA,NA,NA,NA,NA,NA,NA,NA,NA,NA,NA,NA,NA,NA,NA,NA,NA,NA,NA,NA,NA,NA,NA,NA,NA,NA,Austin,Ekeler,WAS,RB,30,3
RB,15254,average,NA,NA,NA,NA,NA,NA,551.0285714285715,111.03095235542376,4.089682539682539,0.6613711640058729,0.6,0.30550504633038933,19.285714285714285,5.154424821267184,140.28571428571428,43.18454309014699,0.8246031746031746,0.3841491204431079,NA,NA,NA,NA,NA,NA,NA,NA,NA,NA,NA,NA,NA,NA,NA,NA,NA,NA,NA,NA,NA,NA,NA,NA,NA,NA,NA,NA,NA,NA,NA,NA,NA,NA,NA,NA,NA,NA,Najee,Harris,LAC,RB,27,-1
RB,15254,robust,NA,NA,NA,NA,NA,NA,549.75,56.3388,4.006944444444445,0.29652000000000023,0.6,0,19.75,4.4478,139.5,65.2344,0.9791666666666667,0.04118333333333335,0,NA,NA,NA,NA,NA,NA,NA,NA,NA,NA,NA,NA,NA,NA,NA,NA,NA,NA,NA,NA,NA,NA,NA,NA,NA,NA,NA,NA,NA,NA,NA,NA,NA,NA,NA,NA,NA,Najee,Harris,LAC,RB,27,-1
RB,15254,weighted,NA,NA,NA,NA,NA,NA,556.0498220640569,116.16786563718594,4.11887439040464,0.6982758222050137,0.565361803084223,0.32148860058881223,19.14543297746145,5.588886770780442,139.11743772241994,47.080257149725455,0.8263213391327271,0.4355586177974235,NA,NA,NA,NA,NA,NA,NA,NA,NA,NA,NA,NA,NA,NA,NA,NA,NA,NA,NA,NA,NA,NA,NA,NA,NA,NA,NA,NA,NA,NA,NA,NA,NA,NA,NA,NA,NA,NA,Najee,Harris,LAC,RB,27,-1
RB,17047,average,NA,NA,NA,NA,NA,NA,458.5,220.59446200362027,2.6692759295499022,1.5986254136992544,0.6000000000000001,0.11547005383792516,21.2,14.200469475807246,162.0857142857143,105.3846198229993,0.6021526418786692,0.5775365086334927,NA,NA,NA,NA,NA,NA,NA,NA,NA,NA,NA,NA,NA,NA,NA,NA,NA,NA,NA,NA,NA,NA,NA,NA,NA,NA,NA,NA,NA,NA,NA,NA,NA,NA,NA,NA,NA,NA,Dylan,Sampson,CLE,RB,21,-5
RB,17047,robust,NA,NA,NA,NA,NA,NA,463.625,100.8168,2.5924657534246576,1.0154794520547945,0.6000000000000001,0,20.75,13.343399999999999,160.9,85.9908,0.5,0.6153805479452054,0,NA,NA,NA,NA,NA,NA,NA,NA,NA,NA,NA,NA,NA,NA,NA,NA,NA,NA,NA,NA,NA,NA,NA,NA,NA,NA,NA,NA,NA,NA,NA,NA,NA,NA,NA,NA,NA,Dylan,Sampson,CLE,RB,21,-5
RB,17047,weighted,NA,NA,NA,NA,NA,NA,453.77342823250297,247.56797517941797,2.6595979785176884,1.7849719614595154,0.5663107947805457,0.0820522158268058,21.39644128113879,15.984679534192221,162.0948991696323,118.21097205604231,0.5551113927753133,0.6111752820979399,NA,NA,NA,NA,NA,NA,NA,NA,NA,NA,NA,NA,NA,NA,NA,NA,NA,NA,NA,NA,NA,NA,NA,NA,NA,NA,NA,NA,NA,NA,NA,NA,NA,NA,NA,NA,NA,NA,Dylan,Sampson,CLE,RB,21,-5
RB,15717,average,NA,NA,NA,NA,NA,NA,262.05,69.75482062194698,1.5,0.4857983120596448,0.9333333333333333,0.6366579406033772,8.116666666666667,1.5930055450834648,52.78333333333333,12.553950241524245,0.08632091890010442,0.09919538343315269,NA,NA,NA,NA,NA,NA,NA,NA,NA,NA,NA,NA,NA,NA,NA,NA,NA,NA,NA,NA,NA,NA,NA,NA,NA,NA,NA,NA,NA,NA,NA,NA,NA,NA,NA,NA,NA,NA,Dameon,Pierce,HOU,RB,25,-2
RB,15717,robust,NA,NA,NA,NA,NA,NA,250.15,61.30550999999999,1.5,0.7413,0.9333333333333333,0.09883999999999997,8.05,1.8532499999999998,52,11.8608,0.1,0.08741818308388442,0,NA,NA,NA,NA,NA,NA,NA,NA,NA,NA,NA,NA,NA,NA,NA,NA,NA,NA,NA,NA,NA,NA,NA,NA,NA,NA,NA,NA,NA,NA,NA,NA,NA,NA,NA,NA,NA,Dameon,Pierce,HOU,RB,25,-2
RB,15717,weighted,NA,NA,NA,NA,NA,NA,273.6577840112202,63.26050006961411,1.5281907433380084,0.52165378551978,0.9568957456755494,0.7044446351052365,8.31304347826087,1.7767745863568762,53.83169705469846,14.100322351034306,0.06298677682480745,0.09179237114209138,NA,NA,NA,NA,NA,NA,NA,NA,NA,NA,NA,NA,NA,NA,NA,NA,NA,NA,NA,NA,NA,NA,NA,NA,NA,NA,NA,NA,NA,NA,NA,NA,NA,NA,NA,NA,NA,NA,Dameon,Pierce,HOU,RB,25,-2
RB,16171,average,NA,NA,NA,NA,NA,NA,325.64285714285717,83.66038204436748,2.090842490842491,0.752821935102608,0.25,0.14433756729740643,13.6,2.6178871888095814,104.71428571428571,25.137715924577595,0.12683353683353682,0.20853222617976802,NA,NA,NA,NA,NA,NA,NA,NA,NA,NA,NA,NA,NA,NA,NA,NA,NA,NA,NA,NA,NA,NA,NA,NA,NA,NA,NA,NA,NA,NA,NA,NA,NA,NA,NA,NA,NA,NA,Kendre,Miller,NOS,RB,23,-3
RB,16171,robust,NA,NA,NA,NA,NA,NA,327.5,117.1254,2,0,0.25,0,13.05,1.4826,100.75,13.343399999999999,0.08093304843304844,0,0,NA,NA,NA,NA,NA,NA,NA,NA,NA,NA,NA,NA,NA,NA,NA,NA,NA,NA,NA,NA,NA,NA,NA,NA,NA,NA,NA,NA,NA,NA,NA,NA,NA,NA,NA,NA,NA,Kendre,Miller,NOS,RB,23,-3
RB,16171,weighted,NA,NA,NA,NA,NA,NA,315.9976275207592,81.38930750118261,1.8287860814551207,0.2726600988231458,0.2078884934756821,0.10256526978350722,13.968446026097272,2.7995149877940757,108.08422301304863,26.88863089558946,0.10753954976968028,0.21937322686380512,NA,NA,NA,NA,NA,NA,NA,NA,NA,NA,NA,NA,NA,NA,NA,NA,NA,NA,NA,NA,NA,NA,NA,NA,NA,NA,NA,NA,NA,NA,NA,NA,NA,NA,NA,NA,NA,NA,Kendre,Miller,NOS,RB,23,-3
RB,14079,average,NA,NA,NA,NA,NA,NA,281.5833333333333,92.27589970662257,1.4666666666666668,0.5887840577551898,0.25,0.15811388300841897,15.133333333333333,6.068497892120147,96.31666666666666,41.80480434910163,0.27910094804863533,0.37231790480017884,NA,NA,NA,NA,NA,NA,NA,NA,NA,NA,NA,NA,NA,NA,NA,NA,NA,NA,NA,NA,NA,NA,NA,NA,NA,NA,NA,NA,NA,NA,NA,NA,NA,NA,NA,NA,NA,NA,Miles,Sanders,DAL,RB,28,1
RB,14079,robust,NA,NA,NA,NA,NA,NA,276.5,41.883449999999996,1.5,0.7413,0.25,0,15.5,5.78214,101,29.726129999999998,0.18730284414590598,0.22238999999999998,0,NA,NA,NA,NA,NA,NA,NA,NA,NA,NA,NA,NA,NA,NA,NA,NA,NA,NA,NA,NA,NA,NA,NA,NA,NA,NA,NA,NA,NA,NA,NA,NA,NA,NA,NA,NA,NA,Miles,Sanders,DAL,RB,28,1
RB,14079,weighted,NA,NA,NA,NA,NA,NA,270.5974754558205,98.13075512572611,1.3921458625525949,0.5985787030735857,0.20021037868162692,0.11171855574264,16.153716690042078,6.161635668738338,102.77138849929874,42.17044569513403,0.2466266428623474,0.39661928664430557,NA,NA,NA,NA,NA,NA,NA,NA,NA,NA,NA,NA,NA,NA,NA,NA,NA,NA,NA,NA,NA,NA,NA,NA,NA,NA,NA,NA,NA,NA,NA,NA,NA,NA,NA,NA,NA,NA,Miles,Sanders,DAL,RB,28,1
RB,16610,average,NA,NA,NA,NA,NA,NA,328.15,97.33146973101762,1.8666666666666667,1.0092901796146967,1.0666666666666667,0.03651483716701111,16.2,9.172785836374901,110.7,61.9443298454346,0.25,0.4183300132670378,NA,NA,NA,NA,NA,NA,NA,NA,NA,NA,NA,NA,NA,NA,NA,NA,NA,NA,NA,NA,NA,NA,NA,NA,NA,NA,NA,NA,NA,NA,NA,NA,NA,NA,NA,NA,NA,NA,Jaylen,Wright,MIA,RB,22,-4
RB,16610,robust,NA,NA,NA,NA,NA,NA,327.45,112.60346999999997,2,1.3343399999999999,1.0666666666666667,0.024710000000000076,15.5,10.74885,106.1,67.4583,0.25,0,0,NA,NA,NA,NA,NA,NA,NA,NA,NA,NA,NA,NA,NA,NA,NA,NA,NA,NA,NA,NA,NA,NA,NA,NA,NA,NA,NA,NA,NA,NA,NA,NA,NA,NA,NA,NA,NA,Jaylen,Wright,MIA,RB,22,-4
RB,16610,weighted,NA,NA,NA,NA,NA,NA,303.84572230014027,95.66845399195617,1.6575035063113606,1.0064946501311434,1.060215053763441,0.03629876514037989,16.849088359046284,9.899381559819991,115.62692847124825,66.84618785469686,0.19635343618513326,0.44449246833092687,NA,NA,NA,NA,NA,NA,NA,NA,NA,NA,NA,NA,NA,NA,NA,NA,NA,NA,NA,NA,NA,NA,NA,NA,NA,NA,NA,NA,NA,NA,NA,NA,NA,NA,NA,NA,NA,NA,Jaylen,Wright,MIA,RB,22,-4
RB,16752,average,NA,NA,NA,NA,NA,NA,149.01666666666665,53.15751749909571,0.65,0.8093207028119322,0,0,6.966666666666667,2.126656217320201,51.266666666666666,17.593938350087132,0.13678163923003223,0.2333712644613171,NA,NA,NA,NA,NA,NA,NA,NA,NA,NA,NA,NA,NA,NA,NA,NA,NA,NA,NA,NA,NA,NA,NA,NA,NA,NA,NA,NA,NA,NA,NA,NA,NA,NA,NA,NA,NA,NA,Isaiah,Davis,NYJ,RB,23,-4
RB,16752,robust,NA,NA,NA,NA,NA,NA,154.05,45.2193,0.5,0.6671699999999999,0,0,7,2.2239,49,15.863819999999999,0.06034491769009668,0.07413,0,NA,NA,NA,NA,NA,NA,NA,NA,NA,NA,NA,NA,NA,NA,NA,NA,NA,NA,NA,NA,NA,NA,NA,NA,NA,NA,NA,NA,NA,NA,NA,NA,NA,NA,NA,NA,NA,Isaiah,Davis,NYJ,RB,23,-4
RB,16752,weighted,NA,NA,NA,NA,NA,NA,144.2482468443198,57.983751397315764,0.541374474053296,0.8618925871014514,0,0,7.329312762973352,2.038116837073107,53.7461430575035,16.987842707657364,0.14319295505361437,0.2601490246888667,NA,NA,NA,NA,NA,NA,NA,NA,NA,NA,NA,NA,NA,NA,NA,NA,NA,NA,NA,NA,NA,NA,NA,NA,NA,NA,NA,NA,NA,NA,NA,NA,NA,NA,NA,NA,NA,NA,Isaiah,Davis,NYJ,RB,23,-4
RB,17050,average,NA,NA,NA,NA,NA,NA,83.975,55.22380978044404,0.725,0.4856267428111155,0,0,3.55,2.5317977802344327,26.825,19.33879951462,0.03333333333333333,0.047140452079103175,NA,NA,NA,NA,NA,NA,NA,NA,NA,NA,NA,NA,NA,NA,NA,NA,NA,NA,NA,NA,NA,NA,NA,NA,NA,NA,NA,NA,NA,NA,NA,NA,NA,NA,NA,NA,NA,NA,Kalel,Mullings,TEN,RB,23,-5
RB,17050,robust,NA,NA,NA,NA,NA,NA,94.975,28.1694,0.925,0.07413000000000006,0,0,4.05,1.4826000000000006,29.825,12.6021,0.025,0.02471,0,NA,NA,NA,NA,NA,NA,NA,NA,NA,NA,NA,NA,NA,NA,NA,NA,NA,NA,NA,NA,NA,NA,NA,NA,NA,NA,NA,NA,NA,NA,NA,NA,NA,NA,NA,NA,NA,Kalel,Mullings,TEN,RB,23,-5
RB,17050,weighted,NA,NA,NA,NA,NA,NA,72.59453302961276,60.38889306578866,0.6765375854214124,0.5733179365505742,0,0,3.421412300683371,3.069103627410842,25.699316628701595,23.398180642401293,0.010630220197418376,0.01903932246790093,NA,NA,NA,NA,NA,NA,NA,NA,NA,NA,NA,NA,NA,NA,NA,NA,NA,NA,NA,NA,NA,NA,NA,NA,NA,NA,NA,NA,NA,NA,NA,NA,NA,NA,NA,NA,NA,NA,Kalel,Mullings,TEN,RB,23,-5
RB,16387,average,NA,NA,NA,NA,NA,NA,150.9,61.63148545994977,1.175,0.41932485418030413,0,0,8.7,2.567748689676101,58.375,15.217177793533201,0.034965635738831616,0.04725335825943172,NA,NA,NA,NA,NA,NA,NA,NA,NA,NA,NA,NA,NA,NA,NA,NA,NA,NA,NA,NA,NA,NA,NA,NA,NA,NA,NA,NA,NA,NA,NA,NA,NA,NA,NA,NA,NA,NA,Chris,Brooks,GBP,RB,25,-3
RB,16387,robust,NA,NA,NA,NA,NA,NA,142.9,42.99540000000002,1,0.07412999999999997,0,0,7.825,0.7413000000000006,55.625,8.1543,0.02989690721649485,0.029550103092783508,0,NA,NA,NA,NA,NA,NA,NA,NA,NA,NA,NA,NA,NA,NA,NA,NA,NA,NA,NA,NA,NA,NA,NA,NA,NA,NA,NA,NA,NA,NA,NA,NA,NA,NA,NA,NA,NA,Chris,Brooks,GBP,RB,25,-3
RB,16387,weighted,NA,NA,NA,NA,NA,NA,153.36902050113895,75.08121861048234,1.2587699316628702,0.4586543492404594,0,0,9.097949886104782,2.9265827913803757,61.18223234624146,16.88006995075963,0.012712428277325069,0.022768674291510395,NA,NA,NA,NA,NA,NA,NA,NA,NA,NA,NA,NA,NA,NA,NA,NA,NA,NA,NA,NA,NA,NA,NA,NA,NA,NA,NA,NA,NA,NA,NA,NA,NA,NA,NA,NA,NA,NA,Chris,Brooks,GBP,RB,25,-3
RB,17056,average,NA,NA,NA,NA,NA,NA,148.3,119.14151249669446,0.9166666666666666,0.8010409893798611,0.2,0.12649110640673517,7.45,6.0866246803955315,58.11666666666667,51.90569975124762,0.07442037248194604,0.160582668614771,NA,NA,NA,NA,NA,NA,NA,NA,NA,NA,NA,NA,NA,NA,NA,NA,NA,NA,NA,NA,NA,NA,NA,NA,NA,NA,NA,NA,NA,NA,NA,NA,NA,NA,NA,NA,NA,NA,Trevor,Etienne,CAR,RB,21,-5
RB,17056,robust,NA,NA,NA,NA,NA,NA,137.4,82.13604000000001,1,1.11195,0.2,0,6.9,4.521929999999999,51,36.323699999999995,0.023261117445838083,0,0,NA,NA,NA,NA,NA,NA,NA,NA,NA,NA,NA,NA,NA,NA,NA,NA,NA,NA,NA,NA,NA,NA,NA,NA,NA,NA,NA,NA,NA,NA,NA,NA,NA,NA,NA,NA,NA,Trevor,Etienne,CAR,RB,21,-5
RB,17056,weighted,NA,NA,NA,NA,NA,NA,132.1164095371669,124.74095011528382,0.7615708274894811,0.8119957430846209,0.16016830294530157,0.089374844594112,6.3741935483870975,6.233344270164511,48.82748948106592,52.93698716166283,0.009134800679992516,0.020678783019272312,NA,NA,NA,NA,NA,NA,NA,NA,NA,NA,NA,NA,NA,NA,NA,NA,NA,NA,NA,NA,NA,NA,NA,NA,NA,NA,NA,NA,NA,NA,NA,NA,NA,NA,NA,NA,NA,NA,Trevor,Etienne,CAR,RB,21,-5
RB,14420,average,NA,NA,NA,NA,NA,NA,25.266666666666666,7.616648431779777,0.3,0.3,0.25,0.15000000000000002,9.5,3.6755951898978214,68.7,26.643385670743875,0.13333333333333333,0.23094010767585033,NA,NA,NA,NA,NA,NA,NA,NA,NA,NA,NA,NA,NA,NA,NA,NA,NA,NA,NA,NA,NA,NA,NA,NA,NA,NA,NA,NA,NA,NA,NA,NA,NA,NA,NA,NA,NA,NA,Alec,Ingold,MIA,RB,29,1
RB,14420,robust,NA,NA,NA,NA,NA,NA,24.4,2.668680000000001,0.3,0.44477999999999995,0.25,0.22238999999999998,9.375,4.29954,67.775,30.986339999999995,0.1,0,0,NA,NA,NA,NA,NA,NA,NA,NA,NA,NA,NA,NA,NA,NA,NA,NA,NA,NA,NA,NA,NA,NA,NA,NA,NA,NA,NA,NA,NA,NA,NA,NA,NA,NA,NA,NA,NA,Alec,Ingold,MIA,RB,29,1
RB,14420,weighted,NA,NA,NA,NA,NA,NA,27.351170568561876,9.899494936611665,0.14247491638795984,0.21213203435596428,0.17876254180602005,0.10606601717798214,11.08963210702341,3.1112698372208096,80.19732441471572,22.627416997969522,0,0,NA,NA,NA,NA,NA,NA,NA,NA,NA,NA,NA,NA,NA,NA,NA,NA,NA,NA,NA,NA,NA,NA,NA,NA,NA,NA,NA,NA,NA,NA,NA,NA,NA,NA,NA,NA,NA,NA,Alec,Ingold,MIA,RB,29,1
RB,15714,average,NA,NA,NA,NA,NA,NA,263.2166666666667,86.79954876994849,1.3833333333333333,0.5600595206463923,0.9,0.5059644256269407,9.9,3.0199337741083,66.08333333333333,18.37502834464934,0.11316942719116632,0.16087243502036225,NA,NA,NA,NA,NA,NA,NA,NA,NA,NA,NA,NA,NA,NA,NA,NA,NA,NA,NA,NA,NA,NA,NA,NA,NA,NA,NA,NA,NA,NA,NA,NA,NA,NA,NA,NA,NA,NA,Zamir,White,LVR,RB,26,-2
RB,15714,robust,NA,NA,NA,NA,NA,NA,269,57.8214,1.35,0.66717,0.9,0,9.95,4.00302,65.75,21.86835,0.1,0.05857497826086956,0,NA,NA,NA,NA,NA,NA,NA,NA,NA,NA,NA,NA,NA,NA,NA,NA,NA,NA,NA,NA,NA,NA,NA,NA,NA,NA,NA,NA,NA,NA,NA,NA,NA,NA,NA,NA,NA,Zamir,White,LVR,RB,26,-2
RB,15714,weighted,NA,NA,NA,NA,NA,NA,261.17391304347825,98.7034667598411,1.3568022440392709,0.6201536847594016,1.0593267882187938,0.35749937837644796,9.62945301542777,3.328317523405926,63.80224403927069,19.574306070788978,0.05534687074415107,0.08760080392417181,NA,NA,NA,NA,NA,NA,NA,NA,NA,NA,NA,NA,NA,NA,NA,NA,NA,NA,NA,NA,NA,NA,NA,NA,NA,NA,NA,NA,NA,NA,NA,NA,NA,NA,NA,NA,NA,NA,Zamir,White,LVR,RB,26,-2
RB,17058,average,NA,NA,NA,NA,NA,NA,203.85,136.18757285450093,1.5166666666666666,0.8495096624916438,0.6666666666666666,0.3651483716701107,8.066666666666666,5.819507424745385,62.449999999999996,45.356267483116376,0.12995495495495496,0.2810790237277444,NA,NA,NA,NA,NA,NA,NA,NA,NA,NA,NA,NA,NA,NA,NA,NA,NA,NA,NA,NA,NA,NA,NA,NA,NA,NA,NA,NA,NA,NA,NA,NA,NA,NA,NA,NA,NA,NA,Tahj,Brooks,CIN,RB,23,-5
RB,17058,robust,NA,NA,NA,NA,NA,NA,213,123.12993000000002,1.55,0.07413000000000006,0.6666666666666666,0.24710000000000001,7.5,4.151280000000001,59,36.027179999999994,0.03986486486486487,0,0,NA,NA,NA,NA,NA,NA,NA,NA,NA,NA,NA,NA,NA,NA,NA,NA,NA,NA,NA,NA,NA,NA,NA,NA,NA,NA,NA,NA,NA,NA,NA,NA,NA,NA,NA,NA,NA,Tahj,Brooks,CIN,RB,23,-5
RB,17058,weighted,NA,NA,NA,NA,NA,NA,184.26367461430576,144.17596165860124,1.3814866760168303,0.8911488022112594,0.5993454885460496,0.3639611343571173,7.0070126227208975,6.056273944361087,52.86704067321179,45.48828680580007,0.01565520639854441,0.03543926436692526,NA,NA,NA,NA,NA,NA,NA,NA,NA,NA,NA,NA,NA,NA,NA,NA,NA,NA,NA,NA,NA,NA,NA,NA,NA,NA,NA,NA,NA,NA,NA,NA,NA,NA,NA,NA,NA,NA,Tahj,Brooks,CIN,RB,23,-5
RB,14080,average,NA,NA,NA,NA,NA,NA,276.2833333333333,109.98273349333826,2.0166666666666666,0.7222649560006817,0.75,0.22135943621178658,12.316666666666666,5.016937977159641,76.75,30.475810079471227,0.020446194225721786,0.04001492891062541,NA,NA,NA,NA,NA,NA,NA,NA,NA,NA,NA,NA,NA,NA,NA,NA,NA,NA,NA,NA,NA,NA,NA,NA,NA,NA,NA,NA,NA,NA,NA,NA,NA,NA,NA,NA,NA,NA,Devin,Singletary,NYG,RB,28,1
RB,14080,robust,NA,NA,NA,NA,NA,NA,296,89.91969,2,0.81543,0.75,0,12.5,5.411490000000001,75.5,27.05745,0.011338582677165355,0,0,NA,NA,NA,NA,NA,NA,NA,NA,NA,NA,NA,NA,NA,NA,NA,NA,NA,NA,NA,NA,NA,NA,NA,NA,NA,NA,NA,NA,NA,NA,NA,NA,NA,NA,NA,NA,NA,Devin,Singletary,NYG,RB,28,1
RB,14080,weighted,NA,NA,NA,NA,NA,NA,278.04347826086956,123.95703102062511,2.0718092566619917,0.7582910684462323,0.8197054698457223,0.15640597803969603,12.652454417952315,5.422019956105622,77.61851332398317,33.58178285990999,0.0044527393402612895,0.010079829203095036,NA,NA,NA,NA,NA,NA,NA,NA,NA,NA,NA,NA,NA,NA,NA,NA,NA,NA,NA,NA,NA,NA,NA,NA,NA,NA,NA,NA,NA,NA,NA,NA,NA,NA,NA,NA,NA,NA,Devin,Singletary,NYG,RB,28,1
RB,13148,average,NA,NA,NA,NA,NA,NA,36.7,17.197964995894136,0.03333333333333333,0.05773502691896258,0,0,6.733333333333333,1.908751773629388,56.63333333333333,22.338382513810917,0.16666666666666666,0.15275252316519466,NA,NA,NA,NA,NA,NA,NA,NA,NA,NA,NA,NA,NA,NA,NA,NA,NA,NA,NA,NA,NA,NA,NA,NA,NA,NA,NA,NA,NA,NA,NA,NA,NA,NA,NA,NA,NA,NA,Dare,Ogunbowale,HOU,RB,31,3
RB,13148,robust,NA,NA,NA,NA,NA,NA,35.3,12.009060000000002,0.025,0,0,0,6.55,1.0378200000000002,54.475,12.009060000000002,0.175,0.14825999999999995,0,NA,NA,NA,NA,NA,NA,NA,NA,NA,NA,NA,NA,NA,NA,NA,NA,NA,NA,NA,NA,NA,NA,NA,NA,NA,NA,NA,NA,NA,NA,NA,NA,NA,NA,NA,NA,NA,Dare,Ogunbowale,HOU,RB,31,3
RB,13148,weighted,NA,NA,NA,NA,NA,NA,38.67224080267558,23.33452377915607,0,0,0,0,7.377257525083612,2.050609665440988,64.14715719063545,24.041630560342615,0.14247491638795984,0.21213203435596428,NA,NA,NA,NA,NA,NA,NA,NA,NA,NA,NA,NA,NA,NA,NA,NA,NA,NA,NA,NA,NA,NA,NA,NA,NA,NA,NA,NA,NA,NA,NA,NA,NA,NA,NA,NA,NA,NA,Dare,Ogunbowale,HOU,RB,31,3
RB,16391,average,NA,NA,NA,NA,NA,NA,29.1,16.568946858506123,0.1,0.1,0,0,6.133333333333333,2.967041174863155,47.86666666666667,32.27155610337582,0.03333333333333333,0.05773502691896258,NA,NA,NA,NA,NA,NA,NA,NA,NA,NA,NA,NA,NA,NA,NA,NA,NA,NA,NA,NA,NA,NA,NA,NA,NA,NA,NA,NA,NA,NA,NA,NA,NA,NA,NA,NA,NA,NA,Hunter,Luepke,DAL,RB,25,-3
RB,16391,robust,NA,NA,NA,NA,NA,NA,28.325,17.34642,0.1,0.14826,0,0,5.85,1.63086,43.9,8.006039999999997,0.025,0,0,NA,NA,NA,NA,NA,NA,NA,NA,NA,NA,NA,NA,NA,NA,NA,NA,NA,NA,NA,NA,NA,NA,NA,NA,NA,NA,NA,NA,NA,NA,NA,NA,NA,NA,NA,NA,NA,Hunter,Luepke,DAL,RB,25,-3
RB,16391,weighted,NA,NA,NA,NA,NA,NA,35.973244147157196,14.849242404917499,0.09498327759197324,0.14142135623730953,0,0,7.137123745819398,3.181980515339464,57.170568561872905,37.476659402887016,0,0,NA,NA,NA,NA,NA,NA,NA,NA,NA,NA,NA,NA,NA,NA,NA,NA,NA,NA,NA,NA,NA,NA,NA,NA,NA,NA,NA,NA,NA,NA,NA,NA,NA,NA,NA,NA,NA,NA,Hunter,Luepke,DAL,RB,25,-3
RB,15965,average,NA,NA,NA,NA,NA,NA,157.825,114.493911774091,0.7,0.47609522856952335,0.4,0.32659863237109044,8.3,5.337914698956263,49.35,24.850687448573062,0.08474462365591398,0.14467517419930342,NA,NA,NA,NA,NA,NA,NA,NA,NA,NA,NA,NA,NA,NA,NA,NA,NA,NA,NA,NA,NA,NA,NA,NA,NA,NA,NA,NA,NA,NA,NA,NA,NA,NA,NA,NA,NA,NA,Julius,Chestnut,TEN,RB,25,-2
RB,15965,robust,NA,NA,NA,NA,NA,NA,139.47500000000002,73.61109,0.8500000000000001,0.14825999999999995,0.4,0.29652,8.3,4.59606,49.35,29.651999999999997,0.029233870967741937,0.028894758064516128,0,NA,NA,NA,NA,NA,NA,NA,NA,NA,NA,NA,NA,NA,NA,NA,NA,NA,NA,NA,NA,NA,NA,NA,NA,NA,NA,NA,NA,NA,NA,NA,NA,NA,NA,NA,NA,NA,Julius,Chestnut,TEN,RB,25,-2
RB,15965,weighted,NA,NA,NA,NA,NA,NA,158.49430523917994,140.2250254670954,0.642369020501139,0.5874183548343942,0.529384965831435,0.22932717462022967,7.5580865603644645,6.306497302056316,40.57630979498861,22.414820250194307,0.012430499424400521,0.022263723853593834,NA,NA,NA,NA,NA,NA,NA,NA,NA,NA,NA,NA,NA,NA,NA,NA,NA,NA,NA,NA,NA,NA,NA,NA,NA,NA,NA,NA,NA,NA,NA,NA,NA,NA,NA,NA,NA,NA,Julius,Chestnut,TEN,RB,25,-2
RB,17061,average,NA,NA,NA,NA,NA,NA,110.53333333333333,68.79137542841642,0.5666666666666667,0.5131601439446883,0,0,6.166666666666667,5.9651767227244274,42.13333333333333,39.271533371302596,0.03333333333333333,0.05773502691896258,NA,NA,NA,NA,NA,NA,NA,NA,NA,NA,NA,NA,NA,NA,NA,NA,NA,NA,NA,NA,NA,NA,NA,NA,NA,NA,NA,NA,NA,NA,NA,NA,NA,NA,NA,NA,NA,NA,LeQuint,Allen,JAC,RB,21,-5
RB,17061,robust,NA,NA,NA,NA,NA,NA,103.4,31.727639999999997,0.6,0.44478000000000006,0,0,5.5,2.2239,37.95,16.901639999999997,0.025,0,0,NA,NA,NA,NA,NA,NA,NA,NA,NA,NA,NA,NA,NA,NA,NA,NA,NA,NA,NA,NA,NA,NA,NA,NA,NA,NA,NA,NA,NA,NA,NA,NA,NA,NA,NA,NA,NA,LeQuint,Allen,JAC,RB,21,-5
RB,17061,weighted,NA,NA,NA,NA,NA,NA,136.5422077922078,75.66042558696059,0.5097402597402597,0.7071067811865475,0,0,7.607142857142857,7.7781745930520225,51.21103896103896,51.61879502661797,0,0,NA,NA,NA,NA,NA,NA,NA,NA,NA,NA,NA,NA,NA,NA,NA,NA,NA,NA,NA,NA,NA,NA,NA,NA,NA,NA,NA,NA,NA,NA,NA,NA,NA,NA,NA,NA,NA,NA,LeQuint,Allen,JAC,RB,21,-5
RB,14852,average,NA,NA,NA,NA,NA,NA,260.28,159.07165680912487,0.96,0.08944271909999157,0,0,17.919999999999998,7.388639928972043,141.24,59.23586751285069,0.3453093227756905,0.41986031197314977,NA,NA,NA,NA,NA,NA,NA,NA,NA,NA,NA,NA,NA,NA,NA,NA,NA,NA,NA,NA,NA,NA,NA,NA,NA,NA,NA,NA,NA,NA,NA,NA,NA,NA,NA,NA,NA,NA,Antonio,Gibson,NEP,RB,27,0
RB,14852,robust,NA,NA,NA,NA,NA,NA,271,202.22664,1,0,0,0,17.6,5.6338800000000004,141,57.52488000000001,0.25,0.33587800973619364,0,NA,NA,NA,NA,NA,NA,NA,NA,NA,NA,NA,NA,NA,NA,NA,NA,NA,NA,NA,NA,NA,NA,NA,NA,NA,NA,NA,NA,NA,NA,NA,NA,NA,NA,NA,NA,NA,Antonio,Gibson,NEP,RB,27,0
RB,14852,weighted,NA,NA,NA,NA,NA,NA,265.7014388489208,183.90869008161738,0.9489208633093523,0.10079831020734194,0,0,17.79568345323741,8.352186440002766,139.42625899280574,67.58464331151721,0.2782671329909772,0.4575167654411814,NA,NA,NA,NA,NA,NA,NA,NA,NA,NA,NA,NA,NA,NA,NA,NA,NA,NA,NA,NA,NA,NA,NA,NA,NA,NA,NA,NA,NA,NA,NA,NA,NA,NA,NA,NA,NA,NA,Antonio,Gibson,NEP,RB,27,0
RB,15271,average,NA,NA,NA,NA,NA,NA,287.15,81.81225458328355,1.8,0.28284271247461895,0,0,10.15,2.616295090390225,61.7,15.980613254815974,0.15,0.21213203435596426,NA,NA,NA,NA,NA,NA,NA,NA,NA,NA,NA,NA,NA,NA,NA,NA,NA,NA,NA,NA,NA,NA,NA,NA,NA,NA,NA,NA,NA,NA,NA,NA,NA,NA,NA,NA,NA,NA,Khalil,Herbert,NYJ,RB,27,-1
RB,15271,robust,NA,NA,NA,NA,NA,NA,287.15,85.76840999999999,1.8,0.2965199999999999,0,0,10.15,2.7428099999999995,61.7,16.75338,0.15,0.22238999999999998,NA,NA,NA,NA,NA,NA,NA,NA,NA,NA,NA,NA,NA,NA,NA,NA,NA,NA,NA,NA,NA,NA,NA,NA,NA,NA,NA,NA,NA,NA,NA,NA,NA,NA,NA,NA,NA,NA,Khalil,Herbert,NYJ,RB,27,-1
RB,15271,weighted,NA,NA,NA,NA,NA,NA,345,NA,2,NA,0,NA,12,NA,73,NA,0,NA,NA,NA,NA,NA,NA,NA,NA,NA,NA,NA,NA,NA,NA,NA,NA,NA,NA,NA,NA,NA,NA,NA,NA,NA,NA,NA,NA,NA,NA,NA,NA,NA,NA,NA,NA,NA,NA,NA,Khalil,Herbert,NYJ,RB,27,-1
RB,17337,average,NA,NA,NA,NA,NA,NA,86,94.75230867899737,0.5,0.7071067811865476,0,0,2.9,0.14142135623730964,24.5,6.363961030678928,0,0,NA,NA,NA,NA,NA,NA,NA,NA,NA,NA,NA,NA,NA,NA,NA,NA,NA,NA,NA,NA,NA,NA,NA,NA,NA,NA,NA,NA,NA,NA,NA,NA,NA,NA,NA,NA,NA,NA,Zavier,Scott,MIN,RB,26,-3
RB,17337,robust,NA,NA,NA,NA,NA,NA,86,99.3342,0.5,0.7413,0,0,2.9,0.14826000000000011,24.5,6.6716999999999995,0,0,NA,NA,NA,NA,NA,NA,NA,NA,NA,NA,NA,NA,NA,NA,NA,NA,NA,NA,NA,NA,NA,NA,NA,NA,NA,NA,NA,NA,NA,NA,NA,NA,NA,NA,NA,NA,NA,NA,Zavier,Scott,MIN,RB,26,-3
RB,17337,weighted,NA,NA,NA,NA,NA,NA,19,NA,0,NA,0,NA,2.8,NA,20,NA,0,NA,NA,NA,NA,NA,NA,NA,NA,NA,NA,NA,NA,NA,NA,NA,NA,NA,NA,NA,NA,NA,NA,NA,NA,NA,NA,NA,NA,NA,NA,NA,NA,NA,NA,NA,NA,NA,NA,NA,Zavier,Scott,MIN,RB,26,-3
RB,16608,average,NA,NA,NA,NA,NA,NA,89,73.91210996852952,0.5333333333333333,0.5033222956847166,0,0,4.133333333333334,1.205542754668342,22.3,6.509224224129938,0,0,NA,NA,NA,NA,NA,NA,NA,NA,NA,NA,NA,NA,NA,NA,NA,NA,NA,NA,NA,NA,NA,NA,NA,NA,NA,NA,NA,NA,NA,NA,NA,NA,NA,NA,NA,NA,NA,NA,George,Holani,SEA,RB,26,-4
RB,16608,robust,NA,NA,NA,NA,NA,NA,91.25,88.95599999999999,0.55,0.59304,0,0,4.1,1.4826,22.2,8.747339999999998,0,0,0,NA,NA,NA,NA,NA,NA,NA,NA,NA,NA,NA,NA,NA,NA,NA,NA,NA,NA,NA,NA,NA,NA,NA,NA,NA,NA,NA,NA,NA,NA,NA,NA,NA,NA,NA,NA,NA,George,Holani,SEA,RB,26,-4
RB,16608,weighted,NA,NA,NA,NA,NA,NA,83.97872340425532,103.94469683442247,0.49645390070921985,0.7071067811865475,0,0,4.704964539007092,0.9899494936611667,22.45390070921986,9.192388155425117,0,0,NA,NA,NA,NA,NA,NA,NA,NA,NA,NA,NA,NA,NA,NA,NA,NA,NA,NA,NA,NA,NA,NA,NA,NA,NA,NA,NA,NA,NA,NA,NA,NA,NA,NA,NA,NA,NA,NA,George,Holani,SEA,RB,26,-4
RB,14727,average,NA,NA,NA,NA,NA,NA,90,45.31004303683677,0.03333333333333333,0.05773502691896258,0,0,4.3,2.364318083507378,39.1,17.479416466232504,0.13333333333333333,0.23094010767585033,NA,NA,NA,NA,NA,NA,NA,NA,NA,NA,NA,NA,NA,NA,NA,NA,NA,NA,NA,NA,NA,NA,NA,NA,NA,NA,NA,NA,NA,NA,NA,NA,NA,NA,NA,NA,NA,NA,Craig,Reynolds,DET,RB,29,1
RB,14727,robust,NA,NA,NA,NA,NA,NA,95.25,14.825999999999999,0.025,0,0,0,4.225,2.8169399999999998,40.075,16.753379999999996,0.1,0,0,NA,NA,NA,NA,NA,NA,NA,NA,NA,NA,NA,NA,NA,NA,NA,NA,NA,NA,NA,NA,NA,NA,NA,NA,NA,NA,NA,NA,NA,NA,NA,NA,NA,NA,NA,NA,NA,Craig,Reynolds,DET,RB,29,1
RB,14727,weighted,NA,NA,NA,NA,NA,NA,116.15358361774746,7.071067811865475,0,0,0,0,3.0791808873720137,1.34350288425444,31.85324232081911,16.263455967290593,0,0,NA,NA,NA,NA,NA,NA,NA,NA,NA,NA,NA,NA,NA,NA,NA,NA,NA,NA,NA,NA,NA,NA,NA,NA,NA,NA,NA,NA,NA,NA,NA,NA,NA,NA,NA,NA,NA,NA,Craig,Reynolds,DET,RB,29,1
RB,14083,average,NA,NA,NA,NA,NA,NA,39.25,34.294678887547555,0.15,0.21213203435596426,0,0,1.95,1.909188309203678,13.45,16.19274528917194,0.05,0.07071067811865477,NA,NA,NA,NA,NA,NA,NA,NA,NA,NA,NA,NA,NA,NA,NA,NA,NA,NA,NA,NA,NA,NA,NA,NA,NA,NA,NA,NA,NA,NA,NA,NA,NA,NA,NA,NA,NA,NA,Travis,Homer,CHI,RB,27,1
RB,14083,robust,NA,NA,NA,NA,NA,NA,39.25,35.95305,0.15,0.22238999999999998,0,0,1.95,2.00151,13.45,16.975769999999997,0.05,0.07413,NA,NA,NA,NA,NA,NA,NA,NA,NA,NA,NA,NA,NA,NA,NA,NA,NA,NA,NA,NA,NA,NA,NA,NA,NA,NA,NA,NA,NA,NA,NA,NA,NA,NA,NA,NA,NA,NA,Travis,Homer,CHI,RB,27,1
RB,14083,weighted,NA,NA,NA,NA,NA,NA,15,NA,0,NA,0,NA,0.6,NA,2,NA,0,NA,NA,NA,NA,NA,NA,NA,NA,NA,NA,NA,NA,NA,NA,NA,NA,NA,NA,NA,NA,NA,NA,NA,NA,NA,NA,NA,NA,NA,NA,NA,NA,NA,NA,NA,NA,NA,NA,NA,Travis,Homer,CHI,RB,27,1
RB,16170,average,NA,NA,NA,NA,NA,NA,83.1,67.74082963767125,0.1,0.14142135623730953,0,0,2.65,1.7677669529663689,23,9.899494936611665,0.1,0.14142135623730953,NA,NA,NA,NA,NA,NA,NA,NA,NA,NA,NA,NA,NA,NA,NA,NA,NA,NA,NA,NA,NA,NA,NA,NA,NA,NA,NA,NA,NA,NA,NA,NA,NA,NA,NA,NA,NA,NA,Kenny,McIntosh,SEA,RB,25,-3
RB,16170,robust,NA,NA,NA,NA,NA,NA,83.1,71.01653999999999,0.1,0.14826,0,0,2.65,1.8532499999999998,23,10.3782,0.1,0.14826,NA,NA,NA,NA,NA,NA,NA,NA,NA,NA,NA,NA,NA,NA,NA,NA,NA,NA,NA,NA,NA,NA,NA,NA,NA,NA,NA,NA,NA,NA,NA,NA,NA,NA,NA,NA,NA,NA,Kenny,McIntosh,SEA,RB,25,-3
RB,16170,weighted,NA,NA,NA,NA,NA,NA,131,NA,0,NA,0,NA,1.4,NA,16,NA,0,NA,NA,NA,NA,NA,NA,NA,NA,NA,NA,NA,NA,NA,NA,NA,NA,NA,NA,NA,NA,NA,NA,NA,NA,NA,NA,NA,NA,NA,NA,NA,NA,NA,NA,NA,NA,NA,NA,NA,Kenny,McIntosh,SEA,RB,25,-3
RB,17348,average,NA,NA,NA,NA,NA,NA,39.55,0.6363961030678917,0.15,0.21213203435596426,0.3,0.282842712474619,2,0.14142135623730964,13.1,1.5556349186104041,0.05,0.07071067811865477,NA,NA,NA,NA,NA,NA,NA,NA,NA,NA,NA,NA,NA,NA,NA,NA,NA,NA,NA,NA,NA,NA,NA,NA,NA,NA,NA,NA,NA,NA,NA,NA,NA,NA,NA,NA,NA,NA,Nathan,Carter,ATL,RB,23,-5
RB,17348,robust,NA,NA,NA,NA,NA,NA,39.55,0.6671699999999989,0.15,0.22238999999999998,0.3,0.29652,2,0.14826000000000011,13.1,1.6308599999999993,0.05,0.07413,NA,NA,NA,NA,NA,NA,NA,NA,NA,NA,NA,NA,NA,NA,NA,NA,NA,NA,NA,NA,NA,NA,NA,NA,NA,NA,NA,NA,NA,NA,NA,NA,NA,NA,NA,NA,NA,NA,Nathan,Carter,ATL,RB,23,-5
RB,17348,weighted,NA,NA,NA,NA,NA,NA,40,NA,0,NA,0.5,NA,1.9000000000000001,NA,12,NA,0,NA,NA,NA,NA,NA,NA,NA,NA,NA,NA,NA,NA,NA,NA,NA,NA,NA,NA,NA,NA,NA,NA,NA,NA,NA,NA,NA,NA,NA,NA,NA,NA,NA,NA,NA,NA,NA,NA,NA,Nathan,Carter,ATL,RB,23,-5
RB,16173,average,NA,NA,NA,NA,NA,NA,31.3,15.980613254815974,0.1,0.14142135623730953,0.4,0.14142135623730953,3.25,1.909188309203678,21.15,9.6873629022557,0.05,0.07071067811865477,NA,NA,NA,NA,NA,NA,NA,NA,NA,NA,NA,NA,NA,NA,NA,NA,NA,NA,NA,NA,NA,NA,NA,NA,NA,NA,NA,NA,NA,NA,NA,NA,NA,NA,NA,NA,NA,NA,Eric,Gray,NYG,RB,26,-3
RB,16173,robust,NA,NA,NA,NA,NA,NA,31.3,16.75338,0.1,0.14826,0.4,0.14826,3.25,2.0015099999999997,21.15,10.155809999999999,0.05,0.07413,NA,NA,NA,NA,NA,NA,NA,NA,NA,NA,NA,NA,NA,NA,NA,NA,NA,NA,NA,NA,NA,NA,NA,NA,NA,NA,NA,NA,NA,NA,NA,NA,NA,NA,NA,NA,NA,NA,Eric,Gray,NYG,RB,26,-3
RB,16173,weighted,NA,NA,NA,NA,NA,NA,20,NA,0,NA,0.3,NA,4.6,NA,28,NA,0,NA,NA,NA,NA,NA,NA,NA,NA,NA,NA,NA,NA,NA,NA,NA,NA,NA,NA,NA,NA,NA,NA,NA,NA,NA,NA,NA,NA,NA,NA,NA,NA,NA,NA,NA,NA,NA,NA,NA,Eric,Gray,NYG,RB,26,-3
RB,16746,average,NA,NA,NA,NA,NA,NA,32.7,0.9899494936611655,0.05,0.07071067811865477,0,0,0.7,0.9899494936611665,5.1,7.212489168102785,0.05,0.07071067811865477,NA,NA,NA,NA,NA,NA,NA,NA,NA,NA,NA,NA,NA,NA,NA,NA,NA,NA,NA,NA,NA,NA,NA,NA,NA,NA,NA,NA,NA,NA,NA,NA,NA,NA,NA,NA,NA,NA,Rasheen,Ali,BAL,RB,24,-4
RB,16746,robust,NA,NA,NA,NA,NA,NA,32.7,1.0378199999999989,0.05,0.07413,0,0,0.7,1.03782,5.1,7.561259999999999,0.05,0.07413,NA,NA,NA,NA,NA,NA,NA,NA,NA,NA,NA,NA,NA,NA,NA,NA,NA,NA,NA,NA,NA,NA,NA,NA,NA,NA,NA,NA,NA,NA,NA,NA,NA,NA,NA,NA,NA,NA,Rasheen,Ali,BAL,RB,24,-4
RB,16746,weighted,NA,NA,NA,NA,NA,NA,32,NA,0,NA,0,NA,0,NA,0,NA,0,NA,NA,NA,NA,NA,NA,NA,NA,NA,NA,NA,NA,NA,NA,NA,NA,NA,NA,NA,NA,NA,NA,NA,NA,NA,NA,NA,NA,NA,NA,NA,NA,NA,NA,NA,NA,NA,NA,NA,Rasheen,Ali,BAL,RB,24,-4
RB,15257,average,NA,NA,NA,NA,NA,NA,39.9,27.011479041326115,0.25,0.21213203435596428,0,0,2.9000000000000004,1.8384776310850237,20.6,13.293607486307094,0.05,0.07071067811865477,NA,NA,NA,NA,NA,NA,NA,NA,NA,NA,NA,NA,NA,NA,NA,NA,NA,NA,NA,NA,NA,NA,NA,NA,NA,NA,NA,NA,NA,NA,NA,NA,NA,NA,NA,NA,NA,NA,Trey,Sermon,PIT,RB,26,-1
RB,15257,robust,NA,NA,NA,NA,NA,NA,39.9,28.31766,0.25,0.22239000000000003,0,0,2.9000000000000004,1.9273799999999999,20.6,13.93644,0.05,0.07413,NA,NA,NA,NA,NA,NA,NA,NA,NA,NA,NA,NA,NA,NA,NA,NA,NA,NA,NA,NA,NA,NA,NA,NA,NA,NA,NA,NA,NA,NA,NA,NA,NA,NA,NA,NA,NA,NA,Trey,Sermon,PIT,RB,26,-1
RB,15257,weighted,NA,NA,NA,NA,NA,NA,59.00000000000001,NA,0.4,NA,0,NA,4.2,NA,30,NA,0,NA,NA,NA,NA,NA,NA,NA,NA,NA,NA,NA,NA,NA,NA,NA,NA,NA,NA,NA,NA,NA,NA,NA,NA,NA,NA,NA,NA,NA,NA,NA,NA,NA,NA,NA,NA,NA,NA,NA,Trey,Sermon,PIT,RB,26,-1
RB,16595,average,NA,NA,NA,NA,NA,NA,230,296.98484809834997,1.5,2.1213203435596424,0,0,6,7.0710678118654755,37,43.840620433565945,0,0,NA,NA,NA,NA,NA,NA,NA,NA,NA,NA,NA,NA,NA,NA,NA,NA,NA,NA,NA,NA,NA,NA,NA,NA,NA,NA,NA,NA,NA,NA,NA,NA,NA,NA,NA,NA,NA,NA,Audric,Estime,PHI,RB,22,-4
RB,16595,robust,NA,NA,NA,NA,NA,NA,230,311.346,1.5,2.2239,0,0,6,7.412999999999999,37,45.9606,0,0,NA,NA,NA,NA,NA,NA,NA,NA,NA,NA,NA,NA,NA,NA,NA,NA,NA,NA,NA,NA,NA,NA,NA,NA,NA,NA,NA,NA,NA,NA,NA,NA,NA,NA,NA,NA,NA,NA,Audric,Estime,PHI,RB,22,-4
RB,16595,weighted,NA,NA,NA,NA,NA,NA,440,NA,3,NA,0,NA,11,NA,68.00000000000001,NA,0,NA,NA,NA,NA,NA,NA,NA,NA,NA,NA,NA,NA,NA,NA,NA,NA,NA,NA,NA,NA,NA,NA,NA,NA,NA,NA,NA,NA,NA,NA,NA,NA,NA,NA,NA,NA,NA,NA,NA,Audric,Estime,PHI,RB,22,-4
RB,14799,average,NA,NA,NA,NA,NA,NA,160.75,212.48558774655754,0.5,0.7071067811865476,0,0,6.25,8.131727983645296,40.5,53.033008588991066,0.5,0.7071067811865476,NA,NA,NA,NA,NA,NA,NA,NA,NA,NA,NA,NA,NA,NA,NA,NA,NA,NA,NA,NA,NA,NA,NA,NA,NA,NA,NA,NA,NA,NA,NA,NA,NA,NA,NA,NA,NA,NA,Cam,Akers,MIN,RB,26,0
RB,14799,robust,NA,NA,NA,NA,NA,NA,160.75,222.76065,0.5,0.7413,0,0,6.25,8.524949999999999,40.5,55.5975,0.5,0.7413,NA,NA,NA,NA,NA,NA,NA,NA,NA,NA,NA,NA,NA,NA,NA,NA,NA,NA,NA,NA,NA,NA,NA,NA,NA,NA,NA,NA,NA,NA,NA,NA,NA,NA,NA,NA,NA,NA,Cam,Akers,MIN,RB,26,0
RB,14799,weighted,NA,NA,NA,NA,NA,NA,311,NA,1,NA,0,NA,12,NA,78,NA,1,NA,NA,NA,NA,NA,NA,NA,NA,NA,NA,NA,NA,NA,NA,NA,NA,NA,NA,NA,NA,NA,NA,NA,NA,NA,NA,NA,NA,NA,NA,NA,NA,NA,NA,NA,NA,NA,NA,NA,Cam,Akers,MIN,RB,26,0
RB,14017,average,NA,NA,NA,NA,NA,NA,83.5,109.60155108391487,0,0,0.45,0.6363961030678927,3.85,4.737615433949869,25.25,30.759144981614817,0,0,NA,NA,NA,NA,NA,NA,NA,NA,NA,NA,NA,NA,NA,NA,NA,NA,NA,NA,NA,NA,NA,NA,NA,NA,NA,NA,NA,NA,NA,NA,NA,NA,NA,NA,NA,NA,NA,NA,Jeffery,Wilson,MIA,RB,30,2
RB,14017,robust,NA,NA,NA,NA,NA,NA,83.5,114.9015,0,0,0.45,0.6671699999999999,3.85,4.96671,25.25,32.24655,0,0,NA,NA,NA,NA,NA,NA,NA,NA,NA,NA,NA,NA,NA,NA,NA,NA,NA,NA,NA,NA,NA,NA,NA,NA,NA,NA,NA,NA,NA,NA,NA,NA,NA,NA,NA,NA,NA,NA,Jeffery,Wilson,MIA,RB,30,2
RB,14017,weighted,NA,NA,NA,NA,NA,NA,161,NA,0,NA,0.9,NA,7.2,NA,47,NA,0,NA,NA,NA,NA,NA,NA,NA,NA,NA,NA,NA,NA,NA,NA,NA,NA,NA,NA,NA,NA,NA,NA,NA,NA,NA,NA,NA,NA,NA,NA,NA,NA,NA,NA,NA,NA,NA,NA,NA,Jeffery,Wilson,MIA,RB,30,2
RB,16678,average,NA,NA,NA,NA,NA,NA,12.25,10.960155108391486,0,0,0,0,0.95,0.6363961030678927,11.75,11.667261889578034,0,0,NA,NA,NA,NA,NA,NA,NA,NA,NA,NA,NA,NA,NA,NA,NA,NA,NA,NA,NA,NA,NA,NA,NA,NA,NA,NA,NA,NA,NA,NA,NA,NA,NA,NA,NA,NA,NA,NA,Sione,Vaki,DET,RB,24,-4
RB,16678,robust,NA,NA,NA,NA,NA,NA,12.25,11.49015,0,0,0,0,0.95,0.6671699999999999,11.75,12.231449999999999,0,0,NA,NA,NA,NA,NA,NA,NA,NA,NA,NA,NA,NA,NA,NA,NA,NA,NA,NA,NA,NA,NA,NA,NA,NA,NA,NA,NA,NA,NA,NA,NA,NA,NA,NA,NA,NA,NA,NA,Sione,Vaki,DET,RB,24,-4
RB,16678,weighted,NA,NA,NA,NA,NA,NA,20,NA,0,NA,0,NA,1.4,NA,20,NA,0,NA,NA,NA,NA,NA,NA,NA,NA,NA,NA,NA,NA,NA,NA,NA,NA,NA,NA,NA,NA,NA,NA,NA,NA,NA,NA,NA,NA,NA,NA,NA,NA,NA,NA,NA,NA,NA,NA,NA,Sione,Vaki,DET,RB,24,-4
RB,14817,average,NA,NA,NA,NA,NA,NA,34.5,43.1335136523794,0.1,0.14142135623730953,0,0,1.5,1.4142135623730951,13.25,13.788582233137676,0,0,NA,NA,NA,NA,NA,NA,NA,NA,NA,NA,NA,NA,NA,NA,NA,NA,NA,NA,NA,NA,NA,NA,NA,NA,NA,NA,NA,NA,NA,NA,NA,NA,NA,NA,NA,NA,NA,NA,Patrick,Taylor,SFO,RB,27,0
RB,14817,robust,NA,NA,NA,NA,NA,NA,34.5,45.2193,0.1,0.14826,0,0,1.5,1.4826,13.25,14.45535,0,0,NA,NA,NA,NA,NA,NA,NA,NA,NA,NA,NA,NA,NA,NA,NA,NA,NA,NA,NA,NA,NA,NA,NA,NA,NA,NA,NA,NA,NA,NA,NA,NA,NA,NA,NA,NA,NA,NA,Patrick,Taylor,SFO,RB,27,0
RB,14817,weighted,NA,NA,NA,NA,NA,NA,65,NA,0.2,NA,0,NA,2.5,NA,23,NA,0,NA,NA,NA,NA,NA,NA,NA,NA,NA,NA,NA,NA,NA,NA,NA,NA,NA,NA,NA,NA,NA,NA,NA,NA,NA,NA,NA,NA,NA,NA,NA,NA,NA,NA,NA,NA,NA,NA,NA,Patrick,Taylor,SFO,RB,27,0
WR,15287,average,NA,NA,NA,NA,NA,NA,14.942857142857143,9.053311492464614,0.016666666666666666,0.03450327796711771,0.675,0.29940417021620985,107.9,17.667807690017135,1247.35,203.15639999060542,8.9625,1.1855529150087374,NA,NA,NA,NA,NA,NA,NA,NA,NA,NA,NA,NA,NA,NA,NA,NA,NA,NA,NA,NA,NA,NA,NA,NA,NA,NA,NA,NA,NA,NA,NA,NA,NA,NA,NA,NA,NA,NA,Amon-Ra,St. Brown,DET,WR,26,-1
WR,15287,robust,0,NA,NA,NA,NA,NA,14.65,5.1891,0.008333333333333333,0,0.70625,0.0926625,111.875,9.636899999999999,1268.65,95.62769999999999,8.95,0.5930400000000005,0,NA,0,NA,0,NA,0,NA,NA,NA,NA,NA,NA,NA,NA,NA,NA,NA,NA,NA,NA,NA,NA,NA,NA,NA,NA,NA,NA,NA,NA,NA,NA,NA,NA,NA,NA,NA,Amon-Ra,St. Brown,DET,WR,26,-1
WR,15287,weighted,NA,NA,NA,NA,NA,NA,15.24248120300752,10.058132794157888,0.004554655870445345,0.008026420822922336,0.6399544534412955,0.31105646427065187,107.2591093117409,19.171730797850277,1240.3997975708503,220.03789956004573,8.909716599190283,1.250022428962911,NA,NA,NA,NA,NA,NA,NA,NA,NA,NA,NA,NA,NA,NA,NA,NA,NA,NA,NA,NA,NA,NA,NA,NA,NA,NA,NA,NA,NA,NA,NA,NA,NA,NA,NA,NA,NA,NA,Amon-Ra,St. Brown,DET,WR,26,-1
WR,15281,average,NA,NA,NA,NA,NA,NA,13.67142857142857,7.230236962272554,0,0,0.65,0.30937725468153876,112.5125,17.48268020478717,1474.4875,266.47345318061235,12.125,2.9893859856881266,NA,NA,NA,NA,NA,NA,NA,NA,NA,NA,NA,NA,NA,NA,NA,NA,NA,NA,NA,NA,NA,NA,NA,NA,NA,NA,NA,NA,NA,NA,NA,NA,NA,NA,NA,NA,NA,NA,Ja'Marr,Chase,CIN,WR,25,-1
WR,15281,robust,0,NA,NA,NA,NA,NA,13.917857142857143,7.412999999999999,0,0,0.65,0.03706500000000003,117.5,4.521929999999996,1546.725,69.6822,11.9,1.3343400000000005,0,NA,0,NA,0,NA,0,NA,NA,NA,NA,NA,NA,NA,NA,NA,NA,NA,NA,NA,NA,NA,NA,NA,NA,NA,NA,NA,NA,NA,NA,NA,NA,NA,NA,NA,NA,NA,Ja'Marr,Chase,CIN,WR,25,-1
WR,15281,weighted,NA,NA,NA,NA,NA,NA,13.740167727009831,7.991242417037233,0,0,0.6575404858299596,0.33483376149623495,111.10728744939271,18.72775868708448,1453.6133603238868,285.63739034326903,11.95910931174089,3.173274673319159,NA,NA,NA,NA,NA,NA,NA,NA,NA,NA,NA,NA,NA,NA,NA,NA,NA,NA,NA,NA,NA,NA,NA,NA,NA,NA,NA,NA,NA,NA,NA,NA,NA,NA,NA,NA,NA,NA,Ja'Marr,Chase,CIN,WR,25,-1
WR,14102,average,NA,NA,NA,NA,NA,NA,1.5333333333333332,1.9760470401187074,0,0,1.025,0.4967753156968594,73.675,11.312161597148442,1095.8875,115.83517153388998,7.4,0.7387247699341655,NA,NA,NA,NA,NA,NA,NA,NA,NA,NA,NA,NA,NA,NA,NA,NA,NA,NA,NA,NA,NA,NA,NA,NA,NA,NA,NA,NA,NA,NA,NA,NA,NA,NA,NA,NA,NA,NA,DK,Metcalf,PIT,WR,28,1
WR,14102,robust,0,NA,NA,NA,NA,NA,1.1,1.4826,0,0,1.025,0.018532499999999934,76.2,4.003020000000004,1130,53.373599999999996,7.15,0.07412999999999974,0,NA,0,NA,0,NA,0,NA,NA,NA,NA,NA,NA,NA,NA,NA,NA,NA,NA,NA,NA,NA,NA,NA,NA,NA,NA,NA,NA,NA,NA,NA,NA,NA,NA,NA,NA,NA,DK,Metcalf,PIT,WR,28,1
WR,14102,weighted,NA,NA,NA,NA,NA,NA,1.58306342780027,2.121215760629076,0,0,0.982413967611336,0.5280737607857363,72.98542510121457,12.215521326629428,1088.3846153846155,125.10471401307922,7.366194331983806,0.7617592286569286,NA,NA,NA,NA,NA,NA,NA,NA,NA,NA,NA,NA,NA,NA,NA,NA,NA,NA,NA,NA,NA,NA,NA,NA,NA,NA,NA,NA,NA,NA,NA,NA,NA,NA,NA,NA,NA,NA,DK,Metcalf,PIT,WR,28,1
WR,16185,average,NA,NA,NA,NA,NA,NA,24.985714285714284,14.495361678967573,0,0,0.65,0.30937725468153876,92.075,13.62463629920866,1117.5875,120.48350731828106,6.85,1.3846092795958205,NA,NA,NA,NA,NA,NA,NA,NA,NA,NA,NA,NA,NA,NA,NA,NA,NA,NA,NA,NA,NA,NA,NA,NA,NA,NA,NA,NA,NA,NA,NA,NA,NA,NA,NA,NA,NA,NA,Jaxon,Smith-Njigba,SEA,WR,23,-3
WR,16185,robust,0,NA,NA,NA,NA,NA,25.99642857142857,15.5673,0,0,0.65,0.03706500000000003,91.875,7.04235,1120.75,85.9908,7,1.1860799999999996,0,NA,0,NA,0,NA,0,NA,NA,NA,NA,NA,NA,NA,NA,NA,NA,NA,NA,NA,NA,NA,NA,NA,NA,NA,NA,NA,NA,NA,NA,NA,NA,NA,NA,NA,NA,NA,Jaxon,Smith-Njigba,SEA,WR,23,-3
WR,16185,weighted,NA,NA,NA,NA,NA,NA,25.374638519375363,15.934119736394136,0,0,0.6575404858299596,0.33483376149623495,91.26720647773278,14.456833701605955,1114.0050607287449,128.31097894969153,6.813157894736842,1.4751396449119862,NA,NA,NA,NA,NA,NA,NA,NA,NA,NA,NA,NA,NA,NA,NA,NA,NA,NA,NA,NA,NA,NA,NA,NA,NA,NA,NA,NA,NA,NA,NA,NA,NA,NA,NA,NA,NA,NA,Jaxon,Smith-Njigba,SEA,WR,23,-3
WR,14836,average,NA,NA,NA,NA,NA,NA,1.9666666666666666,3.3164812104167902,0,0,0.4,0.32071349029490925,99.025,17.59519008950214,1427.0375,245.220506818426,9.325,2.7101660465735304,NA,NA,NA,NA,NA,NA,NA,NA,NA,NA,NA,NA,NA,NA,NA,NA,NA,NA,NA,NA,NA,NA,NA,NA,NA,NA,NA,NA,NA,NA,NA,NA,NA,NA,NA,NA,NA,NA,Justin,Jefferson,MIN,WR,26,0
WR,14836,robust,0,NA,NA,NA,NA,NA,1.9916666666666667,1.63086,0,0,0.4,0.14825999999999995,102.3,12.231449999999999,1439.325,96.59139000000013,9.5,0.7413,0,NA,0,NA,0,NA,0,NA,NA,NA,NA,NA,NA,NA,NA,NA,NA,NA,NA,NA,NA,NA,NA,NA,NA,NA,NA,NA,NA,NA,NA,NA,NA,NA,NA,NA,NA,NA,Justin,Jefferson,MIN,WR,26,0
WR,14836,weighted,NA,NA,NA,NA,NA,NA,1.8295883940620783,3.5396424636819144,0,0,0.3688259109311742,0.33573011315678036,98.00647773279353,19.048893636110833,1414.0506072874493,262.25439329173753,9.221862348178139,2.8985097822068373,NA,NA,NA,NA,NA,NA,NA,NA,NA,NA,NA,NA,NA,NA,NA,NA,NA,NA,NA,NA,NA,NA,NA,NA,NA,NA,NA,NA,NA,NA,NA,NA,NA,NA,NA,NA,NA,NA,Justin,Jefferson,MIN,WR,26,0
WR,16211,average,NA,NA,NA,NA,NA,NA,65.48571428571428,7.233933640721855,0.5992248830409104,0.4140451399050272,0.4,0.32071349029490925,104.2125,16.153233864638818,1335.8375,228.483722067897,6.6,1.4020393310154626,NA,NA,NA,NA,NA,NA,NA,NA,NA,NA,NA,NA,NA,NA,NA,NA,NA,NA,NA,NA,NA,NA,NA,NA,NA,NA,NA,NA,NA,NA,NA,NA,NA,NA,NA,NA,NA,NA,Puka,Nacua,LAR,WR,24,-3
WR,16211,robust,0,NA,NA,NA,NA,NA,64.99285714285713,5.252639999999986,0.5984497660818209,0.59304,0.4,0.14825999999999995,104.7,9.562770000000004,1360.675,144.33110999999985,6.5,0.7413000000000006,0,NA,0,NA,0,NA,0,NA,NA,NA,NA,NA,NA,NA,NA,NA,NA,NA,NA,NA,NA,NA,NA,NA,NA,NA,NA,NA,NA,NA,NA,NA,NA,NA,NA,NA,NA,NA,Puka,Nacua,LAR,WR,24,-3
WR,16211,weighted,NA,NA,NA,NA,NA,NA,66.1792943898207,7.77315123565734,0.611734694698934,0.4472443592607753,0.3688259109311742,0.33573011315678036,103.62226720647773,17.267352604237445,1326.3087044534414,245.09831183845301,6.512145748987854,1.4806841900936458,NA,NA,NA,NA,NA,NA,NA,NA,NA,NA,NA,NA,NA,NA,NA,NA,NA,NA,NA,NA,NA,NA,NA,NA,NA,NA,NA,NA,NA,NA,NA,NA,NA,NA,NA,NA,NA,NA,Puka,Nacua,LAR,WR,24,-3
WR,17081,average,NA,NA,NA,NA,NA,NA,16.357142857142858,8.931142486963747,0,0,0.925,0.14516001023501127,64.5125,10.673255963254272,816.7375,111.99570065089871,5.8625,1.205863650193148,NA,NA,NA,NA,NA,NA,NA,NA,NA,NA,NA,NA,NA,NA,NA,NA,NA,NA,NA,NA,NA,NA,NA,NA,NA,NA,NA,NA,NA,NA,NA,NA,NA,NA,NA,NA,NA,NA,Emeka,Egbuka,TBB,WR,23,-5
WR,17081,robust,0,NA,NA,NA,NA,NA,17,8.8956,0,0,0.9437500000000001,0.055597499999999966,64.65,8.8956,802,121.5732,5.85,1.2602099999999994,0,NA,0,NA,0,NA,0,NA,NA,NA,NA,NA,NA,NA,NA,NA,NA,NA,NA,NA,NA,NA,NA,NA,NA,NA,NA,NA,NA,NA,NA,NA,NA,NA,NA,NA,NA,NA,Emeka,Egbuka,TBB,WR,23,-5
WR,17081,weighted,NA,NA,NA,NA,NA,NA,16.937680740312317,9.681037941639518,0,0,0.8999240890688259,0.13743721537232134,64.17672064777328,11.534799535885474,814.1103238866397,117.99140703214997,5.873886639676114,1.2787219977399993,NA,NA,NA,NA,NA,NA,NA,NA,NA,NA,NA,NA,NA,NA,NA,NA,NA,NA,NA,NA,NA,NA,NA,NA,NA,NA,NA,NA,NA,NA,NA,NA,NA,NA,NA,NA,NA,NA,Emeka,Egbuka,TBB,WR,23,-5
WR,14832,average,NA,NA,NA,NA,NA,NA,53.68571428571428,26.56353185270731,0.3142857142857143,0.4155154163499711,1.075,0.09819805060619659,107.35,19.055257992030892,1334.4,212.66142104293388,8.5375,1.9323837980217964,NA,NA,NA,NA,NA,NA,NA,NA,NA,NA,NA,NA,NA,NA,NA,NA,NA,NA,NA,NA,NA,NA,NA,NA,NA,NA,NA,NA,NA,NA,NA,NA,NA,NA,NA,NA,NA,NA,CeeDee,Lamb,DAL,WR,26,0
WR,14832,robust,0,NA,NA,NA,NA,NA,57.12142857142857,22.238999999999997,0.22857142857142856,0.22238999999999998,1.05625,0.055597499999999966,112.3,7.412999999999999,1384.25,94.8864,8.35,0.8895599999999995,0,NA,0,NA,0,NA,0,NA,NA,NA,NA,NA,NA,NA,NA,NA,NA,NA,NA,NA,NA,NA,NA,NA,NA,NA,NA,NA,NA,NA,NA,NA,NA,NA,NA,NA,NA,NA,CeeDee,Lamb,DAL,WR,26,0
WR,14832,weighted,NA,NA,NA,NA,NA,NA,53.92423366107577,27.599156763759513,0.31240601503759396,0.4501493390726726,1.0857034412955464,0.10128252850786959,106.29595141700405,20.63212567271379,1321.18016194332,229.07576860174717,8.500404858299596,2.045279777834665,NA,NA,NA,NA,NA,NA,NA,NA,NA,NA,NA,NA,NA,NA,NA,NA,NA,NA,NA,NA,NA,NA,NA,NA,NA,NA,NA,NA,NA,NA,NA,NA,NA,NA,NA,NA,NA,NA,CeeDee,Lamb,DAL,WR,26,0
WR,15762,average,NA,NA,NA,NA,NA,NA,9.6,5.883633474065397,0,0,0.625,0.2945941518185897,64.8125,10.413512855900262,975.6,116.19476260633634,6.7875,0.6556076788533128,NA,NA,NA,NA,NA,NA,NA,NA,NA,NA,NA,NA,NA,NA,NA,NA,NA,NA,NA,NA,NA,NA,NA,NA,NA,NA,NA,NA,NA,NA,NA,NA,NA,NA,NA,NA,NA,NA,George,Pickens,DAL,WR,24,-2
WR,15762,robust,0,NA,NA,NA,NA,NA,9.8,7.26474,0,0,0.625,0.018532500000000014,65.975,4.670190000000008,992.5,66.86526000000003,6.800000000000001,0.44477999999999973,0,NA,0,NA,0,NA,0,NA,NA,NA,NA,NA,NA,NA,NA,NA,NA,NA,NA,NA,NA,NA,NA,NA,NA,NA,NA,NA,NA,NA,NA,NA,NA,NA,NA,NA,NA,NA,George,Pickens,DAL,WR,24,-2
WR,15762,weighted,NA,NA,NA,NA,NA,NA,9.865384615384615,6.2061515846833935,0,0,0.5828188259109313,0.2970629946069686,64.08582995951417,11.140921101271157,967.3431174089069,124.38704656878525,6.831781376518219,0.6626203638539887,NA,NA,NA,NA,NA,NA,NA,NA,NA,NA,NA,NA,NA,NA,NA,NA,NA,NA,NA,NA,NA,NA,NA,NA,NA,NA,NA,NA,NA,NA,NA,NA,NA,NA,NA,NA,NA,NA,George,Pickens,DAL,WR,24,-2
WR,15751,average,NA,NA,NA,NA,NA,NA,1.7833333333333334,3.9858380250462715,0,0,0.65,0.30937725468153876,93.675,14.522568643322021,1208.2625,204.1351298772458,8.1375,2.4870737251407955,NA,NA,NA,NA,NA,NA,NA,NA,NA,NA,NA,NA,NA,NA,NA,NA,NA,NA,NA,NA,NA,NA,NA,NA,NA,NA,NA,NA,NA,NA,NA,NA,NA,NA,NA,NA,NA,NA,Drake,London,ATL,WR,24,-2
WR,15751,robust,0,NA,NA,NA,NA,NA,0.8916666666666667,1.321985,0,0,0.65,0.03706500000000003,96.85,5.1891,1234.025,69.6822,8,2.2239,0,NA,0,NA,0,NA,0,NA,NA,NA,NA,NA,NA,NA,NA,NA,NA,NA,NA,NA,NA,NA,NA,NA,NA,NA,NA,NA,NA,NA,NA,NA,NA,NA,NA,NA,NA,NA,Drake,London,ATL,WR,24,-2
WR,15751,weighted,NA,NA,NA,NA,NA,NA,1.7461707152496628,4.2928929424899165,0,0,0.6575404858299596,0.33483376149623495,92.94574898785424,15.68020782690521,1198.0657894736844,219.45445969370456,8.011943319838057,2.623742291300278,NA,NA,NA,NA,NA,NA,NA,NA,NA,NA,NA,NA,NA,NA,NA,NA,NA,NA,NA,NA,NA,NA,NA,NA,NA,NA,NA,NA,NA,NA,NA,NA,NA,NA,NA,NA,NA,NA,Drake,London,ATL,WR,24,-2
WR,16616,average,NA,NA,NA,NA,NA,NA,13.428571428571429,10.95258798976157,0,0,0.825,0.38683699040145725,70.2375,13.52964338037038,927.0875,146.32958335307907,6.5375,1.1673382420826328,NA,NA,NA,NA,NA,NA,NA,NA,NA,NA,NA,NA,NA,NA,NA,NA,NA,NA,NA,NA,NA,NA,NA,NA,NA,NA,NA,NA,NA,NA,NA,NA,NA,NA,NA,NA,NA,NA,Rome,Odunze,CHI,WR,23,-4
WR,16616,robust,0,NA,NA,NA,NA,NA,12.357142857142858,8.1543,0,0,0.84375,0.05559750000000005,71,5.9304,956.5,80.8017,6.5,1.0378200000000002,0,NA,0,NA,0,NA,0,NA,NA,NA,NA,NA,NA,NA,NA,NA,NA,NA,NA,NA,NA,NA,NA,NA,NA,NA,NA,NA,NA,NA,NA,NA,NA,NA,NA,NA,NA,NA,Rome,Odunze,CHI,WR,23,-4
WR,16616,weighted,NA,NA,NA,NA,NA,NA,13.797281665702718,11.57185652333246,0,0,0.8113613360323887,0.4207081696323204,70.14352226720648,14.644329009596936,924.8198380566802,158.5061986873822,6.6309716599190285,1.1712641876990073,NA,NA,NA,NA,NA,NA,NA,NA,NA,NA,NA,NA,NA,NA,NA,NA,NA,NA,NA,NA,NA,NA,NA,NA,NA,NA,NA,NA,NA,NA,NA,NA,NA,NA,NA,NA,NA,NA,Rome,Odunze,CHI,WR,23,-4
WR,11675,average,NA,NA,NA,NA,NA,NA,3,5.0709255283711,0,0,0.375,0.31339158526400435,80.9875,14.166604341599598,1037.6625,179.53438936394807,8.1875,1.4367000879992815,NA,NA,NA,NA,NA,NA,NA,NA,NA,NA,NA,NA,NA,NA,NA,NA,NA,NA,NA,NA,NA,NA,NA,NA,NA,NA,NA,NA,NA,NA,NA,NA,NA,NA,NA,NA,NA,NA,Davante,Adams,LAR,WR,33,6
WR,11675,robust,0,NA,NA,NA,NA,NA,1.5,2.2239,0,0,0.375,0.0926625,83.225,3.558239999999998,1068.825,75.83498999999996,8.125,1.5567300000000004,0,NA,0,NA,0,NA,0,NA,NA,NA,NA,NA,NA,NA,NA,NA,NA,NA,NA,NA,NA,NA,NA,NA,NA,NA,NA,NA,NA,NA,NA,NA,NA,NA,NA,NA,NA,NA,Davante,Adams,LAR,WR,33,6
WR,11675,weighted,NA,NA,NA,NA,NA,NA,3.4524291497975708,5.3280070546431615,0,0,0.3546305668016194,0.33445515134395454,80.01174089068826,15.115171287966582,1025.2874493927127,192.76460521539124,8.109716599190284,1.529427815628724,NA,NA,NA,NA,NA,NA,NA,NA,NA,NA,NA,NA,NA,NA,NA,NA,NA,NA,NA,NA,NA,NA,NA,NA,NA,NA,NA,NA,NA,NA,NA,NA,NA,NA,NA,NA,NA,NA,Davante,Adams,LAR,WR,33,6
WR,15290,average,NA,NA,NA,NA,NA,NA,3.7666666666666666,3.1720505610574308,0.04,0.06761234037828133,0.625,0.31339158526400435,86.8875,16.12694617269937,1255.525,235.91095020912326,9.125,2.4748737341529163,NA,NA,NA,NA,NA,NA,NA,NA,NA,NA,NA,NA,NA,NA,NA,NA,NA,NA,NA,NA,NA,NA,NA,NA,NA,NA,NA,NA,NA,NA,NA,NA,NA,NA,NA,NA,NA,NA,Nico,Collins,HOU,WR,26,-1
WR,15290,robust,0,NA,NA,NA,NA,NA,3.7666666666666666,3.31114,0.02,0.029651999999999998,0.625,0.0926625,91,3.0393299999999956,1320.35,89.6973,9,1.4826,0,NA,0,NA,0,NA,0,NA,NA,NA,NA,NA,NA,NA,NA,NA,NA,NA,NA,NA,NA,NA,NA,NA,NA,NA,NA,NA,NA,NA,NA,NA,NA,NA,NA,NA,NA,NA,Nico,Collins,HOU,WR,26,-1
WR,15290,weighted,NA,NA,NA,NA,NA,NA,4.1275641025641026,3.286235023428102,0.04603238866396761,0.07104009406190881,0.6433451417004049,0.33547394200310643,86.00991902834008,17.510869061663065,1242.4281376518218,255.29202872394902,9.0010121457489891,2.6216962094141816,NA,NA,NA,NA,NA,NA,NA,NA,NA,NA,NA,NA,NA,NA,NA,NA,NA,NA,NA,NA,NA,NA,NA,NA,NA,NA,NA,NA,NA,NA,NA,NA,NA,NA,NA,NA,NA,NA,Nico,Collins,HOU,WR,26,-1
WR,15284,average,NA,NA,NA,NA,NA,NA,14.628571428571428,6.358282401878735,0.017280052264808363,0.03459676354972324,0.375,0.31339158526400435,74.2375,11.339430257796401,952.7875,124.02288311321539,5.125,1.246423454758225,NA,NA,NA,NA,NA,NA,NA,NA,NA,NA,NA,NA,NA,NA,NA,NA,NA,NA,NA,NA,NA,NA,NA,NA,NA,NA,NA,NA,NA,NA,NA,NA,NA,NA,NA,NA,NA,NA,Jaylen,Waddle,MIA,WR,27,-1
WR,15284,robust,0,NA,NA,NA,NA,NA,14.471428571428572,6.226919999999999,0.007433217189314751,0,0.375,0.0926625,76.1,6.894090000000008,973.75,81.76538999999997,5,1.4826,0,NA,0,NA,0,NA,0,NA,NA,NA,NA,NA,NA,NA,NA,NA,NA,NA,NA,NA,NA,NA,NA,NA,NA,NA,NA,NA,NA,NA,NA,NA,NA,NA,NA,NA,NA,NA,Jaylen,Waddle,MIA,WR,27,-1
WR,15284,weighted,NA,NA,NA,NA,NA,NA,14.48048004626952,6.94957384227152,0.005268212745748049,0.009589433867428651,0.3546305668016194,0.33445515134395454,73.68056680161943,12.34406991617168,945.9463562753036,133.9669057511606,5.088056680161944,1.3169606082735683,NA,NA,NA,NA,NA,NA,NA,NA,NA,NA,NA,NA,NA,NA,NA,NA,NA,NA,NA,NA,NA,NA,NA,NA,NA,NA,NA,NA,NA,NA,NA,NA,NA,NA,NA,NA,NA,NA,Jaylen,Waddle,MIA,WR,27,-1
WR,16190,average,NA,NA,NA,NA,NA,NA,51.785714285714285,11.915947126366722,0.11099485340866108,0.20327924593167074,0.75,0.1889822365046136,75.6625,10.516509130206385,1014.7,130.9631573055131,6,1.0364775512695459,NA,NA,NA,NA,NA,NA,NA,NA,NA,NA,NA,NA,NA,NA,NA,NA,NA,NA,NA,NA,NA,NA,NA,NA,NA,NA,NA,NA,NA,NA,NA,NA,NA,NA,NA,NA,NA,NA,Zay,Flowers,BAL,WR,25,-3
WR,16190,robust,0,NA,NA,NA,NA,NA,52.69642857142857,13.343399999999999,0.05067259792204865,0.06320949129626499,0.75,0.185325,76.825,8.1543,1059.3,33.655020000000064,6.1,0.8895599999999995,0,NA,0,NA,0,NA,0,NA,NA,NA,NA,NA,NA,NA,NA,NA,NA,NA,NA,NA,NA,NA,NA,NA,NA,NA,NA,NA,NA,NA,NA,NA,NA,NA,NA,NA,NA,NA,Zay,Flowers,BAL,WR,25,-3
WR,16190,weighted,NA,NA,NA,NA,NA,NA,52.13374783111625,12.83950867450744,0.11182928330042352,0.22055081574745114,0.7861842105263157,0.17324965190073074,75.1736842105263,11.318280853262502,1008.2530364372469,141.44018520539507,5.934412955465587,1.1123818988937229,NA,NA,NA,NA,NA,NA,NA,NA,NA,NA,NA,NA,NA,NA,NA,NA,NA,NA,NA,NA,NA,NA,NA,NA,NA,NA,NA,NA,NA,NA,NA,NA,NA,NA,NA,NA,NA,NA,Zay,Flowers,BAL,WR,25,-3
WR,14104,average,NA,NA,NA,NA,NA,NA,0,0,0,0,0.75,0.33166247903554,81.0375,16.13584629681027,1202.5,245.89138136293315,8.15,1.716308330607961,NA,NA,NA,NA,NA,NA,NA,NA,NA,NA,NA,NA,NA,NA,NA,NA,NA,NA,NA,NA,NA,NA,NA,NA,NA,NA,NA,NA,NA,NA,NA,NA,NA,NA,NA,NA,NA,NA,A.J.,Brown,PHI,WR,28,1
WR,14104,robust,0,NA,NA,NA,NA,NA,0,0,0,0,0.7875,0.11119500000000002,85.725,6.968220000000004,1258.25,126.02099999999999,8.2,1.0378200000000015,0,NA,0,NA,0,NA,0,NA,NA,NA,NA,NA,NA,NA,NA,NA,NA,NA,NA,NA,NA,NA,NA,NA,NA,NA,NA,NA,NA,NA,NA,NA,NA,NA,NA,NA,NA,NA,A.J.,Brown,PHI,WR,28,1
WR,14104,weighted,NA,NA,NA,NA,NA,NA,0,0,0,0,0.7256578947368421,0.35583365973305686,80.21032388663967,17.524967355409203,1190.3755060728745,266.17183669348873,8.052226720647774,1.827712347025513,NA,NA,NA,NA,NA,NA,NA,NA,NA,NA,NA,NA,NA,NA,NA,NA,NA,NA,NA,NA,NA,NA,NA,NA,NA,NA,NA,NA,NA,NA,NA,NA,NA,NA,NA,NA,NA,NA,A.J.,Brown,PHI,WR,28,1
WR,11222,average,NA,NA,NA,NA,NA,NA,1.5,1.9820624179302297,0,0,0.4,0.32071349029490925,61.8875,12.51598263935243,687.85,151.01393502398568,5.075,0.8481071360893707,NA,NA,NA,NA,NA,NA,NA,NA,NA,NA,NA,NA,NA,NA,NA,NA,NA,NA,NA,NA,NA,NA,NA,NA,NA,NA,NA,NA,NA,NA,NA,NA,NA,NA,NA,NA,NA,NA,Keenan,Allen,LAC,WR,33,7
WR,11222,robust,0,NA,NA,NA,NA,NA,1,1.4826,0,0,0.4,0.14825999999999995,62,10.897110000000001,686.75,131.06183999999996,5,1.3343400000000005,0,NA,0,NA,0,NA,0,NA,NA,NA,NA,NA,NA,NA,NA,NA,NA,NA,NA,NA,NA,NA,NA,NA,NA,NA,NA,NA,NA,NA,NA,NA,NA,NA,NA,NA,NA,NA,Keenan,Allen,LAC,WR,33,7
WR,11222,weighted,NA,NA,NA,NA,NA,NA,1.4326923076923077,2.120107120138586,0,0,0.3688259109311742,0.33573011315678036,62.613765182186235,13.368947454290641,693.7935222672064,164.80715904268735,5.091700404858299,0.9085544004538201,NA,NA,NA,NA,NA,NA,NA,NA,NA,NA,NA,NA,NA,NA,NA,NA,NA,NA,NA,NA,NA,NA,NA,NA,NA,NA,NA,NA,NA,NA,NA,NA,NA,NA,NA,NA,NA,NA,Keenan,Allen,LAC,WR,33,7
WR,13630,average,NA,NA,NA,NA,NA,NA,1.04,1.6746854715353054,0,0,0.975,0.03273268353539885,75.7,14.306042679331595,1012.575,179.93511330476883,7.7875,1.4287232062229547,NA,NA,NA,NA,NA,NA,NA,NA,NA,NA,NA,NA,NA,NA,NA,NA,NA,NA,NA,NA,NA,NA,NA,NA,NA,NA,NA,NA,NA,NA,NA,NA,NA,NA,NA,NA,NA,NA,Courtland,Sutton,DEN,WR,30,2
WR,13630,robust,0,NA,NA,NA,NA,NA,0.52,0.770952,0,0,0.98125,0.018532500000000014,76.3,4.4478,1018.8,26.686799999999998,8,1.260210000000002,0,NA,0,NA,0,NA,0,NA,NA,NA,NA,NA,NA,NA,NA,NA,NA,NA,NA,NA,NA,NA,NA,NA,NA,NA,NA,NA,NA,NA,NA,NA,NA,NA,NA,NA,NA,NA,Courtland,Sutton,DEN,WR,30,2
WR,13630,weighted,NA,NA,NA,NA,NA,NA,1.0719433198380568,1.684826253766596,0,0,0.9858046558704453,0.013383338079945527,75.0253036437247,15.326305452613543,1004.9655870445343,192.75228133615113,7.780769230769231,1.5482876527527532,NA,NA,NA,NA,NA,NA,NA,NA,NA,NA,NA,NA,NA,NA,NA,NA,NA,NA,NA,NA,NA,NA,NA,NA,NA,NA,NA,NA,NA,NA,NA,NA,NA,NA,NA,NA,NA,NA,Courtland,Sutton,DEN,WR,30,2
WR,14842,average,NA,NA,NA,NA,NA,NA,2.1666666666666665,2.2938842084780044,0,0,0.675,0.29940417021620985,75.725,11.807352430946212,858.1625,134.78261797109766,4.55,1.0184021097498066,NA,NA,NA,NA,NA,NA,NA,NA,NA,NA,NA,NA,NA,NA,NA,NA,NA,NA,NA,NA,NA,NA,NA,NA,NA,NA,NA,NA,NA,NA,NA,NA,NA,NA,NA,NA,NA,NA,Michael,Pittman,IND,WR,28,0
WR,14842,robust,0,NA,NA,NA,NA,NA,2.125,3.088749999999999,0,0,0.70625,0.0926625,77.5,10.822980000000006,889.15,63.01049999999999,4.5,0.7413,0,NA,0,NA,0,NA,0,NA,NA,NA,NA,NA,NA,NA,NA,NA,NA,NA,NA,NA,NA,NA,NA,NA,NA,NA,NA,NA,NA,NA,NA,NA,NA,NA,NA,NA,NA,NA,Michael,Pittman,IND,WR,28,0
WR,14842,weighted,NA,NA,NA,NA,NA,NA,2.084851551956815,2.426384712502154,0,0,0.6399544534412955,0.31105646427065187,75.2585020242915,12.826579969414864,852.2813765182186,146.16820635061472,4.55910931174089,1.0784779647100915,NA,NA,NA,NA,NA,NA,NA,NA,NA,NA,NA,NA,NA,NA,NA,NA,NA,NA,NA,NA,NA,NA,NA,NA,NA,NA,NA,NA,NA,NA,NA,NA,NA,NA,NA,NA,NA,NA,Michael,Pittman,IND,WR,28,0
WR,16186,average,NA,NA,NA,NA,NA,NA,9.085714285714285,7.198299118825338,0.1,0.14142135623730953,0.35,0.30937725468153876,59.65,10.259908103180763,793.45,128.62022724728354,6.725,1.5443445211480502,NA,NA,NA,NA,NA,NA,NA,NA,NA,NA,NA,NA,NA,NA,NA,NA,NA,NA,NA,NA,NA,NA,NA,NA,NA,NA,NA,NA,NA,NA,NA,NA,NA,NA,NA,NA,NA,NA,Jordan,Addison,MIN,WR,23,-3
WR,16186,robust,0,NA,NA,NA,NA,NA,8,2.9652,0.07500000000000001,0.07413,0.35,0.03706500000000003,59.5,2.2239,779,58.5627,6.5,0.7413,0,NA,0,NA,0,NA,0,NA,NA,NA,NA,NA,NA,NA,NA,NA,NA,NA,NA,NA,NA,NA,NA,NA,NA,NA,NA,NA,NA,NA,NA,NA,NA,NA,NA,NA,NA,NA,Jordan,Addison,MIN,WR,23,-3
WR,16186,weighted,NA,NA,NA,NA,NA,NA,9.064921920185078,7.420041108549215,0.08481781376518219,0.14712233288823912,0.3404352226720648,0.33371247372112833,59.4417004048583,10.769892516807504,791.1032388663967,133.20502077380908,6.727125506072874,1.5870865006445352,NA,NA,NA,NA,NA,NA,NA,NA,NA,NA,NA,NA,NA,NA,NA,NA,NA,NA,NA,NA,NA,NA,NA,NA,NA,NA,NA,NA,NA,NA,NA,NA,NA,NA,NA,NA,NA,NA,Jordan,Addison,MIN,WR,23,-3
WR,15754,average,NA,NA,NA,NA,NA,NA,2.6,2.4260491103261463,0,0,0.5,0.34226138716316973,75.5375,9.690486866730986,957.2625,146.73019883445943,5.2,1.4570027943889272,NA,NA,NA,NA,NA,NA,NA,NA,NA,NA,NA,NA,NA,NA,NA,NA,NA,NA,NA,NA,NA,NA,NA,NA,NA,NA,NA,NA,NA,NA,NA,NA,NA,NA,NA,NA,NA,NA,Chris,Olave,NOS,WR,25,-2
WR,15754,robust,0,NA,NA,NA,NA,NA,2.6,2.9652,0,0,0.5,0.29652,76.32499999999999,6.078660000000002,977.275,77.09519999999999,5.075,0.9636900000000005,0,NA,0,NA,0,NA,0,NA,NA,NA,NA,NA,NA,NA,NA,NA,NA,NA,NA,NA,NA,NA,NA,NA,NA,NA,NA,NA,NA,NA,NA,NA,NA,NA,NA,NA,NA,NA,Chris,Olave,NOS,WR,25,-2
WR,15754,weighted,NA,NA,NA,NA,NA,NA,2.616599190283401,2.6134979232439015,0,0,0.4399797570850203,0.3269020917345232,75.4336032388664,10.405947994623643,956.3917004048583,157.87080290484857,5.233400809716599,1.4891629513490623,NA,NA,NA,NA,NA,NA,NA,NA,NA,NA,NA,NA,NA,NA,NA,NA,NA,NA,NA,NA,NA,NA,NA,NA,NA,NA,NA,NA,NA,NA,NA,NA,NA,NA,NA,NA,NA,NA,Chris,Olave,NOS,WR,25,-2
WR,16622,average,NA,NA,NA,NA,NA,NA,50.142857142857146,23.527665001188776,0.20967770655270657,0.3401431632137707,0.475,0.2796681707207413,66.975,10.868795438580776,882.1875,118.97536884942674,5.1,1.8150167256214789,NA,NA,NA,NA,NA,NA,NA,NA,NA,NA,NA,NA,NA,NA,NA,NA,NA,NA,NA,NA,NA,NA,NA,NA,NA,NA,NA,NA,NA,NA,NA,NA,NA,NA,NA,NA,NA,NA,Ricky,Pearsall,SFO,WR,25,-4
WR,16622,robust,0,NA,NA,NA,NA,NA,51.535714285714285,13.978800000000001,0.12560541310541312,0.12972750000000002,0.475,0.0926625,67.2,5.6338800000000004,879.875,103.782,5.25,1.11195,0,NA,0,NA,0,NA,0,NA,NA,NA,NA,NA,NA,NA,NA,NA,NA,NA,NA,NA,NA,NA,NA,NA,NA,NA,NA,NA,NA,NA,NA,NA,NA,NA,NA,NA,NA,NA,Ricky,Pearsall,SFO,WR,25,-4
WR,16622,weighted,NA,NA,NA,NA,NA,NA,49.3032099479468,25.750236320411375,0.20454355398687382,0.37564393230019955,0.45452935222672064,0.2982124360741387,67.19109311740891,11.521512390481659,885.1508097165992,127.05984610902924,4.976315789473684,1.9289141056010628,NA,NA,NA,NA,NA,NA,NA,NA,NA,NA,NA,NA,NA,NA,NA,NA,NA,NA,NA,NA,NA,NA,NA,NA,NA,NA,NA,NA,NA,NA,NA,NA,NA,NA,NA,NA,NA,NA,Ricky,Pearsall,SFO,WR,25,-4
WR,15282,average,NA,NA,NA,NA,NA,NA,1.5333333333333332,1.745743121887939,0,0,0.5,0.2672612419124244,78.1375,13.628220458194198,975.525,159.25120990794028,6.875,1.5526475085202969,NA,NA,NA,NA,NA,NA,NA,NA,NA,NA,NA,NA,NA,NA,NA,NA,NA,NA,NA,NA,NA,NA,NA,NA,NA,NA,NA,NA,NA,NA,NA,NA,NA,NA,NA,NA,NA,NA,DeVonta,Smith,PHI,WR,27,-1
WR,15282,robust,0,NA,NA,NA,NA,NA,1.4333333333333333,2.02622,0,0,0.5,0,81.05,4.670189999999987,977.1500000000001,30.3933,7,1.4826,0,NA,0,NA,0,NA,0,NA,NA,NA,NA,NA,NA,NA,NA,NA,NA,NA,NA,NA,NA,NA,NA,NA,NA,NA,NA,NA,NA,NA,NA,NA,NA,NA,NA,NA,NA,NA,DeVonta,Smith,PHI,WR,27,-1
WR,15282,weighted,NA,NA,NA,NA,NA,NA,1.5850877192982458,1.8737695239331746,0,0,0.4974696356275304,0.29018883471140855,77.46234817813766,14.77621210141037,969.1255060728745,170.4261356944676,6.790485829959514,1.6643785926611074,NA,NA,NA,NA,NA,NA,NA,NA,NA,NA,NA,NA,NA,NA,NA,NA,NA,NA,NA,NA,NA,NA,NA,NA,NA,NA,NA,NA,NA,NA,NA,NA,NA,NA,NA,NA,NA,NA,DeVonta,Smith,PHI,WR,27,-1
WR,16194,average,NA,NA,NA,NA,NA,NA,9.3,9.742249666859733,0.08333333333333333,0.17251638983558856,0.575,0.27451255500822336,66.2375,13.439593690712103,779.8875,180.9567859817839,6.0375,1.1685613866142053,NA,NA,NA,NA,NA,NA,NA,NA,NA,NA,NA,NA,NA,NA,NA,NA,NA,NA,NA,NA,NA,NA,NA,NA,NA,NA,NA,NA,NA,NA,NA,NA,NA,NA,NA,NA,NA,NA,Rashee,Rice,KCC,WR,25,-3
WR,16194,robust,0,NA,NA,NA,NA,NA,7.55,5.11497,0.041666666666666664,0,0.5812499999999999,0.018532500000000014,65.75,11.119499999999999,762.75,122.3145,6,1.11195,0,NA,0,NA,0,NA,0,NA,NA,NA,NA,NA,NA,NA,NA,NA,NA,NA,NA,NA,NA,NA,NA,NA,NA,NA,NA,NA,NA,NA,NA,NA,NA,NA,NA,NA,NA,NA,Rashee,Rice,KCC,WR,25,-3
WR,16194,weighted,NA,NA,NA,NA,NA,NA,9.866396761133602,10.381949792288486,0.09463562753036438,0.18362521332942786,0.5688006072874494,0.2985512253306831,66.10222672064778,13.962680333798835,776.264170040486,189.28367729372076,6.052429149797571,1.2102119965447113,NA,NA,NA,NA,NA,NA,NA,NA,NA,NA,NA,NA,NA,NA,NA,NA,NA,NA,NA,NA,NA,NA,NA,NA,NA,NA,NA,NA,NA,NA,NA,NA,NA,NA,NA,NA,NA,NA,Rashee,Rice,KCC,WR,25,-3
WR,14136,average,NA,NA,NA,NA,NA,NA,136.74285714285713,51.876745606233605,1.4637259342360116,0.8894306548886882,0.575,0.33112362818569313,63.625,7.49642772068327,833.925,166.898392956399,4.9625,0.8416607731995457,NA,NA,NA,NA,NA,NA,NA,NA,NA,NA,NA,NA,NA,NA,NA,NA,NA,NA,NA,NA,NA,NA,NA,NA,NA,NA,NA,NA,NA,NA,NA,NA,NA,NA,NA,NA,NA,NA,Deebo,Samuel,WAS,WR,29,1
WR,14136,robust,0,NA,NA,NA,NA,NA,124.6,19.08317999999999,1.5,0.7413,0.575,0.20385749999999997,65.375,3.7064999999999997,862.45,67.16178000000001,5,0.8154299999999997,0,NA,0,NA,0,NA,0,NA,NA,NA,NA,NA,NA,NA,NA,NA,NA,NA,NA,NA,NA,NA,NA,NA,NA,NA,NA,NA,NA,NA,NA,NA,NA,NA,NA,NA,NA,NA,Deebo,Samuel,WAS,WR,29,1
WR,14136,weighted,NA,NA,NA,NA,NA,NA,135.95098322729902,53.01588492436852,1.464853210126976,0.9379773665695395,0.5113107287449392,0.30742688140410723,63.060728744939276,8.041780932231195,829.1082995951417,180.30115376763516,4.908097165991903,0.8885619687526564,NA,NA,NA,NA,NA,NA,NA,NA,NA,NA,NA,NA,NA,NA,NA,NA,NA,NA,NA,NA,NA,NA,NA,NA,NA,NA,NA,NA,NA,NA,NA,NA,NA,NA,NA,NA,NA,NA,Deebo,Samuel,WAS,WR,29,1
WR,15779,average,NA,NA,NA,NA,NA,NA,2.9,4.6934604961128015,0,0,0.5,0.2672612419124244,48.775,8.49617561023782,605.9,84.52536390254195,4.6375,1.2117726095034733,NA,NA,NA,NA,NA,NA,NA,NA,NA,NA,NA,NA,NA,NA,NA,NA,NA,NA,NA,NA,NA,NA,NA,NA,NA,NA,NA,NA,NA,NA,NA,NA,NA,NA,NA,NA,NA,NA,Romeo,Doubs,GBP,WR,25,-2
WR,15779,robust,0,NA,NA,NA,NA,NA,1.45,2.1497699999999997,0,0,0.5,0,47.975,5.708010000000002,598.35,71.31306000000004,4.7,1.1119500000000007,0,NA,0,NA,0,NA,0,NA,NA,NA,NA,NA,NA,NA,NA,NA,NA,NA,NA,NA,NA,NA,NA,NA,NA,NA,NA,NA,NA,NA,NA,NA,NA,NA,NA,NA,NA,NA,Romeo,Doubs,GBP,WR,25,-2
WR,15779,weighted,NA,NA,NA,NA,NA,NA,3.265485829959514,4.968807356416763,0,0,0.4974696356275304,0.29018883471140855,48.5744939271255,8.890392274303633,602.0364372469636,88.85216925100683,4.633198380566802,1.2865480526521313,NA,NA,NA,NA,NA,NA,NA,NA,NA,NA,NA,NA,NA,NA,NA,NA,NA,NA,NA,NA,NA,NA,NA,NA,NA,NA,NA,NA,NA,NA,NA,NA,NA,NA,NA,NA,NA,NA,Romeo,Doubs,GBP,WR,25,-2
WR,15753,average,NA,NA,NA,NA,NA,NA,12.842857142857143,13.32579208504611,0,0,1.3,0.2777460299317654,89.1125,16.679451643949722,1045.725,196.24046291658172,6.5875,1.498987753690565,NA,NA,NA,NA,NA,NA,NA,NA,NA,NA,NA,NA,NA,NA,NA,NA,NA,NA,NA,NA,NA,NA,NA,NA,NA,NA,NA,NA,NA,NA,NA,NA,NA,NA,NA,NA,NA,NA,Garrett,Wilson,NYJ,WR,25,-2
WR,15753,robust,0,NA,NA,NA,NA,NA,12.960714285714285,18.416009999999996,0,0,1.3,0,92.75,6.6716999999999995,1104.9,50.55666000000003,6.35,0.5189100000000001,0,NA,0,NA,0,NA,0,NA,NA,NA,NA,NA,NA,NA,NA,NA,NA,NA,NA,NA,NA,NA,NA,NA,NA,NA,NA,NA,NA,NA,NA,NA,NA,NA,NA,NA,NA,NA,Garrett,Wilson,NYJ,WR,25,-2
WR,15753,weighted,NA,NA,NA,NA,NA,NA,12.743290919606709,14.577112123912434,0,0,1.2996963562753037,0.30123335378604515,88.59453441295547,18.189382442760667,1038.9767206477734,214.02784850176968,6.583400809716599,1.5283922745286003,NA,NA,NA,NA,NA,NA,NA,NA,NA,NA,NA,NA,NA,NA,NA,NA,NA,NA,NA,NA,NA,NA,NA,NA,NA,NA,NA,NA,NA,NA,NA,NA,NA,NA,NA,NA,NA,NA,Garrett,Wilson,NYJ,WR,25,-2
WR,16614,average,NA,NA,NA,NA,NA,NA,3.533333333333333,5.282495802626056,0,0,0.725,0.31791732977525555,74.65,15.80216983292394,1046.775,188.53026850576845,7.3625,1.8515919791203614,NA,NA,NA,NA,NA,NA,NA,NA,NA,NA,NA,NA,NA,NA,NA,NA,NA,NA,NA,NA,NA,NA,NA,NA,NA,NA,NA,NA,NA,NA,NA,NA,NA,NA,NA,NA,NA,NA,Marvin,Harrison Jr.,ARI,WR,23,-4
WR,16614,robust,0,NA,NA,NA,NA,NA,1.8833333333333333,2.6192599999999997,0,0,0.76875,0.12972750000000002,78.875,3.7064999999999997,1096.25,85.2495,7.4,1.7049900000000004,0,NA,0,NA,0,NA,0,NA,NA,NA,NA,NA,NA,NA,NA,NA,NA,NA,NA,NA,NA,NA,NA,NA,NA,NA,NA,NA,NA,NA,NA,NA,NA,NA,NA,NA,NA,NA,Marvin,Harrison Jr.,ARI,WR,23,-4
WR,16614,weighted,NA,NA,NA,NA,NA,NA,3.5810391363022944,5.6827228889026635,0,0,0.6827176113360325,0.32504324861498013,73.75708502024291,17.0810172057414,1036.4534412955466,203.8610436899362,7.230364372469636,1.9661555750893842,NA,NA,NA,NA,NA,NA,NA,NA,NA,NA,NA,NA,NA,NA,NA,NA,NA,NA,NA,NA,NA,NA,NA,NA,NA,NA,NA,NA,NA,NA,NA,NA,NA,NA,NA,NA,NA,NA,Marvin,Harrison Jr.,ARI,WR,23,-4
WR,16618,average,NA,NA,NA,NA,NA,NA,30.7,10.532805893967666,0.17111742424242424,0.34608775544843645,0.4,0.32071349029490925,85.5625,18.369379606912617,1214.4875,271.6647379058029,8.725,3.207023542164915,NA,NA,NA,NA,NA,NA,NA,NA,NA,NA,NA,NA,NA,NA,NA,NA,NA,NA,NA,NA,NA,NA,NA,NA,NA,NA,NA,NA,NA,NA,NA,NA,NA,NA,NA,NA,NA,NA,Brian,Thomas Jr.,JAC,WR,23,-4
WR,16618,robust,0,NA,NA,NA,NA,NA,29.975,9.636899999999999,0.06818181818181818,0,0.4,0.14825999999999995,91.05,5.4856200000000035,1300.225,71.1648,8.6,2.372159999999999,0,NA,0,NA,0,NA,0,NA,NA,NA,NA,NA,NA,NA,NA,NA,NA,NA,NA,NA,NA,NA,NA,NA,NA,NA,NA,NA,NA,NA,NA,NA,NA,NA,NA,NA,NA,NA,Brian,Thomas Jr.,JAC,WR,23,-4
WR,16618,weighted,NA,NA,NA,NA,NA,NA,31.11032388663968,10.757393144115227,0.19668598944914734,0.37094560824710665,0.3688259109311742,0.33573011315678036,84.2825910931174,19.799190202123626,1195.7955465587045,292.71462084281455,8.586437246963563,3.4236291415972118,NA,NA,NA,NA,NA,NA,NA,NA,NA,NA,NA,NA,NA,NA,NA,NA,NA,NA,NA,NA,NA,NA,NA,NA,NA,NA,NA,NA,NA,NA,NA,NA,NA,NA,NA,NA,NA,NA,Brian,Thomas Jr.,JAC,WR,23,-4
WR,16188,average,NA,NA,NA,NA,NA,NA,6.883333333333333,3.359598898961714,0,0,0.6,0.32071349029490925,44.3375,11.313321793354948,583.75,157.1966466381701,4.6625,0.9210824377561746,NA,NA,NA,NA,NA,NA,NA,NA,NA,NA,NA,NA,NA,NA,NA,NA,NA,NA,NA,NA,NA,NA,NA,NA,NA,NA,NA,NA,NA,NA,NA,NA,NA,NA,NA,NA,NA,NA,Quentin,Johnston,LAC,WR,24,-3
WR,16188,robust,0,NA,NA,NA,NA,NA,7.195833333333333,2.2239,0,0,0.6,0.14825999999999995,43.925,12.527969999999998,580.75,137.1405,4.625,0.8154300000000003,0,NA,0,NA,0,NA,0,NA,NA,NA,NA,NA,NA,NA,NA,NA,NA,NA,NA,NA,NA,NA,NA,NA,NA,NA,NA,NA,NA,NA,NA,NA,NA,NA,NA,NA,NA,NA,Quentin,Johnston,LAC,WR,24,-3
WR,16188,weighted,NA,NA,NA,NA,NA,NA,6.695867071524966,3.666205417792912,0,0,0.6291497975708501,0.33664537894469,45.54210526315789,11.294877024278449,601.7742914979757,160.22082558594735,4.7240890688259105,0.9549181129918896,NA,NA,NA,NA,NA,NA,NA,NA,NA,NA,NA,NA,NA,NA,NA,NA,NA,NA,NA,NA,NA,NA,NA,NA,NA,NA,NA,NA,NA,NA,NA,NA,NA,NA,NA,NA,NA,NA,Quentin,Johnston,LAC,WR,24,-3
WR,14835,average,NA,NA,NA,NA,NA,NA,0.6,1.01418510567422,0,0,0.65,0.29519969028245463,77.85,17.894212951198977,1028.0125,241.4396134943181,8.525,1.7027289021701941,NA,NA,NA,NA,NA,NA,NA,NA,NA,NA,NA,NA,NA,NA,NA,NA,NA,NA,NA,NA,NA,NA,NA,NA,NA,NA,NA,NA,NA,NA,NA,NA,NA,NA,NA,NA,NA,NA,Tee,Higgins,CIN,WR,26,0
WR,14835,robust,0,NA,NA,NA,NA,NA,0.3,0.44477999999999995,0,0,0.6625000000000001,0.037064999999999945,82,9.785160000000001,1070.525,168.94227000000006,8.65,0.9636900000000005,0,NA,0,NA,0,NA,0,NA,NA,NA,NA,NA,NA,NA,NA,NA,NA,NA,NA,NA,NA,NA,NA,NA,NA,NA,NA,NA,NA,NA,NA,NA,NA,NA,NA,NA,NA,NA,Tee,Higgins,CIN,WR,26,0
WR,14835,weighted,NA,NA,NA,NA,NA,NA,0.6904858299595141,1.0656014109286323,0,0,0.6113866396761134,0.3022606141324328,76.40607287449393,19.204343220228978,1010.8147773279353,259.4603220135527,8.410526315789474,1.810260242342839,NA,NA,NA,NA,NA,NA,NA,NA,NA,NA,NA,NA,NA,NA,NA,NA,NA,NA,NA,NA,NA,NA,NA,NA,NA,NA,NA,NA,NA,NA,NA,NA,NA,NA,NA,NA,NA,NA,Tee,Higgins,CIN,WR,26,0
WR,14109,average,NA,NA,NA,NA,NA,NA,5.257142857142857,5.064965700873048,0,0,0.575,0.30413812651491096,76.0125,17.051722786862328,1049.125,227.1050339128823,8.0125,2.25035711451697,NA,NA,NA,NA,NA,NA,NA,NA,NA,NA,NA,NA,NA,NA,NA,NA,NA,NA,NA,NA,NA,NA,NA,NA,NA,NA,NA,NA,NA,NA,NA,NA,NA,NA,NA,NA,NA,NA,Terry,McLaurin,WAS,WR,30,1
WR,14109,robust,0,NA,NA,NA,NA,NA,5.328571428571429,6.71406,0,0,0.575,0.12972749999999994,80.5,5.5597499999999895,1104.75,45.9606,8,1.4826,0,NA,0,NA,0,NA,0,NA,NA,NA,NA,NA,NA,NA,NA,NA,NA,NA,NA,NA,NA,NA,NA,NA,NA,NA,NA,NA,NA,NA,NA,NA,NA,NA,NA,NA,NA,NA,Terry,McLaurin,WAS,WR,30,1
WR,14109,weighted,NA,NA,NA,NA,NA,NA,5.245373048004628,5.526130173148164,0,0,0.5256831983805669,0.29808568841377414,74.72024291497976,18.21914626963427,1034.7753036437248,244.41820987044272,7.908704453441295,2.4075877073518033,NA,NA,NA,NA,NA,NA,NA,NA,NA,NA,NA,NA,NA,NA,NA,NA,NA,NA,NA,NA,NA,NA,NA,NA,NA,NA,NA,NA,NA,NA,NA,NA,NA,NA,NA,NA,NA,NA,Terry,McLaurin,WAS,WR,30,1
WR,16627,average,NA,NA,NA,NA,NA,NA,1.5666666666666667,2.3063060549388537,0,0,0.425,0.33112362818569313,85,16.049121026220895,1137.5,244.91631223746612,7.3375,2.260807377907282,NA,NA,NA,NA,NA,NA,NA,NA,NA,NA,NA,NA,NA,NA,NA,NA,NA,NA,NA,NA,NA,NA,NA,NA,NA,NA,NA,NA,NA,NA,NA,NA,NA,NA,NA,NA,NA,NA,Ladd,McConkey,LAC,WR,24,-4
WR,16627,robust,0,NA,NA,NA,NA,NA,0.8916666666666666,1.16137,0,0,0.425,0.20385749999999997,88.725,4.4478,1190,94.8864,7.375,1.6308599999999993,0,NA,0,NA,0,NA,0,NA,NA,NA,NA,NA,NA,NA,NA,NA,NA,NA,NA,NA,NA,NA,NA,NA,NA,NA,NA,NA,NA,NA,NA,NA,NA,NA,NA,NA,NA,NA,Ladd,McConkey,LAC,WR,24,-4
WR,16627,weighted,NA,NA,NA,NA,NA,NA,1.5907219973009448,2.480710318716091,0,0,0.38302125506072876,0.33753132739991076,83.94412955465587,17.281307368350422,1121.412955465587,263.5613226238369,7.194736842105263,2.4117638671672625,NA,NA,NA,NA,NA,NA,NA,NA,NA,NA,NA,NA,NA,NA,NA,NA,NA,NA,NA,NA,NA,NA,NA,NA,NA,NA,NA,NA,NA,NA,NA,NA,NA,NA,NA,NA,NA,NA,Ladd,McConkey,LAC,WR,24,-4
WR,15757,average,NA,NA,NA,NA,NA,NA,20.4,5.522939176096107,0.03145833333333334,0.06909878909706682,0.375,0.31339158526400435,70.1375,13.528270663423953,623.7125,89.2398283519512,2.7,0.469041575982343,NA,NA,NA,NA,NA,NA,NA,NA,NA,NA,NA,NA,NA,NA,NA,NA,NA,NA,NA,NA,NA,NA,NA,NA,NA,NA,NA,NA,NA,NA,NA,NA,NA,NA,NA,NA,NA,NA,Wan'Dale,Robinson,NYG,WR,24,-2
WR,15757,robust,0,NA,NA,NA,NA,NA,20.6,7.857779999999998,0.012142857142857143,0,0.375,0.0926625,69.15,21.34944000000001,632,80.28278999999996,2.75,0.07413000000000006,0,NA,0,NA,0,NA,0,NA,NA,NA,NA,NA,NA,NA,NA,NA,NA,NA,NA,NA,NA,NA,NA,NA,NA,NA,NA,NA,NA,NA,NA,NA,NA,NA,NA,NA,NA,NA,Wan'Dale,Robinson,NYG,WR,24,-2
WR,15757,weighted,NA,NA,NA,NA,NA,NA,20.80566801619433,5.672564341502058,0.03582032003084634,0.073688547478616,0.3546305668016194,0.33445515134395454,69.65161943319838,14.560166983758474,620.497975708502,97.85902921272613,2.616396761133603,0.4839110463697673,NA,NA,NA,NA,NA,NA,NA,NA,NA,NA,NA,NA,NA,NA,NA,NA,NA,NA,NA,NA,NA,NA,NA,NA,NA,NA,NA,NA,NA,NA,NA,NA,NA,NA,NA,NA,NA,NA,Wan'Dale,Robinson,NYG,WR,24,-2
WR,13635,average,NA,NA,NA,NA,NA,NA,52.82857142857143,7.896059466723944,0.09374677703633578,0.16944959541001037,1.125,0.2095914393017316,82.275,16.112528399620324,982.8125,190.2284223731339,6.025,1.4240284908867318,NA,NA,NA,NA,NA,NA,NA,NA,NA,NA,NA,NA,NA,NA,NA,NA,NA,NA,NA,NA,NA,NA,NA,NA,NA,NA,NA,NA,NA,NA,NA,NA,NA,NA,NA,NA,NA,NA,D.J.,Moore,CHI,WR,28,2
WR,13635,robust,0,NA,NA,NA,NA,NA,51.65714285714286,5.803319999999995,0.04504208773644688,0.051747087980173474,1.09375,0.0926625,84.325,8.376690000000009,1013.375,58.192049999999995,6.05,0.4447800000000004,0,NA,0,NA,0,NA,0,NA,NA,NA,NA,NA,NA,NA,NA,NA,NA,NA,NA,NA,NA,NA,NA,NA,NA,NA,NA,NA,NA,NA,NA,NA,NA,NA,NA,NA,NA,NA,D.J.,Moore,CHI,WR,28,2
WR,13635,weighted,NA,NA,NA,NA,NA,NA,52.75375939849624,8.56451216235805,0.09230233478870263,0.18386211049508633,1.1572115384615385,0.20474730643599587,81.19919028340081,17.293118385473775,973.5738866396761,204.36347005961548,5.911538461538462,1.5084019928795964,NA,NA,NA,NA,NA,NA,NA,NA,NA,NA,NA,NA,NA,NA,NA,NA,NA,NA,NA,NA,NA,NA,NA,NA,NA,NA,NA,NA,NA,NA,NA,NA,NA,NA,NA,NA,NA,NA,D.J.,Moore,CHI,WR,28,2
WR,12186,average,NA,NA,NA,NA,NA,NA,6.4,4.132104271952211,0.16666666666666669,0.27080128015453203,0.375,0.31339158526400435,69.8625,10.690842209239511,792.3,143.16476022900528,5.2125,1.2472111746956545,NA,NA,NA,NA,NA,NA,NA,NA,NA,NA,NA,NA,NA,NA,NA,NA,NA,NA,NA,NA,NA,NA,NA,NA,NA,NA,NA,NA,NA,NA,NA,NA,NA,NA,NA,NA,NA,NA,Stefon,Diggs,NEP,WR,32,5
WR,12186,robust,0,NA,NA,NA,NA,NA,6.300000000000001,3.26172,0.09166666666666667,0.12355000000000001,0.375,0.0926625,71.45,8.1543,798.35,91.9212,5.324999999999999,0.9636900000000005,0,NA,0,NA,0,NA,0,NA,NA,NA,NA,NA,NA,NA,NA,NA,NA,NA,NA,NA,NA,NA,NA,NA,NA,NA,NA,NA,NA,NA,NA,NA,NA,NA,NA,NA,NA,NA,Stefon,Diggs,NEP,WR,32,5
WR,12186,weighted,NA,NA,NA,NA,NA,NA,6.391700404858299,4.603114817407118,0.16052631578947368,0.29358403946060285,0.3546305668016194,0.33445515134395454,68.49068825910932,11.027163335859932,778.4676113360324,150.2590910819233,5.127327935222673,1.3340652725268594,NA,NA,NA,NA,NA,NA,NA,NA,NA,NA,NA,NA,NA,NA,NA,NA,NA,NA,NA,NA,NA,NA,NA,NA,NA,NA,NA,NA,NA,NA,NA,NA,NA,NA,NA,NA,NA,NA,Stefon,Diggs,NEP,WR,32,5
WR,16080,average,NA,NA,NA,NA,NA,NA,40.52857142857143,11.722592873313882,0.016181681452024064,0.03451524771247808,0.55,0.41918287860346315,52.7625,6.364620401653413,787.3125,120.00742164549658,4.425,1.0375107572592062,1,0,NA,NA,NA,NA,NA,NA,NA,NA,NA,NA,NA,NA,NA,NA,NA,NA,NA,NA,NA,NA,NA,NA,NA,NA,NA,NA,NA,NA,NA,NA,NA,NA,NA,NA,NA,NA,Rashid,Shaheed,NOS,WR,27,-2
WR,16080,robust,0,NA,NA,NA,NA,NA,41.057142857142864,10.770030000000007,0.007232079127154074,0,0.55,0.33358499999999996,53.8,2.668680000000001,814.625,72.64739999999999,4.5,0.7413,1,0,0,NA,0,NA,0,NA,NA,NA,NA,NA,NA,NA,NA,NA,NA,NA,NA,NA,NA,NA,NA,NA,NA,NA,NA,NA,NA,NA,NA,NA,NA,NA,NA,NA,NA,NA,Rashid,Shaheed,NOS,WR,27,-2
WR,16080,weighted,NA,NA,NA,NA,NA,NA,39.381289762868704,12.358120744527739,0.004027167655590963,0.0070984050278828145,0.45399797570850203,0.3540681425963307,52.39493927125506,6.895699408955024,778.2125506072874,128.79415862772248,4.330364372469635,1.1091251669536348,1,0,NA,NA,NA,NA,NA,NA,NA,NA,NA,NA,NA,NA,NA,NA,NA,NA,NA,NA,NA,NA,NA,NA,NA,NA,NA,NA,NA,NA,NA,NA,NA,NA,NA,NA,NA,NA,Rashid,Shaheed,NOS,WR,27,-2
WR,16184,average,NA,NA,NA,NA,NA,NA,93.4,26.87303481187043,0.8535361578743031,0.2837325635675041,0.8,0.3664501525251617,51.95,12.712985487288185,706.65,180.95952980866033,5.2,0.9913915184512841,NA,NA,NA,NA,NA,NA,NA,NA,NA,NA,NA,NA,NA,NA,NA,NA,NA,NA,NA,NA,NA,NA,NA,NA,NA,NA,NA,NA,NA,NA,NA,NA,NA,NA,NA,NA,NA,NA,Jayden,Reed,GBP,WR,25,-3
WR,16184,robust,0,NA,NA,NA,NA,NA,93.55000000000001,21.645960000000002,0.9641446314972126,0,0.8250000000000001,0.07412999999999997,52.3,12.157320000000004,726.3,125.27969999999999,5.15,0.8895600000000008,0,NA,0,NA,0,NA,0,NA,NA,NA,NA,NA,NA,NA,NA,NA,NA,NA,NA,NA,NA,NA,NA,NA,NA,NA,NA,NA,NA,NA,NA,NA,NA,NA,NA,NA,NA,NA,Jayden,Reed,GBP,WR,25,-3
WR,16184,weighted,NA,NA,NA,NA,NA,NA,94.61740890688259,27.538210908177334,0.8755846196247725,0.3002215983501572,0.7827935222672066,0.3973955017090701,51.51821862348178,13.614474771697914,701.1123481781376,192.5784955418049,5.149595141700405,1.0357552463857067,NA,NA,NA,NA,NA,NA,NA,NA,NA,NA,NA,NA,NA,NA,NA,NA,NA,NA,NA,NA,NA,NA,NA,NA,NA,NA,NA,NA,NA,NA,NA,NA,NA,NA,NA,NA,NA,NA,Jayden,Reed,GBP,WR,25,-3
WR,16620,average,NA,NA,NA,NA,NA,NA,95.81428571428572,20.422146841912898,1.319806139044586,0.38734960834302373,0.375,0.31339158526400435,64.45,15.376419795072119,778.175,183.36354015218743,6.6,1.869300862431116,NA,NA,NA,NA,NA,NA,NA,NA,NA,NA,NA,NA,NA,NA,NA,NA,NA,NA,NA,NA,NA,NA,NA,NA,NA,NA,NA,NA,NA,NA,NA,NA,NA,NA,NA,NA,NA,NA,Xavier,Worthy,KCC,WR,22,-4
WR,16620,robust,0,NA,NA,NA,NA,NA,91.12857142857143,10.98183,1.3,0.2657183269900139,0.375,0.0926625,67.675,8.1543,812.1,157.45211999999998,6.95,1.26021,0,NA,0,NA,0,NA,0,NA,NA,NA,NA,NA,NA,NA,NA,NA,NA,NA,NA,NA,NA,NA,NA,NA,NA,NA,NA,NA,NA,NA,NA,NA,NA,NA,NA,NA,NA,NA,Xavier,Worthy,KCC,WR,22,-4
WR,16620,weighted,NA,NA,NA,NA,NA,NA,96.69722382880278,21.561776125277937,1.272265571463937,0.4010028703449853,0.3546305668016194,0.33445515134395454,62.52550607287449,16.157388532734856,753.7277327935223,189.19373958043792,6.382186234817814,1.9700345273213606,NA,NA,NA,NA,NA,NA,NA,NA,NA,NA,NA,NA,NA,NA,NA,NA,NA,NA,NA,NA,NA,NA,NA,NA,NA,NA,NA,NA,NA,NA,NA,NA,NA,NA,NA,NA,NA,NA,Xavier,Worthy,KCC,WR,22,-4
WR,16617,average,NA,NA,NA,NA,NA,NA,6.133333333333333,4.865818582334372,0,0,0.625,0.31339158526400435,51.425,6.710918608613024,765.4125,162.12778414835978,5.7125,1.3260440630472494,NA,NA,NA,NA,NA,NA,NA,NA,NA,NA,NA,NA,NA,NA,NA,NA,NA,NA,NA,NA,NA,NA,NA,NA,NA,NA,NA,NA,NA,NA,NA,NA,NA,NA,NA,NA,NA,NA,Keon,Coleman,BUF,WR,22,-4
WR,16617,robust,0,NA,NA,NA,NA,NA,6.033333333333333,3.8547599999999997,0,0,0.625,0.0926625,52.65,4.299540000000003,775,121.05428999999997,5.55,1.11195,0,NA,0,NA,0,NA,0,NA,NA,NA,NA,NA,NA,NA,NA,NA,NA,NA,NA,NA,NA,NA,NA,NA,NA,NA,NA,NA,NA,NA,NA,NA,NA,NA,NA,NA,NA,NA,Keon,Coleman,BUF,WR,22,-4
WR,16617,weighted,NA,NA,NA,NA,NA,NA,6.210796221322537,5.017049778457914,0,0,0.6433451417004049,0.33547394200310643,51.13076923076923,7.289846769493627,754.3461538461538,174.49698285196519,5.653036437246964,1.4510618995626379,NA,NA,NA,NA,NA,NA,NA,NA,NA,NA,NA,NA,NA,NA,NA,NA,NA,NA,NA,NA,NA,NA,NA,NA,NA,NA,NA,NA,NA,NA,NA,NA,NA,NA,NA,NA,NA,NA,Keon,Coleman,BUF,WR,22,-4
WR,16193,average,NA,NA,NA,NA,NA,NA,1,1.6903085094570331,0,0,0.03333333333333333,0.030860669992418384,36.0375,16.456690997020896,485.8875,205.28423109365775,2.9,1.4272851351929847,NA,NA,NA,NA,NA,NA,NA,NA,NA,NA,NA,NA,NA,NA,NA,NA,NA,NA,NA,NA,NA,NA,NA,NA,NA,NA,NA,NA,NA,NA,NA,NA,NA,NA,NA,NA,NA,NA,Kayshon,Boutte,NEP,WR,23,-3
WR,16193,robust,0,NA,NA,NA,NA,NA,0.5,0.7413,0,0,0.03333333333333333,0,36.575,12.898619999999998,498,111.93629999999999,3,0.5930399999999998,0,NA,0,NA,0,NA,0,NA,NA,NA,NA,NA,NA,NA,NA,NA,NA,NA,NA,NA,NA,NA,NA,NA,NA,NA,NA,NA,NA,NA,NA,NA,NA,NA,NA,NA,NA,NA,Kayshon,Boutte,NEP,WR,23,-3
WR,16193,weighted,NA,NA,NA,NA,NA,NA,1.0546558704453441,1.6853450117759388,0,0,0.023650472334682864,0.01635338927330099,35.757894736842104,17.607945427071073,483.7206477732794,220.58271196272224,2.8653846153846154,1.5427435199499162,NA,NA,NA,NA,NA,NA,NA,NA,NA,NA,NA,NA,NA,NA,NA,NA,NA,NA,NA,NA,NA,NA,NA,NA,NA,NA,NA,NA,NA,NA,NA,NA,NA,NA,NA,NA,NA,NA,Kayshon,Boutte,NEP,WR,23,-3
WR,13418,average,NA,NA,NA,NA,NA,NA,3.5,2.1213203435596424,0,0,0,0,18,22.627416997969522,282,367.6955262170047,1,1.4142135623730951,NA,NA,NA,NA,NA,NA,NA,NA,NA,NA,NA,NA,NA,NA,NA,NA,NA,NA,NA,NA,NA,NA,NA,NA,NA,NA,NA,NA,NA,NA,NA,NA,NA,NA,NA,NA,NA,NA,Kendrick,Bourne,SFO,WR,30,3
WR,13418,robust,NA,NA,NA,NA,NA,NA,3.5,2.2239,0,0,0,0,18,23.7216,282,385.476,1,1.4826,NA,NA,NA,NA,NA,NA,NA,NA,NA,NA,NA,NA,NA,NA,NA,NA,NA,NA,NA,NA,NA,NA,NA,NA,NA,NA,NA,NA,NA,NA,NA,NA,NA,NA,NA,NA,NA,NA,Kendrick,Bourne,SFO,WR,30,3
WR,13418,weighted,NA,NA,NA,NA,NA,NA,2,NA,0,NA,0,NA,34,NA,542,NA,2,NA,NA,NA,NA,NA,NA,NA,NA,NA,NA,NA,NA,NA,NA,NA,NA,NA,NA,NA,NA,NA,NA,NA,NA,NA,NA,NA,NA,NA,NA,NA,NA,NA,NA,NA,NA,NA,NA,NA,Kendrick,Bourne,SFO,WR,30,3
WR,15761,average,NA,NA,NA,NA,NA,NA,6,4.6291004988627575,0,0,0.4,0.32071349029490925,70.45,14.189231329225896,788.2625,161.96580712783617,4.3875,0.8659222993845513,NA,NA,NA,NA,NA,NA,NA,NA,NA,NA,NA,NA,NA,NA,NA,NA,NA,NA,NA,NA,NA,NA,NA,NA,NA,NA,NA,NA,NA,NA,NA,NA,NA,NA,NA,NA,NA,NA,Khalil,Shakir,BUF,WR,25,-2
WR,15761,robust,0,NA,NA,NA,NA,NA,6,5.1891,0,0,0.4,0.14825999999999995,71.4,11.119499999999999,792.3,127.42947000000007,4.5,0.07412999999999974,0,NA,0,NA,0,NA,0,NA,NA,NA,NA,NA,NA,NA,NA,NA,NA,NA,NA,NA,NA,NA,NA,NA,NA,NA,NA,NA,NA,NA,NA,NA,NA,NA,NA,NA,NA,NA,Khalil,Shakir,BUF,WR,25,-2
WR,15761,weighted,NA,NA,NA,NA,NA,NA,6.212550607287449,4.7433824414210575,0,0,0.3688259109311742,0.33573011315678036,69.93441295546559,15.225317211960943,781.2834008097166,173.02983578559952,4.306072874493927,0.9124175985134307,NA,NA,NA,NA,NA,NA,NA,NA,NA,NA,NA,NA,NA,NA,NA,NA,NA,NA,NA,NA,NA,NA,NA,NA,NA,NA,NA,NA,NA,NA,NA,NA,NA,NA,NA,NA,NA,NA,Khalil,Shakir,BUF,WR,25,-2
WR,15777,average,NA,NA,NA,NA,NA,NA,10.133333333333333,4.621207153499565,0.1,0.14142135623730953,0.16666666666666666,0.16666666666666666,33.92857142857143,6.534705881092197,447.0857142857143,74.3396580695981,3.2285714285714286,1.0562737740350678,NA,NA,NA,NA,NA,NA,NA,NA,NA,NA,NA,NA,NA,NA,NA,NA,NA,NA,NA,NA,NA,NA,NA,NA,NA,NA,NA,NA,NA,NA,NA,NA,NA,NA,NA,NA,NA,NA,Calvin,Austin III,PIT,WR,26,-2
WR,15777,robust,0,NA,NA,NA,NA,NA,11.45,1.186080000000001,0.05,0.14826,0.16666666666666666,0,33.375,7.412999999999999,449.5,94.8864,3.15,1.3343399999999999,0,NA,0,NA,0,NA,0,NA,NA,NA,NA,NA,NA,NA,NA,NA,NA,NA,NA,NA,NA,NA,NA,NA,NA,NA,NA,NA,NA,NA,NA,NA,NA,NA,NA,NA,NA,NA,Calvin,Austin III,PIT,WR,26,-2
WR,15777,weighted,NA,NA,NA,NA,NA,NA,9.72952602952603,5.096471692605458,0.10081585081585082,0.15414139899756799,0.11091686091686091,0.08618859303011266,32.94522144522144,6.393291285454017,432.5547785547786,66.92844233251957,3.2018648018648017,1.1539552303759317,NA,NA,NA,NA,NA,NA,NA,NA,NA,NA,NA,NA,NA,NA,NA,NA,NA,NA,NA,NA,NA,NA,NA,NA,NA,NA,NA,NA,NA,NA,NA,NA,NA,NA,NA,NA,NA,NA,Calvin,Austin III,PIT,WR,26,-2
WR,17071,average,NA,NA,NA,NA,NA,NA,9.266666666666666,8.489769754015152,0,0,0.925,0.1954847454772001,74.7875,16.639405681350866,982.3125,207.8112016608207,6.3,1.9063802648699746,NA,NA,NA,NA,NA,NA,NA,NA,NA,NA,NA,NA,NA,NA,NA,NA,NA,NA,NA,NA,NA,NA,NA,NA,NA,NA,NA,NA,NA,NA,NA,NA,NA,NA,NA,NA,NA,NA,Tetairoa,McMillan,CAR,WR,22,-5
WR,17071,robust,0,NA,NA,NA,NA,NA,8.016666666666666,5.1891,0,0,0.9437500000000001,0.055597499999999966,80.75,3.261720000000004,1027.75,108.2298,6.6,1.0378200000000002,0,NA,0,NA,0,NA,0,NA,NA,NA,NA,NA,NA,NA,NA,NA,NA,NA,NA,NA,NA,NA,NA,NA,NA,NA,NA,NA,NA,NA,NA,NA,NA,NA,NA,NA,NA,NA,Tetairoa,McMillan,CAR,WR,22,-5
WR,17071,weighted,NA,NA,NA,NA,NA,NA,9.312280701754386,9.179821102407418,0,0,0.8855516194331985,0.17433939140531443,73.91012145748988,17.732175741164976,971.5657894736843,222.5895643646903,6.25,2.0671724664476288,NA,NA,NA,NA,NA,NA,NA,NA,NA,NA,NA,NA,NA,NA,NA,NA,NA,NA,NA,NA,NA,NA,NA,NA,NA,NA,NA,NA,NA,NA,NA,NA,NA,NA,NA,NA,NA,NA,Tetairoa,McMillan,CAR,WR,22,-5
WR,13163,average,NA,NA,NA,NA,NA,NA,10.014285714285714,5.286216192386863,0.08333333333333333,0.17251638983558856,0.4,0.32071349029490925,64.5,14.131626132291256,754.45,184.87978333423663,5.0125,1.5122712341753664,NA,NA,NA,NA,NA,NA,NA,NA,NA,NA,NA,NA,NA,NA,NA,NA,NA,NA,NA,NA,NA,NA,NA,NA,NA,NA,NA,NA,NA,NA,NA,NA,NA,NA,NA,NA,NA,NA,Chris,Godwin,TBB,WR,29,3
WR,13163,robust,0,NA,NA,NA,NA,NA,10.003571428571428,2.160359999999999,0.041666666666666664,0,0.4,0.14825999999999995,63.55,6.375179999999996,737.9,77.53998000000001,5,1.4826,0,NA,0,NA,0,NA,0,NA,NA,NA,NA,NA,NA,NA,NA,NA,NA,NA,NA,NA,NA,NA,NA,NA,NA,NA,NA,NA,NA,NA,NA,NA,NA,NA,NA,NA,NA,NA,Chris,Godwin,TBB,WR,29,3
WR,13163,weighted,NA,NA,NA,NA,NA,NA,10.190138808559862,5.766677444350909,0.09463562753036438,0.18362521332942786,0.3688259109311742,0.33573011315678036,63.57874493927125,14.76025184982337,743.3927125506073,192.33973463763107,4.963562753036437,1.5809958190375553,NA,NA,NA,NA,NA,NA,NA,NA,NA,NA,NA,NA,NA,NA,NA,NA,NA,NA,NA,NA,NA,NA,NA,NA,NA,NA,NA,NA,NA,NA,NA,NA,NA,NA,NA,NA,NA,NA,Chris,Godwin,TBB,WR,29,3
WR,15756,average,NA,NA,NA,NA,NA,NA,60.2,18.490460861134395,1.1443098639492941,0.9385676973181754,0.375,0.31339158526400435,59.6625,13.47833579171723,955.75,207.86860547677023,6.1125,1.4297227503460743,NA,NA,NA,NA,NA,NA,NA,NA,NA,NA,NA,NA,NA,NA,NA,NA,NA,NA,NA,NA,NA,NA,NA,NA,NA,NA,NA,NA,NA,NA,NA,NA,NA,NA,NA,NA,NA,NA,Jameson,Williams,DET,WR,24,-2
WR,15756,robust,0,NA,NA,NA,NA,NA,63.5,10.229939999999997,1,0.04038521716489464,0.375,0.0926625,63.225,3.780630000000001,1001.25,50.4084,6.25,0.37065,0,NA,0,NA,0,NA,0,NA,NA,NA,NA,NA,NA,NA,NA,NA,NA,NA,NA,NA,NA,NA,NA,NA,NA,NA,NA,NA,NA,NA,NA,NA,NA,NA,NA,NA,NA,NA,Jameson,Williams,DET,WR,24,-2
WR,15756,weighted,NA,NA,NA,NA,NA,NA,59.438259109311744,20.243810007573632,1.1909739458575566,1.0085354479919368,0.3546305668016194,0.33445515134395454,59.09089068825911,14.649586118813106,946.841093117409,225.31322389622562,6.022267206477733,1.526729559651566,NA,NA,NA,NA,NA,NA,NA,NA,NA,NA,NA,NA,NA,NA,NA,NA,NA,NA,NA,NA,NA,NA,NA,NA,NA,NA,NA,NA,NA,NA,NA,NA,NA,NA,NA,NA,NA,NA,Jameson,Williams,DET,WR,24,-2
WR,15768,average,NA,NA,NA,NA,NA,NA,0.2,0.3380617018914066,0,0,0.03333333333333333,0.030860669992418384,32.7125,9.257496961922268,569.4375,175.64359967599975,3.5375,1.5665590135252303,NA,NA,NA,NA,NA,NA,NA,NA,NA,NA,NA,NA,NA,NA,NA,NA,NA,NA,NA,NA,NA,NA,NA,NA,NA,NA,NA,NA,NA,NA,NA,NA,NA,NA,NA,NA,NA,NA,Alec,Pierce,IND,WR,25,-2
WR,15768,robust,0,NA,NA,NA,NA,NA,0.1,0.14826,0,0,0.03333333333333333,0,30.950000000000003,6.745830000000001,552.75,134.9166,3.5,1.8532499999999998,0,NA,0,NA,0,NA,0,NA,NA,NA,NA,NA,NA,NA,NA,NA,NA,NA,NA,NA,NA,NA,NA,NA,NA,NA,NA,NA,NA,NA,NA,NA,NA,NA,NA,NA,NA,NA,Alec,Pierce,IND,WR,25,-2
WR,15768,weighted,NA,NA,NA,NA,NA,NA,0.23016194331983805,0.35520047030954405,0,0,0.023650472334682864,0.01635338927330099,32.27753036437247,9.653266591980694,561.1821862348178,186.0112309918899,3.4368421052631577,1.6671843791690684,NA,NA,NA,NA,NA,NA,NA,NA,NA,NA,NA,NA,NA,NA,NA,NA,NA,NA,NA,NA,NA,NA,NA,NA,NA,NA,NA,NA,NA,NA,NA,NA,NA,NA,NA,NA,NA,NA,Alec,Pierce,IND,WR,25,-2
WR,15789,average,NA,NA,NA,NA,NA,NA,16,2.1908902300206643,0,0,0.4,0.25298221281347033,18.366666666666667,3.61920801649569,311.7166666666667,76.6386434291909,1.9333333333333333,0.7146094504459527,NA,NA,NA,NA,NA,NA,NA,NA,NA,NA,NA,NA,NA,NA,NA,NA,NA,NA,NA,NA,NA,NA,NA,NA,NA,NA,NA,NA,NA,NA,NA,NA,NA,NA,NA,NA,NA,NA,Christian,Watson,GBP,WR,26,-2
WR,15789,robust,0,NA,NA,NA,NA,NA,16,1.4826,0,0,0.4,0,18.65,3.6323699999999985,302.65,78.05889,2,0.7412999999999998,0,NA,0,NA,0,NA,0,NA,NA,NA,NA,NA,NA,NA,NA,NA,NA,NA,NA,NA,NA,NA,NA,NA,NA,NA,NA,NA,NA,NA,NA,NA,NA,NA,NA,NA,NA,NA,Christian,Watson,GBP,WR,26,-2
WR,15789,weighted,NA,NA,NA,NA,NA,NA,16.38935574229692,2.1927073410647036,0,0,0.3983193277310924,0.2836606434471503,18.051260504201682,4.002056787540026,302.86834733893556,83.2618414347879,1.8817927170868347,0.7657249438997992,NA,NA,NA,NA,NA,NA,NA,NA,NA,NA,NA,NA,NA,NA,NA,NA,NA,NA,NA,NA,NA,NA,NA,NA,NA,NA,NA,NA,NA,NA,NA,NA,NA,NA,NA,NA,NA,NA,Christian,Watson,GBP,WR,26,-2
WR,17075,average,NA,NA,NA,NA,NA,NA,24.4,14.75127113166862,0,0,0.7333333333333334,0.1632993161855452,60.4375,13.627696325603134,855.575,196.1604718445735,5.925,1.7910491737685883,NA,NA,NA,NA,NA,NA,NA,NA,NA,NA,NA,NA,NA,NA,NA,NA,NA,NA,NA,NA,NA,NA,NA,NA,NA,NA,NA,NA,NA,NA,NA,NA,NA,NA,NA,NA,NA,NA,Matthew,Golden,GBP,WR,22,-5
WR,17075,robust,0,NA,NA,NA,NA,NA,24.4,14.232960000000002,0,0,0.7333333333333334,0,64.55,3.7064999999999997,888.5,91.9212,6.125,1.26021,0,NA,0,NA,0,NA,0,NA,NA,NA,NA,NA,NA,NA,NA,NA,NA,NA,NA,NA,NA,NA,NA,NA,NA,NA,NA,NA,NA,NA,NA,NA,NA,NA,NA,NA,NA,NA,Matthew,Golden,GBP,WR,22,-5
WR,17075,weighted,NA,NA,NA,NA,NA,NA,26.180971659919027,14.820124717623465,0,0,0.724561403508772,0.1753483332429367,59.488461538461536,14.53385475116629,842.2186234817814,208.22172913262614,5.851821862348178,1.9286263644203165,NA,NA,NA,NA,NA,NA,NA,NA,NA,NA,NA,NA,NA,NA,NA,NA,NA,NA,NA,NA,NA,NA,NA,NA,NA,NA,NA,NA,NA,NA,NA,NA,NA,NA,NA,NA,NA,NA,Matthew,Golden,GBP,WR,22,-5
WR,14127,average,14,0,NA,NA,NA,NA,11.528571428571428,6.859136614913047,0.09999999999999999,0.20701966780270625,0.375,0.31339158526400435,74.625,12.768571908065073,867.3,157.98980075579925,4.7375,1.2794390511916875,NA,NA,NA,NA,NA,NA,NA,NA,NA,NA,NA,NA,NA,NA,NA,NA,NA,NA,NA,NA,NA,NA,NA,NA,NA,NA,NA,NA,NA,NA,NA,NA,NA,NA,NA,NA,NA,NA,Jakobi,Meyers,LVR,WR,29,1
WR,14127,robust,14,0,NA,NA,NA,NA,11.132142857142856,5.06202,0.049999999999999996,0,0.375,0.0926625,77.575,3.9288899999999978,909.3,77.39172000000006,5,0.8154299999999997,0,NA,0,NA,0,NA,0,NA,NA,NA,NA,NA,NA,NA,NA,NA,NA,NA,NA,NA,NA,NA,NA,NA,NA,NA,NA,NA,NA,NA,NA,NA,NA,NA,NA,NA,NA,NA,Jakobi,Meyers,LVR,WR,29,1
WR,14127,weighted,13.999999999999998,1.919624256921304e-15,NA,NA,NA,NA,11.638374783111626,7.278826024559271,0.11356275303643723,0.22035025599531338,0.3546305668016194,0.33445515134395454,74.25769230769231,13.992602856283124,861.7034412955467,172.3787064543047,4.695344129554656,1.3868872881330068,NA,NA,NA,NA,NA,NA,NA,NA,NA,NA,NA,NA,NA,NA,NA,NA,NA,NA,NA,NA,NA,NA,NA,NA,NA,NA,NA,NA,NA,NA,NA,NA,NA,NA,NA,NA,NA,NA,Jakobi,Meyers,LVR,WR,29,1
WR,14974,average,NA,NA,NA,NA,NA,NA,2.4166666666666665,2.45555735114493,0,0,0.375,0.31339158526400435,56.7875,11.74301464093198,812.025,159.91016897888997,3.9125,1.0682930309610748,NA,NA,NA,NA,NA,NA,NA,NA,NA,NA,NA,NA,NA,NA,NA,NA,NA,NA,NA,NA,NA,NA,NA,NA,NA,NA,NA,NA,NA,NA,NA,NA,NA,NA,NA,NA,NA,NA,Darnell,Mooney,ATL,WR,28,0
WR,14974,robust,0,NA,NA,NA,NA,NA,2.1875,2.1621249999999996,0,0,0.375,0.0926625,58.6,4.373669999999999,826.3,84.65646000000002,4,1.1860799999999996,0,NA,0,NA,0,NA,0,NA,NA,NA,NA,NA,NA,NA,NA,NA,NA,NA,NA,NA,NA,NA,NA,NA,NA,NA,NA,NA,NA,NA,NA,NA,NA,NA,NA,NA,NA,NA,Darnell,Mooney,ATL,WR,28,0
WR,14974,weighted,NA,NA,NA,NA,NA,NA,2.4287280701754383,2.5543823670693384,0,0,0.3546305668016194,0.33445515134395454,55.906275303643724,12.460244158486097,800.1376518218623,169.35548261339636,3.796963562753037,1.1157668699899812,NA,NA,NA,NA,NA,NA,NA,NA,NA,NA,NA,NA,NA,NA,NA,NA,NA,NA,NA,NA,NA,NA,NA,NA,NA,NA,NA,NA,NA,NA,NA,NA,NA,NA,NA,NA,NA,NA,Darnell,Mooney,ATL,WR,28,0
WR,17074,average,NA,NA,NA,NA,NA,NA,23.814285714285713,28.445558456784905,0.18333333333333335,0.3398178783939869,0.43333333333333335,0.21602468994692867,70.9875,15.138639068857637,940,222.9484245290825,5.5375,1.767110231827254,NA,NA,1,0,0,0,0,0,NA,NA,NA,NA,NA,NA,NA,NA,NA,NA,NA,NA,NA,NA,NA,NA,NA,NA,NA,NA,NA,NA,NA,NA,NA,NA,NA,NA,NA,NA,Travis,Hunter,JAC,WR,22,-5
WR,17074,robust,0,NA,NA,NA,NA,NA,18.6,18.5325,0.09166666666666667,0.07413,0.43333333333333335,0,74.075,10.3782,958.75,116.38409999999999,5.6,1.11195,0,NA,1,0,0,0,0,0,NA,NA,NA,NA,NA,NA,NA,NA,NA,NA,NA,NA,NA,NA,NA,NA,NA,NA,NA,NA,NA,NA,NA,NA,NA,NA,NA,NA,NA,NA,Travis,Hunter,JAC,WR,22,-5
WR,17074,weighted,NA,NA,NA,NA,NA,NA,22.613215731636785,29.381406570741266,0.17459514170040488,0.34714969538505813,0.3793184885290149,0.17181915014068122,70.51477732793522,16.392285746654178,933.335020242915,239.25473294448426,5.489676113360324,1.8920054677705471,NA,NA,1,0,0,0,0,0,NA,NA,NA,NA,NA,NA,NA,NA,NA,NA,NA,NA,NA,NA,NA,NA,NA,NA,NA,NA,NA,NA,NA,NA,NA,NA,NA,NA,NA,NA,Travis,Hunter,JAC,WR,22,-5
WR,14840,average,NA,NA,NA,NA,NA,NA,3.96,6.360952309655708,0,0,0.375,0.31339158526400435,43.5875,16.82909364336484,641.975,238.972931820441,3.725,2.10085016804422,NA,NA,NA,NA,NA,NA,NA,NA,NA,NA,NA,NA,NA,NA,NA,NA,NA,NA,NA,NA,NA,NA,NA,NA,NA,NA,NA,NA,NA,NA,NA,NA,NA,NA,NA,NA,NA,NA,Brandon,Aiyuk,SFO,WR,27,0
WR,14840,robust,0,NA,NA,NA,NA,NA,1.98,2.935548,0,0,0.375,0.0926625,41.5,5.9304,605.75,79.91213999999997,3.5,1.4826,0,NA,0,NA,0,NA,0,NA,NA,NA,NA,NA,NA,NA,NA,NA,NA,NA,NA,NA,NA,NA,NA,NA,NA,NA,NA,NA,NA,NA,NA,NA,NA,NA,NA,NA,NA,NA,Brandon,Aiyuk,SFO,WR,27,0
WR,14840,weighted,NA,NA,NA,NA,NA,NA,4.076842105263158,6.402264644022769,0,0,0.3546305668016194,0.33445515134395454,42.48825910931174,17.35210762880952,623.4058704453441,245.0496993118309,3.60748987854251,2.181988824731785,NA,NA,NA,NA,NA,NA,NA,NA,NA,NA,NA,NA,NA,NA,NA,NA,NA,NA,NA,NA,NA,NA,NA,NA,NA,NA,NA,NA,NA,NA,NA,NA,NA,NA,NA,NA,NA,NA,Brandon,Aiyuk,SFO,WR,27,0
WR,14833,average,NA,NA,NA,NA,NA,NA,3.8,6.099180272790763,0,0,0.45,0.2903200204700225,77.275,18.23495465935058,1044.9875,252.081225217474,4.3625,1.387636737149069,NA,NA,NA,NA,NA,NA,NA,NA,NA,NA,NA,NA,NA,NA,NA,NA,NA,NA,NA,NA,NA,NA,NA,NA,NA,NA,NA,NA,NA,NA,NA,NA,NA,NA,NA,NA,NA,NA,Jerry,Jeudy,CLE,WR,26,0
WR,14833,robust,0,NA,NA,NA,NA,NA,2.15,2.8169399999999998,0,0,0.45,0.11119499999999997,81.15,9.340379999999996,1090.2,144.62762999999993,4.35,0.5189100000000008,0,NA,0,NA,0,NA,0,NA,NA,NA,NA,NA,NA,NA,NA,NA,NA,NA,NA,NA,NA,NA,NA,NA,NA,NA,NA,NA,NA,NA,NA,NA,NA,NA,NA,NA,NA,NA,Jerry,Jeudy,CLE,WR,26,0
WR,14833,weighted,NA,NA,NA,NA,NA,NA,3.6544534412955474,6.551152977804051,0,0,0.42596153846153845,0.307537128319408,76.31457489878542,19.596233631819832,1031.1346153846155,271.0009110761529,4.322267206477734,1.4561802859946789,NA,NA,NA,NA,NA,NA,NA,NA,NA,NA,NA,NA,NA,NA,NA,NA,NA,NA,NA,NA,NA,NA,NA,NA,NA,NA,NA,NA,NA,NA,NA,NA,NA,NA,NA,NA,NA,NA,Jerry,Jeudy,CLE,WR,26,0
WR,14105,average,NA,NA,NA,NA,NA,NA,5.8,4.484895284651104,0.02,0.033806170189140665,0.06666666666666667,0.06172133998483677,49.825,14.68894141863191,599.7125,202.85520126082898,3.9375,1.2270027360546978,NA,NA,NA,NA,NA,NA,NA,NA,NA,NA,NA,NA,NA,NA,NA,NA,NA,NA,NA,NA,NA,NA,NA,NA,NA,NA,NA,NA,NA,NA,NA,NA,NA,NA,NA,NA,NA,NA,Marquise,Brown,KCC,WR,28,1
WR,14105,robust,0,NA,NA,NA,NA,NA,5.8,2.9652,0.01,0.014825999999999999,0.06666666666666667,0,51.5,9.636899999999999,612.175,203.8575,4.1,0.29652000000000023,0,NA,0,NA,0,NA,0,NA,NA,NA,NA,NA,NA,NA,NA,NA,NA,NA,NA,NA,NA,NA,NA,NA,NA,NA,NA,NA,NA,NA,NA,NA,NA,NA,NA,NA,NA,NA,Marquise,Brown,KCC,WR,28,1
WR,14105,weighted,NA,NA,NA,NA,NA,NA,6.110931174089068,4.423150932667217,0.023016194331983805,0.035520047030954405,0.04730094466936573,0.03270677854660198,48.748380566801615,15.489603309318577,587.4605263157895,216.9674653808485,3.8665991902834005,1.3121495272839105,NA,NA,NA,NA,NA,NA,NA,NA,NA,NA,NA,NA,NA,NA,NA,NA,NA,NA,NA,NA,NA,NA,NA,NA,NA,NA,NA,NA,NA,NA,NA,NA,NA,NA,NA,NA,NA,NA,Marquise,Brown,KCC,WR,28,1
WR,16287,average,NA,NA,NA,NA,NA,NA,40.65714285714286,13.714573409680806,0.14797499532331482,0.22919141455906278,0.03333333333333333,0.03333333333333334,36.128571428571426,13.58856311826411,455.77142857142854,169.7184896064236,2.642857142857143,1.006408039940631,NA,NA,NA,NA,NA,NA,NA,NA,NA,NA,NA,NA,NA,NA,NA,NA,NA,NA,NA,NA,NA,NA,NA,NA,NA,NA,NA,NA,NA,NA,NA,NA,NA,NA,NA,NA,NA,NA,Tre,Tucker,LVR,WR,24,-3
WR,16287,robust,0,NA,NA,NA,NA,NA,39.15,13.343399999999999,0.10186872544740289,0,0.03333333333333333,0,35.725,9.785160000000001,448.5,123.05579999999999,2.625,1.3343399999999999,0,NA,0,NA,0,NA,0,NA,NA,NA,NA,NA,NA,NA,NA,NA,NA,NA,NA,NA,NA,NA,NA,NA,NA,NA,NA,NA,NA,NA,NA,NA,NA,NA,NA,NA,NA,NA,Tre,Tucker,LVR,WR,24,-3
WR,16287,weighted,NA,NA,NA,NA,NA,NA,41.83100233100233,13.854148926468872,0.12146328137161833,0.23972468708065015,0.022183372183372182,0.01723771860602253,37.05244755244755,13.9210247512015,469.13053613053614,176.34969748848656,2.7072261072261075,1.047165066859018,NA,NA,NA,NA,NA,NA,NA,NA,NA,NA,NA,NA,NA,NA,NA,NA,NA,NA,NA,NA,NA,NA,NA,NA,NA,NA,NA,NA,NA,NA,NA,NA,NA,NA,NA,NA,NA,NA,Tre,Tucker,LVR,WR,24,-3
WR,14122,average,NA,NA,NA,NA,NA,NA,7.066666666666666,4.649628761422531,0.03333333333333333,0.06900655593423542,0.4,0.282842712474619,39.7125,9.027171286099064,587.9125,127.63823248876939,2.85,0.6047431568147636,NA,NA,NA,NA,NA,NA,NA,NA,NA,NA,NA,NA,NA,NA,NA,NA,NA,NA,NA,NA,NA,NA,NA,NA,NA,NA,NA,NA,NA,NA,NA,NA,NA,NA,NA,NA,NA,NA,Darius,Slayton,NYG,WR,28,1
WR,14122,robust,0,NA,NA,NA,NA,NA,6.733333333333333,3.31114,0.016666666666666666,0,0.4,0,38.25,5.782139999999997,562.825,77.8365,2.875,0.37065,0,NA,0,NA,0,NA,0,NA,NA,NA,NA,NA,NA,NA,NA,NA,NA,NA,NA,NA,NA,NA,NA,NA,NA,NA,NA,NA,NA,NA,NA,NA,NA,NA,NA,NA,NA,NA,Darius,Slayton,NYG,WR,28,1
WR,14122,weighted,NA,NA,NA,NA,NA,NA,7.196356275303644,5.14728187192489,0.03785425101214575,0.07345008533177115,0.4305668016194332,0.2957428517287196,39.803036437246966,9.218489395330012,588.2004048582996,130.06192794862628,2.8771255060728746,0.6175642575635303,NA,NA,NA,NA,NA,NA,NA,NA,NA,NA,NA,NA,NA,NA,NA,NA,NA,NA,NA,NA,NA,NA,NA,NA,NA,NA,NA,NA,NA,NA,NA,NA,NA,NA,NA,NA,NA,NA,Darius,Slayton,NYG,WR,28,1
WR,13633,average,NA,NA,NA,NA,NA,NA,5,3.5456210417116734,0,0,0.7,0.31167748898959186,47.8375,10.72805900431201,626.0375,133.9772255433203,3.0125,1.3757465505784747,NA,NA,NA,NA,NA,NA,NA,NA,NA,NA,NA,NA,NA,NA,NA,NA,NA,NA,NA,NA,NA,NA,NA,NA,NA,NA,NA,NA,NA,NA,NA,NA,NA,NA,NA,NA,NA,NA,Christian,Kirk,HOU,WR,29,2
WR,13633,robust,0,NA,NA,NA,NA,NA,4.5,2.2239,0,0,0.725,0.07413000000000006,49.575,6.449310000000001,644.5,90.66098999999996,3,1.26021,0,NA,0,NA,0,NA,0,NA,NA,NA,NA,NA,NA,NA,NA,NA,NA,NA,NA,NA,NA,NA,NA,NA,NA,NA,NA,NA,NA,NA,NA,NA,NA,NA,NA,NA,NA,NA,Christian,Kirk,HOU,WR,29,2
WR,13633,weighted,NA,NA,NA,NA,NA,NA,4.965587044534414,3.7486690640457327,0,0,0.6859311740890688,0.3351568206316532,46.574696356275304,11.123373305607748,610.8431174089069,138.82070232865237,2.870242914979757,1.4259613802953375,NA,NA,NA,NA,NA,NA,NA,NA,NA,NA,NA,NA,NA,NA,NA,NA,NA,NA,NA,NA,NA,NA,NA,NA,NA,NA,NA,NA,NA,NA,NA,NA,NA,NA,NA,NA,NA,NA,Christian,Kirk,HOU,WR,29,2
WR,13629,average,NA,NA,NA,NA,NA,NA,34.77142857142857,11.402971327774214,0.14747501238125252,0.21219255308449841,0.675,0.29940417021620985,69.0125,17.007766083259057,1016.5,233.92367497601802,6.0875,2.1256511607370707,NA,NA,NA,NA,NA,NA,NA,NA,NA,NA,NA,NA,NA,NA,NA,NA,NA,NA,NA,NA,NA,NA,NA,NA,NA,NA,NA,NA,NA,NA,NA,NA,NA,NA,NA,NA,NA,NA,Calvin,Ridley,TEN,WR,31,2
WR,13629,robust,0,NA,NA,NA,NA,NA,36.042857142857144,4.723140000000002,0.10401085047949214,0.10099716041601008,0.70625,0.0926625,73.525,4.4478,1083.75,75.6126,6,1.7049899999999998,0,NA,0,NA,0,NA,0,NA,NA,NA,NA,NA,NA,NA,NA,NA,NA,NA,NA,NA,NA,NA,NA,NA,NA,NA,NA,NA,NA,NA,NA,NA,NA,NA,NA,NA,NA,NA,Calvin,Ridley,TEN,WR,31,2
WR,13629,weighted,NA,NA,NA,NA,NA,NA,35.03773857721226,12.5654743907876,0.12442960111860536,0.22041095168704344,0.6399544534412955,0.31105646427065187,68.29898785425101,18.456120268277143,1007.8572874493927,254.17115569561784,6.028744939271254,2.2748540557743167,NA,NA,NA,NA,NA,NA,NA,NA,NA,NA,NA,NA,NA,NA,NA,NA,NA,NA,NA,NA,NA,NA,NA,NA,NA,NA,NA,NA,NA,NA,NA,NA,NA,NA,NA,NA,NA,NA,Calvin,Ridley,TEN,WR,31,2
WR,13164,average,NA,NA,NA,NA,NA,NA,6.457142857142857,6.032970635920379,0,0,0.4,0.32071349029490925,68.825,14.41851488290564,786.6875,192.45759041186932,5.0375,1.6229932664238453,NA,NA,NA,NA,NA,NA,NA,NA,NA,NA,NA,NA,NA,NA,NA,NA,NA,NA,NA,NA,NA,NA,NA,NA,NA,NA,NA,NA,NA,NA,NA,NA,NA,NA,NA,NA,NA,NA,Cooper,Kupp,SEA,WR,32,3
WR,13164,robust,0,NA,NA,NA,NA,NA,6.478571428571429,8.493179999999999,0,0,0.4,0.14825999999999995,70.65,7.338870000000004,788.375,94.8864,5,0.22238999999999987,0,NA,0,NA,0,NA,0,NA,NA,NA,NA,NA,NA,NA,NA,NA,NA,NA,NA,NA,NA,NA,NA,NA,NA,NA,NA,NA,NA,NA,NA,NA,NA,NA,NA,NA,NA,NA,Cooper,Kupp,SEA,WR,32,3
WR,13164,weighted,NA,NA,NA,NA,NA,NA,6.076344707923655,6.512962763196368,0,0,0.3688259109311742,0.33573011315678036,67.65627530364374,15.249712647039429,773.8896761133603,203.85308896791918,4.89008097165992,1.6887760366347477,NA,NA,NA,NA,NA,NA,NA,NA,NA,NA,NA,NA,NA,NA,NA,NA,NA,NA,NA,NA,NA,NA,NA,NA,NA,NA,NA,NA,NA,NA,NA,NA,NA,NA,NA,NA,NA,NA,Cooper,Kupp,SEA,WR,32,3
WR,15319,average,NA,NA,NA,NA,NA,NA,0.7,0.6324555320336759,0,0,0.03333333333333333,0.030860669992418384,40.6375,8.897501655761898,548.3125,114.11614932039323,3.125,1.4017845768876187,NA,NA,NA,NA,NA,NA,NA,NA,NA,NA,NA,NA,NA,NA,NA,NA,NA,NA,NA,NA,NA,NA,NA,NA,NA,NA,NA,NA,NA,NA,NA,NA,NA,NA,NA,NA,NA,NA,Joshua,Palmer,BUF,WR,26,-1
WR,15319,robust,0,NA,NA,NA,NA,NA,0.7,0.37065,0,0,0.03333333333333333,0,40.8,9.933419999999998,557,153.4491,3.05,1.4826,0,NA,0,NA,0,NA,0,NA,NA,NA,NA,NA,NA,NA,NA,NA,NA,NA,NA,NA,NA,NA,NA,NA,NA,NA,NA,NA,NA,NA,NA,NA,NA,NA,NA,NA,NA,NA,Joshua,Palmer,BUF,WR,26,-1
WR,15319,weighted,NA,NA,NA,NA,NA,NA,0.7367408906882591,0.6754241964387449,0,0,0.023650472334682864,0.01635338927330099,39.72388663967611,9.40819067351967,532.9696356275304,118.17362771792195,2.9882591093117408,1.4731169835717042,NA,NA,NA,NA,NA,NA,NA,NA,NA,NA,NA,NA,NA,NA,NA,NA,NA,NA,NA,NA,NA,NA,NA,NA,NA,NA,NA,NA,NA,NA,NA,NA,NA,NA,NA,NA,NA,NA,Joshua,Palmer,BUF,WR,26,-1
WR,17079,average,NA,NA,NA,NA,NA,NA,6,4.546060565661952,0,0,0,0,10,10.23067283548187,134.1,154.9044006261066,0.8,1.469693845669907,NA,NA,NA,NA,NA,NA,NA,NA,NA,NA,NA,NA,NA,NA,NA,NA,NA,NA,NA,NA,NA,NA,NA,NA,NA,NA,NA,NA,NA,NA,NA,NA,NA,NA,NA,NA,NA,NA,Tez,Johnson,TBB,WR,23,-5
WR,17079,robust,0,NA,NA,NA,NA,NA,6.25,3.7064999999999997,0,0,0,0,9.25,7.412999999999999,103.1,82.2843,0.15000000000000002,0.14826,0,NA,0,NA,0,NA,0,NA,NA,NA,NA,NA,NA,NA,NA,NA,NA,NA,NA,NA,NA,NA,NA,NA,NA,NA,NA,NA,NA,NA,NA,NA,NA,NA,NA,NA,NA,NA,Tez,Johnson,TBB,WR,23,-5
WR,17079,weighted,NA,NA,NA,NA,NA,NA,7.952702702702703,2.648302028273416,0,0,0,0,11.709459459459458,11.627653503888439,158.4954954954955,177.5084581726002,0.9797297297297297,1.7238989082781566,NA,NA,NA,NA,NA,NA,NA,NA,NA,NA,NA,NA,NA,NA,NA,NA,NA,NA,NA,NA,NA,NA,NA,NA,NA,NA,NA,NA,NA,NA,NA,NA,NA,NA,NA,NA,NA,NA,Tez,Johnson,TBB,WR,23,-5
WR,14860,average,NA,NA,NA,NA,NA,NA,8.466666666666667,11.566783312160569,0.02,0.033806170189140665,0.4,0.32071349029490925,64.375,14.557251506674309,835.8375,197.32781961207888,5.3375,1.717920254260948,NA,NA,NA,NA,NA,NA,NA,NA,NA,NA,NA,NA,NA,NA,NA,NA,NA,NA,NA,NA,NA,NA,NA,NA,NA,NA,NA,NA,NA,NA,NA,NA,NA,NA,NA,NA,NA,NA,Jauan,Jennings,SFO,WR,28,0
WR,14860,robust,0,NA,NA,NA,NA,NA,5.4,8.00604,0.01,0.014825999999999999,0.4,0.14825999999999995,67.6,5.3373599999999914,885,88.43708999999996,5.3,0.7413,0,NA,0,NA,0,NA,0,NA,NA,NA,NA,NA,NA,NA,NA,NA,NA,NA,NA,NA,NA,NA,NA,NA,NA,NA,NA,NA,NA,NA,NA,NA,NA,NA,NA,NA,NA,NA,Jauan,Jennings,SFO,WR,28,0
WR,14860,weighted,NA,NA,NA,NA,NA,NA,8.198313090418353,12.472818540200262,0.008643724696356277,0.010706670463956413,0.3688259109311742,0.33573011315678036,63.96781376518219,15.723320311299464,831.5516194331983,214.4325274070108,5.294736842105263,1.825611778706518,NA,NA,NA,NA,NA,NA,NA,NA,NA,NA,NA,NA,NA,NA,NA,NA,NA,NA,NA,NA,NA,NA,NA,NA,NA,NA,NA,NA,NA,NA,NA,NA,NA,NA,NA,NA,NA,NA,Jauan,Jennings,SFO,WR,28,0
WR,16619,average,NA,NA,NA,NA,NA,NA,9.728571428571428,5.538105474338491,0,0,0.5,0.2449489742783178,38.5,12.64414037071266,445.775,164.4335884179385,3.25,1.1759494644146673,NA,NA,NA,NA,NA,NA,NA,NA,NA,NA,NA,NA,NA,NA,NA,NA,NA,NA,NA,NA,NA,NA,NA,NA,NA,NA,NA,NA,NA,NA,NA,NA,NA,NA,NA,NA,NA,NA,Troy,Franklin,DEN,WR,22,-4
WR,16619,robust,0,NA,NA,NA,NA,NA,10,5.39031,0,0,0.5,0,35.4,3.4099799999999956,398,62.2692,3,0.22238999999999987,0,NA,0,NA,0,NA,0,NA,NA,NA,NA,NA,NA,NA,NA,NA,NA,NA,NA,NA,NA,NA,NA,NA,NA,NA,NA,NA,NA,NA,NA,NA,NA,NA,NA,NA,NA,NA,Troy,Franklin,DEN,WR,22,-4
WR,16619,weighted,NA,NA,NA,NA,NA,NA,10.132301908617698,5.849704891524493,0,0,0.5590080971659919,0.2011453061208412,38.644534412955466,13.229655432313589,443.082995951417,171.59314938585115,3.2271255060728747,1.2178591275580752,NA,NA,NA,NA,NA,NA,NA,NA,NA,NA,NA,NA,NA,NA,NA,NA,NA,NA,NA,NA,NA,NA,NA,NA,NA,NA,NA,NA,NA,NA,NA,NA,NA,NA,NA,NA,NA,NA,Troy,Franklin,DEN,WR,22,-4
WR,15293,average,NA,NA,NA,NA,NA,NA,0.72,0.9832889416937134,0,0,0.03333333333333333,0.030860669992418384,44.15,9.492553472515782,646.2125,148.8433158679671,5.3625,1.7888044690718514,NA,NA,NA,NA,NA,NA,NA,NA,NA,NA,NA,NA,NA,NA,NA,NA,NA,NA,NA,NA,NA,NA,NA,NA,NA,NA,NA,NA,NA,NA,NA,NA,NA,NA,NA,NA,NA,NA,Rashod,Bateman,BAL,WR,26,-1
WR,15293,robust,0,NA,NA,NA,NA,NA,0.48,0.533736,0,0,0.03333333333333333,0,45.85,5.782139999999997,672.25,107.48849999999999,5,1.3343399999999999,0,NA,0,NA,0,NA,0,NA,NA,NA,NA,NA,NA,NA,NA,NA,NA,NA,NA,NA,NA,NA,NA,NA,NA,NA,NA,NA,NA,NA,NA,NA,NA,NA,NA,NA,NA,NA,Rashod,Bateman,BAL,WR,26,-1
WR,15293,weighted,NA,NA,NA,NA,NA,NA,0.7514574898785426,1.0699043617671797,0,0,0.023650472334682864,0.01635338927330099,43.558704453441294,10.17756999293307,635.3987854251012,158.62368227119248,5.302834008097166,1.9232640806344201,NA,NA,NA,NA,NA,NA,NA,NA,NA,NA,NA,NA,NA,NA,NA,NA,NA,NA,NA,NA,NA,NA,NA,NA,NA,NA,NA,NA,NA,NA,NA,NA,NA,NA,NA,NA,NA,NA,Rashod,Bateman,BAL,WR,26,-1
WR,16187,average,NA,NA,NA,NA,NA,NA,6.966666666666667,5.860684179139757,0,0,0.375,0.31339158526400435,68.0875,15.313993367412134,758.5375,179.941728166966,4.2625,1.4070612739221517,NA,NA,NA,NA,NA,NA,NA,NA,NA,NA,NA,NA,NA,NA,NA,NA,NA,NA,NA,NA,NA,NA,NA,NA,NA,NA,NA,NA,NA,NA,NA,NA,NA,NA,NA,NA,NA,NA,Josh,Downs,IND,WR,24,-3
WR,16187,robust,0,NA,NA,NA,NA,NA,6.675,5.757429999999999,0,0,0.375,0.0926625,70,7.412999999999999,774.825,36.546089999999964,4.15,0.6671699999999999,0,NA,0,NA,0,NA,0,NA,NA,NA,NA,NA,NA,NA,NA,NA,NA,NA,NA,NA,NA,NA,NA,NA,NA,NA,NA,NA,NA,NA,NA,NA,NA,NA,NA,NA,NA,NA,Josh,Downs,IND,WR,24,-3
WR,16187,weighted,NA,NA,NA,NA,NA,NA,6.900236167341431,6.275055646881733,0,0,0.3546305668016194,0.33445515134395454,67.5257085020243,16.500663028333165,751.2459514170041,193.51224902758491,4.168218623481781,1.485827251998485,NA,NA,NA,NA,NA,NA,NA,NA,NA,NA,NA,NA,NA,NA,NA,NA,NA,NA,NA,NA,NA,NA,NA,NA,NA,NA,NA,NA,NA,NA,NA,NA,NA,NA,NA,NA,NA,NA,Josh,Downs,IND,WR,24,-3
WR,16189,average,NA,NA,NA,NA,NA,NA,52.957142857142856,23.969853515426838,0.33995812693030403,0.4272642249990471,0.65,0.30937725468153876,46.1375,11.970074292644494,603.975,164.9590576909486,4.7,1.710471948239516,1,0,NA,NA,NA,NA,NA,NA,NA,NA,NA,NA,NA,NA,NA,NA,NA,NA,NA,NA,NA,NA,NA,NA,NA,NA,NA,NA,NA,NA,NA,NA,NA,NA,NA,NA,NA,NA,Marvin,Mims,DEN,WR,23,-3
WR,16189,robust,0,NA,NA,NA,NA,NA,47.5,10.3782,0.25357107386508565,0.29253127227727693,0.65,0.03706500000000003,46.075,11.49015,609.95,124.39013999999996,4.6,0.8895600000000001,1,0,0,NA,0,NA,0,NA,NA,NA,NA,NA,NA,NA,NA,NA,NA,NA,NA,NA,NA,NA,NA,NA,NA,NA,NA,NA,NA,NA,NA,NA,NA,NA,NA,NA,NA,NA,Marvin,Mims,DEN,WR,23,-3
WR,16189,weighted,NA,NA,NA,NA,NA,NA,54.02371312897629,27.080587261480748,0.3901848631656835,0.45800464832639337,0.6575404858299596,0.33483376149623495,44.861943319838055,12.324198486495487,585.8056680161943,169.8146307016812,4.518623481781377,1.7620404227993587,1,0,NA,NA,NA,NA,NA,NA,NA,NA,NA,NA,NA,NA,NA,NA,NA,NA,NA,NA,NA,NA,NA,NA,NA,NA,NA,NA,NA,NA,NA,NA,NA,NA,NA,NA,NA,NA,Marvin,Mims,DEN,WR,23,-3
WR,17070,average,NA,NA,NA,NA,NA,NA,31.6,16.94495289375065,0.19530439835508673,0.3548107595786061,0.8,0.3070597894314954,42.5625,14.069210303760071,514.0125,153.99610790536235,3.025,1.5135105832845326,NA,NA,NA,NA,NA,NA,NA,NA,NA,NA,NA,NA,NA,NA,NA,NA,NA,NA,NA,NA,NA,NA,NA,NA,NA,NA,NA,NA,NA,NA,NA,NA,NA,NA,NA,NA,NA,NA,Luther,Burden,CHI,WR,22,-5
WR,17070,robust,0,NA,NA,NA,NA,NA,28.65,9.34038,0.08121759342034686,0,0.8500000000000001,0.14825999999999995,40.425,9.117989999999997,491.25,157.1556,3.1,1.3343399999999999,0,NA,0,NA,0,NA,0,NA,NA,NA,NA,NA,NA,NA,NA,NA,NA,NA,NA,NA,NA,NA,NA,NA,NA,NA,NA,NA,NA,NA,NA,NA,NA,NA,NA,NA,NA,NA,Luther,Burden,CHI,WR,22,-5
WR,17070,weighted,NA,NA,NA,NA,NA,NA,31.40688259109312,17.670492831775245,0.16307345575839088,0.37212620457882056,0.757085020242915,0.3058873716140543,41.434615384615384,14.56173565068007,500.29655870445345,160.41023382926952,2.944331983805668,1.605937994688865,NA,NA,NA,NA,NA,NA,NA,NA,NA,NA,NA,NA,NA,NA,NA,NA,NA,NA,NA,NA,NA,NA,NA,NA,NA,NA,NA,NA,NA,NA,NA,NA,NA,NA,NA,NA,NA,NA,Luther,Burden,CHI,WR,22,-5
WR,15786,average,NA,NA,NA,NA,NA,NA,7.242857142857143,8.506440137303255,0,0,0.13333333333333333,0.13333333333333336,19.385714285714286,8.74117241782218,259.65714285714284,134.29478591445584,2.2142857142857144,1.2005950905399252,NA,NA,NA,NA,NA,NA,NA,NA,NA,NA,NA,NA,NA,NA,NA,NA,NA,NA,NA,NA,NA,NA,NA,NA,NA,NA,NA,NA,NA,NA,NA,NA,NA,NA,NA,NA,NA,NA,Jalen,Nailor,MIN,WR,26,-2
WR,15786,robust,0,NA,NA,NA,NA,NA,7.65,8.1543,0,0,0.13333333333333333,0,19.425,7.412999999999999,254.9,114.16019999999999,2,1.9273799999999996,0,NA,0,NA,0,NA,0,NA,NA,NA,NA,NA,NA,NA,NA,NA,NA,NA,NA,NA,NA,NA,NA,NA,NA,NA,NA,NA,NA,NA,NA,NA,NA,NA,NA,NA,NA,NA,Jalen,Nailor,MIN,WR,26,-2
WR,15786,weighted,NA,NA,NA,NA,NA,NA,7.786946386946387,9.043486203870717,0,0,0.08873348873348873,0.06895087442409012,18.521445221445223,9.36157374850588,246.17365967365967,143.12113319046568,2.1046620046620044,1.3065527937566805,NA,NA,NA,NA,NA,NA,NA,NA,NA,NA,NA,NA,NA,NA,NA,NA,NA,NA,NA,NA,NA,NA,NA,NA,NA,NA,NA,NA,NA,NA,NA,NA,NA,NA,NA,NA,NA,NA,Jalen,Nailor,MIN,WR,26,-2
WR,16342,average,NA,NA,NA,NA,NA,NA,15.985714285714286,8.19414923177831,0,0,0.06666666666666667,0.06172133998483677,56.275,14.382504252439093,587.425,152.90936391022157,3.25,0.5345224838248488,NA,NA,NA,NA,NA,NA,NA,NA,NA,NA,NA,NA,NA,NA,NA,NA,NA,NA,NA,NA,NA,NA,NA,NA,NA,NA,NA,NA,NA,NA,NA,NA,NA,NA,NA,NA,NA,NA,Demario,Douglas,NEP,WR,25,-3
WR,16342,robust,0,NA,NA,NA,NA,NA,15.92142857142857,3.6217800000000002,0,0,0.06666666666666667,0,58.45,10.822980000000006,621.75,74.42651999999998,3.25,0.37065,0,NA,0,NA,0,NA,0,NA,NA,NA,NA,NA,NA,NA,NA,NA,NA,NA,NA,NA,NA,NA,NA,NA,NA,NA,NA,NA,NA,NA,NA,NA,NA,NA,NA,NA,NA,NA,Demario,Douglas,NEP,WR,25,-3
WR,16342,weighted,NA,NA,NA,NA,NA,NA,15.600347021399653,8.8906530853394,0,0,0.04730094466936573,0.03270677854660198,55.02004048582996,15.365408643170127,573.074898785425,162.92698100646803,3.1842105263157894,0.5489783582001295,NA,NA,NA,NA,NA,NA,NA,NA,NA,NA,NA,NA,NA,NA,NA,NA,NA,NA,NA,NA,NA,NA,NA,NA,NA,NA,NA,NA,NA,NA,NA,NA,NA,NA,NA,NA,NA,NA,Demario,Douglas,NEP,WR,25,-3
WR,16684,average,NA,NA,NA,NA,NA,NA,20.166666666666668,23.74908185359781,0.04,0.044721359549995794,0.4,0.34641016151377546,35.4,8.876185366849134,363.85714285714283,138.1670831172999,2.1142857142857143,1.868536478484852,1,0,NA,NA,NA,NA,NA,NA,NA,NA,NA,NA,NA,NA,NA,NA,NA,NA,NA,NA,NA,NA,NA,NA,NA,NA,NA,NA,NA,NA,NA,NA,NA,NA,NA,NA,NA,NA,Malik,Washington,MIA,WR,24,-4
WR,16684,robust,0,NA,NA,NA,NA,NA,16.991666666666667,10.3782,0.04,0.059303999999999996,0.4,0.2965199999999999,35.65,7.709520000000004,339.75,106.74719999999999,1.9,0.2965199999999999,1,0,0,NA,0,NA,0,NA,NA,NA,NA,NA,NA,NA,NA,NA,NA,NA,NA,NA,NA,NA,NA,NA,NA,NA,NA,NA,NA,NA,NA,NA,NA,NA,NA,NA,NA,NA,Malik,Washington,MIA,WR,24,-4
WR,16684,weighted,NA,NA,NA,NA,NA,NA,21.245163776493257,25.942624788323144,0.028901734104046246,0.03959759778779678,0.36439306358381507,0.3635847721758927,35.89202312138728,9.469640487376298,365.7919075144509,145.34137092730725,2.091329479768786,1.9707939643580419,1,0,NA,NA,NA,NA,NA,NA,NA,NA,NA,NA,NA,NA,NA,NA,NA,NA,NA,NA,NA,NA,NA,NA,NA,NA,NA,NA,NA,NA,NA,NA,NA,NA,NA,NA,NA,NA,Malik,Washington,MIA,WR,24,-4
WR,17098,average,NA,NA,NA,NA,NA,NA,4.833333333333333,4.881939505292269,0,0,0.8,0.1851640199545103,31.9875,11.989571361336127,407.5625,162.40677270800185,2.225,1.1792854979665806,NA,NA,NA,NA,NA,NA,NA,NA,NA,NA,NA,NA,NA,NA,NA,NA,NA,NA,NA,NA,NA,NA,NA,NA,NA,NA,NA,NA,NA,NA,NA,NA,NA,NA,NA,NA,NA,NA,Tory,Horton,SEA,WR,23,-5
WR,17098,robust,0,NA,NA,NA,NA,NA,3.958333333333333,3.5829499999999994,0,0,0.8,0,30.45,10.971239999999998,396.125,94.8864,2.25,1.11195,0,NA,0,NA,0,NA,0,NA,NA,NA,NA,NA,NA,NA,NA,NA,NA,NA,NA,NA,NA,NA,NA,NA,NA,NA,NA,NA,NA,NA,NA,NA,NA,NA,NA,NA,NA,NA,Tory,Horton,SEA,WR,23,-5
WR,17098,weighted,NA,NA,NA,NA,NA,NA,4.400978407557355,5.0588412413548545,0,0,0.7718623481781377,0.1810686824392606,30.86761133603239,12.53927388431315,390.43927125506076,168.8028765677207,2.1483805668016194,1.263500225634752,NA,NA,NA,NA,NA,NA,NA,NA,NA,NA,NA,NA,NA,NA,NA,NA,NA,NA,NA,NA,NA,NA,NA,NA,NA,NA,NA,NA,NA,NA,NA,NA,NA,NA,NA,NA,NA,NA,Tory,Horton,SEA,WR,23,-5
WR,11232,average,NA,NA,NA,NA,NA,NA,0.7,0.6831300510639732,0,0,0.03333333333333333,0.03333333333333334,33.27142857142857,17.84065715210759,425.5,223.41982156171073,3.7857142857142856,1.560372360932449,NA,NA,NA,NA,NA,NA,NA,NA,NA,NA,NA,NA,NA,NA,NA,NA,NA,NA,NA,NA,NA,NA,NA,NA,NA,NA,NA,NA,NA,NA,NA,NA,NA,NA,NA,NA,NA,NA,DeAndre,Hopkins,BAL,WR,33,7
WR,11232,robust,0,NA,NA,NA,NA,NA,0.6499999999999999,0.44478000000000006,0,0,0.03333333333333333,0,29.775,6.078660000000002,363.75,48.925799999999995,3.5,1.0378200000000002,0,NA,0,NA,0,NA,0,NA,NA,NA,NA,NA,NA,NA,NA,NA,NA,NA,NA,NA,NA,NA,NA,NA,NA,NA,NA,NA,NA,NA,NA,NA,NA,NA,NA,NA,NA,NA,DeAndre,Hopkins,BAL,WR,33,7
WR,11232,weighted,NA,NA,NA,NA,NA,NA,0.7458041958041958,0.7392295799032893,0,0,0.022183372183372182,0.01723771860602253,32.0927738927739,18.510880008061132,410.4172494172494,230.86261586853323,3.64055944055944,1.6061747484121491,NA,NA,NA,NA,NA,NA,NA,NA,NA,NA,NA,NA,NA,NA,NA,NA,NA,NA,NA,NA,NA,NA,NA,NA,NA,NA,NA,NA,NA,NA,NA,NA,NA,NA,NA,NA,NA,NA,DeAndre,Hopkins,BAL,WR,33,7
WR,17083,average,NA,NA,NA,NA,NA,NA,6.5,5.574175147179049,0,0,0.4,0.2138089935299395,49.2625,16.914316632452437,646.95,233.04461252852732,3.8625,2.0304380245229283,NA,NA,NA,NA,NA,NA,NA,NA,NA,NA,NA,NA,NA,NA,NA,NA,NA,NA,NA,NA,NA,NA,NA,NA,NA,NA,NA,NA,NA,NA,NA,NA,NA,NA,NA,NA,NA,NA,Jayden,Higgins,HOU,WR,23,-5
WR,17083,robust,0,NA,NA,NA,NA,NA,5.75,2.2239,0,0,0.4,0,52.5,7.412999999999999,674.05,181.17372000000006,4,2.2239,0,NA,0,NA,0,NA,0,NA,NA,NA,NA,NA,NA,NA,NA,NA,NA,NA,NA,NA,NA,NA,NA,NA,NA,NA,NA,NA,NA,NA,NA,NA,NA,NA,NA,NA,NA,NA,Jayden,Higgins,HOU,WR,23,-5
WR,17083,weighted,NA,NA,NA,NA,NA,NA,6.780870445344129,5.987604652897223,0,0,0.3987854251012146,0.23297085406125206,48.651012145748986,18.05439807516136,638.0445344129555,249.31092869750125,3.785425101214575,2.1630841959806983,NA,NA,NA,NA,NA,NA,NA,NA,NA,NA,NA,NA,NA,NA,NA,NA,NA,NA,NA,NA,NA,NA,NA,NA,NA,NA,NA,NA,NA,NA,NA,NA,NA,NA,NA,NA,NA,NA,Jayden,Higgins,HOU,WR,23,-5
WR,17073,average,NA,NA,NA,NA,NA,NA,5.74,5.945620236779339,0,0,0.03333333333333333,0.03651483716701108,29.883333333333333,12.204985320215124,354.1,156.49811500462235,2.05,1.1022703842524302,NA,NA,NA,NA,NA,NA,NA,NA,NA,NA,NA,NA,NA,NA,NA,NA,NA,NA,NA,NA,NA,NA,NA,NA,NA,NA,NA,NA,NA,NA,NA,NA,NA,NA,NA,NA,NA,NA,Elic,Ayomanor,TEN,WR,22,-5
WR,17073,robust,0,NA,NA,NA,NA,NA,4.85,2.772462,0,0,0.03333333333333333,0.02471,33.3,7.412999999999999,387,83.76689999999999,2.15,0.7413,0,NA,0,NA,0,NA,0,NA,NA,NA,NA,NA,NA,NA,NA,NA,NA,NA,NA,NA,NA,NA,NA,NA,NA,NA,NA,NA,NA,NA,NA,NA,NA,NA,NA,NA,NA,NA,Elic,Ayomanor,TEN,WR,22,-5
WR,17073,weighted,NA,NA,NA,NA,NA,NA,5.631537414965988,6.54473510827719,0,0,0.020317460317460317,0.018185442143126042,29.292517006802722,13.296000248849262,345.0476190476191,169.83448582462555,2.0095238095238095,1.2088949460931306,NA,NA,NA,NA,NA,NA,NA,NA,NA,NA,NA,NA,NA,NA,NA,NA,NA,NA,NA,NA,NA,NA,NA,NA,NA,NA,NA,NA,NA,NA,NA,NA,NA,NA,NA,NA,NA,NA,Elic,Ayomanor,TEN,WR,22,-5
WR,16628,average,NA,NA,NA,NA,NA,NA,12.314285714285715,8.858801687978955,0,0,0.35,0.30937725468153876,18.5,6.187545093630776,228.325,71.68414349471875,1.9625,0.8650970218090321,NA,NA,NA,NA,NA,NA,NA,NA,NA,NA,NA,NA,NA,NA,NA,NA,NA,NA,NA,NA,NA,NA,NA,NA,NA,NA,NA,NA,NA,NA,NA,NA,NA,NA,NA,NA,NA,NA,Jalen,McMillan,TBB,WR,24,-4
WR,16628,robust,0,NA,NA,NA,NA,NA,10.82857142857143,4.59606,0,0,0.35,0.03706500000000003,18,5.1891,223.95,50.4084,2,1.26021,0,NA,0,NA,0,NA,0,NA,NA,NA,NA,NA,NA,NA,NA,NA,NA,NA,NA,NA,NA,NA,NA,NA,NA,NA,NA,NA,NA,NA,NA,NA,NA,NA,NA,NA,NA,NA,Jalen,McMillan,TBB,WR,24,-4
WR,16628,weighted,NA,NA,NA,NA,NA,NA,11.891555812608443,9.416844514984346,0,0,0.3404352226720648,0.33371247372112833,18.153846153846153,6.6137416712839014,224.6002024291498,76.90156338011619,1.8995951417004047,0.9217209217929009,NA,NA,NA,NA,NA,NA,NA,NA,NA,NA,NA,NA,NA,NA,NA,NA,NA,NA,NA,NA,NA,NA,NA,NA,NA,NA,NA,NA,NA,NA,NA,NA,NA,NA,NA,NA,NA,NA,Jalen,McMillan,TBB,WR,24,-4
WR,16206,average,NA,NA,NA,NA,NA,NA,5.15,5.372881642364471,0.02,0.033806170189140665,0.3333333333333333,0.1543033499620919,45.9125,10.765744284535092,546.525,133.8663699365901,3.6625,1.051444584505391,NA,NA,NA,NA,NA,NA,NA,NA,NA,NA,NA,NA,NA,NA,NA,NA,NA,NA,NA,NA,NA,NA,NA,NA,NA,NA,NA,NA,NA,NA,NA,NA,NA,NA,NA,NA,NA,NA,Michael,Wilson,ARI,WR,25,-3
WR,16206,robust,0,NA,NA,NA,NA,NA,4.975,5.85627,0.01,0.014825999999999999,0.3333333333333333,0,45.725,4.151280000000001,538.1500000000001,74.13,3.575,0.8895600000000001,0,NA,0,NA,0,NA,0,NA,NA,NA,NA,NA,NA,NA,NA,NA,NA,NA,NA,NA,NA,NA,NA,NA,NA,NA,NA,NA,NA,NA,NA,NA,NA,NA,NA,NA,NA,NA,Michael,Wilson,ARI,WR,25,-3
WR,16206,weighted,NA,NA,NA,NA,NA,NA,4.650860323886639,5.568947047779371,0.008643724696356277,0.010706670463956413,0.30836707152496623,0.15158371946539406,45.588866396761134,11.427695223799402,541.4301619433198,142.28534258656742,3.53582995951417,1.0974812581771556,NA,NA,NA,NA,NA,NA,NA,NA,NA,NA,NA,NA,NA,NA,NA,NA,NA,NA,NA,NA,NA,NA,NA,NA,NA,NA,NA,NA,NA,NA,NA,NA,NA,NA,NA,NA,NA,NA,Michael,Wilson,ARI,WR,25,-3
WR,16195,average,NA,NA,NA,NA,NA,NA,1.05,1.6934748722249005,0,0,0.16666666666666666,0.1543033499620919,26.2,10.953407819356626,335.925,139.50684315012754,2.5625,0.9797047660246574,NA,NA,NA,NA,NA,NA,NA,NA,NA,NA,NA,NA,NA,NA,NA,NA,NA,NA,NA,NA,NA,NA,NA,NA,NA,NA,NA,NA,NA,NA,NA,NA,NA,NA,NA,NA,NA,NA,Dontayvion,Wicks,GBP,WR,24,-3
WR,16195,robust,0,NA,NA,NA,NA,NA,0.5875,0.778365,0,0,0.16666666666666666,0,25.55,6.6716999999999995,329.75,122.3145,2.5,0.7413,0,NA,0,NA,0,NA,0,NA,NA,NA,NA,NA,NA,NA,NA,NA,NA,NA,NA,NA,NA,NA,NA,NA,NA,NA,NA,NA,NA,NA,NA,NA,NA,NA,NA,NA,NA,NA,Dontayvion,Wicks,GBP,WR,24,-3
WR,16195,weighted,NA,NA,NA,NA,NA,NA,1.0135121457489877,1.81972488618591,0,0,0.19011470985155196,0.15089056869938383,25.610323886639677,11.822216021865936,328.95647773279353,150.6146439414757,2.437246963562753,1.036895508388637,NA,NA,NA,NA,NA,NA,NA,NA,NA,NA,NA,NA,NA,NA,NA,NA,NA,NA,NA,NA,NA,NA,NA,NA,NA,NA,NA,NA,NA,NA,NA,NA,NA,NA,NA,NA,NA,NA,Dontayvion,Wicks,GBP,WR,24,-3
WR,11938,average,NA,NA,NA,NA,NA,NA,1.05,0.9315885051121782,0,0,0.375,0.31339158526400435,45,14.862801120342597,520.2125,198.10247303208652,3.8125,1.2517844405944203,NA,NA,NA,NA,NA,NA,NA,NA,NA,NA,NA,NA,NA,NA,NA,NA,NA,NA,NA,NA,NA,NA,NA,NA,NA,NA,NA,NA,NA,NA,NA,NA,NA,NA,NA,NA,NA,NA,Adam,Thielen,MIN,WR,35,6
WR,11938,robust,0,NA,NA,NA,NA,NA,1.025,0.2223900000000002,0,0,0.375,0.0926625,45,16.01208,514.5,182.35979999999998,3.75,1.11195,0,NA,0,NA,0,NA,0,NA,NA,NA,NA,NA,NA,NA,NA,NA,NA,NA,NA,NA,NA,NA,NA,NA,NA,NA,NA,NA,NA,NA,NA,NA,NA,NA,NA,NA,NA,NA,Adam,Thielen,MIN,WR,35,6
WR,11938,weighted,NA,NA,NA,NA,NA,NA,1.0205971659919029,0.9930434155669464,0,0,0.3546305668016194,0.33445515134395454,44.49615384615385,15.836151229449754,513.841093117409,209.93773419765483,3.727732793522267,1.3209579364918154,NA,NA,NA,NA,NA,NA,NA,NA,NA,NA,NA,NA,NA,NA,NA,NA,NA,NA,NA,NA,NA,NA,NA,NA,NA,NA,NA,NA,NA,NA,NA,NA,NA,NA,NA,NA,NA,NA,Adam,Thielen,MIN,WR,35,6
WR,13176,average,NA,NA,NA,NA,NA,NA,4.2,4.915282290977803,0,0,0.1,0.06324555320336758,18.166666666666668,6.811069421659616,202.25,77.36520535744735,0.8833333333333333,0.4490731195102493,NA,NA,NA,NA,NA,NA,NA,NA,NA,NA,NA,NA,NA,NA,NA,NA,NA,NA,NA,NA,NA,NA,NA,NA,NA,NA,NA,NA,NA,NA,NA,NA,NA,NA,NA,NA,NA,NA,Zay,Jones,ARI,WR,30,3
WR,13176,robust,0,NA,NA,NA,NA,NA,3.1,4.4478,0,0,0.1,0,17.5,7.857780000000001,205,78.94845,1,0,0,NA,0,NA,0,NA,0,NA,NA,NA,NA,NA,NA,NA,NA,NA,NA,NA,NA,NA,NA,NA,NA,NA,NA,NA,NA,NA,NA,NA,NA,NA,NA,NA,NA,NA,NA,NA,Zay,Jones,ARI,WR,30,3
WR,13176,weighted,NA,NA,NA,NA,NA,NA,4.5515646258503395,5.311411456077198,0,0,0.09959183673469388,0.06987800813614221,18.37251700680272,7.5090203711160495,205.75510204081633,85.24205033668501,0.8068027210884353,0.4415060740181029,NA,NA,NA,NA,NA,NA,NA,NA,NA,NA,NA,NA,NA,NA,NA,NA,NA,NA,NA,NA,NA,NA,NA,NA,NA,NA,NA,NA,NA,NA,NA,NA,NA,NA,NA,NA,NA,NA,Zay,Jones,ARI,WR,30,3
WR,16639,average,NA,NA,NA,NA,NA,NA,21.65714285714286,15.26965778855544,0.016666666666666666,0.03450327796711771,0.375,0.31339158526400435,55.4125,13.033411734023115,615.7625,175.1015863312331,3.9375,0.9782455140271719,NA,NA,NA,NA,NA,NA,NA,NA,NA,NA,NA,NA,NA,NA,NA,NA,NA,NA,NA,NA,NA,NA,NA,NA,NA,NA,NA,NA,NA,NA,NA,NA,NA,NA,NA,NA,NA,NA,Xavier,Legette,CAR,WR,24,-4
WR,16639,robust,0,NA,NA,NA,NA,NA,21.728571428571428,13.04688,0.008333333333333333,0,0.375,0.0926625,57.55,8.1543,659.525,91.84707000000006,4,0.8154299999999997,0,NA,0,NA,0,NA,0,NA,NA,NA,NA,NA,NA,NA,NA,NA,NA,NA,NA,NA,NA,NA,NA,NA,NA,NA,NA,NA,NA,NA,NA,NA,NA,NA,NA,NA,NA,NA,Xavier,Legette,CAR,WR,24,-4
WR,16639,weighted,NA,NA,NA,NA,NA,NA,20.3395026026605,16.560346873021146,0.004554655870445345,0.008026420822922336,0.3546305668016194,0.33445515134395454,54.51356275303644,13.953323937776192,605.5222672064777,188.9332467737684,3.8475708502024295,1.0319333865456948,NA,NA,NA,NA,NA,NA,NA,NA,NA,NA,NA,NA,NA,NA,NA,NA,NA,NA,NA,NA,NA,NA,NA,NA,NA,NA,NA,NA,NA,NA,NA,NA,NA,NA,NA,NA,NA,NA,Xavier,Legette,CAR,WR,24,-4
WR,12785,average,NA,NA,NA,NA,NA,NA,2.2,1.7481418706729726,0,0,0,0,12.8,3.743260610751007,191.68333333333334,45.54076928057613,1.5833333333333333,0.4665476038590989,NA,NA,NA,NA,NA,NA,NA,NA,NA,NA,NA,NA,NA,NA,NA,NA,NA,NA,NA,NA,NA,NA,NA,NA,NA,NA,NA,NA,NA,NA,NA,NA,NA,NA,NA,NA,NA,NA,Demarcus,Robinson,SFO,WR,31,4
WR,12785,robust,0,NA,NA,NA,NA,NA,2.2,1.63086,0,0,0,0,13,4.37367,197,58.48856999999998,1.5,0.37065,0,NA,0,NA,0,NA,0,NA,NA,NA,NA,NA,NA,NA,NA,NA,NA,NA,NA,NA,NA,NA,NA,NA,NA,NA,NA,NA,NA,NA,NA,NA,NA,NA,NA,NA,NA,NA,Demarcus,Robinson,SFO,WR,31,4
WR,12785,weighted,NA,NA,NA,NA,NA,NA,2.4549659863945577,1.803057430517372,0,0,0,0,12.73904761904762,4.182972378631679,189.9863945578231,51.28259732678437,1.5229931972789115,0.5111185024897245,NA,NA,NA,NA,NA,NA,NA,NA,NA,NA,NA,NA,NA,NA,NA,NA,NA,NA,NA,NA,NA,NA,NA,NA,NA,NA,NA,NA,NA,NA,NA,NA,NA,NA,NA,NA,NA,NA,Demarcus,Robinson,SFO,WR,31,4
WR,16635,average,NA,NA,NA,NA,NA,NA,0.8,1.1661903789690602,0,0,0.16666666666666669,0.13165611772087668,14.583333333333334,2.649087893344928,164.01666666666665,46.08342073529988,1,0.6324555320336759,NA,NA,NA,NA,NA,NA,NA,NA,NA,NA,NA,NA,NA,NA,NA,NA,NA,NA,NA,NA,NA,NA,NA,NA,NA,NA,NA,NA,NA,NA,NA,NA,NA,NA,NA,NA,NA,NA,Luke,McCaffrey,WAS,WR,24,-4
WR,16635,robust,0,NA,NA,NA,NA,NA,0.5,0.59304,0,0,0.16666666666666669,0.049420000000000006,14,2.8169400000000002,156.55,37.065,1,0,0,NA,0,NA,0,NA,0,NA,NA,NA,NA,NA,NA,NA,NA,NA,NA,NA,NA,NA,NA,NA,NA,NA,NA,NA,NA,NA,NA,NA,NA,NA,NA,NA,NA,NA,NA,NA,Luke,McCaffrey,WAS,WR,24,-4
WR,16635,weighted,NA,NA,NA,NA,NA,NA,0.7423129251700682,1.2750237830017324,0,0,0.17886621315192747,0.14078697228226655,14.806258503401361,2.8932247365417694,169.06666666666666,49.329932366610876,1.0040816326530613,0.6987800813614221,NA,NA,NA,NA,NA,NA,NA,NA,NA,NA,NA,NA,NA,NA,NA,NA,NA,NA,NA,NA,NA,NA,NA,NA,NA,NA,NA,NA,NA,NA,NA,NA,NA,NA,NA,NA,NA,NA,Luke,McCaffrey,WAS,WR,24,-4
WR,11671,average,NA,NA,NA,NA,NA,NA,1,1.6903085094570331,0,0,0.375,0.31339158526400435,68.85,22.278945858622407,945.8125,302.69856971439896,8.8875,2.9107865898118623,NA,NA,NA,NA,NA,NA,NA,NA,NA,NA,NA,NA,NA,NA,NA,NA,NA,NA,NA,NA,NA,NA,NA,NA,NA,NA,NA,NA,NA,NA,NA,NA,NA,NA,NA,NA,NA,NA,Mike,Evans,TBB,WR,32,6
WR,11671,robust,0,NA,NA,NA,NA,NA,0.5,0.7413,0,0,0.375,0.0926625,76.2,3.558239999999998,1047.375,40.771499999999996,9.5,0.7413,0,NA,0,NA,0,NA,0,NA,NA,NA,NA,NA,NA,NA,NA,NA,NA,NA,NA,NA,NA,NA,NA,NA,NA,NA,NA,NA,NA,NA,NA,NA,NA,NA,NA,NA,NA,NA,Mike,Evans,TBB,WR,32,6
WR,11671,weighted,NA,NA,NA,NA,NA,NA,1.1508097165991904,1.7760023515477203,0,0,0.3546305668016194,0.33445515134395454,67.11032388663969,23.891371535756747,923.6771255060728,325.6603518723431,8.655060728744939,3.120016370315508,NA,NA,NA,NA,NA,NA,NA,NA,NA,NA,NA,NA,NA,NA,NA,NA,NA,NA,NA,NA,NA,NA,NA,NA,NA,NA,NA,NA,NA,NA,NA,NA,NA,NA,NA,NA,NA,NA,Mike,Evans,TBB,WR,32,6
WR,11674,average,NA,NA,NA,NA,NA,NA,4.56,8.546656266244321,0,0,0.03333333333333333,0.03333333333333334,30.2,11.178699984047043,360.5857142857143,150.0481081583662,2.3,1.1704699910719625,NA,NA,NA,NA,NA,NA,NA,NA,NA,NA,NA,NA,NA,NA,NA,NA,NA,NA,NA,NA,NA,NA,NA,NA,NA,NA,NA,NA,NA,NA,NA,NA,NA,NA,NA,NA,NA,NA,Brandin,Cooks,NOS,WR,32,6
WR,11674,robust,0,NA,NA,NA,NA,NA,3.95,4.091976,0,0,0.03333333333333333,0,29.225,6.6716999999999995,344.75,131.80313999999996,2.375,0.8895600000000001,0,NA,0,NA,0,NA,0,NA,NA,NA,NA,NA,NA,NA,NA,NA,NA,NA,NA,NA,NA,NA,NA,NA,NA,NA,NA,NA,NA,NA,NA,NA,NA,NA,NA,NA,NA,NA,Brandin,Cooks,NOS,WR,32,6
WR,11674,weighted,NA,NA,NA,NA,NA,NA,4.613426573426573,8.872217649046359,0,0,0.022183372183372182,0.01723771860602253,30.137296037296036,11.70562494543908,362.40909090909093,157.55904884022115,2.267365967365967,1.2515034985670768,NA,NA,NA,NA,NA,NA,NA,NA,NA,NA,NA,NA,NA,NA,NA,NA,NA,NA,NA,NA,NA,NA,NA,NA,NA,NA,NA,NA,NA,NA,NA,NA,NA,NA,NA,NA,NA,NA,Brandin,Cooks,NOS,WR,32,6
WR,16207,average,NA,NA,NA,NA,NA,NA,1,1.4142135623730951,0,0,0.03333333333333333,0.03333333333333334,31.285714285714285,7.749285681366287,389.6,96.51901367088249,3.8857142857142857,1.1725024114098466,NA,NA,NA,NA,NA,NA,NA,NA,NA,NA,NA,NA,NA,NA,NA,NA,NA,NA,NA,NA,NA,NA,NA,NA,NA,NA,NA,NA,NA,NA,NA,NA,NA,NA,NA,NA,NA,NA,Andrei,Iosivas,CIN,WR,26,-3
WR,16207,robust,0,NA,NA,NA,NA,NA,0.5,1.4826,0,0,0.03333333333333333,0,32.8,3.8547599999999966,402.85,67.90308000000002,3.925,1.4826,0,NA,0,NA,0,NA,0,NA,NA,NA,NA,NA,NA,NA,NA,NA,NA,NA,NA,NA,NA,NA,NA,NA,NA,NA,NA,NA,NA,NA,NA,NA,NA,NA,NA,NA,NA,NA,Andrei,Iosivas,CIN,WR,26,-3
WR,16207,weighted,NA,NA,NA,NA,NA,NA,1.1876456876456876,1.472589898316151,0,0,0.022183372183372182,0.01723771860602253,30.972727272727273,8.401555850310064,387.07808857808857,104.84759040883084,3.8706293706293704,1.2772464757366613,NA,NA,NA,NA,NA,NA,NA,NA,NA,NA,NA,NA,NA,NA,NA,NA,NA,NA,NA,NA,NA,NA,NA,NA,NA,NA,NA,NA,NA,NA,NA,NA,NA,NA,NA,NA,NA,NA,Andrei,Iosivas,CIN,WR,26,-3
WR,12658,average,NA,NA,NA,NA,NA,NA,14.833333333333334,16.461065174121224,0,0,0.3333333333333333,0.3651483716701107,13.683333333333334,9.258599606131948,142.11666666666667,93.52091566418,0.9620510967844311,0.5630911672354076,NA,NA,NA,NA,NA,NA,NA,NA,NA,NA,NA,NA,NA,NA,NA,NA,NA,NA,NA,NA,NA,NA,NA,NA,NA,NA,NA,NA,NA,NA,NA,NA,NA,NA,NA,NA,NA,NA,Sterling,Shepard,TBB,WR,32,4
WR,12658,robust,0,NA,NA,NA,NA,NA,10.5,5.1891,0,0,0.3333333333333333,0.2471,14,4.07715,144.5,57.599009999999986,0.9,0.29652,0,NA,0,NA,0,NA,0,NA,NA,NA,NA,NA,NA,NA,NA,NA,NA,NA,NA,NA,NA,NA,NA,NA,NA,NA,NA,NA,NA,NA,NA,NA,NA,NA,NA,NA,NA,NA,Sterling,Shepard,TBB,WR,32,4
WR,12658,weighted,NA,NA,NA,NA,NA,NA,16.073469387755104,17.734293851421306,0,0,0.400453514739229,0.3617453434369232,14.601632653061225,9.850661269561996,151.85578231292516,99.24411956100585,1.0390788044883295,0.5901823522547939,NA,NA,NA,NA,NA,NA,NA,NA,NA,NA,NA,NA,NA,NA,NA,NA,NA,NA,NA,NA,NA,NA,NA,NA,NA,NA,NA,NA,NA,NA,NA,NA,NA,NA,NA,NA,NA,NA,Sterling,Shepard,TBB,WR,32,4
WR,16191,average,NA,NA,NA,NA,NA,NA,3.1333333333333333,3.245509718570156,0,0,0.7,0.3338091841585121,51.725,13.915228040839699,640.125,193.97454729938153,3.55,1.345893224378729,NA,NA,NA,NA,NA,NA,NA,NA,NA,NA,NA,NA,NA,NA,NA,NA,NA,NA,NA,NA,NA,NA,NA,NA,NA,NA,NA,NA,NA,NA,NA,NA,NA,NA,NA,NA,NA,NA,Cedric,Tillman,CLE,WR,25,-3
WR,16191,robust,0,NA,NA,NA,NA,NA,2.5999999999999996,1.7296999999999998,0,0,0.7,0,54.75,8.8956,685.75,78.5778,3.525,1.4826,0,NA,0,NA,0,NA,0,NA,NA,NA,NA,NA,NA,NA,NA,NA,NA,NA,NA,NA,NA,NA,NA,NA,NA,NA,NA,NA,NA,NA,NA,NA,NA,NA,NA,NA,NA,NA,Cedric,Tillman,CLE,WR,25,-3
WR,16191,weighted,NA,NA,NA,NA,NA,NA,3.3130229419703103,3.276643901939249,0,0,0.6691295546558703,0.35331077434861796,50.72429149797571,14.927462989722143,625.2621457489879,208.1244897362892,3.42165991902834,1.4128170095363692,NA,NA,NA,NA,NA,NA,NA,NA,NA,NA,NA,NA,NA,NA,NA,NA,NA,NA,NA,NA,NA,NA,NA,NA,NA,NA,NA,NA,NA,NA,NA,NA,NA,NA,NA,NA,NA,NA,Cedric,Tillman,CLE,WR,25,-3
WR,17076,average,NA,NA,NA,NA,NA,NA,4.666666666666667,5.2493385826745405,0,0,0,0,18.175,7.601041595290302,207.875,104.5756305264281,0.825,0.5678908345800273,NA,NA,NA,NA,NA,NA,NA,NA,NA,NA,NA,NA,NA,NA,NA,NA,NA,NA,NA,NA,NA,NA,NA,NA,NA,NA,NA,NA,NA,NA,NA,NA,NA,NA,NA,NA,NA,NA,Isaiah,Bond,CLE,WR,21,-5
WR,17076,robust,0,NA,NA,NA,NA,NA,4,3.4594,0,0,0,0,19.475,4.225410000000002,235.375,41.14215,1,0.22239000000000003,0,NA,0,NA,0,NA,0,NA,NA,NA,NA,NA,NA,NA,NA,NA,NA,NA,NA,NA,NA,NA,NA,NA,NA,NA,NA,NA,NA,NA,NA,NA,NA,NA,NA,NA,NA,NA,Isaiah,Bond,CLE,WR,21,-5
WR,17076,weighted,NA,NA,NA,NA,NA,NA,6.208708708708709,5.119916645149208,0,0,0,0,18.364414414414416,9.226378741266748,206.31981981981983,126.30218446683214,0.6801801801801802,0.5715030971349871,NA,NA,NA,NA,NA,NA,NA,NA,NA,NA,NA,NA,NA,NA,NA,NA,NA,NA,NA,NA,NA,NA,NA,NA,NA,NA,NA,NA,NA,NA,NA,NA,NA,NA,NA,NA,NA,NA,Isaiah,Bond,CLE,WR,21,-5
WR,13652,average,NA,NA,NA,NA,NA,NA,3,4.242640687119285,0,0,0,0,10,11.313708498984761,115,131.52186130069785,1,1.4142135623730951,NA,NA,NA,NA,NA,NA,NA,NA,NA,NA,NA,NA,NA,NA,NA,NA,NA,NA,NA,NA,NA,NA,NA,NA,NA,NA,NA,NA,NA,NA,NA,NA,NA,NA,NA,NA,NA,NA,Cedrick,Wilson,MIA,WR,30,2
WR,13652,robust,NA,NA,NA,NA,NA,NA,3,4.4478,0,0,0,0,10,11.8608,115,137.8818,1,1.4826,NA,NA,NA,NA,NA,NA,NA,NA,NA,NA,NA,NA,NA,NA,NA,NA,NA,NA,NA,NA,NA,NA,NA,NA,NA,NA,NA,NA,NA,NA,NA,NA,NA,NA,NA,NA,NA,NA,Cedrick,Wilson,MIA,WR,30,2
WR,13652,weighted,NA,NA,NA,NA,NA,NA,0,NA,0,NA,0,NA,18,NA,208,NA,2,NA,NA,NA,NA,NA,NA,NA,NA,NA,NA,NA,NA,NA,NA,NA,NA,NA,NA,NA,NA,NA,NA,NA,NA,NA,NA,NA,NA,NA,NA,NA,NA,NA,NA,NA,NA,NA,NA,NA,Cedrick,Wilson,MIA,WR,30,2
WR,13289,average,NA,NA,NA,NA,NA,NA,1.94,1.901157542130583,0,0,0,0,15.833333333333334,5.16165348184733,194.33333333333334,68.00490178411161,1.75,0.5648008498577175,NA,NA,NA,NA,NA,NA,NA,NA,NA,NA,NA,NA,NA,NA,NA,NA,NA,NA,NA,NA,NA,NA,NA,NA,NA,NA,NA,NA,NA,NA,NA,NA,NA,NA,NA,NA,NA,NA,Mack,Hollins,NEP,WR,32,3
WR,13289,robust,0,NA,NA,NA,NA,NA,1.8199999999999998,2.2239,0,0,0,0,15.85,4.225409999999999,193,59.303999999999995,1.75,0.2965199999999999,0,NA,0,NA,0,NA,0,NA,NA,NA,NA,NA,NA,NA,NA,NA,NA,NA,NA,NA,NA,NA,NA,NA,NA,NA,NA,NA,NA,NA,NA,NA,NA,NA,NA,NA,NA,NA,Mack,Hollins,NEP,WR,32,3
WR,13289,weighted,NA,NA,NA,NA,NA,NA,1.9586122448979593,2.0936668246446546,0,0,0,0,16.683537414965986,5.4086873053520765,204.71020408163264,72.41454462636665,1.8868027210884355,0.5107198344241998,NA,NA,NA,NA,NA,NA,NA,NA,NA,NA,NA,NA,NA,NA,NA,NA,NA,NA,NA,NA,NA,NA,NA,NA,NA,NA,NA,NA,NA,NA,NA,NA,NA,NA,NA,NA,NA,NA,Mack,Hollins,NEP,WR,32,3
WR,15787,average,NA,NA,NA,NA,NA,NA,4,4.301162633521313,0,0,0,0,8.38,4.799166594316143,132.9,79.30668319883262,0.98,0.708519583356734,NA,NA,NA,NA,NA,NA,NA,NA,NA,NA,NA,NA,NA,NA,NA,NA,NA,NA,NA,NA,NA,NA,NA,NA,NA,NA,NA,NA,NA,NA,NA,NA,NA,NA,NA,NA,NA,NA,Tyquan,Thornton,KCC,WR,25,-2
WR,15787,robust,0,NA,NA,NA,NA,NA,4,4.4478,0,0,0,0,9,1.4826,139,80.0604,1,0.14825999999999995,0,NA,0,NA,0,NA,0,NA,NA,NA,NA,NA,NA,NA,NA,NA,NA,NA,NA,NA,NA,NA,NA,NA,NA,NA,NA,NA,NA,NA,NA,NA,NA,NA,NA,NA,NA,NA,Tyquan,Thornton,KCC,WR,25,-2
WR,15787,weighted,NA,NA,NA,NA,NA,NA,5.008561643835616,4.218425326800551,0,0,0,0,8.598630136986303,5.558572451903178,138.79623287671234,90.50133162374529,1.00513698630137,0.8097295624697234,NA,NA,NA,NA,NA,NA,NA,NA,NA,NA,NA,NA,NA,NA,NA,NA,NA,NA,NA,NA,NA,NA,NA,NA,NA,NA,NA,NA,NA,NA,NA,NA,NA,NA,NA,NA,NA,NA,Tyquan,Thornton,KCC,WR,25,-2
WR,16809,average,NA,NA,NA,NA,NA,NA,4.06,3.805084317944435,0.025,0.03535533905932738,0.13333333333333333,0.08819171036881968,37.55714285714286,12.711131229865309,463.4142857142857,139.4422273269642,2.5,1.096965511460289,NA,NA,NA,NA,NA,NA,NA,NA,NA,NA,NA,NA,NA,NA,NA,NA,NA,NA,NA,NA,NA,NA,NA,NA,NA,NA,NA,NA,NA,NA,NA,NA,NA,NA,NA,NA,NA,NA,Jalen,Coker,CAR,WR,24,-4
WR,16809,robust,0,NA,NA,NA,NA,NA,4.029999999999999,5.841444,0.0125,0.037065,0.13333333333333333,0,38.45,4.596060000000002,470.25,69.53393999999996,2.625,0.8895600000000001,0,NA,0,NA,0,NA,0,NA,NA,NA,NA,NA,NA,NA,NA,NA,NA,NA,NA,NA,NA,NA,NA,NA,NA,NA,NA,NA,NA,NA,NA,NA,NA,NA,NA,NA,NA,NA,Jalen,Coker,CAR,WR,24,-4
WR,16809,weighted,NA,NA,NA,NA,NA,NA,4.2834913294797685,4.084863392006074,0.028757225433526015,0.03672520091908979,0.13834296724470133,0.09499656452839485,37.03236994219653,13.554434920530625,456.4393063583815,148.27919174097613,2.503121387283237,1.1835671173303361,NA,NA,NA,NA,NA,NA,NA,NA,NA,NA,NA,NA,NA,NA,NA,NA,NA,NA,NA,NA,NA,NA,NA,NA,NA,NA,NA,NA,NA,NA,NA,NA,NA,NA,NA,NA,NA,NA,Jalen,Coker,CAR,WR,24,-4
WR,14864,average,NA,NA,NA,NA,NA,NA,0,0,0,0,0,0,12.5,7.7781745930520225,171,128.69343417595164,0.5,0.7071067811865476,NA,NA,NA,NA,NA,NA,NA,NA,NA,NA,NA,NA,NA,NA,NA,NA,NA,NA,NA,NA,NA,NA,NA,NA,NA,NA,NA,NA,NA,NA,NA,NA,NA,NA,NA,NA,NA,NA,Tyler,Johnson,NYJ,WR,27,0
WR,14864,robust,NA,NA,NA,NA,NA,NA,0,0,0,0,0,0,12.5,8.1543,171,134.9166,0.5,0.7413,NA,NA,NA,NA,NA,NA,NA,NA,NA,NA,NA,NA,NA,NA,NA,NA,NA,NA,NA,NA,NA,NA,NA,NA,NA,NA,NA,NA,NA,NA,NA,NA,NA,NA,NA,NA,NA,NA,Tyler,Johnson,NYJ,WR,27,0
WR,14864,weighted,NA,NA,NA,NA,NA,NA,0,NA,0,NA,0,NA,18,NA,262,NA,1,NA,NA,NA,NA,NA,NA,NA,NA,NA,NA,NA,NA,NA,NA,NA,NA,NA,NA,NA,NA,NA,NA,NA,NA,NA,NA,NA,NA,NA,NA,NA,NA,NA,NA,NA,NA,NA,NA,NA,Tyler,Johnson,NYJ,WR,27,0
WR,13172,average,NA,NA,NA,NA,NA,NA,0.75,1.161895003862225,0,0,0.23333333333333334,0.2033060090930254,30.116666666666667,8.108863463313874,380.68333333333334,86.34582599446638,1.85,0.7893034904268447,NA,NA,NA,NA,NA,NA,NA,NA,NA,NA,NA,NA,NA,NA,NA,NA,NA,NA,NA,NA,NA,NA,NA,NA,NA,NA,NA,NA,NA,NA,NA,NA,NA,NA,NA,NA,NA,NA,Noah,Brown,WAS,WR,29,3
WR,13172,robust,0,NA,NA,NA,NA,NA,0.375,0.555975,0,0,0.23333333333333334,0.09884,31,5.0408399999999975,383.5,62.343330000000016,2,0.8895600000000001,0,NA,0,NA,0,NA,0,NA,NA,NA,NA,NA,NA,NA,NA,NA,NA,NA,NA,NA,NA,NA,NA,NA,NA,NA,NA,NA,NA,NA,NA,NA,NA,NA,NA,NA,NA,NA,Noah,Brown,WAS,WR,29,3
WR,13172,weighted,NA,NA,NA,NA,NA,NA,0.8826530612244897,1.2183636916163632,0,0,0.25814058956916097,0.21247309696980413,29.56843537414966,8.903225929617497,372.287074829932,93.08098725013491,1.7956462585034012,0.8624068286196742,NA,NA,NA,NA,NA,NA,NA,NA,NA,NA,NA,NA,NA,NA,NA,NA,NA,NA,NA,NA,NA,NA,NA,NA,NA,NA,NA,NA,NA,NA,NA,NA,NA,NA,NA,NA,NA,NA,Noah,Brown,WAS,WR,29,3
WR,17171,average,NA,NA,NA,NA,NA,NA,8.58,6.346810222466086,0,0,0.3333333333333333,0.408248290463863,15.620000000000001,8.763675028205919,177.16,104.99584753693834,1.3,0.8366600265340756,NA,NA,NA,NA,NA,NA,NA,NA,NA,NA,NA,NA,NA,NA,NA,NA,NA,NA,NA,NA,NA,NA,NA,NA,NA,NA,NA,NA,NA,NA,NA,NA,NA,NA,NA,NA,NA,NA,Chimere,Dike,TEN,WR,24,-5
WR,17171,robust,0,NA,NA,NA,NA,NA,8.9,6.078659999999999,0,0,0.3333333333333333,0.4942,17,7.116480000000001,189.4,75.6126,1.5,0.7413,0,NA,0,NA,0,NA,0,NA,NA,NA,NA,NA,NA,NA,NA,NA,NA,NA,NA,NA,NA,NA,NA,NA,NA,NA,NA,NA,NA,NA,NA,NA,NA,NA,NA,NA,NA,NA,Chimere,Dike,TEN,WR,24,-5
WR,17171,weighted,NA,NA,NA,NA,NA,NA,8.66609589041096,7.295107656302718,0,0,0.4178082191780822,0.41684443312554326,14.798972602739727,9.766544212217383,165.2859589041096,115.78098193401905,1.2448630136986303,0.9463356561059503,NA,NA,NA,NA,NA,NA,NA,NA,NA,NA,NA,NA,NA,NA,NA,NA,NA,NA,NA,NA,NA,NA,NA,NA,NA,NA,NA,NA,NA,NA,NA,NA,NA,NA,NA,NA,NA,NA,Chimere,Dike,TEN,WR,24,-5
WR,13157,average,NA,NA,NA,NA,NA,NA,20.55,6.429230124983862,0.01939704209328783,0.04002725758059875,0.03333333333333333,0.03651483716701108,22.2,4.0412869237410005,230.31666666666666,49.10195176025762,2.0833333333333335,0.6645800679125629,NA,NA,NA,NA,NA,NA,NA,NA,NA,NA,NA,NA,NA,NA,NA,NA,NA,NA,NA,NA,NA,NA,NA,NA,NA,NA,NA,NA,NA,NA,NA,NA,NA,NA,NA,NA,NA,NA,Curtis,Samuel,BUF,WR,29,3
WR,13157,robust,0,NA,NA,NA,NA,NA,20.65,6.6716999999999995,0.008191126279863481,0,0.03333333333333333,0.02471,22.15,4.67019,232.5,54.04076999999998,2,0.37065,0,NA,0,NA,0,NA,0,NA,NA,NA,NA,NA,NA,NA,NA,NA,NA,NA,NA,NA,NA,NA,NA,NA,NA,NA,NA,NA,NA,NA,NA,NA,NA,NA,NA,NA,NA,NA,Curtis,Samuel,BUF,WR,29,3
WR,13157,weighted,NA,NA,NA,NA,NA,NA,18.87891156462585,5.329247917104326,0.0031204290589956123,0.00719384840269498,0.020317460317460317,0.018185442143126042,21.213061224489795,3.7443642910030692,221.0625850340136,49.9456430908034,1.9795918367346936,0.7128891318028289,NA,NA,NA,NA,NA,NA,NA,NA,NA,NA,NA,NA,NA,NA,NA,NA,NA,NA,NA,NA,NA,NA,NA,NA,NA,NA,NA,NA,NA,NA,NA,NA,NA,NA,NA,NA,NA,NA,Curtis,Samuel,BUF,WR,29,3
WR,15292,average,NA,NA,NA,NA,NA,NA,14.133333333333333,10.080784801900208,0,0,0.6,0.37859388972001823,36.1,12.721504103944104,443.2857142857143,184.3924386426174,2.2142857142857144,1.349603116263656,NA,NA,NA,NA,NA,NA,NA,NA,NA,NA,NA,NA,NA,NA,NA,NA,NA,NA,NA,NA,NA,NA,NA,NA,NA,NA,NA,NA,NA,NA,NA,NA,NA,NA,NA,NA,NA,NA,Dyami,Brown,JAC,WR,26,-1
WR,15292,robust,0,NA,NA,NA,NA,NA,13.816666666666666,7.21532,0,0,0.6,0,34.925,7.412999999999999,416.75,173.46419999999998,2.375,0.7413,0,NA,0,NA,0,NA,0,NA,NA,NA,NA,NA,NA,NA,NA,NA,NA,NA,NA,NA,NA,NA,NA,NA,NA,NA,NA,NA,NA,NA,NA,NA,NA,NA,NA,NA,NA,NA,Dyami,Brown,JAC,WR,26,-1
WR,15292,weighted,NA,NA,NA,NA,NA,NA,14.827428127428126,10.2006520526336,0,0,0.6144522144522144,0.4126234308415795,35.526806526806524,13.367754667932914,432.55594405594405,193.52185013956225,2.132867132867133,1.4428451408712941,NA,NA,NA,NA,NA,NA,NA,NA,NA,NA,NA,NA,NA,NA,NA,NA,NA,NA,NA,NA,NA,NA,NA,NA,NA,NA,NA,NA,NA,NA,NA,NA,NA,NA,NA,NA,NA,NA,Dyami,Brown,JAC,WR,26,-1
WR,16615,average,NA,NA,NA,NA,NA,NA,17.03333333333333,10.90896675013521,0,0,0.5333333333333333,0.2905932629027116,111.42857142857143,6.996597812678742,1349.8,107.0604813489397,9.257142857142858,2.836580772019453,NA,NA,NA,NA,NA,NA,NA,NA,NA,NA,NA,NA,NA,NA,NA,NA,NA,NA,NA,NA,NA,NA,NA,NA,NA,NA,NA,NA,NA,NA,NA,NA,NA,NA,NA,NA,NA,NA,Malik,Nabers,NYG,WR,22,-4
WR,16615,robust,0,NA,NA,NA,NA,NA,17.266666666666666,7.462419999999997,0,0,0.5333333333333333,0,111.25,5.9304,1343.8,119.49755999999986,8.225000000000001,0.7413,0,NA,0,NA,0,NA,0,NA,NA,NA,NA,NA,NA,NA,NA,NA,NA,NA,NA,NA,NA,NA,NA,NA,NA,NA,NA,NA,NA,NA,NA,NA,NA,NA,NA,NA,NA,NA,Malik,Nabers,NYG,WR,22,-4
WR,16615,weighted,NA,NA,NA,NA,NA,NA,17.702649268485565,11.958046308850752,0,0,0.5209964412811388,0.31756991485646047,111.77580071174378,7.194881955092836,1348.0462633451957,116.11971483168607,9.253855278766311,3.0057512487600664,NA,NA,NA,NA,NA,NA,NA,NA,NA,NA,NA,NA,NA,NA,NA,NA,NA,NA,NA,NA,NA,NA,NA,NA,NA,NA,NA,NA,NA,NA,NA,NA,NA,NA,NA,NA,NA,NA,Malik,Nabers,NYG,WR,22,-4
WR,12801,average,NA,NA,NA,NA,NA,NA,41.5,5.9651767227244274,0.01961672473867596,0.036532171936718774,0.7,0.15275252316519466,92.38571428571429,3.817690650741873,1192.2,65.98242190159436,7.742857142857143,0.6924765768773767,NA,NA,NA,NA,NA,NA,NA,NA,NA,NA,NA,NA,NA,NA,NA,NA,NA,NA,NA,NA,NA,NA,NA,NA,NA,NA,NA,NA,NA,NA,NA,NA,NA,NA,NA,NA,NA,NA,Tyreek,Hill,MIA,WR,31,4
WR,12801,robust,0,NA,NA,NA,NA,NA,41.5,6.6716999999999995,0.009329268292682928,0,0.7,0,92.6,1.9273799999999957,1182.35,23.128559999999865,7.725,0.44477999999999973,0,NA,0,NA,0,NA,0,NA,NA,NA,NA,NA,NA,NA,NA,NA,NA,NA,NA,NA,NA,NA,NA,NA,NA,NA,NA,NA,NA,NA,NA,NA,NA,NA,NA,NA,NA,NA,Tyreek,Hill,MIA,WR,31,4
WR,12801,weighted,NA,NA,NA,NA,NA,NA,41.742586002372484,6.6789149359733315,0.005957237508318143,0.009563801545593607,0.7161328588374852,0.16044896816266369,92.15421115065244,4.101201000491902,1192.0510083036775,69.27979491059726,7.69632265717675,0.744407823948914,NA,NA,NA,NA,NA,NA,NA,NA,NA,NA,NA,NA,NA,NA,NA,NA,NA,NA,NA,NA,NA,NA,NA,NA,NA,NA,NA,NA,NA,NA,NA,NA,NA,NA,NA,NA,NA,NA,Tyreek,Hill,MIA,WR,31,4
WR,17072,average,NA,NA,NA,NA,NA,NA,10.8,8.500980335624043,0,0,0.6666666666666666,0.20275875100994065,36.457142857142856,18.59595450116836,495.0571428571429,302.8634833118868,2.914285714285714,1.784590122342356,NA,NA,NA,NA,NA,NA,NA,NA,NA,NA,NA,NA,NA,NA,NA,NA,NA,NA,NA,NA,NA,NA,NA,NA,NA,NA,NA,NA,NA,NA,NA,NA,NA,NA,NA,NA,NA,NA,Tre,Harris,LAC,WR,23,-5
WR,17072,robust,0,NA,NA,NA,NA,NA,10.9,10.378200000000001,0,0,0.6666666666666666,0,39.05,10.971239999999998,533,161.01036000000002,3.1,0.8895600000000001,0,NA,0,NA,0,NA,0,NA,NA,NA,NA,NA,NA,NA,NA,NA,NA,NA,NA,NA,NA,NA,NA,NA,NA,NA,NA,NA,NA,NA,NA,NA,NA,NA,NA,NA,NA,NA,Tre,Harris,LAC,WR,23,-5
WR,17072,weighted,NA,NA,NA,NA,NA,NA,11.686832740213523,8.694121258632912,0,0,0.6602609727164888,0.22211850820648874,34.572004744958484,20.20799175855405,466.76631079478057,327.28068545448093,2.7342823250296564,1.9282556678237848,NA,NA,NA,NA,NA,NA,NA,NA,NA,NA,NA,NA,NA,NA,NA,NA,NA,NA,NA,NA,NA,NA,NA,NA,NA,NA,NA,NA,NA,NA,NA,NA,NA,NA,NA,NA,NA,NA,Tre,Harris,LAC,WR,23,-5
WR,12175,average,NA,NA,NA,NA,NA,NA,0,0,0,0,NA,NA,30,22,430.5,319.5,3.12472972972973,2.0116342899332755,NA,NA,NA,NA,NA,NA,NA,NA,NA,NA,NA,NA,NA,NA,NA,NA,NA,NA,NA,NA,NA,NA,NA,NA,NA,NA,NA,NA,NA,NA,NA,NA,NA,NA,NA,NA,NA,NA,Amari,Cooper,FA,WR,31,5
WR,12175,robust,0,NA,NA,NA,NA,NA,0,0,0,0,0,NA,30,32.6172,430.5,473.6907,3.1870945945945945,2.410427108108108,0,NA,0,NA,0,NA,0,NA,NA,NA,NA,NA,NA,NA,NA,NA,NA,NA,NA,NA,NA,NA,NA,NA,NA,NA,NA,NA,NA,NA,NA,NA,NA,NA,NA,NA,NA,NA,Amari,Cooper,FA,WR,31,5
WR,12175,weighted,NA,NA,NA,NA,NA,NA,0,0,0,0,NA,NA,28.945205479452053,21.57687603357912,415.1815068493151,313.3550860331149,3.0382367641614216,1.9836262493633965,NA,NA,NA,NA,NA,NA,NA,NA,NA,NA,NA,NA,NA,NA,NA,NA,NA,NA,NA,NA,NA,NA,NA,NA,NA,NA,NA,NA,NA,NA,NA,NA,NA,NA,NA,NA,NA,NA,Amari,Cooper,FA,WR,31,5
WR,15109,average,NA,NA,NA,NA,NA,NA,1.575,2.047406896540109,0,0,0.05,0.03535533905932738,28.78,4.341888989829196,396.44,65.47035970574775,3.54,0.5079370039680118,NA,NA,NA,NA,NA,NA,NA,NA,NA,NA,NA,NA,NA,NA,NA,NA,NA,NA,NA,NA,NA,NA,NA,NA,NA,NA,NA,NA,NA,NA,NA,NA,NA,NA,NA,NA,NA,NA,Nick,Westbrook-Ikhine,MIA,WR,28,0
WR,15109,robust,0,NA,NA,NA,NA,NA,1.3,1.9273799999999999,0,0,0.05,0,29,5.9304,393,72.64739999999999,3.5,0.44477999999999973,0,NA,0,NA,0,NA,0,NA,NA,NA,NA,NA,NA,NA,NA,NA,NA,NA,NA,NA,NA,NA,NA,NA,NA,NA,NA,NA,NA,NA,NA,NA,NA,NA,NA,NA,NA,NA,Nick,Westbrook-Ikhine,MIA,WR,28,0
WR,15109,weighted,NA,NA,NA,NA,NA,NA,1.6055508474576274,2.3144233871115216,0,0,0.03796610169491526,0.024690381276782566,28.229152542372884,4.811933360621831,390.3830508474577,74.46784248730515,3.506779661016949,0.5775062671956167,NA,NA,NA,NA,NA,NA,NA,NA,NA,NA,NA,NA,NA,NA,NA,NA,NA,NA,NA,NA,NA,NA,NA,NA,NA,NA,NA,NA,NA,NA,NA,NA,NA,NA,NA,NA,NA,NA,Nick,Westbrook-Ikhine,MIA,WR,28,0
WR,17082,average,NA,NA,NA,NA,NA,NA,2.75,3.8890872965260113,0,0,0.05,0.02886751345948129,33.27142857142857,11.199808671835171,434.65714285714284,176.40754761954733,2.7285714285714286,1.4996825060817436,NA,NA,NA,NA,NA,NA,NA,NA,NA,NA,NA,NA,NA,NA,NA,NA,NA,NA,NA,NA,NA,NA,NA,NA,NA,NA,NA,NA,NA,NA,NA,NA,NA,NA,NA,NA,NA,NA,Pat,Bryant,DEN,WR,23,-5
WR,17082,robust,0,NA,NA,NA,NA,NA,1.375,4.07715,0,0,0.05,0,34.05,4.4478,418.70000000000005,40.91976000000003,3,0.14826000000000011,0,NA,0,NA,0,NA,0,NA,NA,NA,NA,NA,NA,NA,NA,NA,NA,NA,NA,NA,NA,NA,NA,NA,NA,NA,NA,NA,NA,NA,NA,NA,NA,NA,NA,NA,NA,NA,Pat,Bryant,DEN,WR,23,-5
WR,17082,weighted,NA,NA,NA,NA,NA,NA,3.2458481613285888,4.053970609200325,0,0,0.041577698695136424,0.020513053956701447,32.74899169632266,12.115660263183424,430.8778173190985,189.61551086612533,2.6571767497034404,1.6115213448686978,NA,NA,NA,NA,NA,NA,NA,NA,NA,NA,NA,NA,NA,NA,NA,NA,NA,NA,NA,NA,NA,NA,NA,NA,NA,NA,NA,NA,NA,NA,NA,NA,NA,NA,NA,NA,NA,NA,Pat,Bryant,DEN,WR,23,-5
WR,15301,average,NA,NA,NA,NA,NA,NA,12.36,12.360744314158431,0.025,0.04330127018922193,0.05,0.03535533905932738,37,4.696275119709235,473.18,50.25894945181405,1.7,0.7874007874011811,NA,NA,NA,NA,NA,NA,NA,NA,NA,NA,NA,NA,NA,NA,NA,NA,NA,NA,NA,NA,NA,NA,NA,NA,NA,NA,NA,NA,NA,NA,NA,NA,NA,NA,NA,NA,NA,NA,Tutu,Atwell,LAR,WR,26,-1
WR,15301,robust,0,NA,NA,NA,NA,NA,12.3,13.343399999999999,0.0125,0,0.05,0,37,4.4478,472,60.7866,2,0,0,NA,0,NA,0,NA,0,NA,NA,NA,NA,NA,NA,NA,NA,NA,NA,NA,NA,NA,NA,NA,NA,NA,NA,NA,NA,NA,NA,NA,NA,NA,NA,NA,NA,NA,NA,NA,Tutu,Atwell,LAR,WR,26,-1
WR,15301,weighted,NA,NA,NA,NA,NA,NA,10.615593220338985,13.482859607688264,0.0059322033898305095,0.012285275395225509,0.03796610169491526,0.024690381276782566,36.46474576271187,5.140830831724575,466.571186440678,54.124504534094626,1.5908474576271188,0.8394729634106071,NA,NA,NA,NA,NA,NA,NA,NA,NA,NA,NA,NA,NA,NA,NA,NA,NA,NA,NA,NA,NA,NA,NA,NA,NA,NA,NA,NA,NA,NA,NA,NA,NA,NA,NA,NA,NA,NA,Tutu,Atwell,LAR,WR,26,-1
WR,13168,average,NA,NA,NA,NA,NA,NA,0,0,0,0,0.05,0.040824829046386304,34.1,3.5898003658513753,449.925,30.992835193530343,3.275,0.4991659710623979,NA,NA,NA,NA,NA,NA,NA,NA,NA,NA,NA,NA,NA,NA,NA,NA,NA,NA,NA,NA,NA,NA,NA,NA,NA,NA,NA,NA,NA,NA,NA,NA,NA,NA,NA,NA,NA,NA,Josh,Reynolds,NYJ,WR,30,3
WR,13168,robust,0,NA,NA,NA,NA,NA,0,0,0,0,0.05,0.037065,34.724999999999994,2.075640000000003,449.925,28.68830999999999,3.1500000000000004,0.2223900000000002,0,NA,0,NA,0,NA,0,NA,NA,NA,NA,NA,NA,NA,NA,NA,NA,NA,NA,NA,NA,NA,NA,NA,NA,NA,NA,NA,NA,NA,NA,NA,NA,NA,NA,NA,NA,NA,Josh,Reynolds,NYJ,WR,30,3
WR,13168,weighted,NA,NA,NA,NA,NA,NA,0,0,0,0,0.03422222222222222,0.028471221284128004,33.114666666666665,3.681710259698404,438.8377777777778,26.347360245408066,3.3173333333333335,0.6142757020580197,NA,NA,NA,NA,NA,NA,NA,NA,NA,NA,NA,NA,NA,NA,NA,NA,NA,NA,NA,NA,NA,NA,NA,NA,NA,NA,NA,NA,NA,NA,NA,NA,NA,NA,NA,NA,NA,NA,Josh,Reynolds,NYJ,WR,30,3
WR,13641,average,NA,NA,NA,NA,NA,NA,53.5,10.472185381603339,0,0,0.5,0,50.225,14.080808452168743,549.75,151.29083470807697,2.15,1.1357816691600546,NA,NA,NA,NA,NA,NA,NA,NA,NA,NA,NA,NA,NA,NA,NA,NA,NA,NA,NA,NA,NA,NA,NA,NA,NA,NA,NA,NA,NA,NA,NA,NA,NA,NA,NA,NA,NA,NA,Ray-Ray,McCloud,ATL,WR,29,2
WR,13641,robust,0,NA,NA,NA,NA,NA,53.5,11.119499999999999,0,0,0.5,0,45.5,4.521930000000001,500.5,46.701899999999995,2.25,0.7413,0,NA,0,NA,0,NA,0,NA,NA,NA,NA,NA,NA,NA,NA,NA,NA,NA,NA,NA,NA,NA,NA,NA,NA,NA,NA,NA,NA,NA,NA,NA,NA,NA,NA,NA,NA,NA,Ray-Ray,McCloud,ATL,WR,29,2
WR,13641,weighted,NA,NA,NA,NA,NA,NA,53.51308900523561,10.76512011983374,0,0,0.5,0,49.30680628272252,13.361833737029041,539.499127399651,143.84721449106658,2.131239092495637,1.1250082138837643,NA,NA,NA,NA,NA,NA,NA,NA,NA,NA,NA,NA,NA,NA,NA,NA,NA,NA,NA,NA,NA,NA,NA,NA,NA,NA,NA,NA,NA,NA,NA,NA,NA,NA,NA,NA,NA,NA,Ray-Ray,McCloud,ATL,WR,29,2
WR,12187,average,NA,NA,NA,NA,NA,NA,-1.4,0.9899494936611665,0,0,0,0,40.46,2.9509320561476837,475.4,67.79232994963368,2.76,0.433589667773576,NA,NA,NA,NA,NA,NA,NA,NA,NA,NA,NA,NA,NA,NA,NA,NA,NA,NA,NA,NA,NA,NA,NA,NA,NA,NA,NA,NA,NA,NA,NA,NA,NA,NA,NA,NA,NA,NA,Tyler,Lockett,TEN,WR,33,5
WR,12187,robust,0,NA,NA,NA,NA,NA,-1.4,0,0,0,0,0,40.5,1.9273799999999957,468,40.0302,2.9,0,0,NA,0,NA,0,NA,0,NA,NA,NA,NA,NA,NA,NA,NA,NA,NA,NA,NA,NA,NA,NA,NA,NA,NA,NA,NA,NA,NA,NA,NA,NA,NA,NA,NA,NA,NA,NA,Tyler,Lockett,TEN,WR,33,5
WR,12187,weighted,NA,NA,NA,NA,NA,NA,-1.3825,0.9988368899063748,0,0,0,0,40.34388888888889,2.9813048001841675,473.09444444444443,68.01432136234803,2.7661111111111114,0.42980224423767893,NA,NA,NA,NA,NA,NA,NA,NA,NA,NA,NA,NA,NA,NA,NA,NA,NA,NA,NA,NA,NA,NA,NA,NA,NA,NA,NA,NA,NA,NA,NA,NA,NA,NA,NA,NA,NA,NA,Tyler,Lockett,TEN,WR,33,5
WR,16626,average,NA,NA,NA,NA,NA,NA,11.75,9.317322576792112,0.02,0.03651483716701108,0.4,0,29.985714285714288,9.300972811383508,406.7142857142857,133.77682196568318,2.0285714285714285,1.002853072844814,NA,NA,NA,NA,NA,NA,NA,NA,NA,NA,NA,NA,NA,NA,NA,NA,NA,NA,NA,NA,NA,NA,NA,NA,NA,NA,NA,NA,NA,NA,NA,NA,NA,NA,NA,NA,NA,NA,Adonai,Mitchell,IND,WR,23,-4
WR,16626,robust,0,NA,NA,NA,NA,NA,10.5625,6.6716999999999995,0.01,0,0.4,0,28.4,1.927380000000001,382.25,38.547599999999996,2.1,0.29652000000000023,0,NA,0,NA,0,NA,0,NA,NA,NA,NA,NA,NA,NA,NA,NA,NA,NA,NA,NA,NA,NA,NA,NA,NA,NA,NA,NA,NA,NA,NA,NA,NA,NA,NA,NA,NA,NA,Adonai,Mitchell,IND,WR,23,-4
WR,16626,weighted,NA,NA,NA,NA,NA,NA,12.08244365361803,10.419637857460538,0.006405693950177937,0.010229309657510208,0.4,0,29.77841043890866,9.945715630979791,405.3084223013049,142.3339736720566,1.9952550415183867,1.0994209036450788,NA,NA,NA,NA,NA,NA,NA,NA,NA,NA,NA,NA,NA,NA,NA,NA,NA,NA,NA,NA,NA,NA,NA,NA,NA,NA,NA,NA,NA,NA,NA,NA,NA,NA,NA,NA,NA,NA,Adonai,Mitchell,IND,WR,23,-4
WR,15981,average,NA,NA,NA,NA,NA,NA,81.98,29.49918642945937,0.5,0.5,0.7,0.21213203435596426,24.919999999999998,3.4448512304597427,319.74,40.47453520424911,1.74,0.8820430828479978,1,0,NA,NA,NA,NA,NA,NA,NA,NA,NA,NA,NA,NA,NA,NA,NA,NA,NA,NA,NA,NA,NA,NA,NA,NA,NA,NA,NA,NA,NA,NA,NA,NA,NA,NA,NA,NA,KaVontae,Turpin,DAL,WR,29,-2
WR,15981,robust,0,NA,NA,NA,NA,NA,77,28.31766,0.5,0.7413,0.7,0,24.95,4.151280000000001,315.35,32.6172,1.9,1.3343399999999999,1,0,0,NA,0,NA,0,NA,NA,NA,NA,NA,NA,NA,NA,NA,NA,NA,NA,NA,NA,NA,NA,NA,NA,NA,NA,NA,NA,NA,NA,NA,NA,NA,NA,NA,NA,NA,KaVontae,Turpin,DAL,WR,29,-2
WR,15981,weighted,NA,NA,NA,NA,NA,NA,88.52542372881356,30.94993116434356,0.5033898305084746,0.5775460897213291,0.6989830508474576,0.23957484017618616,25.27762711864407,3.897677486778912,328.20508474576275,42.9474266458613,1.72135593220339,1.0273205750479286,1,0,NA,NA,NA,NA,NA,NA,NA,NA,NA,NA,NA,NA,NA,NA,NA,NA,NA,NA,NA,NA,NA,NA,NA,NA,NA,NA,NA,NA,NA,NA,NA,NA,NA,NA,NA,NA,KaVontae,Turpin,DAL,WR,29,-2
WR,13632,average,NA,NA,NA,NA,NA,NA,0.6666666666666666,0.816496580927726,0.03333333333333333,0.040824829046386304,0.05,0.03535533905932738,21.240000000000002,5.0505445250982595,270.62,65.31058107228874,1.92,0.5540758070878027,NA,NA,NA,NA,NA,NA,NA,NA,NA,NA,NA,NA,NA,NA,NA,NA,NA,NA,NA,NA,NA,NA,NA,NA,NA,NA,NA,NA,NA,NA,NA,NA,NA,NA,NA,NA,NA,NA,Allen,Lazard,NYJ,WR,30,2
WR,13632,robust,0,NA,NA,NA,NA,NA,0.6666666666666666,0.9884,0.03333333333333333,0.04942,0.05,0,21.3,7.412999999999999,270.55,94.8864,2,0.14826000000000011,0,NA,0,NA,0,NA,0,NA,NA,NA,NA,NA,NA,NA,NA,NA,NA,NA,NA,NA,NA,NA,NA,NA,NA,NA,NA,NA,NA,NA,NA,NA,NA,NA,NA,NA,NA,NA,Allen,Lazard,NYJ,WR,30,2
WR,13632,weighted,NA,NA,NA,NA,NA,NA,0.8169491525423729,0.8321945102126397,0.040847457627118645,0.04160972551063198,0.03796610169491526,0.024690381276782566,19.807118644067796,4.167925659397285,251.66610169491528,52.990026043584976,1.7867796610169493,0.50908115203634,NA,NA,NA,NA,NA,NA,NA,NA,NA,NA,NA,NA,NA,NA,NA,NA,NA,NA,NA,NA,NA,NA,NA,NA,NA,NA,NA,NA,NA,NA,NA,NA,NA,NA,NA,NA,NA,NA,Allen,Lazard,NYJ,WR,30,2
WR,16788,average,NA,NA,NA,NA,NA,NA,1.34,1.7753872816937717,0,0,0.1,0.05773502691896258,28.414285714285715,12.682064575800027,335.7142857142857,167.71375841565524,2.057142857142857,1.09217999563128,NA,NA,NA,NA,NA,NA,NA,NA,NA,NA,NA,NA,NA,NA,NA,NA,NA,NA,NA,NA,NA,NA,NA,NA,NA,NA,NA,NA,NA,NA,NA,NA,NA,NA,NA,NA,NA,NA,Devaughn,Vele,NOS,WR,28,-4
WR,16788,robust,0,NA,NA,NA,NA,NA,0.85,1.9866840000000001,0,0,0.1,0,27.75,12.009060000000002,320.25,136.39919999999998,1.925,1.03782,0,NA,0,NA,0,NA,0,NA,NA,NA,NA,NA,NA,NA,NA,NA,NA,NA,NA,NA,NA,NA,NA,NA,NA,NA,NA,NA,NA,NA,NA,NA,NA,NA,NA,NA,NA,NA,Devaughn,Vele,NOS,WR,28,-4
WR,16788,weighted,NA,NA,NA,NA,NA,NA,1.2865717674970345,1.932489723242438,0,0,0.08315539739027285,0.041026107913402894,27.65693950177936,13.760282781423216,330.8896797153025,180.6818700206566,2.0384341637010674,1.171329629516423,NA,NA,NA,NA,NA,NA,NA,NA,NA,NA,NA,NA,NA,NA,NA,NA,NA,NA,NA,NA,NA,NA,NA,NA,NA,NA,NA,NA,NA,NA,NA,NA,NA,NA,NA,NA,NA,NA,Devaughn,Vele,NOS,WR,28,-4
WR,15788,average,NA,NA,NA,NA,NA,NA,0,0,0,0,0.05,0.03535533905932738,34.8,5.687266478722444,424.4,87.03332695008275,3.7600000000000002,1.5582040944625966,NA,NA,NA,NA,NA,NA,NA,NA,NA,NA,NA,NA,NA,NA,NA,NA,NA,NA,NA,NA,NA,NA,NA,NA,NA,NA,NA,NA,NA,NA,NA,NA,NA,NA,NA,NA,NA,NA,Jalen,Tolbert,DAL,WR,26,-2
WR,15788,robust,0,NA,NA,NA,NA,NA,0,0,0,0,0.05,0,35.7,4.892579999999995,422,77.09519999999999,3.6,0.8895600000000001,0,NA,0,NA,0,NA,0,NA,NA,NA,NA,NA,NA,NA,NA,NA,NA,NA,NA,NA,NA,NA,NA,NA,NA,NA,NA,NA,NA,NA,NA,NA,NA,NA,NA,NA,NA,NA,Jalen,Tolbert,DAL,WR,26,-2
WR,15788,weighted,NA,NA,NA,NA,NA,NA,0,0,0,0,0.03796610169491526,0.024690381276782566,34.42983050847458,6.639054895027581,422.79661016949154,101.29525568398593,3.7600000000000002,1.792845583440929,NA,NA,NA,NA,NA,NA,NA,NA,NA,NA,NA,NA,NA,NA,NA,NA,NA,NA,NA,NA,NA,NA,NA,NA,NA,NA,NA,NA,NA,NA,NA,NA,NA,NA,NA,NA,NA,NA,Jalen,Tolbert,DAL,WR,26,-2
WR,16629,average,NA,NA,NA,NA,NA,NA,4.5,4.06201920231798,0,0,0.05,0.02886751345948129,26.214285714285715,11.245803450091739,342.64285714285717,150.76215105415613,2.085714285714286,1.0253919111386491,NA,NA,NA,NA,NA,NA,NA,NA,NA,NA,NA,NA,NA,NA,NA,NA,NA,NA,NA,NA,NA,NA,NA,NA,NA,NA,NA,NA,NA,NA,NA,NA,NA,NA,NA,NA,NA,NA,Roman,Wilson,PIT,WR,24,-4
WR,16629,robust,0,NA,NA,NA,NA,NA,4.5,2.2239,0,0,0.05,0,26.825,4.892580000000001,353.875,86.73209999999999,2.3,0.8895600000000001,0,NA,0,NA,0,NA,0,NA,NA,NA,NA,NA,NA,NA,NA,NA,NA,NA,NA,NA,NA,NA,NA,NA,NA,NA,NA,NA,NA,NA,NA,NA,NA,NA,NA,NA,NA,NA,Roman,Wilson,PIT,WR,24,-4
WR,16629,weighted,NA,NA,NA,NA,NA,NA,5.0409252669039155,3.7847713946411408,0,0,0.041577698695136424,0.020513053956701447,25.265005931198104,12.017946160577235,330.95017793594303,162.29068234894237,1.9833926453143538,1.092779848250324,NA,NA,NA,NA,NA,NA,NA,NA,NA,NA,NA,NA,NA,NA,NA,NA,NA,NA,NA,NA,NA,NA,NA,NA,NA,NA,NA,NA,NA,NA,NA,NA,NA,NA,NA,NA,NA,NA,Roman,Wilson,PIT,WR,24,-4
WR,13348,average,NA,NA,NA,NA,NA,NA,0.5,0.408248290463863,0,0,0.15000000000000002,0.040824829046386304,19.25,9.142027492119384,227.95,91.84993195424806,1.65,1.1090536506409416,NA,NA,NA,NA,NA,NA,NA,NA,NA,NA,NA,NA,NA,NA,NA,NA,NA,NA,NA,NA,NA,NA,NA,NA,NA,NA,NA,NA,NA,NA,NA,NA,NA,NA,NA,NA,NA,NA,David,Moore,CAR,WR,30,3
WR,13348,robust,0,NA,NA,NA,NA,NA,0.5,0.37065,0,0,0.15000000000000002,0.03706499999999999,17.525,4.966710000000002,214.60000000000002,54.70794000000001,1.225,0.22239000000000003,0,NA,0,NA,0,NA,0,NA,NA,NA,NA,NA,NA,NA,NA,NA,NA,NA,NA,NA,NA,NA,NA,NA,NA,NA,NA,NA,NA,NA,NA,NA,NA,NA,NA,NA,NA,NA,David,Moore,CAR,WR,30,3
WR,13348,weighted,NA,NA,NA,NA,NA,NA,0.6617312072892938,0.2866589682752871,0,0,0.16617312072892942,0.0286658968275287,19.28154897494305,11.078028741469874,225.66514806378134,111.48911279317555,1.7439635535307516,1.3186312540663205,NA,NA,NA,NA,NA,NA,NA,NA,NA,NA,NA,NA,NA,NA,NA,NA,NA,NA,NA,NA,NA,NA,NA,NA,NA,NA,NA,NA,NA,NA,NA,NA,NA,NA,NA,NA,NA,NA,David,Moore,CAR,WR,30,3
WR,14858,average,NA,NA,NA,NA,NA,NA,0.6666666666666666,0.816496580927726,0,0,0.05,0.03535533905932738,19.48,5.4140557810203624,241.36,68.84437522412416,1.6199999999999999,0.4816637831516918,NA,NA,NA,NA,NA,NA,NA,NA,NA,NA,NA,NA,NA,NA,NA,NA,NA,NA,NA,NA,NA,NA,NA,NA,NA,NA,NA,NA,NA,NA,NA,NA,NA,NA,NA,NA,NA,NA,Van,Jefferson,TEN,WR,29,0
WR,14858,robust,0,NA,NA,NA,NA,NA,0.6666666666666666,0.9884,0,0,0.05,0,18.9,8.302560000000001,246,71.1648,1.6,0.14826000000000011,0,NA,0,NA,0,NA,0,NA,NA,NA,NA,NA,NA,NA,NA,NA,NA,NA,NA,NA,NA,NA,NA,NA,NA,NA,NA,NA,NA,NA,NA,NA,NA,NA,NA,NA,NA,NA,Van,Jefferson,TEN,WR,29,0
WR,14858,weighted,NA,NA,NA,NA,NA,NA,0.8169491525423729,0.8321945102126397,0,0,0.03796610169491526,0.024690381276782566,18.453559322033897,5.537285963650594,226.6813559322034,67.05273008867043,1.5701694915254238,0.5249983070483707,NA,NA,NA,NA,NA,NA,NA,NA,NA,NA,NA,NA,NA,NA,NA,NA,NA,NA,NA,NA,NA,NA,NA,NA,NA,NA,NA,NA,NA,NA,NA,NA,NA,NA,NA,NA,NA,NA,Van,Jefferson,TEN,WR,29,0
WR,14108,average,NA,NA,NA,NA,NA,NA,26.12,8.875359147662703,0.026045751633986928,0.04336436304616882,0.7,0.21213203435596426,29.9,4.588027898781785,299.42,46.629196862052,1.78,0.5848076606885378,NA,NA,NA,NA,NA,NA,NA,NA,NA,NA,NA,NA,NA,NA,NA,NA,NA,NA,NA,NA,NA,NA,NA,NA,NA,NA,NA,NA,NA,NA,NA,NA,NA,NA,NA,NA,NA,NA,Greg,Dortch,ARI,WR,27,1
WR,14108,robust,0,NA,NA,NA,NA,NA,25.8,10.3782,0.01511437908496732,0,0.7,0,30.25,2.9652,297,8.747339999999966,1.75,0.7413,0,NA,0,NA,0,NA,0,NA,NA,NA,NA,NA,NA,NA,NA,NA,NA,NA,NA,NA,NA,NA,NA,NA,NA,NA,NA,NA,NA,NA,NA,NA,NA,NA,NA,NA,NA,NA,Greg,Dortch,ARI,WR,27,1
WR,14108,weighted,NA,NA,NA,NA,NA,NA,24.867796610169496,9.758228952135708,0.007172925667442118,0.014854744758932802,0.7722033898305085,0.14814228766069543,28.99661016949153,4.949082987219743,291.1627118644068,50.62585483496682,1.5894915254237287,0.4957983732563442,NA,NA,NA,NA,NA,NA,NA,NA,NA,NA,NA,NA,NA,NA,NA,NA,NA,NA,NA,NA,NA,NA,NA,NA,NA,NA,NA,NA,NA,NA,NA,NA,NA,NA,NA,NA,NA,NA,Greg,Dortch,ARI,WR,27,1
WR,16624,average,NA,NA,NA,NA,NA,NA,1.6666666666666667,2.3570226039551585,0,0,0.39999999999999997,0.2449489742783178,21.65,6.0213509004762935,245.7,80.00141665412349,0.975,0.7762087348130011,NA,NA,NA,NA,NA,NA,NA,NA,NA,NA,NA,NA,NA,NA,NA,NA,NA,NA,NA,NA,NA,NA,NA,NA,NA,NA,NA,NA,NA,NA,NA,NA,NA,NA,NA,NA,NA,NA,Jamari,Thrash,CLE,WR,25,-4
WR,16624,robust,0,NA,NA,NA,NA,NA,1.25,1.2355,0,0,0.39999999999999997,0.22238999999999995,21.575000000000003,5.263230000000001,236.25,56.3388,1,0.6671699999999999,0,NA,0,NA,0,NA,0,NA,NA,NA,NA,NA,NA,NA,NA,NA,NA,NA,NA,NA,NA,NA,NA,NA,NA,NA,NA,NA,NA,NA,NA,NA,NA,NA,NA,NA,NA,NA,Jamari,Thrash,CLE,WR,25,-4
WR,16624,weighted,NA,NA,NA,NA,NA,NA,2.1592592592592594,2.509732089844633,0,0,0.49466666666666664,0.17082732770476802,18.918222222222223,3.664247085073958,208.2266666666667,39.541496104089525,0.6844444444444445,0.56942442568256,NA,NA,NA,NA,NA,NA,NA,NA,NA,NA,NA,NA,NA,NA,NA,NA,NA,NA,NA,NA,NA,NA,NA,NA,NA,NA,NA,NA,NA,NA,NA,NA,NA,NA,NA,NA,NA,NA,Jamari,Thrash,CLE,WR,25,-4
WR,16633,average,NA,NA,NA,NA,NA,NA,13.38,9.988593494581707,0,0,0.05,0.03535533905932738,26.759999999999998,10.699672892196284,321.6,109.88311972273084,1.68,1.1882760622010358,NA,NA,NA,NA,NA,NA,NA,NA,NA,NA,NA,NA,NA,NA,NA,NA,NA,NA,NA,NA,NA,NA,NA,NA,NA,NA,NA,NA,NA,NA,NA,NA,NA,NA,NA,NA,NA,NA,Jordan,Whittington,LAR,WR,25,-4
WR,16633,robust,0,NA,NA,NA,NA,NA,13.9,4.29954,0,0,0.05,0,27.45,14.677739999999996,321.5,127.50359999999999,1.7,1.4826,0,NA,0,NA,0,NA,0,NA,NA,NA,NA,NA,NA,NA,NA,NA,NA,NA,NA,NA,NA,NA,NA,NA,NA,NA,NA,NA,NA,NA,NA,NA,NA,NA,NA,NA,NA,NA,Jordan,Whittington,LAR,WR,25,-4
WR,16633,weighted,NA,NA,NA,NA,NA,NA,13.016949152542374,11.427557462348842,0,0,0.03796610169491526,0.024690381276782566,24.65220338983051,11.326140524530187,299.4457627118644,116.8147987410389,1.5,1.268492988408785,NA,NA,NA,NA,NA,NA,NA,NA,NA,NA,NA,NA,NA,NA,NA,NA,NA,NA,NA,NA,NA,NA,NA,NA,NA,NA,NA,NA,NA,NA,NA,NA,NA,NA,NA,NA,NA,NA,Jordan,Whittington,LAR,WR,25,-4
WR,17157,average,NA,NA,NA,NA,NA,NA,0.75,1.0606601717798212,0,0,0.3,0.11547005383792515,30.82857142857143,15.996428172742634,431.75714285714287,257.8570266455351,2.4714285714285715,1.501903554065402,NA,NA,NA,NA,NA,NA,NA,NA,NA,NA,NA,NA,NA,NA,NA,NA,NA,NA,NA,NA,NA,NA,NA,NA,NA,NA,NA,NA,NA,NA,NA,NA,NA,NA,NA,NA,NA,NA,Isaac,TeSlaa,DET,WR,23,-5
WR,17157,robust,0,NA,NA,NA,NA,NA,0.375,1.11195,0,0,0.3,0,30.25,11.267760000000001,410.075,170.05422,2.5,1.0378200000000002,0,NA,0,NA,0,NA,0,NA,NA,NA,NA,NA,NA,NA,NA,NA,NA,NA,NA,NA,NA,NA,NA,NA,NA,NA,NA,NA,NA,NA,NA,NA,NA,NA,NA,NA,NA,NA,Isaac,TeSlaa,DET,WR,23,-5
WR,17157,weighted,NA,NA,NA,NA,NA,NA,0.8852313167259787,1.105628347963725,0,0,0.33368920521945433,0.08205221582680579,30.350889679715305,17.223205500794954,426.05100830367735,276.6435554716626,2.437722419928826,1.6192671659183855,NA,NA,NA,NA,NA,NA,NA,NA,NA,NA,NA,NA,NA,NA,NA,NA,NA,NA,NA,NA,NA,NA,NA,NA,NA,NA,NA,NA,NA,NA,NA,NA,NA,NA,NA,NA,NA,NA,Isaac,TeSlaa,DET,WR,23,-5
WR,17134,average,NA,NA,NA,NA,NA,NA,9.383333333333333,5.680497826384194,0,0,0.2,0.11547005383792516,31.585714285714285,11.598912100053258,405.5,175.06498793305303,2.185714285714286,0.9529403119268478,NA,NA,NA,NA,NA,NA,NA,NA,NA,NA,NA,NA,NA,NA,NA,NA,NA,NA,NA,NA,NA,NA,NA,NA,NA,NA,NA,NA,NA,NA,NA,NA,NA,NA,NA,NA,NA,NA,Kyle,Williams,NEP,WR,23,-5
WR,17134,robust,0,NA,NA,NA,NA,NA,10.0375,2.9652,0,0,0.2,0,32.5,3.7064999999999997,424,91.17989999999999,2.125,0.7413,0,NA,0,NA,0,NA,0,NA,NA,NA,NA,NA,NA,NA,NA,NA,NA,NA,NA,NA,NA,NA,NA,NA,NA,NA,NA,NA,NA,NA,NA,NA,NA,NA,NA,NA,NA,NA,Kyle,Williams,NEP,WR,23,-5
WR,17134,weighted,NA,NA,NA,NA,NA,NA,8.63562672993278,6.062206664433546,0,0,0.1663107947805457,0.08205221582680579,30.536417556346382,12.488756099960167,390.3333333333333,189.60379431972893,2.1027283511269275,1.0453235181898706,NA,NA,NA,NA,NA,NA,NA,NA,NA,NA,NA,NA,NA,NA,NA,NA,NA,NA,NA,NA,NA,NA,NA,NA,NA,NA,NA,NA,NA,NA,NA,NA,NA,NA,NA,NA,NA,NA,Kyle,Williams,NEP,WR,23,-5
WR,16632,average,NA,NA,NA,NA,NA,NA,2,2.449489742783178,0,0,0.05,0.03535533905932738,13.2,5.552927156014205,186.8,68.33754458568144,1.7209997315168495,1.0566244105552651,NA,NA,NA,NA,NA,NA,NA,NA,NA,NA,NA,NA,NA,NA,NA,NA,NA,NA,NA,NA,NA,NA,NA,NA,NA,NA,NA,NA,NA,NA,NA,NA,NA,NA,NA,NA,NA,NA,Jermaine,Burton,CIN,WR,24,-4
WR,16632,robust,0,NA,NA,NA,NA,NA,2,2.9652,0,0,0.05,0,14,2.5204199999999988,200.4,27.279839999999965,1.7524993287921236,0.7338889902655955,0,NA,0,NA,0,NA,0,NA,NA,NA,NA,NA,NA,NA,NA,NA,NA,NA,NA,NA,NA,NA,NA,NA,NA,NA,NA,NA,NA,NA,NA,NA,NA,NA,NA,NA,NA,NA,Jermaine,Burton,CIN,WR,24,-4
WR,16632,weighted,NA,NA,NA,NA,NA,NA,1.9559322033898308,2.777360143802587,0,0,0.03796610169491526,0.024690381276782566,12.59084745762712,6.080100494768076,182.55525423728815,76.55135420923197,1.648279303797842,1.182307927569984,NA,NA,NA,NA,NA,NA,NA,NA,NA,NA,NA,NA,NA,NA,NA,NA,NA,NA,NA,NA,NA,NA,NA,NA,NA,NA,NA,NA,NA,NA,NA,NA,NA,NA,NA,NA,NA,NA,Jermaine,Burton,CIN,WR,24,-4
WR,17087,average,NA,NA,NA,NA,NA,NA,6.4,5.37277085558901,0.075,0.10606601717798213,0.2,0.05773502691896257,30.228571428571428,13.447021266897028,433.8,222.009038855028,2.6285714285714286,1.7221249332479585,NA,NA,NA,NA,NA,NA,NA,NA,NA,NA,NA,NA,NA,NA,NA,NA,NA,NA,NA,NA,NA,NA,NA,NA,NA,NA,NA,NA,NA,NA,NA,NA,NA,NA,NA,NA,NA,NA,Dont'e,Thornton,LVR,WR,23,-5
WR,17087,robust,0,NA,NA,NA,NA,NA,6.300000000000001,0.8895599999999995,0.0375,0.11119499999999999,0.2,0,26.175,4.892580000000001,374.9,67.31003999999996,2.5,1.4826,0,NA,0,NA,0,NA,0,NA,NA,NA,NA,NA,NA,NA,NA,NA,NA,NA,NA,NA,NA,NA,NA,NA,NA,NA,NA,NA,NA,NA,NA,NA,NA,NA,NA,NA,NA,NA,Dont'e,Thornton,LVR,WR,23,-5
WR,17087,weighted,NA,NA,NA,NA,NA,NA,7.060260972716489,5.579430485088208,0.08852313167259786,0.11056283479637251,0.21684460260972718,0.04102610791340288,30.808303677342824,14.015505699866702,444.54329774614473,231.051533753406,2.692526690391459,1.8225089042489093,NA,NA,NA,NA,NA,NA,NA,NA,NA,NA,NA,NA,NA,NA,NA,NA,NA,NA,NA,NA,NA,NA,NA,NA,NA,NA,NA,NA,NA,NA,NA,NA,NA,NA,NA,NA,NA,NA,Dont'e,Thornton,LVR,WR,23,-5
WR,13156,average,NA,NA,NA,NA,NA,NA,0.3333333333333333,0.408248290463863,0.03333333333333333,0.040824829046386304,0.05,0.03535533905932738,19.02,7.298081939797607,219.66,78.66910448200106,1.5,0.4795831523312719,NA,NA,NA,NA,NA,NA,NA,NA,NA,NA,NA,NA,NA,NA,NA,NA,NA,NA,NA,NA,NA,NA,NA,NA,NA,NA,NA,NA,NA,NA,NA,NA,NA,NA,NA,NA,NA,NA,JuJu,Smith-Schuster,KCC,WR,29,3
WR,13156,robust,0,NA,NA,NA,NA,NA,0.3333333333333333,0.4942,0.03333333333333333,0.04942,0.05,0,19,10.822980000000001,219,80.50518000000001,1.5,0.5930399999999998,0,NA,0,NA,0,NA,0,NA,NA,NA,NA,NA,NA,NA,NA,NA,NA,NA,NA,NA,NA,NA,NA,NA,NA,NA,NA,NA,NA,NA,NA,NA,NA,NA,NA,NA,NA,NA,JuJu,Smith-Schuster,KCC,WR,29,3
WR,13156,weighted,NA,NA,NA,NA,NA,NA,0.40847457627118644,0.41609725510631984,0.040847457627118645,0.04160972551063198,0.03796610169491526,0.024690381276782566,17.850508474576273,7.676482820375816,208.95254237288137,84.38721446765203,1.4105084745762713,0.4957983732563442,NA,NA,NA,NA,NA,NA,NA,NA,NA,NA,NA,NA,NA,NA,NA,NA,NA,NA,NA,NA,NA,NA,NA,NA,NA,NA,NA,NA,NA,NA,NA,NA,NA,NA,NA,NA,NA,NA,JuJu,Smith-Schuster,KCC,WR,29,3
WR,16192,average,NA,NA,NA,NA,NA,NA,5.34,6.243588711630515,0,0,0.05,0.03162277660168379,24.21666666666667,10.999712117445013,269.31666666666666,128.76941277596424,1.5333333333333332,1.0327955589886444,NA,NA,NA,NA,NA,NA,NA,NA,NA,NA,NA,NA,NA,NA,NA,NA,NA,NA,NA,NA,NA,NA,NA,NA,NA,NA,NA,NA,NA,NA,NA,NA,NA,NA,NA,NA,NA,NA,Parker,Washington,JAC,WR,23,-3
WR,16192,robust,0,NA,NA,NA,NA,NA,4.67,4.22541,0,0,0.05,0,22.8,7.709519999999999,246.95,89.03012999999999,1.5,0.7413000000000001,0,NA,0,NA,0,NA,0,NA,NA,NA,NA,NA,NA,NA,NA,NA,NA,NA,NA,NA,NA,NA,NA,NA,NA,NA,NA,NA,NA,NA,NA,NA,NA,NA,NA,NA,NA,NA,Parker,Washington,JAC,WR,23,-3
WR,16192,weighted,NA,NA,NA,NA,NA,NA,5.310490883590464,6.898645169562689,0,0,0.04004207573632539,0.022343711148528,24.738288920056103,11.452126036731467,276.4249649368864,132.49035793462056,1.5287517531556805,1.1288457730266543,NA,NA,NA,NA,NA,NA,NA,NA,NA,NA,NA,NA,NA,NA,NA,NA,NA,NA,NA,NA,NA,NA,NA,NA,NA,NA,NA,NA,NA,NA,NA,NA,NA,NA,NA,NA,NA,NA,Parker,Washington,JAC,WR,23,-3
WR,16201,average,NA,NA,NA,NA,NA,NA,0,0,0,0,0.15000000000000002,0.040824829046386304,12.975,6.099385214921254,161.025,80.2334250795764,0.5,0.5773502691896257,NA,NA,NA,NA,NA,NA,NA,NA,NA,NA,NA,NA,NA,NA,NA,NA,NA,NA,NA,NA,NA,NA,NA,NA,NA,NA,NA,NA,NA,NA,NA,NA,NA,NA,NA,NA,NA,NA,Xavier,Hutchinson,HOU,WR,25,-3
WR,16201,robust,0,NA,NA,NA,NA,NA,0,0,0,0,0.15000000000000002,0.03706499999999999,14.875,2.149769999999999,179.825,38.47347,0.5,0.7413,0,NA,0,NA,0,NA,0,NA,NA,NA,NA,NA,NA,NA,NA,NA,NA,NA,NA,NA,NA,NA,NA,NA,NA,NA,NA,NA,NA,NA,NA,NA,NA,NA,NA,NA,NA,NA,Xavier,Hutchinson,HOU,WR,25,-3
WR,16201,weighted,NA,NA,NA,NA,NA,NA,0,0,0,0,0.1657777777777778,0.028471221284127993,12.415111111111111,7.36045784743823,157.3088888888889,98.34965633481293,0.3488888888888889,0.5839829913764978,NA,NA,NA,NA,NA,NA,NA,NA,NA,NA,NA,NA,NA,NA,NA,NA,NA,NA,NA,NA,NA,NA,NA,NA,NA,NA,NA,NA,NA,NA,NA,NA,NA,NA,NA,NA,NA,NA,Xavier,Hutchinson,HOU,WR,25,-3
WR,17078,average,NA,NA,NA,NA,NA,NA,5.1,3.6110940170535577,0,0,0,0,28.45,26.01874324405389,347.35,321.9206346290961,1.75,1.724818831066034,NA,NA,NA,NA,NA,NA,NA,NA,NA,NA,NA,NA,NA,NA,NA,NA,NA,NA,NA,NA,NA,NA,NA,NA,NA,NA,NA,NA,NA,NA,NA,NA,NA,NA,NA,NA,NA,NA,Jack,Bech,LVR,WR,23,-5
WR,17078,robust,0,NA,NA,NA,NA,NA,5.05,4.07715,0,0,0,0,22,3.7064999999999997,273.5,42.179970000000004,1.5,0.7413,0,NA,0,NA,0,NA,0,NA,NA,NA,NA,NA,NA,NA,NA,NA,NA,NA,NA,NA,NA,NA,NA,NA,NA,NA,NA,NA,NA,NA,NA,NA,NA,NA,NA,NA,NA,NA,Jack,Bech,LVR,WR,23,-5
WR,17078,weighted,NA,NA,NA,NA,NA,NA,5.423141654978962,3.7485613580252664,0,0,0,0,28.57840112201964,27.252079588389186,349.15287517531556,337.24974820525694,1.6872370266479666,1.8329648693851694,NA,NA,NA,NA,NA,NA,NA,NA,NA,NA,NA,NA,NA,NA,NA,NA,NA,NA,NA,NA,NA,NA,NA,NA,NA,NA,NA,NA,NA,NA,NA,NA,NA,NA,NA,NA,NA,NA,Jack,Bech,LVR,WR,23,-5
WR,14592,average,NA,NA,NA,NA,NA,NA,5.8,4.658325879540846,0,0,0.05,0.03535533905932738,15.48,5.296413881108612,171.48,59.29630679899044,1.04,0.05477225575051666,NA,NA,NA,NA,NA,NA,NA,NA,NA,NA,NA,NA,NA,NA,NA,NA,NA,NA,NA,NA,NA,NA,NA,NA,NA,NA,NA,NA,NA,NA,NA,NA,NA,NA,NA,NA,NA,NA,Olamide,Zaccheaus,CHI,WR,28,1
WR,14592,robust,0,NA,NA,NA,NA,NA,5.5,1.4826,0,0,0.05,0,15,4.4478,157.7,15.419040000000008,1.05,0,0,NA,0,NA,0,NA,0,NA,NA,NA,NA,NA,NA,NA,NA,NA,NA,NA,NA,NA,NA,NA,NA,NA,NA,NA,NA,NA,NA,NA,NA,NA,NA,NA,NA,NA,NA,NA,Olamide,Zaccheaus,CHI,WR,28,1
WR,14592,weighted,NA,NA,NA,NA,NA,NA,5.849152542372882,5.504447202051839,0,0,0.03796610169491526,0.024690381276782566,15.545423728813558,6.009817319910888,172.33728813559324,67.15972605774986,1.0240677966101697,0.049380762553565175,NA,NA,NA,NA,NA,NA,NA,NA,NA,NA,NA,NA,NA,NA,NA,NA,NA,NA,NA,NA,NA,NA,NA,NA,NA,NA,NA,NA,NA,NA,NA,NA,NA,NA,NA,NA,NA,NA,Olamide,Zaccheaus,CHI,WR,28,1
WR,17080,average,NA,NA,NA,NA,NA,NA,14.8,12.983065893693986,0,0,0,0,23.483333333333334,9.489450282638435,280.5333333333333,135.1885596737633,1.4,0.8,NA,NA,NA,NA,NA,NA,NA,NA,NA,NA,NA,NA,NA,NA,NA,NA,NA,NA,NA,NA,NA,NA,NA,NA,NA,NA,NA,NA,NA,NA,NA,NA,NA,NA,NA,NA,NA,NA,Jaylin,Noel,HOU,WR,23,-5
WR,17080,robust,0,NA,NA,NA,NA,NA,14,17.7912,0,0,0,0,22.5,11.638409999999997,268.1,133.434,1.5,0.44478000000000006,0,NA,0,NA,0,NA,0,NA,NA,NA,NA,NA,NA,NA,NA,NA,NA,NA,NA,NA,NA,NA,NA,NA,NA,NA,NA,NA,NA,NA,NA,NA,NA,NA,NA,NA,NA,NA,Jaylin,Noel,HOU,WR,23,-5
WR,17080,weighted,NA,NA,NA,NA,NA,NA,14.455259467040676,14.18351204081427,0,0,0,0,23.192426367461433,10.326413870988924,277.9649368863955,145.68367906893866,1.3814866760168303,0.8911488022112594,NA,NA,NA,NA,NA,NA,NA,NA,NA,NA,NA,NA,NA,NA,NA,NA,NA,NA,NA,NA,NA,NA,NA,NA,NA,NA,NA,NA,NA,NA,NA,NA,NA,NA,NA,NA,NA,NA,Jaylin,Noel,HOU,WR,23,-5
WR,16393,average,NA,NA,NA,NA,NA,NA,0,0,0.03333333333333333,0.040824829046386304,0.05,0.03535533905932738,14.52,4.459484275115229,162.92,55.26601125465814,1.04,0.15165750888103102,NA,NA,NA,NA,NA,NA,NA,NA,NA,NA,NA,NA,NA,NA,NA,NA,NA,NA,NA,NA,NA,NA,NA,NA,NA,NA,NA,NA,NA,NA,NA,NA,NA,NA,NA,NA,NA,NA,Jake,Bobo,SEA,WR,27,-3
WR,16393,robust,0,NA,NA,NA,NA,NA,0,0,0.03333333333333333,0.04942,0.05,0,14.45,4.892580000000001,157,69.08915999999999,1,0,0,NA,0,NA,0,NA,0,NA,NA,NA,NA,NA,NA,NA,NA,NA,NA,NA,NA,NA,NA,NA,NA,NA,NA,NA,NA,NA,NA,NA,NA,NA,NA,NA,NA,NA,NA,NA,Jake,Bobo,SEA,WR,27,-3
WR,16393,weighted,NA,NA,NA,NA,NA,NA,0,0,0.040847457627118645,0.04160972551063198,0.03796610169491526,0.024690381276782566,13.987118644067797,4.940390607033107,153.66610169491526,58.01487039096027,0.9759322033898306,0.04938076255356512,NA,NA,NA,NA,NA,NA,NA,NA,NA,NA,NA,NA,NA,NA,NA,NA,NA,NA,NA,NA,NA,NA,NA,NA,NA,NA,NA,NA,NA,NA,NA,NA,NA,NA,NA,NA,NA,NA,Jake,Bobo,SEA,WR,27,-3
WR,15288,average,NA,NA,NA,NA,NA,NA,5.26,5.949117581625027,0,0,0,0,27.3,16.497575579460154,295.98571428571427,188.22123887039095,1.3714285714285714,0.6369570517030844,NA,NA,NA,NA,NA,NA,NA,NA,NA,NA,NA,NA,NA,NA,NA,NA,NA,NA,NA,NA,NA,NA,NA,NA,NA,NA,NA,NA,NA,NA,NA,NA,NA,NA,NA,NA,NA,NA,Elijah,Moore,BUF,WR,25,-1
WR,15288,robust,0,NA,NA,NA,NA,NA,4.0649999999999995,1.8680759999999996,0,0,0,0,28.25,23.128559999999997,313.25,266.868,1.5,1.1860799999999998,0,NA,0,NA,0,NA,0,NA,NA,NA,NA,NA,NA,NA,NA,NA,NA,NA,NA,NA,NA,NA,NA,NA,NA,NA,NA,NA,NA,NA,NA,NA,NA,NA,NA,NA,NA,NA,Elijah,Moore,BUF,WR,25,-1
WR,15288,weighted,NA,NA,NA,NA,NA,NA,5.586737841043891,5.969444015650358,0,0,0,0,28.476156583629898,16.83691830090382,307.56227758007117,192.96734652225524,1.378173190984579,0.6905686916142597,NA,NA,NA,NA,NA,NA,NA,NA,NA,NA,NA,NA,NA,NA,NA,NA,NA,NA,NA,NA,NA,NA,NA,NA,NA,NA,NA,NA,NA,NA,NA,NA,NA,NA,NA,NA,NA,NA,Elijah,Moore,BUF,WR,25,-1
WR,13066,average,NA,NA,NA,NA,NA,NA,7,5.196152422706632,0,0,0.5333333333333333,0.3559026084010437,14.28,5.125134144585876,178.26,73.55465994755193,1.06,0.08944271909999157,1,0,NA,NA,NA,NA,NA,NA,NA,NA,NA,NA,NA,NA,NA,NA,NA,NA,NA,NA,NA,NA,NA,NA,NA,NA,NA,NA,NA,NA,NA,NA,NA,NA,NA,NA,NA,NA,Kalif,Raymond,DET,WR,31,4
WR,13066,robust,0,NA,NA,NA,NA,NA,7,7.412999999999999,0,0,0.5333333333333333,0.09883999999999997,13,2.9652,161,38.547599999999996,1.05,0,1,0,0,NA,0,NA,0,NA,NA,NA,NA,NA,NA,NA,NA,NA,NA,NA,NA,NA,NA,NA,NA,NA,NA,NA,NA,NA,NA,NA,NA,NA,NA,NA,NA,NA,NA,NA,Kalif,Raymond,DET,WR,31,4
WR,13066,weighted,NA,NA,NA,NA,NA,NA,7.598305084745762,5.674427309292116,0,0,0.5157062146892656,0.3998527821816583,14.072542372881356,5.873769568147028,175.00169491525426,84.35658161101847,1.048135593220339,0.09876152510713024,1,0,NA,NA,NA,NA,NA,NA,NA,NA,NA,NA,NA,NA,NA,NA,NA,NA,NA,NA,NA,NA,NA,NA,NA,NA,NA,NA,NA,NA,NA,NA,NA,NA,NA,NA,NA,NA,Kalif,Raymond,DET,WR,31,4
WR,13963,average,NA,NA,NA,NA,NA,NA,2.6666666666666665,2.494438257849294,0,0,0.05,0.040824829046386304,10.8,4.735680169380811,155.3,83.38081314067404,0.65,0.47258156262526085,NA,NA,NA,NA,NA,NA,NA,NA,NA,NA,NA,NA,NA,NA,NA,NA,NA,NA,NA,NA,NA,NA,NA,NA,NA,NA,NA,NA,NA,NA,NA,NA,NA,NA,NA,NA,NA,NA,KhaDarel,Hodge,ATL,WR,30,2
WR,13963,robust,0,NA,NA,NA,NA,NA,2.5,1.9768,0,0,0.05,0.037065,12.05,2.2239,155.3,77.09519999999999,0.7,0.29652,0,NA,0,NA,0,NA,0,NA,NA,NA,NA,NA,NA,NA,NA,NA,NA,NA,NA,NA,NA,NA,NA,NA,NA,NA,NA,NA,NA,NA,NA,NA,NA,NA,NA,NA,NA,NA,KhaDarel,Hodge,ATL,WR,30,2
WR,13963,weighted,NA,NA,NA,NA,NA,NA,2.86712224753227,2.9524255835124236,0,0,0.03382687927107062,0.02866589682752871,10.109339407744875,5.777740324375564,149.876993166287,103.05256078031547,0.5129840546697039,0.5085747267040311,NA,NA,NA,NA,NA,NA,NA,NA,NA,NA,NA,NA,NA,NA,NA,NA,NA,NA,NA,NA,NA,NA,NA,NA,NA,NA,NA,NA,NA,NA,NA,NA,NA,NA,NA,NA,NA,NA,KhaDarel,Hodge,ATL,WR,30,2
WR,15755,average,NA,NA,NA,NA,NA,NA,2.675,1.9536824204563032,0,0,0,0,17.46,3.8351010416936866,212.32,47.5301167682134,1.28,0.4207136793592526,NA,NA,NA,NA,NA,NA,NA,NA,NA,NA,NA,NA,NA,NA,NA,NA,NA,NA,NA,NA,NA,NA,NA,NA,NA,NA,NA,NA,NA,NA,NA,NA,NA,NA,NA,NA,NA,NA,Jahan,Dotson,PHI,WR,25,-2
WR,15755,robust,0,NA,NA,NA,NA,NA,2.675,1.9644450000000002,0,0,0,0,17.65,2.9652,217.8,53.373599999999996,1.15,0.14826000000000011,0,NA,0,NA,0,NA,0,NA,NA,NA,NA,NA,NA,NA,NA,NA,NA,NA,NA,NA,NA,NA,NA,NA,NA,NA,NA,NA,NA,NA,NA,NA,NA,NA,NA,NA,NA,NA,Jahan,Dotson,PHI,WR,25,-2
WR,15755,weighted,NA,NA,NA,NA,NA,NA,2.8609745762711865,2.161646378942813,0,0,0,0,17.924745762711865,4.202903840928256,218.30677966101698,51.62006043619459,1.2613559322033898,0.47820798088175226,NA,NA,NA,NA,NA,NA,NA,NA,NA,NA,NA,NA,NA,NA,NA,NA,NA,NA,NA,NA,NA,NA,NA,NA,NA,NA,NA,NA,NA,NA,NA,NA,NA,NA,NA,NA,NA,NA,Jahan,Dotson,PHI,WR,25,-2
WR,17184,average,NA,NA,NA,NA,NA,NA,9.166666666666666,7.94250170496257,0.03333333333333333,0.05773502691896258,0.05,0.05,6.533333333333333,0.7234178138070235,63.86666666666667,25.033044827454233,0.5,0.5,NA,NA,NA,NA,NA,NA,NA,NA,NA,NA,NA,NA,NA,NA,NA,NA,NA,NA,NA,NA,NA,NA,NA,NA,NA,NA,NA,NA,NA,NA,NA,NA,NA,NA,NA,NA,NA,NA,Jaylin,Lane,WAS,WR,23,-5
WR,17184,robust,0,NA,NA,NA,NA,NA,10.25,0.7413,0.025,0,0.05,0.07413,6.625,0.14825999999999948,67.15,3.8547599999999913,0.5,0.7413,0,NA,0,NA,0,NA,0,NA,NA,NA,NA,NA,NA,NA,NA,NA,NA,NA,NA,NA,NA,NA,NA,NA,NA,NA,NA,NA,NA,NA,NA,NA,NA,NA,NA,NA,NA,NA,Jaylin,Lane,WAS,WR,23,-5
WR,17184,weighted,NA,NA,NA,NA,NA,NA,7.351170568561873,9.899494936611665,0,0,0.026254180602006693,0.03535533905932738,6.3826086956521735,0.9192388155425117,57.05351170568562,29.698484809834998,0.5250836120401338,0.7071067811865476,NA,NA,NA,NA,NA,NA,NA,NA,NA,NA,NA,NA,NA,NA,NA,NA,NA,NA,NA,NA,NA,NA,NA,NA,NA,NA,NA,NA,NA,NA,NA,NA,NA,NA,NA,NA,NA,NA,Jaylin,Lane,WAS,WR,23,-5
WR,17175,average,NA,NA,NA,NA,NA,NA,8.625,6.664973743384141,0,0,0.35,0.24748737341529162,11.92,6.5339115390399956,142.2,83.03433024960218,0.54,0.5079370039680118,NA,NA,NA,NA,NA,NA,NA,NA,NA,NA,NA,NA,NA,NA,NA,NA,NA,NA,NA,NA,NA,NA,NA,NA,NA,NA,NA,NA,NA,NA,NA,NA,NA,NA,NA,NA,NA,NA,Arian,Smith,NYJ,WR,24,-5
WR,17175,robust,0,NA,NA,NA,NA,NA,8.625,4.633125,0,0,0.35,0,12,6.819959999999999,149.5,88.95599999999999,0.5,0.44478000000000006,0,NA,0,NA,0,NA,0,NA,NA,NA,NA,NA,NA,NA,NA,NA,NA,NA,NA,NA,NA,NA,NA,NA,NA,NA,NA,NA,NA,NA,NA,NA,NA,NA,NA,NA,NA,NA,Arian,Smith,NYJ,WR,24,-5
WR,17175,weighted,NA,NA,NA,NA,NA,NA,9.2375,7.410389636093051,0,0,0.4342372881355932,0.17283266893747792,11.607457627118645,7.470354832892228,138.36101694915254,94.53454098932275,0.5033898305084746,0.5775460897213291,NA,NA,NA,NA,NA,NA,NA,NA,NA,NA,NA,NA,NA,NA,NA,NA,NA,NA,NA,NA,NA,NA,NA,NA,NA,NA,NA,NA,NA,NA,NA,NA,NA,NA,NA,NA,NA,NA,Arian,Smith,NYJ,WR,24,-5
WR,17096,average,NA,NA,NA,NA,NA,NA,14.525,11.683428435181174,0.03012820512820513,0.04757429568020378,0,0,7.15,1.445683229480096,76.075,29.562744008859077,0.7,0.47609522856952335,NA,NA,NA,NA,NA,NA,NA,NA,NA,NA,NA,NA,NA,NA,NA,NA,NA,NA,NA,NA,NA,NA,NA,NA,NA,NA,NA,NA,NA,NA,NA,NA,NA,NA,NA,NA,NA,NA,Savion,Williams,GBP,WR,24,-5
WR,17096,robust,0,NA,NA,NA,NA,NA,14.525,11.119499999999999,0.015384615384615385,0.015206153846153845,0,0,7.15,1.1860799999999996,77.825,22.9803,0.8500000000000001,0.14825999999999995,0,NA,0,NA,0,NA,0,NA,NA,NA,NA,NA,NA,NA,NA,NA,NA,NA,NA,NA,NA,NA,NA,NA,NA,NA,NA,NA,NA,NA,NA,NA,NA,NA,NA,NA,NA,NA,Savion,Williams,GBP,WR,24,-5
WR,17096,weighted,NA,NA,NA,NA,NA,NA,13.353530751708428,13.885779949589786,0.006541673967642077,0.01171650613409288,0,0,6.956719817767654,1.713539022111084,71.59453302961276,33.95870795625068,0.6765375854214124,0.5733179365505742,NA,NA,NA,NA,NA,NA,NA,NA,NA,NA,NA,NA,NA,NA,NA,NA,NA,NA,NA,NA,NA,NA,NA,NA,NA,NA,NA,NA,NA,NA,NA,NA,NA,NA,NA,NA,NA,NA,Savion,Williams,GBP,WR,24,-5
WR,16299,average,NA,NA,NA,NA,NA,NA,36.875,16.157428632056526,0.05751173708920188,0.09604238559699695,0.5333333333333333,0.4109609335312651,5.375,4.952019789944301,51.8,42.11286422618786,0.35017431399010346,0.568521983346349,1,0,NA,NA,NA,NA,NA,NA,NA,NA,NA,NA,NA,NA,NA,NA,NA,NA,NA,NA,NA,NA,NA,NA,NA,NA,NA,NA,NA,NA,NA,NA,NA,NA,NA,NA,NA,NA,Derius,Davis,LAC,WR,25,-3
WR,16299,robust,0,NA,NA,NA,NA,NA,36.875,14.45535,0.022535211267605635,0.02227380281690141,0.55,0.34593999999999997,3.7,1.4826,37.8,13.343400000000003,0.10052294197031039,0.0746468758434548,1,0,0,NA,0,NA,0,NA,NA,NA,NA,NA,NA,NA,NA,NA,NA,NA,NA,NA,NA,NA,NA,NA,NA,NA,NA,NA,NA,NA,NA,NA,NA,NA,NA,NA,NA,NA,Derius,Davis,LAC,WR,25,-3
WR,16299,weighted,NA,NA,NA,NA,NA,NA,38.03416856492027,19.785102766630036,0.009582170318799663,0.017162206168248727,0.5096431283219438,0.49159915806160326,6.17630979498861,5.619225331989336,58.195899772209565,48.149646315580455,0.42026791761835514,0.662707999650147,1,0,NA,NA,NA,NA,NA,NA,NA,NA,NA,NA,NA,NA,NA,NA,NA,NA,NA,NA,NA,NA,NA,NA,NA,NA,NA,NA,NA,NA,NA,NA,NA,NA,NA,NA,NA,NA,Derius,Davis,LAC,WR,25,-3
WR,16778,average,NA,NA,NA,NA,NA,NA,0,0,0,0,0.1,0,7.85,0.21213203435596414,83.8,0.28284271247462306,0.8,0.28284271247461906,NA,NA,NA,NA,NA,NA,NA,NA,NA,NA,NA,NA,NA,NA,NA,NA,NA,NA,NA,NA,NA,NA,NA,NA,NA,NA,NA,NA,NA,NA,NA,NA,NA,NA,NA,NA,NA,NA,Ryan,Flournoy,DAL,WR,26,-4
WR,16778,robust,NA,NA,NA,NA,NA,NA,0,0,0,0,0.1,0,7.85,0.22238999999999987,83.8,0.2965200000000042,0.8,0.29652,NA,NA,NA,NA,NA,NA,NA,NA,NA,NA,NA,NA,NA,NA,NA,NA,NA,NA,NA,NA,NA,NA,NA,NA,NA,NA,NA,NA,NA,NA,NA,NA,NA,NA,NA,NA,NA,NA,Ryan,Flournoy,DAL,WR,26,-4
WR,16778,weighted,NA,NA,NA,NA,NA,NA,0,NA,0,NA,0.10000000000000002,NA,8,NA,84,NA,1,NA,NA,NA,NA,NA,NA,NA,NA,NA,NA,NA,NA,NA,NA,NA,NA,NA,NA,NA,NA,NA,NA,NA,NA,NA,NA,NA,NA,NA,NA,NA,NA,NA,NA,NA,NA,NA,NA,NA,Ryan,Flournoy,DAL,WR,26,-4
WR,13377,average,NA,NA,NA,NA,NA,NA,0.3333333333333333,0.3651483716701107,0,0,0,0,16.733333333333334,11.558315909623973,207.68333333333334,146.39577065839939,1.3166666666666667,1.0127520262466359,NA,NA,NA,NA,NA,NA,NA,NA,NA,NA,NA,NA,NA,NA,NA,NA,NA,NA,NA,NA,NA,NA,NA,NA,NA,NA,NA,NA,NA,NA,NA,NA,NA,NA,NA,NA,NA,NA,Tim,Patrick,JAC,WR,32,3
WR,13377,robust,0,NA,NA,NA,NA,NA,0.3333333333333333,0.2471,0,0,0,0,14.8,7.561260000000001,174.55,104.44917,1.1,0.81543,0,NA,0,NA,0,NA,0,NA,NA,NA,NA,NA,NA,NA,NA,NA,NA,NA,NA,NA,NA,NA,NA,NA,NA,NA,NA,NA,NA,NA,NA,NA,NA,NA,NA,NA,NA,NA,Tim,Patrick,JAC,WR,32,3
WR,13377,weighted,NA,NA,NA,NA,NA,NA,0.39490740740740743,0.36619272328156405,0,0,0,0,17.849444444444444,11.83936550226214,221.59166666666667,149.77487603293267,1.4130555555555557,1.053851010014698,NA,NA,NA,NA,NA,NA,NA,NA,NA,NA,NA,NA,NA,NA,NA,NA,NA,NA,NA,NA,NA,NA,NA,NA,NA,NA,NA,NA,NA,NA,NA,NA,NA,NA,NA,NA,NA,NA,Tim,Patrick,JAC,WR,32,3
WR,16416,average,NA,NA,NA,NA,NA,NA,5.233333333333333,4.224005471376928,0,0,0.5,0.408248290463863,4.45,2.6901053263146903,43.825,28.89733263353788,0.11804018040180403,0.19102637949221604,1,0,NA,NA,NA,NA,NA,NA,NA,NA,NA,NA,NA,NA,NA,NA,NA,NA,NA,NA,NA,NA,NA,NA,NA,NA,NA,NA,NA,NA,NA,NA,NA,NA,NA,NA,NA,NA,Xavier,Gipson,PHI,WR,24,-3
WR,16416,robust,0,NA,NA,NA,NA,NA,4.85,3.1381699999999997,0,0,0.5,0.37065,4.45,2.52042,42.75,24.462899999999998,0.05412054120541206,0.053492742927429275,1,0,0,NA,0,NA,0,NA,NA,NA,NA,NA,NA,NA,NA,NA,NA,NA,NA,NA,NA,NA,NA,NA,NA,NA,NA,NA,NA,NA,NA,NA,NA,NA,NA,NA,NA,NA,Xavier,Gipson,PHI,WR,24,-3
WR,16416,weighted,NA,NA,NA,NA,NA,NA,5.70303720577069,4.929962715398781,0,0,0.49772209567198183,0.4911260095970689,3.3799544419134397,2.2823921307645465,30.580865603644643,18.073441327444847,0.02301253080867939,0.0412167374458864,1,0,NA,NA,NA,NA,NA,NA,NA,NA,NA,NA,NA,NA,NA,NA,NA,NA,NA,NA,NA,NA,NA,NA,NA,NA,NA,NA,NA,NA,NA,NA,NA,NA,NA,NA,NA,NA,Xavier,Gipson,PHI,WR,24,-3
WR,17192,average,NA,NA,NA,NA,NA,NA,1.25,1.25,0,0,0,0,1.9333333333333333,1.1015141094572205,29.566666666666666,14.503907519469827,0.06666666666666667,0.11547005383792516,NA,NA,NA,NA,NA,NA,NA,NA,NA,NA,NA,NA,NA,NA,NA,NA,NA,NA,NA,NA,NA,NA,NA,NA,NA,NA,NA,NA,NA,NA,NA,NA,NA,NA,NA,NA,NA,NA,Jordan,Watkins,SFO,WR,23,-5
WR,17192,robust,0,NA,NA,NA,NA,NA,1.25,1.8532499999999998,0,0,0,0,1.95,1.4826,30.175,15.863820000000004,0.05,0,0,NA,0,NA,0,NA,0,NA,NA,NA,NA,NA,NA,NA,NA,NA,NA,NA,NA,NA,NA,NA,NA,NA,NA,NA,NA,NA,NA,NA,NA,NA,NA,NA,NA,NA,NA,NA,Jordan,Watkins,SFO,WR,23,-5
WR,17192,weighted,NA,NA,NA,NA,NA,NA,0.6563545150501673,0.8838834764831844,0,0,0,0,1.4301003344481604,0.8485281374238571,23.451505016722408,12.727922061357855,0,0,NA,NA,NA,NA,NA,NA,NA,NA,NA,NA,NA,NA,NA,NA,NA,NA,NA,NA,NA,NA,NA,NA,NA,NA,NA,NA,NA,NA,NA,NA,NA,NA,NA,NA,NA,NA,NA,NA,Jordan,Watkins,SFO,WR,23,-5
WR,17269,average,NA,NA,NA,NA,NA,NA,0,0,0,0,0,0,4.95,0.0707106781186545,56.95,0.07071067811865576,0.2,0.28284271247461906,NA,NA,NA,NA,NA,NA,NA,NA,NA,NA,NA,NA,NA,NA,NA,NA,NA,NA,NA,NA,NA,NA,NA,NA,NA,NA,NA,NA,NA,NA,NA,NA,NA,NA,NA,NA,NA,NA,Efton,Chism,NEP,WR,24,-5
WR,17269,robust,NA,NA,NA,NA,NA,NA,0,0,0,0,0,0,4.95,0.07412999999999974,56.95,0.07413000000000106,0.2,0.29652,NA,NA,NA,NA,NA,NA,NA,NA,NA,NA,NA,NA,NA,NA,NA,NA,NA,NA,NA,NA,NA,NA,NA,NA,NA,NA,NA,NA,NA,NA,NA,NA,NA,NA,NA,NA,NA,NA,Efton,Chism,NEP,WR,24,-5
WR,17269,weighted,NA,NA,NA,NA,NA,NA,0,NA,0,NA,0,NA,5,NA,57,NA,0,NA,NA,NA,NA,NA,NA,NA,NA,NA,NA,NA,NA,NA,NA,NA,NA,NA,NA,NA,NA,NA,NA,NA,NA,NA,NA,NA,NA,NA,NA,NA,NA,NA,NA,NA,NA,NA,NA,NA,Efton,Chism,NEP,WR,24,-5
WR,14280,average,NA,NA,NA,NA,NA,NA,4.5,4.5,0.2,0.2,0,0,8.333333333333334,9.372477438400871,107.66666666666667,130.08202540448596,0.30000000000000004,0.4358898943540674,NA,NA,NA,NA,NA,NA,NA,NA,NA,NA,NA,NA,NA,NA,NA,NA,NA,NA,NA,NA,NA,NA,NA,NA,NA,NA,NA,NA,NA,NA,NA,NA,NA,NA,NA,NA,NA,NA,Scotty,Miller,PIT,WR,28,1
WR,14280,robust,0,NA,NA,NA,NA,NA,4.5,6.6716999999999995,0.2,0.29652,0,0,7.2250000000000005,2.8169399999999998,92.5,41.5128,0.25,0.14826,0,NA,0,NA,0,NA,0,NA,NA,NA,NA,NA,NA,NA,NA,NA,NA,NA,NA,NA,NA,NA,NA,NA,NA,NA,NA,NA,NA,NA,NA,NA,NA,NA,NA,NA,NA,NA,Scotty,Miller,PIT,WR,28,1
WR,14280,weighted,NA,NA,NA,NA,NA,NA,6.637123745819397,3.181980515339464,0.29498327759197324,0.14142135623730953,0,0,10.121070234113713,12.091525958289964,132.03010033444815,168.2914139223983,0.37993311036789296,0.5656854249492381,NA,NA,NA,NA,NA,NA,NA,NA,NA,NA,NA,NA,NA,NA,NA,NA,NA,NA,NA,NA,NA,NA,NA,NA,NA,NA,NA,NA,NA,NA,NA,NA,NA,NA,NA,NA,NA,NA,Scotty,Miller,PIT,WR,28,1
WR,16199,average,NA,NA,NA,NA,NA,NA,2.533333333333333,2.6398653164297774,0,0,0,0,5.425,1.1026483271348728,68.975,8.09130191419568,0.09905721716514954,0.14143392576710426,NA,NA,NA,NA,NA,NA,NA,NA,NA,NA,NA,NA,NA,NA,NA,NA,NA,NA,NA,NA,NA,NA,NA,NA,NA,NA,NA,NA,NA,NA,NA,NA,NA,NA,NA,NA,NA,NA,Trey,Palmer,NOS,WR,24,-3
WR,16199,robust,0,NA,NA,NA,NA,NA,2.4,2.1744799999999995,0,0,0,0,5.425,1.1860799999999996,68.975,8.080170000000004,0.07217165149544863,0.07133446033810142,0,NA,0,NA,0,NA,0,NA,NA,NA,NA,NA,NA,NA,NA,NA,NA,NA,NA,NA,NA,NA,NA,NA,NA,NA,NA,NA,NA,NA,NA,NA,NA,NA,NA,NA,NA,NA,Trey,Palmer,NOS,WR,24,-3
WR,16199,weighted,NA,NA,NA,NA,NA,NA,2.690053151100987,3.1464436854087765,0,0,0,0,5.027790432801823,0.9334770148320821,66.04783599088839,7.548115448562493,0.030688021896318324,0.05496397383451244,NA,NA,NA,NA,NA,NA,NA,NA,NA,NA,NA,NA,NA,NA,NA,NA,NA,NA,NA,NA,NA,NA,NA,NA,NA,NA,NA,NA,NA,NA,NA,NA,NA,NA,NA,NA,NA,NA,Trey,Palmer,NOS,WR,24,-3
WR,13308,average,NA,NA,NA,NA,NA,NA,0,0,0,0,0,0,2.6,3.5791060336346563,25.8,37.87769792371232,0.19999999999999998,0.34641016151377546,NA,NA,NA,NA,NA,NA,NA,NA,NA,NA,NA,NA,NA,NA,NA,NA,NA,NA,NA,NA,NA,NA,NA,NA,NA,NA,NA,NA,NA,NA,NA,NA,NA,NA,NA,NA,NA,NA,Jamal,Agnew,ATL,WR,30,3
WR,13308,robust,0,NA,NA,NA,NA,NA,0,0,0,0,0,0,2.2,1.3343399999999999,21.1,8.8956,0.15,0,0,NA,0,NA,0,NA,0,NA,NA,NA,NA,NA,NA,NA,NA,NA,NA,NA,NA,NA,NA,NA,NA,NA,NA,NA,NA,NA,NA,NA,NA,NA,NA,NA,NA,NA,NA,NA,Jamal,Agnew,ATL,WR,30,3
WR,13308,weighted,NA,NA,NA,NA,NA,NA,0,0,0,0,0,0,0.5725752508361204,0.6363961030678928,4.150501672240803,4.242640687119285,0,0,NA,NA,NA,NA,NA,NA,NA,NA,NA,NA,NA,NA,NA,NA,NA,NA,NA,NA,NA,NA,NA,NA,NA,NA,NA,NA,NA,NA,NA,NA,NA,NA,NA,NA,NA,NA,NA,NA,Jamal,Agnew,ATL,WR,30,3
WR,17097,average,NA,NA,NA,NA,NA,NA,3.425,2.737128970289855,0,0,0,0,12.52,14.190736414999751,161.24,204.02178315072143,0.8,0.8366600265340756,NA,NA,NA,NA,NA,NA,NA,NA,NA,NA,NA,NA,NA,NA,NA,NA,NA,NA,NA,NA,NA,NA,NA,NA,NA,NA,NA,NA,NA,NA,NA,NA,NA,NA,NA,NA,NA,NA,Tai,Felton,MIN,WR,22,-5
WR,17097,robust,0,NA,NA,NA,NA,NA,3.425,2.557485,0,0,0,0,10,8.8956,118.2,112.97412,1,1.4826,0,NA,0,NA,0,NA,0,NA,NA,NA,NA,NA,NA,NA,NA,NA,NA,NA,NA,NA,NA,NA,NA,NA,NA,NA,NA,NA,NA,NA,NA,NA,NA,NA,NA,NA,NA,NA,Tai,Felton,MIN,WR,22,-5
WR,17097,weighted,NA,NA,NA,NA,NA,NA,3.7343861209964406,2.898005606435263,0,0,0,0,12.085409252669038,15.66160379344035,157.08540925266902,224.48527780739758,0.686832740213523,0.9341099417705455,NA,NA,NA,NA,NA,NA,NA,NA,NA,NA,NA,NA,NA,NA,NA,NA,NA,NA,NA,NA,NA,NA,NA,NA,NA,NA,NA,NA,NA,NA,NA,NA,NA,NA,NA,NA,NA,NA,Tai,Felton,MIN,WR,22,-5
WR,17086,average,NA,NA,NA,NA,NA,NA,2.7,2.4819347291981715,0,0,0,0,12.25,7.067602139339764,147.56666666666666,91.00509143265923,1.0333333333333332,0.6377042156569663,NA,NA,NA,NA,NA,NA,NA,NA,NA,NA,NA,NA,NA,NA,NA,NA,NA,NA,NA,NA,NA,NA,NA,NA,NA,NA,NA,NA,NA,NA,NA,NA,NA,NA,NA,NA,NA,NA,Jalen,Royals,KCC,WR,22,-5
WR,17086,robust,0,NA,NA,NA,NA,NA,2.6,3.7064999999999997,0,0,0,0,11.5,5.1891,146,91.17990000000002,1,0.14825999999999995,0,NA,0,NA,0,NA,0,NA,NA,NA,NA,NA,NA,NA,NA,NA,NA,NA,NA,NA,NA,NA,NA,NA,NA,NA,NA,NA,NA,NA,NA,NA,NA,NA,NA,NA,NA,NA,Jalen,Royals,KCC,WR,22,-5
WR,17086,weighted,NA,NA,NA,NA,NA,NA,2.77124824684432,2.7417721202133065,0,0,0,0,11.71304347826087,7.819521172063942,142.08415147265077,100.39872858101438,0.9971949509116411,0.7037008519230713,NA,NA,NA,NA,NA,NA,NA,NA,NA,NA,NA,NA,NA,NA,NA,NA,NA,NA,NA,NA,NA,NA,NA,NA,NA,NA,NA,NA,NA,NA,NA,NA,NA,NA,NA,NA,NA,NA,Jalen,Royals,KCC,WR,22,-5
WR,17234,average,NA,NA,NA,NA,NA,NA,1,0.816496580927726,0,0,0,0,8.1,3.225936556516056,91.36666666666666,49.220614470858536,0.4980133229559835,0.41698789121641566,NA,NA,NA,NA,NA,NA,NA,NA,NA,NA,NA,NA,NA,NA,NA,NA,NA,NA,NA,NA,NA,NA,NA,NA,NA,NA,NA,NA,NA,NA,NA,NA,NA,NA,NA,NA,NA,NA,Jimmy,Horn,CAR,WR,23,-5
WR,17234,robust,0,NA,NA,NA,NA,NA,1,0.7413,0,0,0,0,8.125,2.8910700000000014,93.04999999999998,41.98229000000001,0.4980133229559835,0.44477999999999995,0,NA,0,NA,0,NA,0,NA,NA,NA,NA,NA,NA,NA,NA,NA,NA,NA,NA,NA,NA,NA,NA,NA,NA,NA,NA,NA,NA,NA,NA,NA,NA,NA,NA,NA,NA,NA,Jimmy,Horn,CAR,WR,23,-5
WR,17234,weighted,NA,NA,NA,NA,NA,NA,1.3234624145785876,0.5733179365505742,0,0,0,0,8.0498861047836,3.8801312107229506,88.93067577828398,58.97667552268117,0.45911700869329763,0.49493575218332175,NA,NA,NA,NA,NA,NA,NA,NA,NA,NA,NA,NA,NA,NA,NA,NA,NA,NA,NA,NA,NA,NA,NA,NA,NA,NA,NA,NA,NA,NA,NA,NA,NA,NA,NA,NA,NA,NA,Jimmy,Horn,CAR,WR,23,-5
WR,13893,average,NA,NA,NA,NA,NA,NA,0,0,0,0,0,0,6.166666666666667,4.329357150124408,60.6,26.37953752437673,0.5666666666666667,0.6658328118479393,NA,NA,NA,NA,NA,NA,NA,NA,NA,NA,NA,NA,NA,NA,NA,NA,NA,NA,NA,NA,NA,NA,NA,NA,NA,NA,NA,NA,NA,NA,NA,NA,NA,NA,NA,NA,NA,NA,Trent,Sherfield,DEN,WR,29,2
WR,13893,robust,0,NA,NA,NA,NA,NA,0,0,0,0,0,0,5.725,2.0756400000000004,58.65,20.459879999999995,0.525,0.59304,0,NA,0,NA,0,NA,0,NA,NA,NA,NA,NA,NA,NA,NA,NA,NA,NA,NA,NA,NA,NA,NA,NA,NA,NA,NA,NA,NA,NA,NA,NA,NA,NA,NA,NA,NA,NA,Trent,Sherfield,DEN,WR,29,2
WR,13893,weighted,NA,NA,NA,NA,NA,NA,0,0,0,0,0,0,6.846822742474916,5.727564927611035,63.220735785953174,36.062445840513924,0.6173913043478261,0.9192388155425119,NA,NA,NA,NA,NA,NA,NA,NA,NA,NA,NA,NA,NA,NA,NA,NA,NA,NA,NA,NA,NA,NA,NA,NA,NA,NA,NA,NA,NA,NA,NA,NA,NA,NA,NA,NA,NA,NA,Trent,Sherfield,DEN,WR,29,2
WR,15766,average,NA,NA,NA,NA,NA,NA,0.5,0.5,0,0,0,0,3.2666666666666666,2.013289182738867,43.699999999999996,24.830827614076817,0.13333333333333333,0.23094010767585033,NA,NA,NA,NA,NA,NA,NA,NA,NA,NA,NA,NA,NA,NA,NA,NA,NA,NA,NA,NA,NA,NA,NA,NA,NA,NA,NA,NA,NA,NA,NA,NA,NA,NA,NA,NA,NA,NA,Skyy,Moore,SFO,WR,25,-2
WR,15766,robust,0,NA,NA,NA,NA,NA,0.5,0.7413,0,0,0,0,3.2,2.37216,44.775,26.83505999999999,0.1,0,0,NA,0,NA,0,NA,0,NA,NA,NA,NA,NA,NA,NA,NA,NA,NA,NA,NA,NA,NA,NA,NA,NA,NA,NA,NA,NA,NA,NA,NA,NA,NA,NA,NA,NA,NA,NA,Skyy,Moore,SFO,WR,25,-2
WR,15766,weighted,NA,NA,NA,NA,NA,NA,0.7374581939799331,0.3535533905932738,0,0,0,0,2.2401337792642138,1.1313708498984762,33.27759197324415,21.920310216782973,0,0,NA,NA,NA,NA,NA,NA,NA,NA,NA,NA,NA,NA,NA,NA,NA,NA,NA,NA,NA,NA,NA,NA,NA,NA,NA,NA,NA,NA,NA,NA,NA,NA,NA,NA,NA,NA,NA,NA,Skyy,Moore,SFO,WR,25,-2
WR,16975,average,NA,NA,NA,NA,NA,NA,0,0,0,0,0,0,3.2,0.28284271247461895,38.1,0.14142135623731153,0.1,0.14142135623730953,NA,NA,NA,NA,NA,NA,NA,NA,NA,NA,NA,NA,NA,NA,NA,NA,NA,NA,NA,NA,NA,NA,NA,NA,NA,NA,NA,NA,NA,NA,NA,NA,NA,NA,NA,NA,NA,NA,Bryce,Oliver,TEN,WR,25,-4
WR,16975,robust,NA,NA,NA,NA,NA,NA,0,0,0,0,0,0,3.2,0.2965199999999999,38.1,0.1482600000000021,0.1,0.14826,NA,NA,NA,NA,NA,NA,NA,NA,NA,NA,NA,NA,NA,NA,NA,NA,NA,NA,NA,NA,NA,NA,NA,NA,NA,NA,NA,NA,NA,NA,NA,NA,NA,NA,NA,NA,NA,NA,Bryce,Oliver,TEN,WR,25,-4
WR,16975,weighted,NA,NA,NA,NA,NA,NA,0,NA,0,NA,0,NA,3,NA,38,NA,0,NA,NA,NA,NA,NA,NA,NA,NA,NA,NA,NA,NA,NA,NA,NA,NA,NA,NA,NA,NA,NA,NA,NA,NA,NA,NA,NA,NA,NA,NA,NA,NA,NA,NA,NA,NA,NA,NA,NA,Bryce,Oliver,TEN,WR,25,-4
WR,14845,average,NA,NA,NA,NA,NA,NA,0,0,0,0,0,0,17,0,242,0,2,0,NA,NA,NA,NA,NA,NA,NA,NA,NA,NA,NA,NA,NA,NA,NA,NA,NA,NA,NA,NA,NA,NA,NA,NA,NA,NA,NA,NA,NA,NA,NA,NA,NA,NA,NA,NA,NA,NA,Gabriel,Davis,BUF,WR,26,0
WR,14845,robust,NA,NA,NA,NA,NA,NA,0,0,0,0,0,0,17,0,242,0,2,0,NA,NA,NA,NA,NA,NA,NA,NA,NA,NA,NA,NA,NA,NA,NA,NA,NA,NA,NA,NA,NA,NA,NA,NA,NA,NA,NA,NA,NA,NA,NA,NA,NA,NA,NA,NA,NA,NA,Gabriel,Davis,BUF,WR,26,0
WR,14845,weighted,NA,NA,NA,NA,NA,NA,0,NA,0,NA,0,NA,17,NA,242,NA,2,NA,NA,NA,NA,NA,NA,NA,NA,NA,NA,NA,NA,NA,NA,NA,NA,NA,NA,NA,NA,NA,NA,NA,NA,NA,NA,NA,NA,NA,NA,NA,NA,NA,NA,NA,NA,NA,NA,NA,Gabriel,Davis,BUF,WR,26,0
WR,15941,average,NA,NA,NA,NA,NA,NA,1,1.4142135623730951,0,0,0.25,0.3535533905932738,8,10.465180361560904,87.7,118.36967517062806,0.45,0.6363961030678927,NA,NA,NA,NA,NA,NA,NA,NA,NA,NA,NA,NA,NA,NA,NA,NA,NA,NA,NA,NA,NA,NA,NA,NA,NA,NA,NA,NA,NA,NA,NA,NA,NA,NA,NA,NA,NA,NA,Dareke,Young,SEA,WR,26,-2
WR,15941,robust,NA,NA,NA,NA,NA,NA,1,1.4826,0,0,0.25,0.37065,8,10.97124,87.7,124.09362,0.45,0.6671699999999999,NA,NA,NA,NA,NA,NA,NA,NA,NA,NA,NA,NA,NA,NA,NA,NA,NA,NA,NA,NA,NA,NA,NA,NA,NA,NA,NA,NA,NA,NA,NA,NA,NA,NA,NA,NA,NA,NA,Dareke,Young,SEA,WR,26,-2
WR,15941,weighted,NA,NA,NA,NA,NA,NA,2,NA,0,NA,0,NA,0.6,NA,4,NA,0,NA,NA,NA,NA,NA,NA,NA,NA,NA,NA,NA,NA,NA,NA,NA,NA,NA,NA,NA,NA,NA,NA,NA,NA,NA,NA,NA,NA,NA,NA,NA,NA,NA,NA,NA,NA,NA,NA,NA,Dareke,Young,SEA,WR,26,-2
WR,16183,average,NA,NA,NA,NA,NA,NA,0.3333333333333333,0.4714045207910317,0,0,0,0,13.15,1.3503086067019394,155.375,23.92131197628313,0.725,0.4856267428111155,NA,NA,NA,NA,NA,NA,NA,NA,NA,NA,NA,NA,NA,NA,NA,NA,NA,NA,NA,NA,NA,NA,NA,NA,NA,NA,NA,NA,NA,NA,NA,NA,NA,NA,NA,NA,NA,NA,Jalin,Hyatt,NYG,WR,24,-3
WR,16183,robust,0,NA,NA,NA,NA,NA,0.25,0.2471,0,0,0,0,13.15,1.4826,160.875,12.231449999999999,0.925,0.07413000000000006,0,NA,0,NA,0,NA,0,NA,NA,NA,NA,NA,NA,NA,NA,NA,NA,NA,NA,NA,NA,NA,NA,NA,NA,NA,NA,NA,NA,NA,NA,NA,NA,NA,NA,NA,NA,NA,Jalin,Hyatt,NYG,WR,24,-3
WR,16183,weighted,NA,NA,NA,NA,NA,NA,0.43571978444957654,0.5110482825786703,0,0,0,0,13.55011547344111,1.3470139358961535,154.40646651270208,29.11660708769904,0.6720554272517322,0.5751322565153084,NA,NA,NA,NA,NA,NA,NA,NA,NA,NA,NA,NA,NA,NA,NA,NA,NA,NA,NA,NA,NA,NA,NA,NA,NA,NA,NA,NA,NA,NA,NA,NA,NA,NA,NA,NA,NA,NA,Jalin,Hyatt,NYG,WR,24,-3
WR,14123,average,NA,NA,NA,NA,NA,NA,0,0,0,0,0,0,16.4,0.8485281374238566,161.65,8.980256121069145,0.95,0.07071067811865474,NA,NA,NA,NA,NA,NA,NA,NA,NA,NA,NA,NA,NA,NA,NA,NA,NA,NA,NA,NA,NA,NA,NA,NA,NA,NA,NA,NA,NA,NA,NA,NA,NA,NA,NA,NA,NA,NA,Hunter,Renfrow,CAR,WR,30,1
WR,14123,robust,NA,NA,NA,NA,NA,NA,0,0,0,0,0,0,16.4,0.8895599999999995,161.65,9.414509999999991,0.95,0.07412999999999997,NA,NA,NA,NA,NA,NA,NA,NA,NA,NA,NA,NA,NA,NA,NA,NA,NA,NA,NA,NA,NA,NA,NA,NA,NA,NA,NA,NA,NA,NA,NA,NA,NA,NA,NA,NA,NA,NA,Hunter,Renfrow,CAR,WR,30,1
WR,14123,weighted,NA,NA,NA,NA,NA,NA,0,NA,0,NA,0,NA,17,NA,168,NA,1,NA,NA,NA,NA,NA,NA,NA,NA,NA,NA,NA,NA,NA,NA,NA,NA,NA,NA,NA,NA,NA,NA,NA,NA,NA,NA,NA,NA,NA,NA,NA,NA,NA,NA,NA,NA,NA,NA,NA,Hunter,Renfrow,CAR,WR,30,1
WR,15285,average,NA,NA,NA,NA,NA,NA,1.675,2.357081528783706,0,0,0,0,7.95,2.193171219946131,106.875,32.36864480738523,0.55,0.47958315233127197,NA,NA,NA,NA,NA,NA,NA,NA,NA,NA,NA,NA,NA,NA,NA,NA,NA,NA,NA,NA,NA,NA,NA,NA,NA,NA,NA,NA,NA,NA,NA,NA,NA,NA,NA,NA,NA,NA,Tylan,Wallace,BAL,WR,26,-1
WR,15285,robust,0,NA,NA,NA,NA,NA,1.275,1.2602099999999998,0,0,0,0,7.7,1.4826000000000006,98.375,13.343399999999999,0.55,0.51891,0,NA,0,NA,0,NA,0,NA,NA,NA,NA,NA,NA,NA,NA,NA,NA,NA,NA,NA,NA,NA,NA,NA,NA,NA,NA,NA,NA,NA,NA,NA,NA,NA,NA,NA,NA,NA,Tylan,Wallace,BAL,WR,26,-1
WR,15285,weighted,NA,NA,NA,NA,NA,NA,1.6166281755196306,2.865133690871767,0,0,0,0,8.337182448036952,2.4899947077807263,113.23325635103926,36.03767253883005,0.4217090069284065,0.5124914923177325,NA,NA,NA,NA,NA,NA,NA,NA,NA,NA,NA,NA,NA,NA,NA,NA,NA,NA,NA,NA,NA,NA,NA,NA,NA,NA,NA,NA,NA,NA,NA,NA,NA,NA,NA,NA,NA,NA,Tylan,Wallace,BAL,WR,26,-1
WR,16760,average,NA,NA,NA,NA,NA,NA,0,0,0,0,0,0,8.7,1.8384776310850233,109.9,28.42569260369921,0.85,0.21213203435596428,NA,NA,NA,NA,NA,NA,NA,NA,NA,NA,NA,NA,NA,NA,NA,NA,NA,NA,NA,NA,NA,NA,NA,NA,NA,NA,NA,NA,NA,NA,NA,NA,NA,NA,NA,NA,NA,NA,Casey,Washington,ATL,WR,24,-4
WR,16760,robust,NA,NA,NA,NA,NA,NA,0,0,0,0,0,0,8.7,1.9273799999999996,109.9,29.80026,0.85,0.22239000000000003,NA,NA,NA,NA,NA,NA,NA,NA,NA,NA,NA,NA,NA,NA,NA,NA,NA,NA,NA,NA,NA,NA,NA,NA,NA,NA,NA,NA,NA,NA,NA,NA,NA,NA,NA,NA,NA,NA,Casey,Washington,ATL,WR,24,-4
WR,16760,weighted,NA,NA,NA,NA,NA,NA,0,NA,0,NA,0,NA,10,NA,130,NA,1,NA,NA,NA,NA,NA,NA,NA,NA,NA,NA,NA,NA,NA,NA,NA,NA,NA,NA,NA,NA,NA,NA,NA,NA,NA,NA,NA,NA,NA,NA,NA,NA,NA,NA,NA,NA,NA,NA,NA,Casey,Washington,ATL,WR,24,-4
WR,17205,average,NA,NA,NA,NA,NA,NA,3.25,3.2691742076555053,0,0,0,0,15.42,15.621843681204853,228.72,269.10201039754423,1.52,1.9879637823662684,NA,NA,NA,NA,NA,NA,NA,NA,NA,NA,NA,NA,NA,NA,NA,NA,NA,NA,NA,NA,NA,NA,NA,NA,NA,NA,NA,NA,NA,NA,NA,NA,NA,NA,NA,NA,NA,NA,KeAndre,Lambert-Smith,LAC,WR,24,-5
WR,17205,robust,0,NA,NA,NA,NA,NA,3.25,4.07715,0,0,0,0,10.95,8.8956,151.3,133.434,1,0.59304,0,NA,0,NA,0,NA,0,NA,NA,NA,NA,NA,NA,NA,NA,NA,NA,NA,NA,NA,NA,NA,NA,NA,NA,NA,NA,NA,NA,NA,NA,NA,NA,NA,NA,NA,NA,NA,KeAndre,Lambert-Smith,LAC,WR,24,-5
WR,17205,weighted,NA,NA,NA,NA,NA,NA,3.208411214953271,3.837315813822753,0,0,0,0,17.350280373831776,16.954183324160013,258.9663551401869,294.7819049936998,1.7065420560747664,2.208499863260802,NA,NA,NA,NA,NA,NA,NA,NA,NA,NA,NA,NA,NA,NA,NA,NA,NA,NA,NA,NA,NA,NA,NA,NA,NA,NA,NA,NA,NA,NA,NA,NA,NA,NA,NA,NA,NA,NA,KeAndre,Lambert-Smith,LAC,WR,24,-5
WR,16621,average,NA,NA,NA,NA,NA,NA,6.233333333333333,5.25959440768329,0,0,0,0,4.5,2.9137604568666933,62.666666666666664,48.04511768466525,0.6333333333333333,0.40414518843273806,NA,NA,NA,NA,NA,NA,NA,NA,NA,NA,NA,NA,NA,NA,NA,NA,NA,NA,NA,NA,NA,NA,NA,NA,NA,NA,NA,NA,NA,NA,NA,NA,NA,NA,NA,NA,NA,NA,Devontez,Walker,BAL,WR,24,-4
WR,16621,robust,0,NA,NA,NA,NA,NA,5.925,4.89258,0,0,0,0,4.675000000000001,2.6686799999999997,64.75,51.891,0.6499999999999999,0.44478000000000006,0,NA,0,NA,0,NA,0,NA,NA,NA,NA,NA,NA,NA,NA,NA,NA,NA,NA,NA,NA,NA,NA,NA,NA,NA,NA,NA,NA,NA,NA,NA,NA,NA,NA,NA,NA,NA,Devontez,Walker,BAL,WR,24,-4
WR,16621,weighted,NA,NA,NA,NA,NA,NA,8.52482269503546,4.949747468305833,0,0,0,0,4.129787234042553,4.030508652763321,58.163120567375884,67.175144212722,0.5971631205673759,0.565685424949238,NA,NA,NA,NA,NA,NA,NA,NA,NA,NA,NA,NA,NA,NA,NA,NA,NA,NA,NA,NA,NA,NA,NA,NA,NA,NA,NA,NA,NA,NA,NA,NA,NA,NA,NA,NA,NA,NA,Devontez,Walker,BAL,WR,24,-4
WR,17077,average,NA,NA,NA,NA,NA,NA,2,0,0,0,0,0,4,0,40,0,1,0,NA,NA,NA,NA,NA,NA,NA,NA,NA,NA,NA,NA,NA,NA,NA,NA,NA,NA,NA,NA,NA,NA,NA,NA,NA,NA,NA,NA,NA,NA,NA,NA,NA,NA,NA,NA,NA,NA,Xavier,Restrepo,TEN,WR,23,-5
WR,17077,robust,NA,NA,NA,NA,NA,NA,2,0,0,0,0,0,4,0,40,0,1,0,NA,NA,NA,NA,NA,NA,NA,NA,NA,NA,NA,NA,NA,NA,NA,NA,NA,NA,NA,NA,NA,NA,NA,NA,NA,NA,NA,NA,NA,NA,NA,NA,NA,NA,NA,NA,NA,NA,Xavier,Restrepo,TEN,WR,23,-5
WR,17077,weighted,NA,NA,NA,NA,NA,NA,2,NA,0,NA,0,NA,4,NA,40,NA,1,NA,NA,NA,NA,NA,NA,NA,NA,NA,NA,NA,NA,NA,NA,NA,NA,NA,NA,NA,NA,NA,NA,NA,NA,NA,NA,NA,NA,NA,NA,NA,NA,NA,NA,NA,NA,NA,NA,NA,Xavier,Restrepo,TEN,WR,23,-5
WR,16413,average,NA,NA,NA,NA,NA,NA,1,1.4142135623730951,0,0,0,0,14.3,12.020815280171309,123.5,81.31727983645297,1.45,1.4849242404917498,NA,NA,NA,NA,NA,NA,NA,NA,NA,NA,NA,NA,NA,NA,NA,NA,NA,NA,NA,NA,NA,NA,NA,NA,NA,NA,NA,NA,NA,NA,NA,NA,NA,NA,NA,NA,NA,NA,Malik,Heath,GBP,WR,25,-3
WR,16413,robust,NA,NA,NA,NA,NA,NA,1,1.4826,0,0,0,0,14.3,12.6021,123.5,85.2495,1.45,1.5567299999999997,NA,NA,NA,NA,NA,NA,NA,NA,NA,NA,NA,NA,NA,NA,NA,NA,NA,NA,NA,NA,NA,NA,NA,NA,NA,NA,NA,NA,NA,NA,NA,NA,NA,NA,NA,NA,NA,NA,Malik,Heath,GBP,WR,25,-3
WR,16413,weighted,NA,NA,NA,NA,NA,NA,0,NA,0,NA,0,NA,22.8,NA,181,NA,2.5,NA,NA,NA,NA,NA,NA,NA,NA,NA,NA,NA,NA,NA,NA,NA,NA,NA,NA,NA,NA,NA,NA,NA,NA,NA,NA,NA,NA,NA,NA,NA,NA,NA,NA,NA,NA,NA,NA,NA,Malik,Heath,GBP,WR,25,-3
WR,15589,average,NA,NA,NA,NA,NA,NA,0,0,0,0,0,0,3.1500000000000004,3.1819805153394642,38.8,39.315137033972036,0.2,0.28284271247461906,NA,NA,NA,NA,NA,NA,NA,NA,NA,NA,NA,NA,NA,NA,NA,NA,NA,NA,NA,NA,NA,NA,NA,NA,NA,NA,NA,NA,NA,NA,NA,NA,NA,NA,NA,NA,NA,NA,Cody,White,SEA,WR,27,0
WR,15589,robust,NA,NA,NA,NA,NA,NA,0,0,0,0,0,0,3.1500000000000004,3.3358499999999998,38.8,41.21627999999999,0.2,0.29652,NA,NA,NA,NA,NA,NA,NA,NA,NA,NA,NA,NA,NA,NA,NA,NA,NA,NA,NA,NA,NA,NA,NA,NA,NA,NA,NA,NA,NA,NA,NA,NA,NA,NA,NA,NA,NA,NA,Cody,White,SEA,WR,27,0
WR,15589,weighted,NA,NA,NA,NA,NA,NA,0,NA,0,NA,0,NA,0.9,NA,11,NA,0,NA,NA,NA,NA,NA,NA,NA,NA,NA,NA,NA,NA,NA,NA,NA,NA,NA,NA,NA,NA,NA,NA,NA,NA,NA,NA,NA,NA,NA,NA,NA,NA,NA,NA,NA,NA,NA,NA,NA,Cody,White,SEA,WR,27,0
WR,15759,average,NA,NA,NA,NA,NA,NA,1.5,1.5,0,0,0,0,7.4,1.4422205101855956,72.06666666666666,3.9004273270160184,0.15278592375366568,0.15007759364236792,NA,NA,NA,NA,NA,NA,NA,NA,NA,NA,NA,NA,NA,NA,NA,NA,NA,NA,NA,NA,NA,NA,NA,NA,NA,NA,NA,NA,NA,NA,NA,NA,NA,NA,NA,NA,NA,NA,John,Metchie,PHI,WR,25,-2
WR,15759,robust,0,NA,NA,NA,NA,NA,1.5,2.2239,0,0,0,0,7.3,1.1860799999999996,72.05,5.633879999999995,0.15417888563049853,0.20999876832844577,0,NA,0,NA,0,NA,0,NA,NA,NA,NA,NA,NA,NA,NA,NA,NA,NA,NA,NA,NA,NA,NA,NA,NA,NA,NA,NA,NA,NA,NA,NA,NA,NA,NA,NA,NA,NA,John,Metchie,PHI,WR,25,-2
WR,15759,weighted,NA,NA,NA,NA,NA,NA,2.2553191489361697,1.060660171779821,0,0,0,0,8.00709219858156,1.414213562373095,74.0141843971631,2.82842712474619,0.07861733325014036,0.11197585391223917,NA,NA,NA,NA,NA,NA,NA,NA,NA,NA,NA,NA,NA,NA,NA,NA,NA,NA,NA,NA,NA,NA,NA,NA,NA,NA,NA,NA,NA,NA,NA,NA,NA,NA,NA,NA,NA,NA,John,Metchie,PHI,WR,25,-2
WR,16858,average,NA,NA,NA,NA,NA,NA,0,0,0,0,0,0,7.949999999999999,3.889087296526011,67.4,17.819090885901,0.2,0.28284271247461906,NA,NA,NA,NA,NA,NA,NA,NA,NA,NA,NA,NA,NA,NA,NA,NA,NA,NA,NA,NA,NA,NA,NA,NA,NA,NA,NA,NA,NA,NA,NA,NA,NA,NA,NA,NA,NA,NA,Mason,Tipton,NOS,WR,25,-4
WR,16858,robust,NA,NA,NA,NA,NA,NA,0,0,0,0,0,0,7.949999999999999,4.077149999999999,67.4,18.68076,0.2,0.29652,NA,NA,NA,NA,NA,NA,NA,NA,NA,NA,NA,NA,NA,NA,NA,NA,NA,NA,NA,NA,NA,NA,NA,NA,NA,NA,NA,NA,NA,NA,NA,NA,NA,NA,NA,NA,NA,NA,Mason,Tipton,NOS,WR,25,-4
WR,16858,weighted,NA,NA,NA,NA,NA,NA,0,NA,0,NA,0,NA,10.7,NA,80,NA,0,NA,NA,NA,NA,NA,NA,NA,NA,NA,NA,NA,NA,NA,NA,NA,NA,NA,NA,NA,NA,NA,NA,NA,NA,NA,NA,NA,NA,NA,NA,NA,NA,NA,NA,NA,NA,NA,NA,NA,Mason,Tipton,NOS,WR,25,-4
WR,15491,average,NA,NA,NA,NA,NA,NA,0,0,0,0,0,0,10.133333333333333,7.86468901694996,124.3,98.37870704578303,0.43333333333333335,0.5131601439446883,NA,NA,NA,NA,NA,NA,NA,NA,NA,NA,NA,NA,NA,NA,NA,NA,NA,NA,NA,NA,NA,NA,NA,NA,NA,NA,NA,NA,NA,NA,NA,NA,NA,NA,NA,NA,NA,NA,Ben,Skowronek,PIT,WR,28,-1
WR,15491,robust,0,NA,NA,NA,NA,NA,0,0,0,0,0,0,9.45,5.04084,116.975,75.76086,0.4,0.44477999999999995,0,NA,0,NA,0,NA,0,NA,NA,NA,NA,NA,NA,NA,NA,NA,NA,NA,NA,NA,NA,NA,NA,NA,NA,NA,NA,NA,NA,NA,NA,NA,NA,NA,NA,NA,NA,NA,Ben,Skowronek,PIT,WR,28,-1
WR,15491,weighted,NA,NA,NA,NA,NA,NA,0,0,0,0,0,0,13.37815699658703,8.202438661763951,166.63481228668942,98.2878425849301,0.515358361774744,0.7071067811865475,NA,NA,NA,NA,NA,NA,NA,NA,NA,NA,NA,NA,NA,NA,NA,NA,NA,NA,NA,NA,NA,NA,NA,NA,NA,NA,NA,NA,NA,NA,NA,NA,NA,NA,NA,NA,NA,NA,Ben,Skowronek,PIT,WR,28,-1
WR,16634,average,NA,NA,NA,NA,NA,NA,0,0,0,0,0,0,1.8,2.262741699796952,21.45,26.092240225783602,0.15,0.21213203435596426,NA,NA,NA,NA,NA,NA,NA,NA,NA,NA,NA,NA,NA,NA,NA,NA,NA,NA,NA,NA,NA,NA,NA,NA,NA,NA,NA,NA,NA,NA,NA,NA,NA,NA,NA,NA,NA,NA,Xavier,Weaver,ARI,WR,25,-4
WR,16634,robust,NA,NA,NA,NA,NA,NA,0,0,0,0,0,0,1.8,2.37216,21.45,27.353969999999997,0.15,0.22238999999999998,NA,NA,NA,NA,NA,NA,NA,NA,NA,NA,NA,NA,NA,NA,NA,NA,NA,NA,NA,NA,NA,NA,NA,NA,NA,NA,NA,NA,NA,NA,NA,NA,NA,NA,NA,NA,NA,NA,Xavier,Weaver,ARI,WR,25,-4
WR,16634,weighted,NA,NA,NA,NA,NA,NA,0,NA,0,NA,0,NA,0.2,NA,3,NA,0,NA,NA,NA,NA,NA,NA,NA,NA,NA,NA,NA,NA,NA,NA,NA,NA,NA,NA,NA,NA,NA,NA,NA,NA,NA,NA,NA,NA,NA,NA,NA,NA,NA,NA,NA,NA,NA,NA,NA,Xavier,Weaver,ARI,WR,25,-4
WR,13776,average,NA,NA,NA,NA,NA,NA,0,0,0,0,0,0,6.25,4.17193000900063,76.4,44.68914857098981,0.6,0.565685424949238,NA,NA,NA,NA,NA,NA,NA,NA,NA,NA,NA,NA,NA,NA,NA,NA,NA,NA,NA,NA,NA,NA,NA,NA,NA,NA,NA,NA,NA,NA,NA,NA,NA,NA,NA,NA,NA,NA,Justin,Watson,HOU,WR,29,2
WR,13776,robust,NA,NA,NA,NA,NA,NA,0,0,0,0,0,0,6.25,4.37367,76.4,46.85016,0.6,0.59304,NA,NA,NA,NA,NA,NA,NA,NA,NA,NA,NA,NA,NA,NA,NA,NA,NA,NA,NA,NA,NA,NA,NA,NA,NA,NA,NA,NA,NA,NA,NA,NA,NA,NA,NA,NA,NA,NA,Justin,Watson,HOU,WR,29,2
WR,13776,weighted,NA,NA,NA,NA,NA,NA,0,NA,0,NA,0,NA,9.2,NA,108,NA,1,NA,NA,NA,NA,NA,NA,NA,NA,NA,NA,NA,NA,NA,NA,NA,NA,NA,NA,NA,NA,NA,NA,NA,NA,NA,NA,NA,NA,NA,NA,NA,NA,NA,NA,NA,NA,NA,NA,NA,Justin,Watson,HOU,WR,29,2
WR,16203,average,NA,NA,NA,NA,NA,NA,1.85,0.21213203435596428,0,0,0,0,4.3,1.4142135623730951,45.55,9.121677477306463,0.1,0.14142135623730953,NA,NA,NA,NA,NA,NA,NA,NA,NA,NA,NA,NA,NA,NA,NA,NA,NA,NA,NA,NA,NA,NA,NA,NA,NA,NA,NA,NA,NA,NA,NA,NA,NA,NA,NA,NA,NA,NA,Charlie,Jones,CIN,WR,27,-3
WR,16203,robust,NA,NA,NA,NA,NA,NA,1.85,0.22239000000000003,0,0,0,0,4.3,1.4826,45.55,9.562769999999999,0.1,0.14826,NA,NA,NA,NA,NA,NA,NA,NA,NA,NA,NA,NA,NA,NA,NA,NA,NA,NA,NA,NA,NA,NA,NA,NA,NA,NA,NA,NA,NA,NA,NA,NA,NA,NA,NA,NA,NA,NA,Charlie,Jones,CIN,WR,27,-3
WR,16203,weighted,NA,NA,NA,NA,NA,NA,2,NA,0,NA,0,NA,5.3,NA,52,NA,0,NA,NA,NA,NA,NA,NA,NA,NA,NA,NA,NA,NA,NA,NA,NA,NA,NA,NA,NA,NA,NA,NA,NA,NA,NA,NA,NA,NA,NA,NA,NA,NA,NA,NA,NA,NA,NA,NA,NA,Charlie,Jones,CIN,WR,27,-3
WR,15302,average,NA,NA,NA,NA,NA,NA,0.85,1.2020815280171306,0,0,0,0,1.9,1.414213562373095,20.2,17.253405460951758,0.1,0.14142135623730953,NA,NA,NA,NA,NA,NA,NA,NA,NA,NA,NA,NA,NA,NA,NA,NA,NA,NA,NA,NA,NA,NA,NA,NA,NA,NA,NA,NA,NA,NA,NA,NA,NA,NA,NA,NA,NA,NA,Dee,Eskridge,MIA,WR,28,-1
WR,15302,robust,NA,NA,NA,NA,NA,NA,0.85,1.2602099999999998,0,0,0,0,1.9,1.4826,20.2,18.087719999999997,0.1,0.14826,NA,NA,NA,NA,NA,NA,NA,NA,NA,NA,NA,NA,NA,NA,NA,NA,NA,NA,NA,NA,NA,NA,NA,NA,NA,NA,NA,NA,NA,NA,NA,NA,NA,NA,NA,NA,NA,NA,Dee,Eskridge,MIA,WR,28,-1
WR,15302,weighted,NA,NA,NA,NA,NA,NA,0,NA,0,NA,0,NA,0.9,NA,8,NA,0,NA,NA,NA,NA,NA,NA,NA,NA,NA,NA,NA,NA,NA,NA,NA,NA,NA,NA,NA,NA,NA,NA,NA,NA,NA,NA,NA,NA,NA,NA,NA,NA,NA,NA,NA,NA,NA,NA,NA,Dee,Eskridge,MIA,WR,28,-1
WR,16949,average,NA,NA,NA,NA,NA,NA,-0.05,0.07071067811865477,0,0,0,0,1.35,1.7677669529663689,15,19.79898987322333,0.05,0.07071067811865477,NA,NA,NA,NA,NA,NA,NA,NA,NA,NA,NA,NA,NA,NA,NA,NA,NA,NA,NA,NA,NA,NA,NA,NA,NA,NA,NA,NA,NA,NA,NA,NA,NA,NA,NA,NA,NA,NA,Brycen,Tremayne,CAR,WR,26,-3
WR,16949,robust,NA,NA,NA,NA,NA,NA,-0.05,0.07413,0,0,0,0,1.35,1.8532499999999998,15,20.7564,0.05,0.07413,NA,NA,NA,NA,NA,NA,NA,NA,NA,NA,NA,NA,NA,NA,NA,NA,NA,NA,NA,NA,NA,NA,NA,NA,NA,NA,NA,NA,NA,NA,NA,NA,NA,NA,NA,NA,NA,NA,Brycen,Tremayne,CAR,WR,26,-3
WR,16949,weighted,NA,NA,NA,NA,NA,NA,-0.1,NA,0,NA,0,NA,0.1,NA,1,NA,0,NA,NA,NA,NA,NA,NA,NA,NA,NA,NA,NA,NA,NA,NA,NA,NA,NA,NA,NA,NA,NA,NA,NA,NA,NA,NA,NA,NA,NA,NA,NA,NA,NA,NA,NA,NA,NA,NA,NA,Brycen,Tremayne,CAR,WR,26,-3
WR,12394,average,NA,NA,NA,NA,NA,NA,4.5,2.1213203435596424,0,0,0.75,0.3535533905932738,4.95,1.4849242404917498,49.7,14.56639969244288,0,0,NA,NA,NA,NA,NA,NA,NA,NA,NA,NA,NA,NA,NA,NA,NA,NA,NA,NA,NA,NA,NA,NA,NA,NA,NA,NA,NA,NA,NA,NA,NA,NA,NA,NA,NA,NA,NA,NA,DeAndre,Carter,CLE,WR,32,5
WR,12394,robust,NA,NA,NA,NA,NA,NA,4.5,2.2239,0,0,0.75,0.37065,4.95,1.55673,49.7,15.27078,0,0,NA,NA,NA,NA,NA,NA,NA,NA,NA,NA,NA,NA,NA,NA,NA,NA,NA,NA,NA,NA,NA,NA,NA,NA,NA,NA,NA,NA,NA,NA,NA,NA,NA,NA,NA,NA,NA,NA,DeAndre,Carter,CLE,WR,32,5
WR,12394,weighted,NA,NA,NA,NA,NA,NA,6,NA,0,NA,1,NA,6,NA,60,NA,0,NA,NA,NA,NA,NA,NA,NA,NA,NA,NA,NA,NA,NA,NA,NA,NA,NA,NA,NA,NA,NA,NA,NA,NA,NA,NA,NA,NA,NA,NA,NA,NA,NA,NA,NA,NA,NA,NA,NA,DeAndre,Carter,CLE,WR,32,5
WR,16636,average,NA,NA,NA,NA,NA,NA,1,1.4142135623730951,0,0,0,0,2.05,1.3435028842544403,16.5,17.67766952966369,0,0,NA,NA,NA,NA,NA,NA,NA,NA,NA,NA,NA,NA,NA,NA,NA,NA,NA,NA,NA,NA,NA,NA,NA,NA,NA,NA,NA,NA,NA,NA,NA,NA,NA,NA,NA,NA,NA,NA,Malachi,Corley,CLE,WR,23,-4
WR,16636,robust,NA,NA,NA,NA,NA,NA,1,1.4826,0,0,0,0,2.05,1.4084699999999999,16.5,18.5325,0,0,NA,NA,NA,NA,NA,NA,NA,NA,NA,NA,NA,NA,NA,NA,NA,NA,NA,NA,NA,NA,NA,NA,NA,NA,NA,NA,NA,NA,NA,NA,NA,NA,NA,NA,NA,NA,NA,NA,Malachi,Corley,CLE,WR,23,-4
WR,16636,weighted,NA,NA,NA,NA,NA,NA,0,NA,0,NA,0,NA,1.1,NA,4,NA,0,NA,NA,NA,NA,NA,NA,NA,NA,NA,NA,NA,NA,NA,NA,NA,NA,NA,NA,NA,NA,NA,NA,NA,NA,NA,NA,NA,NA,NA,NA,NA,NA,NA,NA,NA,NA,NA,NA,NA,Malachi,Corley,CLE,WR,23,-4
WR,17254,average,NA,NA,NA,NA,NA,NA,0,0,0,0,0,0,3.25,2.0506096654409878,31.6,14.70782104868019,0.1,0.14142135623730953,NA,NA,NA,NA,NA,NA,NA,NA,NA,NA,NA,NA,NA,NA,NA,NA,NA,NA,NA,NA,NA,NA,NA,NA,NA,NA,NA,NA,NA,NA,NA,NA,NA,NA,NA,NA,NA,NA,Konata,Mumpfield,LAR,WR,23,-5
WR,17254,robust,NA,NA,NA,NA,NA,NA,0,0,0,0,0,0,3.25,2.14977,31.6,15.419039999999999,0.1,0.14826,NA,NA,NA,NA,NA,NA,NA,NA,NA,NA,NA,NA,NA,NA,NA,NA,NA,NA,NA,NA,NA,NA,NA,NA,NA,NA,NA,NA,NA,NA,NA,NA,NA,NA,NA,NA,NA,NA,Konata,Mumpfield,LAR,WR,23,-5
WR,17254,weighted,NA,NA,NA,NA,NA,NA,0,NA,0,NA,0,NA,4.7,NA,42,NA,0,NA,NA,NA,NA,NA,NA,NA,NA,NA,NA,NA,NA,NA,NA,NA,NA,NA,NA,NA,NA,NA,NA,NA,NA,NA,NA,NA,NA,NA,NA,NA,NA,NA,NA,NA,NA,NA,NA,NA,Konata,Mumpfield,LAR,WR,23,-5
WR,16451,average,NA,NA,NA,NA,NA,NA,0,0,0,0,0,0,0.8,0.9899494936611666,10.55,13.50573952066306,0.1,0,NA,NA,NA,NA,NA,NA,NA,NA,NA,NA,NA,NA,NA,NA,NA,NA,NA,NA,NA,NA,NA,NA,NA,NA,NA,NA,NA,NA,NA,NA,NA,NA,NA,NA,NA,NA,NA,NA,Tyrell,Shavers,BUF,WR,26,-3
WR,16451,robust,NA,NA,NA,NA,NA,NA,0,0,0,0,0,0,0.8,1.03782,10.55,14.15883,0.1,0,NA,NA,NA,NA,NA,NA,NA,NA,NA,NA,NA,NA,NA,NA,NA,NA,NA,NA,NA,NA,NA,NA,NA,NA,NA,NA,NA,NA,NA,NA,NA,NA,NA,NA,NA,NA,NA,NA,Tyrell,Shavers,BUF,WR,26,-3
WR,16451,weighted,NA,NA,NA,NA,NA,NA,0,NA,0,NA,0,NA,0.1,NA,1,NA,0.1,NA,NA,NA,NA,NA,NA,NA,NA,NA,NA,NA,NA,NA,NA,NA,NA,NA,NA,NA,NA,NA,NA,NA,NA,NA,NA,NA,NA,NA,NA,NA,NA,NA,NA,NA,NA,NA,NA,NA,Tyrell,Shavers,BUF,WR,26,-3
WR,14315,average,NA,NA,NA,NA,NA,NA,13.85,17.182694782833106,0,0,0.05,0.07071067811865477,0.95,1.0606601717798212,12.2,10.182337649086284,0.15000000000000002,0.07071067811865477,NA,NA,NA,NA,NA,NA,NA,NA,NA,NA,NA,NA,NA,NA,NA,NA,NA,NA,NA,NA,NA,NA,NA,NA,NA,NA,NA,NA,NA,NA,NA,NA,NA,NA,NA,NA,NA,NA,Ashton,Dulin,IND,WR,28,1
WR,14315,robust,NA,NA,NA,NA,NA,NA,13.85,18.01359,0,0,0.05,0.07413,0.95,1.11195,12.2,10.674719999999999,0.15000000000000002,0.07413,NA,NA,NA,NA,NA,NA,NA,NA,NA,NA,NA,NA,NA,NA,NA,NA,NA,NA,NA,NA,NA,NA,NA,NA,NA,NA,NA,NA,NA,NA,NA,NA,NA,NA,NA,NA,NA,NA,Ashton,Dulin,IND,WR,28,1
WR,14315,weighted,NA,NA,NA,NA,NA,NA,26,NA,0,NA,0.1,NA,0.2,NA,5,NA,0.2,NA,NA,NA,NA,NA,NA,NA,NA,NA,NA,NA,NA,NA,NA,NA,NA,NA,NA,NA,NA,NA,NA,NA,NA,NA,NA,NA,NA,NA,NA,NA,NA,NA,NA,NA,NA,NA,NA,NA,Ashton,Dulin,IND,WR,28,1
WR,17303,average,NA,NA,NA,NA,NA,NA,0,0,0,0,0,0,1.7999999999999998,0.14142135623730948,16.05,4.313351365237941,0.05,0.07071067811865477,NA,NA,NA,NA,NA,NA,NA,NA,NA,NA,NA,NA,NA,NA,NA,NA,NA,NA,NA,NA,NA,NA,NA,NA,NA,NA,NA,NA,NA,NA,NA,NA,NA,NA,NA,NA,NA,NA,Beaux,Collins,NYG,WR,23,-5
WR,17303,robust,NA,NA,NA,NA,NA,NA,0,0,0,0,0,0,1.7999999999999998,0.14825999999999995,16.05,4.521930000000001,0.05,0.07413,NA,NA,NA,NA,NA,NA,NA,NA,NA,NA,NA,NA,NA,NA,NA,NA,NA,NA,NA,NA,NA,NA,NA,NA,NA,NA,NA,NA,NA,NA,NA,NA,NA,NA,NA,NA,NA,NA,Beaux,Collins,NYG,WR,23,-5
WR,17303,weighted,NA,NA,NA,NA,NA,NA,0,NA,0,NA,0,NA,1.9000000000000001,NA,13,NA,0,NA,NA,NA,NA,NA,NA,NA,NA,NA,NA,NA,NA,NA,NA,NA,NA,NA,NA,NA,NA,NA,NA,NA,NA,NA,NA,NA,NA,NA,NA,NA,NA,NA,NA,NA,NA,NA,NA,NA,Beaux,Collins,NYG,WR,23,-5
WR,16958,average,NA,NA,NA,NA,NA,NA,0,0,0,0,0,0,7.1000000000000005,8.909545442950499,66.35,80.11519830843584,1,1.2727922061357855,NA,NA,NA,NA,NA,NA,NA,NA,NA,NA,NA,NA,NA,NA,NA,NA,NA,NA,NA,NA,NA,NA,NA,NA,NA,NA,NA,NA,NA,NA,NA,NA,NA,NA,NA,NA,NA,NA,Ryan,Miller,TBB,WR,25,-3
WR,16958,robust,NA,NA,NA,NA,NA,NA,0,0,0,0,0,0,7.1000000000000005,9.34038,66.35,83.98929,1,1.3343399999999999,NA,NA,NA,NA,NA,NA,NA,NA,NA,NA,NA,NA,NA,NA,NA,NA,NA,NA,NA,NA,NA,NA,NA,NA,NA,NA,NA,NA,NA,NA,NA,NA,NA,NA,NA,NA,NA,NA,Ryan,Miller,TBB,WR,25,-3
WR,16958,weighted,NA,NA,NA,NA,NA,NA,0,NA,0,NA,0,NA,13.4,NA,123,NA,1.9000000000000001,NA,NA,NA,NA,NA,NA,NA,NA,NA,NA,NA,NA,NA,NA,NA,NA,NA,NA,NA,NA,NA,NA,NA,NA,NA,NA,NA,NA,NA,NA,NA,NA,NA,NA,NA,NA,NA,NA,NA,Ryan,Miller,TBB,WR,25,-3
WR,16428,average,NA,NA,NA,NA,NA,NA,11.3,2.4041630560342617,0.05,0.07071067811865477,0.25,0.3535533905932738,3,2.8284271247461903,33.5,31.81980515339464,0,0,NA,NA,NA,NA,NA,NA,NA,NA,NA,NA,NA,NA,NA,NA,NA,NA,NA,NA,NA,NA,NA,NA,NA,NA,NA,NA,NA,NA,NA,NA,NA,NA,NA,NA,NA,NA,NA,NA,Xavier,Smith,LAR,WR,28,-3
WR,16428,robust,NA,NA,NA,NA,NA,NA,11.3,2.52042,0.05,0.07413,0.25,0.37065,3,2.9652,33.5,33.3585,0,0,NA,NA,NA,NA,NA,NA,NA,NA,NA,NA,NA,NA,NA,NA,NA,NA,NA,NA,NA,NA,NA,NA,NA,NA,NA,NA,NA,NA,NA,NA,NA,NA,NA,NA,NA,NA,NA,NA,Xavier,Smith,LAR,WR,28,-3
WR,16428,weighted,NA,NA,NA,NA,NA,NA,13,NA,0,NA,0,NA,5,NA,56,NA,0,NA,NA,NA,NA,NA,NA,NA,NA,NA,NA,NA,NA,NA,NA,NA,NA,NA,NA,NA,NA,NA,NA,NA,NA,NA,NA,NA,NA,NA,NA,NA,NA,NA,NA,NA,NA,NA,NA,NA,Xavier,Smith,LAR,WR,28,-3
WR,16204,average,NA,NA,NA,NA,NA,NA,10,10,0,0,0,0,9.1,14.904026301640776,109.33333333333333,179.079125900629,0.3333333333333333,0.5773502691896257,NA,NA,NA,NA,NA,NA,NA,NA,NA,NA,NA,NA,NA,NA,NA,NA,NA,NA,NA,NA,NA,NA,NA,NA,NA,NA,NA,NA,NA,NA,NA,NA,NA,NA,NA,NA,NA,NA,Tank,Dell,HOU,WR,26,-3
WR,16204,robust,0,NA,NA,NA,NA,NA,10,14.825999999999999,0,0,0,0,7.075,1.4826,85,17.7912,0.25,0,0,NA,0,NA,0,NA,0,NA,NA,NA,NA,NA,NA,NA,NA,NA,NA,NA,NA,NA,NA,NA,NA,NA,NA,NA,NA,NA,NA,NA,NA,NA,NA,NA,NA,NA,NA,NA,Tank,Dell,HOU,WR,26,-3
WR,16204,weighted,NA,NA,NA,NA,NA,NA,15.220588235294116,7.071067811865475,0,0,0,0,13.730147058823528,18.5969083452062,164.9705882352941,223.445742854949,0.5220588235294117,0.7071067811865475,NA,NA,NA,NA,NA,NA,NA,NA,NA,NA,NA,NA,NA,NA,NA,NA,NA,NA,NA,NA,NA,NA,NA,NA,NA,NA,NA,NA,NA,NA,NA,NA,NA,NA,NA,NA,NA,NA,Tank,Dell,HOU,WR,26,-3
WR,16640,average,NA,NA,NA,NA,NA,NA,15.25,9.545941546018392,0,0,0,0,6.35,8.980256121069154,83.5,118.08683245815344,0.5,0.7071067811865476,NA,NA,NA,NA,NA,NA,NA,NA,NA,NA,NA,NA,NA,NA,NA,NA,NA,NA,NA,NA,NA,NA,NA,NA,NA,NA,NA,NA,NA,NA,NA,NA,NA,NA,NA,NA,NA,NA,Jacob,Cowing,SFO,WR,24,-4
WR,16640,robust,NA,NA,NA,NA,NA,NA,15.25,10.00755,0,0,0,0,6.35,9.414509999999998,83.5,123.79709999999999,0.5,0.7413,NA,NA,NA,NA,NA,NA,NA,NA,NA,NA,NA,NA,NA,NA,NA,NA,NA,NA,NA,NA,NA,NA,NA,NA,NA,NA,NA,NA,NA,NA,NA,NA,NA,NA,NA,NA,NA,NA,Jacob,Cowing,SFO,WR,24,-4
WR,16640,weighted,NA,NA,NA,NA,NA,NA,22,NA,0,NA,0,NA,12.7,NA,167,NA,1,NA,NA,NA,NA,NA,NA,NA,NA,NA,NA,NA,NA,NA,NA,NA,NA,NA,NA,NA,NA,NA,NA,NA,NA,NA,NA,NA,NA,NA,NA,NA,NA,NA,NA,NA,NA,NA,NA,NA,Jacob,Cowing,SFO,WR,24,-4
WR,16422,average,NA,NA,NA,NA,NA,NA,0,0,0,0,0,0,0.3,0.282842712474619,3.75,3.8890872965260113,0,0,NA,NA,NA,NA,NA,NA,NA,NA,NA,NA,NA,NA,NA,NA,NA,NA,NA,NA,NA,NA,NA,NA,NA,NA,NA,NA,NA,NA,NA,NA,NA,NA,NA,NA,NA,NA,NA,NA,Nikko,Remigio,KCC,WR,26,-3
WR,16422,robust,NA,NA,NA,NA,NA,NA,0,0,0,0,0,0,0.3,0.29652,3.75,4.07715,0,0,NA,NA,NA,NA,NA,NA,NA,NA,NA,NA,NA,NA,NA,NA,NA,NA,NA,NA,NA,NA,NA,NA,NA,NA,NA,NA,NA,NA,NA,NA,NA,NA,NA,NA,NA,NA,NA,NA,Nikko,Remigio,KCC,WR,26,-3
WR,16422,weighted,NA,NA,NA,NA,NA,NA,0,NA,0,NA,0,NA,0.1,NA,1,NA,0,NA,NA,NA,NA,NA,NA,NA,NA,NA,NA,NA,NA,NA,NA,NA,NA,NA,NA,NA,NA,NA,NA,NA,NA,NA,NA,NA,NA,NA,NA,NA,NA,NA,NA,NA,NA,NA,NA,NA,Nikko,Remigio,KCC,WR,26,-3
WR,13793,average,NA,NA,NA,NA,NA,NA,22,0,0,0,0,0,30,7.0710678118654755,470,169.7056274847714,2.75,1.7677669529663689,NA,NA,NA,NA,NA,NA,NA,NA,NA,NA,NA,NA,NA,NA,NA,NA,NA,NA,NA,NA,NA,NA,NA,NA,NA,NA,NA,NA,NA,NA,NA,NA,NA,NA,NA,NA,NA,NA,Marquez,Valdes-Scantling,SFO,WR,31,2
WR,13793,robust,NA,NA,NA,NA,NA,NA,22,0,0,0,0,0,30,7.412999999999999,470,177.91199999999998,2.75,1.8532499999999998,NA,NA,NA,NA,NA,NA,NA,NA,NA,NA,NA,NA,NA,NA,NA,NA,NA,NA,NA,NA,NA,NA,NA,NA,NA,NA,NA,NA,NA,NA,NA,NA,NA,NA,NA,NA,NA,NA,Marquez,Valdes-Scantling,SFO,WR,31,2
WR,13793,weighted,NA,NA,NA,NA,NA,NA,22,0,0,0,0,0,29.77941176470588,7.071067811865475,464.70588235294116,169.70562748477138,2.69485294117647,1.7677669529663687,NA,NA,NA,NA,NA,NA,NA,NA,NA,NA,NA,NA,NA,NA,NA,NA,NA,NA,NA,NA,NA,NA,NA,NA,NA,NA,NA,NA,NA,NA,NA,NA,NA,NA,NA,NA,NA,NA,Marquez,Valdes-Scantling,SFO,WR,31,2
TE,17102,average,NA,NA,NA,NA,NA,NA,10.5,7.5687326736854885,0,0,0.775,0.33964266937053544,61.5875,12.067244625727236,724.8875,117.67370670629866,4.859978530288758,0.9766617986382936,NA,NA,NA,NA,NA,NA,NA,NA,NA,NA,NA,NA,NA,NA,NA,NA,NA,NA,NA,NA,NA,NA,NA,NA,NA,NA,NA,NA,NA,NA,NA,NA,NA,NA,NA,NA,NA,NA,Tyler,Warren,IND,TE,23,-5
TE,17102,robust,NA,NA,NA,NA,NA,NA,10.5,7.04235,0,0,0.83125,0.16679249999999998,62.05,6.523439999999997,709.5,83.0256,5,0,NA,NA,NA,NA,NA,NA,NA,NA,NA,NA,NA,NA,NA,NA,NA,NA,NA,NA,NA,NA,NA,NA,NA,NA,NA,NA,NA,NA,NA,NA,NA,NA,NA,NA,NA,NA,NA,NA,Tyler,Warren,IND,TE,23,-5
TE,17102,weighted,NA,NA,NA,NA,NA,NA,10.824898785425102,8.126826818476179,0,0,0.7285172064777329,0.3396195965424416,61.16194331983805,12.845044536315173,728.5131578947368,123.95726486656812,4.8653620156885715,1.0410316109717146,NA,NA,NA,NA,NA,NA,NA,NA,NA,NA,NA,NA,NA,NA,NA,NA,NA,NA,NA,NA,NA,NA,NA,NA,NA,NA,NA,NA,NA,NA,NA,NA,NA,NA,NA,NA,NA,NA,Tyler,Warren,IND,TE,23,-5
TE,16222,average,NA,NA,NA,NA,NA,NA,11,5.879747322073336,0,0,0.625,0.2847304489713536,56.3625,8.021032619664023,684.7,73.45186956679281,5.339923356238478,0.8900545404577119,NA,NA,NA,NA,NA,NA,NA,NA,NA,NA,NA,NA,NA,NA,NA,NA,NA,NA,NA,NA,NA,NA,NA,NA,NA,NA,NA,NA,NA,NA,NA,NA,NA,NA,NA,NA,NA,NA,Tucker,Kraft,GBP,TE,25,-3
TE,16222,robust,NA,NA,NA,NA,NA,NA,11,0,0,0,0.64375,0.055597499999999966,58.225,4.4478,686.8,49.96361999999998,5.25969342495391,0.5332814718366667,NA,NA,NA,NA,NA,NA,NA,NA,NA,NA,NA,NA,NA,NA,NA,NA,NA,NA,NA,NA,NA,NA,NA,NA,NA,NA,NA,NA,NA,NA,NA,NA,NA,NA,NA,NA,NA,NA,Tucker,Kraft,GBP,TE,25,-3
TE,16222,weighted,NA,NA,NA,NA,NA,NA,11.211538461538462,6.152102394478922,0,0,0.5971912955465587,0.3004336362820196,56.48056680161944,8.773911281332872,687.506072874494,77.68748329525573,5.362672358793539,0.9236913982378703,NA,NA,NA,NA,NA,NA,NA,NA,NA,NA,NA,NA,NA,NA,NA,NA,NA,NA,NA,NA,NA,NA,NA,NA,NA,NA,NA,NA,NA,NA,NA,NA,NA,NA,NA,NA,NA,NA,Tucker,Kraft,GBP,TE,25,-3
TE,15794,average,NA,NA,NA,NA,NA,NA,1.3333333333333333,0.816496580927726,0.9333333333333332,0.5715476066494081,0.375,0.31339158526400435,101.225,16.24902194858861,1023.625,168.534809884656,5.678307284127019,1.5690751157043368,NA,NA,NA,NA,NA,NA,NA,NA,NA,NA,NA,NA,NA,NA,NA,NA,NA,NA,NA,NA,NA,NA,NA,NA,NA,NA,NA,NA,NA,NA,NA,NA,NA,NA,NA,NA,NA,NA,Trey,McBride,ARI,TE,26,-2
TE,15794,robust,NA,NA,NA,NA,NA,NA,1.3333333333333333,0,0.9333333333333332,0,0.375,0.0926625,104.25,5.1891,1058.75,42.2541,5.756614568254038,1.4826,NA,NA,NA,NA,NA,NA,NA,NA,NA,NA,NA,NA,NA,NA,NA,NA,NA,NA,NA,NA,NA,NA,NA,NA,NA,NA,NA,NA,NA,NA,NA,NA,NA,NA,NA,NA,NA,NA,Trey,McBride,ARI,TE,26,-2
TE,15794,weighted,NA,NA,NA,NA,NA,NA,1.355600539811066,0.8580191815862814,0.9489203778677462,0.6006134271103969,0.3546305668016194,0.33445515134395454,100.84898785425102,17.773906287266886,1018.2135627530364,183.48502370500708,5.598015764668118,1.6631850309034415,NA,NA,NA,NA,NA,NA,NA,NA,NA,NA,NA,NA,NA,NA,NA,NA,NA,NA,NA,NA,NA,NA,NA,NA,NA,NA,NA,NA,NA,NA,NA,NA,NA,NA,NA,NA,NA,NA,Trey,McBride,ARI,TE,26,-2
TE,13299,average,NA,NA,NA,NA,NA,NA,0.5,0.2672612419124244,0,0,0.375,0.31339158526400435,72.6625,13.800304085676622,990.7,190.10382125865553,6.820958850870557,1.0419307930005877,NA,NA,NA,NA,NA,NA,NA,NA,NA,NA,NA,NA,NA,NA,NA,NA,NA,NA,NA,NA,NA,NA,NA,NA,NA,NA,NA,NA,NA,NA,NA,NA,NA,NA,NA,NA,NA,NA,George,Kittle,SFO,TE,32,3
TE,13299,robust,NA,NA,NA,NA,NA,NA,0.5,0,0,0,0.375,0.0926625,74.92500000000001,5.9304,1030.65,94.58987999999992,7,0.7914643692027498,NA,NA,NA,NA,NA,NA,NA,NA,NA,NA,NA,NA,NA,NA,NA,NA,NA,NA,NA,NA,NA,NA,NA,NA,NA,NA,NA,NA,NA,NA,NA,NA,NA,NA,NA,NA,NA,NA,George,Kittle,SFO,TE,32,3
TE,13299,weighted,NA,NA,NA,NA,NA,NA,0.5096153846153846,0.27964101793086005,0,0,0.3546305668016194,0.33445515134395454,72.05485829959515,14.943191020786196,981.9433198380567,205.29353493387507,6.703236037353623,1.0836233427785193,NA,NA,NA,NA,NA,NA,NA,NA,NA,NA,NA,NA,NA,NA,NA,NA,NA,NA,NA,NA,NA,NA,NA,NA,NA,NA,NA,NA,NA,NA,NA,NA,NA,NA,NA,NA,NA,NA,George,Kittle,SFO,TE,32,3
TE,13674,average,NA,NA,NA,NA,NA,NA,7.75,4.547369726399144,0,0,0.375,0.31339158526400435,57.1375,8.829000509683981,628.775,104.0931142226585,4.1519150935910165,0.9055481653215408,NA,NA,NA,NA,NA,NA,NA,NA,NA,NA,NA,NA,NA,NA,NA,NA,NA,NA,NA,NA,NA,NA,NA,NA,NA,NA,NA,NA,NA,NA,NA,NA,NA,NA,NA,NA,NA,NA,Dallas,Goedert,PHI,TE,30,2
TE,13674,robust,NA,NA,NA,NA,NA,NA,7.75,2.7798749999999997,0,0,0.375,0.0926625,59.125,4.521930000000001,654.8,41.36453999999996,4,0.44478000000000006,NA,NA,NA,NA,NA,NA,NA,NA,NA,NA,NA,NA,NA,NA,NA,NA,NA,NA,NA,NA,NA,NA,NA,NA,NA,NA,NA,NA,NA,NA,NA,NA,NA,NA,NA,NA,NA,NA,Dallas,Goedert,PHI,TE,30,2
TE,13674,weighted,NA,NA,NA,NA,NA,NA,7.971153846153846,4.814176522200368,0,0,0.3546305668016194,0.33445515134395454,57.03663967611337,9.693319260948506,625.8623481781376,113.41361753186675,4.204445037788115,0.962411016587036,NA,NA,NA,NA,NA,NA,NA,NA,NA,NA,NA,NA,NA,NA,NA,NA,NA,NA,NA,NA,NA,NA,NA,NA,NA,NA,NA,NA,NA,NA,NA,NA,NA,NA,NA,NA,NA,NA,Dallas,Goedert,PHI,TE,30,2
TE,16649,average,NA,NA,NA,NA,NA,NA,0,0,0,0,0.03333333333333333,0.030860669992418384,44.9375,10.678541567086771,490.4625,119.66236951762,3.3570758302397437,1.553874315608214,NA,NA,NA,NA,NA,NA,NA,NA,NA,NA,NA,NA,NA,NA,NA,NA,NA,NA,NA,NA,NA,NA,NA,NA,NA,NA,NA,NA,NA,NA,NA,NA,NA,NA,NA,NA,NA,NA,Theo,Johnson,NYG,TE,24,-4
TE,16649,robust,NA,NA,NA,NA,NA,NA,0,0,0,0,0.03333333333333333,0,47.375,4.4478,509.275,72.12848999999996,3.3499999999999996,0.8895600000000001,NA,NA,NA,NA,NA,NA,NA,NA,NA,NA,NA,NA,NA,NA,NA,NA,NA,NA,NA,NA,NA,NA,NA,NA,NA,NA,NA,NA,NA,NA,NA,NA,NA,NA,NA,NA,NA,NA,Theo,Johnson,NYG,TE,24,-4
TE,16649,weighted,NA,NA,NA,NA,NA,NA,0,0,0,0,0.023650472334682864,0.01635338927330099,44.56376518218623,11.474983124810466,485.2894736842105,127.86101669984625,3.4114968253535762,1.6682137599342148,NA,NA,NA,NA,NA,NA,NA,NA,NA,NA,NA,NA,NA,NA,NA,NA,NA,NA,NA,NA,NA,NA,NA,NA,NA,NA,NA,NA,NA,NA,NA,NA,NA,NA,NA,NA,NA,NA,Theo,Johnson,NYG,TE,24,-4
TE,12263,average,NA,NA,NA,NA,NA,NA,-0.1,0.05345224838248488,0,0,0.43333333333333335,0.3559026084010437,47.0375,5.720623717243227,513.725,71.76214182979768,3.5532814866395355,0.9631591593155313,NA,NA,NA,NA,NA,NA,NA,NA,NA,NA,NA,NA,NA,NA,NA,NA,NA,NA,NA,NA,NA,NA,NA,NA,NA,NA,NA,NA,NA,NA,NA,NA,NA,NA,NA,NA,NA,NA,Darren,Waller,MIA,TE,33,5
TE,12263,robust,NA,NA,NA,NA,NA,NA,-0.1,0,0,0,0.43333333333333335,0,48.25,3.7064999999999997,528.7,26.686799999999998,3.413125946558141,0.44478000000000006,NA,NA,NA,NA,NA,NA,NA,NA,NA,NA,NA,NA,NA,NA,NA,NA,NA,NA,NA,NA,NA,NA,NA,NA,NA,NA,NA,NA,NA,NA,NA,NA,NA,NA,NA,NA,NA,NA,Darren,Waller,MIA,TE,33,5
TE,12263,weighted,NA,NA,NA,NA,NA,NA,-0.10192307692307692,0.055928203586172016,0,0,0.4799257759784075,0.35819316189700356,46.74048582995952,6.200754063528238,510.169028340081,77.98545369240729,3.5793651276367577,1.0109243940826742,NA,NA,NA,NA,NA,NA,NA,NA,NA,NA,NA,NA,NA,NA,NA,NA,NA,NA,NA,NA,NA,NA,NA,NA,NA,NA,NA,NA,NA,NA,NA,NA,NA,NA,NA,NA,NA,NA,Darren,Waller,MIA,TE,33,5
TE,16213,average,NA,NA,NA,NA,NA,NA,0,0,0,0,0.375,0.31339158526400435,58.2125,9.2696798372821,612.65,80.09642403289389,3.847250720516631,0.9342243658455373,NA,NA,NA,NA,NA,NA,NA,NA,NA,NA,NA,NA,NA,NA,NA,NA,NA,NA,NA,NA,NA,NA,NA,NA,NA,NA,NA,NA,NA,NA,NA,NA,NA,NA,NA,NA,NA,NA,Dalton,Kincaid,BUF,TE,26,-3
TE,16213,robust,NA,NA,NA,NA,NA,NA,0,0,0,0,0.375,0.0926625,59,3.7064999999999997,610,46.701899999999995,4,0,NA,NA,NA,NA,NA,NA,NA,NA,NA,NA,NA,NA,NA,NA,NA,NA,NA,NA,NA,NA,NA,NA,NA,NA,NA,NA,NA,NA,NA,NA,NA,NA,NA,NA,NA,NA,NA,NA,Dalton,Kincaid,BUF,TE,26,-3
TE,16213,weighted,NA,NA,NA,NA,NA,NA,0,0,0,0,0.3546305668016194,0.33445515134395454,58.13947368421053,10.08791241611644,614.2611336032388,87.58809959724577,3.8041910418393687,0.99470343295021,NA,NA,NA,NA,NA,NA,NA,NA,NA,NA,NA,NA,NA,NA,NA,NA,NA,NA,NA,NA,NA,NA,NA,NA,NA,NA,NA,NA,NA,NA,NA,NA,NA,NA,NA,NA,NA,NA,Dalton,Kincaid,BUF,TE,26,-3
TE,16214,average,NA,NA,NA,NA,NA,NA,1,0.5345224838248488,0,0,0.35,0.30937725468153876,68.9,11.878071031466828,770.5375,123.7040123786267,6.764402908298393,1.3193316354751117,NA,NA,NA,NA,NA,NA,NA,NA,NA,NA,NA,NA,NA,NA,NA,NA,NA,NA,NA,NA,NA,NA,NA,NA,NA,NA,NA,NA,NA,NA,NA,NA,NA,NA,NA,NA,NA,NA,Sam,LaPorta,DET,TE,24,-3
TE,16214,robust,NA,NA,NA,NA,NA,NA,1,0,0,0,0.35,0.03706500000000003,71.75,5.9304,794.9,45.2193,7,0.45606500737279293,NA,NA,NA,NA,NA,NA,NA,NA,NA,NA,NA,NA,NA,NA,NA,NA,NA,NA,NA,NA,NA,NA,NA,NA,NA,NA,NA,NA,NA,NA,NA,NA,NA,NA,NA,NA,NA,NA,Sam,LaPorta,DET,TE,24,-3
TE,16214,weighted,NA,NA,NA,NA,NA,NA,1.0192307692307692,0.5592820358617201,0,0,0.3404352226720648,0.33371247372112833,68.52995951417005,12.918564881869274,764.6680161943319,133.64192547422127,6.71455366865418,1.4313052803564097,NA,NA,NA,NA,NA,NA,NA,NA,NA,NA,NA,NA,NA,NA,NA,NA,NA,NA,NA,NA,NA,NA,NA,NA,NA,NA,NA,NA,NA,NA,NA,NA,NA,NA,NA,NA,NA,NA,Sam,LaPorta,DET,TE,24,-3
TE,15799,average,NA,NA,NA,NA,NA,NA,0,0,0,0,0.9750000000000001,0.4547369726399144,66.225,7.272403807741781,617.375,96.21692381577905,3.9312461731783164,0.993884846397166,NA,NA,NA,NA,NA,NA,NA,NA,NA,NA,NA,NA,NA,NA,NA,NA,NA,NA,NA,NA,NA,NA,NA,NA,NA,NA,NA,NA,NA,NA,NA,NA,NA,NA,NA,NA,NA,NA,Jake,Ferguson,DAL,TE,26,-2
TE,15799,robust,NA,NA,NA,NA,NA,NA,0,0,0,0,0.9812500000000001,0.018532499999999934,67.95,3.7064999999999997,640,44.477999999999994,4,1.1489923054166877,NA,NA,NA,NA,NA,NA,NA,NA,NA,NA,NA,NA,NA,NA,NA,NA,NA,NA,NA,NA,NA,NA,NA,NA,NA,NA,NA,NA,NA,NA,NA,NA,NA,NA,NA,NA,NA,NA,Jake,Ferguson,DAL,TE,26,-2
TE,15799,weighted,NA,NA,NA,NA,NA,NA,0,0,0,0,0.9252783400809718,0.47508603415106165,65.85404858299596,7.860833168535411,614.4716599190283,104.31477313131988,3.911635647880009,1.0703358853314786,NA,NA,NA,NA,NA,NA,NA,NA,NA,NA,NA,NA,NA,NA,NA,NA,NA,NA,NA,NA,NA,NA,NA,NA,NA,NA,NA,NA,NA,NA,NA,NA,NA,NA,NA,NA,NA,NA,Jake,Ferguson,DAL,TE,26,-2
TE,12676,average,NA,NA,NA,NA,NA,NA,0,0,0,0,0.35,0.30937725468153876,55.3875,10.425578092913053,578.5625,82.35959372514795,4.372993885401468,1.077989062091634,NA,NA,NA,NA,NA,NA,NA,NA,NA,NA,NA,NA,NA,NA,NA,NA,NA,NA,NA,NA,NA,NA,NA,NA,NA,NA,NA,NA,NA,NA,NA,NA,NA,NA,NA,NA,NA,NA,Hunter,Henry,NEP,TE,31,4
TE,12676,robust,NA,NA,NA,NA,NA,NA,0,0,0,0,0.35,0.03706500000000003,56.5,5.9304,590.5,44.477999999999994,4.166975541605872,0.5070129379848649,NA,NA,NA,NA,NA,NA,NA,NA,NA,NA,NA,NA,NA,NA,NA,NA,NA,NA,NA,NA,NA,NA,NA,NA,NA,NA,NA,NA,NA,NA,NA,NA,NA,NA,NA,NA,NA,NA,Hunter,Henry,NEP,TE,31,4
TE,12676,weighted,NA,NA,NA,NA,NA,NA,0,0,0,0,0.3404352226720648,0.33371247372112833,55.43259109311741,11.360596791711425,578.9605263157895,89.45543600043754,4.421370081799116,1.1544366643084871,NA,NA,NA,NA,NA,NA,NA,NA,NA,NA,NA,NA,NA,NA,NA,NA,NA,NA,NA,NA,NA,NA,NA,NA,NA,NA,NA,NA,NA,NA,NA,NA,NA,NA,NA,NA,NA,NA,Hunter,Henry,NEP,TE,31,4
TE,11247,average,NA,NA,NA,NA,NA,NA,0,0,0,0,0.1,0.05345224838248488,54.6875,8.523486459693089,515.8625,82.37012179355882,4.9538226643395324,0.440415418057109,NA,NA,NA,NA,NA,NA,NA,NA,NA,NA,NA,NA,NA,NA,NA,NA,NA,NA,NA,NA,NA,NA,NA,NA,NA,NA,NA,NA,NA,NA,NA,NA,NA,NA,NA,NA,NA,NA,Zach,Ertz,WAS,TE,35,7
TE,11247,robust,NA,NA,NA,NA,NA,NA,0,0,0,0,0.1,0,56.3,5.114970000000004,532.25,63.01049999999999,5,0.05146007140083758,NA,NA,NA,NA,NA,NA,NA,NA,NA,NA,NA,NA,NA,NA,NA,NA,NA,NA,NA,NA,NA,NA,NA,NA,NA,NA,NA,NA,NA,NA,NA,NA,NA,NA,NA,NA,NA,NA,Zach,Ertz,WAS,TE,35,7
TE,11247,weighted,NA,NA,NA,NA,NA,NA,0,0,0,0,0.09969635627530365,0.058242713515313016,54.18562753036438,9.182664714019005,510.9524291497975,88.56174461708352,4.935400375418132,0.47092427713157237,NA,NA,NA,NA,NA,NA,NA,NA,NA,NA,NA,NA,NA,NA,NA,NA,NA,NA,NA,NA,NA,NA,NA,NA,NA,NA,NA,NA,NA,NA,NA,NA,NA,NA,NA,NA,NA,NA,Zach,Ertz,WAS,TE,35,7
TE,16641,average,NA,NA,NA,NA,NA,NA,14.5,2.23606797749979,0,0,0.375,0.31339158526400435,99,20.716522046769473,1050.3,220.01410344404223,5.648834803233839,1.6277924571073088,NA,NA,NA,NA,NA,NA,NA,NA,NA,NA,NA,NA,NA,NA,NA,NA,NA,NA,NA,NA,NA,NA,NA,NA,NA,NA,NA,NA,NA,NA,NA,NA,NA,NA,NA,NA,NA,NA,Brock,Bowers,LVR,TE,23,-4
TE,16641,robust,NA,NA,NA,NA,NA,NA,14.5,0.37065,0,0,0.375,0.0926625,105,7.412999999999999,1115.7,68.19959999999999,6.025,0.8826499170979615,NA,NA,NA,NA,NA,NA,NA,NA,NA,NA,NA,NA,NA,NA,NA,NA,NA,NA,NA,NA,NA,NA,NA,NA,NA,NA,NA,NA,NA,NA,NA,NA,NA,NA,NA,NA,NA,NA,Brock,Bowers,LVR,TE,23,-4
TE,16641,weighted,NA,NA,NA,NA,NA,NA,14.559716599190283,2.4650762817407026,0,0,0.3546305668016194,0.33445515134395454,97.76194331983807,22.39901979856458,1037.073886639676,237.73214838524544,5.544927323242098,1.7509778683616628,NA,NA,NA,NA,NA,NA,NA,NA,NA,NA,NA,NA,NA,NA,NA,NA,NA,NA,NA,NA,NA,NA,NA,NA,NA,NA,NA,NA,NA,NA,NA,NA,NA,NA,NA,NA,NA,NA,Brock,Bowers,LVR,TE,23,-4
TE,14138,average,NA,NA,NA,NA,NA,NA,0,0,0,0,0.375,0.31339158526400435,71.125,11.214754312320634,741.9375,127.3977005567324,4.622413041540221,0.9383341231692628,NA,NA,NA,NA,NA,NA,NA,NA,NA,NA,NA,NA,NA,NA,NA,NA,NA,NA,NA,NA,NA,NA,NA,NA,NA,NA,NA,NA,NA,NA,NA,NA,NA,NA,NA,NA,NA,NA,T.J.,Hockenson,MIN,TE,28,1
TE,14138,robust,NA,NA,NA,NA,NA,NA,0,0,0,0,0.375,0.0926625,73.5,7.8577799999999955,767.75,42.9954,4.644826083080441,1.022478301550125,NA,NA,NA,NA,NA,NA,NA,NA,NA,NA,NA,NA,NA,NA,NA,NA,NA,NA,NA,NA,NA,NA,NA,NA,NA,NA,NA,NA,NA,NA,NA,NA,NA,NA,NA,NA,NA,NA,T.J.,Hockenson,MIN,TE,28,1
TE,14138,weighted,NA,NA,NA,NA,NA,NA,0,0,0,0,0.3546305668016194,0.33445515134395454,70.70323886639676,12.181114735610864,736.0617408906883,137.86467044229596,4.5782485457508395,0.9993705044940083,NA,NA,NA,NA,NA,NA,NA,NA,NA,NA,NA,NA,NA,NA,NA,NA,NA,NA,NA,NA,NA,NA,NA,NA,NA,NA,NA,NA,NA,NA,NA,NA,NA,NA,NA,NA,NA,NA,T.J.,Hockenson,MIN,TE,28,1
TE,15329,average,NA,NA,NA,NA,NA,NA,-1.1,0.5879747322073337,0,0,0.03333333333333333,0.030860669992418384,50.5625,4.948286139087523,634.425,81.4431572149733,4.01248136659226,0.5409982500796845,NA,NA,NA,NA,NA,NA,NA,NA,NA,NA,NA,NA,NA,NA,NA,NA,NA,NA,NA,NA,NA,NA,NA,NA,NA,NA,NA,NA,NA,NA,NA,NA,NA,NA,NA,NA,NA,NA,Kyle,Pitts,ATL,TE,25,-1
TE,15329,robust,NA,NA,NA,NA,NA,NA,-1.1,0,0,0,0.03333333333333333,0,50.6,0.889560000000002,650.6,32.91372000000007,4,0.07424050356126431,NA,NA,NA,NA,NA,NA,NA,NA,NA,NA,NA,NA,NA,NA,NA,NA,NA,NA,NA,NA,NA,NA,NA,NA,NA,NA,NA,NA,NA,NA,NA,NA,NA,NA,NA,NA,NA,NA,Kyle,Pitts,ATL,TE,25,-1
TE,15329,weighted,NA,NA,NA,NA,NA,NA,-1.1211538461538464,0.6152102394478922,0,0,0.023650472334682864,0.01635338927330099,50.41761133603239,5.381042478357595,631.8329959514169,88.68126691190828,3.9633407097732283,0.5629238573006355,NA,NA,NA,NA,NA,NA,NA,NA,NA,NA,NA,NA,NA,NA,NA,NA,NA,NA,NA,NA,NA,NA,NA,NA,NA,NA,NA,NA,NA,NA,NA,NA,NA,NA,NA,NA,NA,NA,Kyle,Pitts,ATL,TE,25,-1
TE,15802,average,NA,NA,NA,NA,NA,NA,-0.8,0.427617987059879,0,0,0.4666666666666667,0.24102953780654787,51.275,7.356192726442901,528.075,69.5605748353805,4.168563897812735,0.693155976330973,NA,NA,NA,NA,NA,NA,NA,NA,NA,NA,NA,NA,NA,NA,NA,NA,NA,NA,NA,NA,NA,NA,NA,NA,NA,NA,NA,NA,NA,NA,NA,NA,NA,NA,NA,NA,NA,NA,Cade,Otton,TBB,TE,26,-2
TE,15802,robust,NA,NA,NA,NA,NA,NA,-0.8,0,0,0,0.4666666666666667,0,51.3,7.857780000000006,528.5,78.5778,4.1121277956254705,0.7772613395886451,NA,NA,NA,NA,NA,NA,NA,NA,NA,NA,NA,NA,NA,NA,NA,NA,NA,NA,NA,NA,NA,NA,NA,NA,NA,NA,NA,NA,NA,NA,NA,NA,NA,NA,NA,NA,NA,NA,Cade,Otton,TBB,TE,26,-2
TE,15802,weighted,NA,NA,NA,NA,NA,NA,-0.8153846153846154,0.44742562868937613,0,0,0.46045883940620785,0.2622916776383524,51.136234817813765,7.778602221340128,527.5334008097166,73.42131348109581,4.164480216321098,0.7498216081164604,NA,NA,NA,NA,NA,NA,NA,NA,NA,NA,NA,NA,NA,NA,NA,NA,NA,NA,NA,NA,NA,NA,NA,NA,NA,NA,NA,NA,NA,NA,NA,NA,NA,NA,NA,NA,NA,NA,Cade,Otton,TBB,TE,26,-2
TE,13671,average,NA,NA,NA,NA,NA,NA,8.5,5.277986629117476,0,0,0.7250000000000001,0.3267808352485107,55.4125,9.921180445318562,659.5625,128.8391681516145,7.432450540516388,1.5772642238599128,NA,NA,NA,NA,NA,NA,NA,NA,NA,NA,NA,NA,NA,NA,NA,NA,NA,NA,NA,NA,NA,NA,NA,NA,NA,NA,NA,NA,NA,NA,NA,NA,NA,NA,NA,NA,NA,NA,Mark,Andrews,BAL,TE,30,2
TE,13671,robust,NA,NA,NA,NA,NA,NA,8.5,2.59455,0,0,0.7437500000000001,0.055597499999999966,57.825,4.077150000000005,690.125,25.574849999999998,7.714901081032776,1.0820046854783891,NA,NA,NA,NA,NA,NA,NA,NA,NA,NA,NA,NA,NA,NA,NA,NA,NA,NA,NA,NA,NA,NA,NA,NA,NA,NA,NA,NA,NA,NA,NA,NA,NA,NA,NA,NA,NA,NA,Mark,Andrews,BAL,TE,30,2
TE,13671,weighted,NA,NA,NA,NA,NA,NA,8.816801619433198,5.704547857426966,0,0,0.7114625506072875,0.35495020304286556,54.74777327935223,10.68142992625023,650.1872469635628,138.43963789706228,7.359664536575956,1.711886028654833,NA,NA,NA,NA,NA,NA,NA,NA,NA,NA,NA,NA,NA,NA,NA,NA,NA,NA,NA,NA,NA,NA,NA,NA,NA,NA,NA,NA,NA,NA,NA,NA,NA,NA,NA,NA,NA,NA,Mark,Andrews,BAL,TE,30,2
TE,11244,average,NA,NA,NA,NA,NA,NA,1.6666666666666667,0.6172133998483676,0,0,0.675,0.29940417021620985,72.9625,14.87105890167687,716.1625,132.97415363789418,4.214926227859401,1.258637845343923,NA,NA,NA,NA,NA,NA,NA,NA,NA,NA,NA,NA,NA,NA,NA,NA,NA,NA,NA,NA,NA,NA,NA,NA,NA,NA,NA,NA,NA,NA,NA,NA,NA,NA,NA,NA,NA,NA,Travis,Kelce,KCC,TE,36,7
TE,11244,robust,NA,NA,NA,NA,NA,NA,1.6666666666666667,0,0,0,0.70625,0.0926625,75.35,9.117989999999997,730.75,55.07858999999996,4.359704911437605,0.22238999999999987,NA,NA,NA,NA,NA,NA,NA,NA,NA,NA,NA,NA,NA,NA,NA,NA,NA,NA,NA,NA,NA,NA,NA,NA,NA,NA,NA,NA,NA,NA,NA,NA,NA,NA,NA,NA,NA,NA,Travis,Kelce,KCC,TE,36,7
TE,11244,weighted,NA,NA,NA,NA,NA,NA,1.6423751686909582,0.6371158976712556,0,0,0.6399544534412955,0.31105646427065187,71.56963562753037,15.640403384578661,704.5576923076923,138.99183700176806,4.060651090054431,1.285274750660213,NA,NA,NA,NA,NA,NA,NA,NA,NA,NA,NA,NA,NA,NA,NA,NA,NA,NA,NA,NA,NA,NA,NA,NA,NA,NA,NA,NA,NA,NA,NA,NA,NA,NA,NA,NA,NA,NA,Travis,Kelce,KCC,TE,36,7
TE,15798,average,NA,NA,NA,NA,NA,NA,0,0,0,0,0.6,0.27774602993176545,37.7125,9.508107442748907,449.9125,92.13486136404303,4.6945802386494835,0.7941057346654037,NA,NA,NA,NA,NA,NA,NA,NA,NA,NA,NA,NA,NA,NA,NA,NA,NA,NA,NA,NA,NA,NA,NA,NA,NA,NA,NA,NA,NA,NA,NA,NA,NA,NA,NA,NA,NA,NA,Isaiah,Likely,BAL,TE,25,-2
TE,15798,robust,NA,NA,NA,NA,NA,NA,0,0,0,0,0.625,0.07412999999999997,38.375,8.524949999999999,454.325,82.06191000000003,4.55,0.7413,NA,NA,NA,NA,NA,NA,NA,NA,NA,NA,NA,NA,NA,NA,NA,NA,NA,NA,NA,NA,NA,NA,NA,NA,NA,NA,NA,NA,NA,NA,NA,NA,NA,NA,NA,NA,NA,NA,Isaiah,Likely,BAL,TE,25,-2
TE,15798,weighted,NA,NA,NA,NA,NA,NA,0,0,0,0,0.582995951417004,0.2991947329748344,37.09757085020243,10.120349764616948,443.64777327935224,97.91611038165253,4.6736472147727355,0.8412629264044523,NA,NA,NA,NA,NA,NA,NA,NA,NA,NA,NA,NA,NA,NA,NA,NA,NA,NA,NA,NA,NA,NA,NA,NA,NA,NA,NA,NA,NA,NA,NA,NA,NA,NA,NA,NA,NA,NA,Isaiah,Likely,BAL,TE,25,-2
TE,17099,average,NA,NA,NA,NA,NA,NA,0,0,0,0,0.3666666666666667,0.3483293460696835,19.26,10.847230061172299,223.5,143.4705544702466,1.2925265679502282,0.7577128326823828,NA,NA,NA,NA,NA,NA,NA,NA,NA,NA,NA,NA,NA,NA,NA,NA,NA,NA,NA,NA,NA,NA,NA,NA,NA,NA,NA,NA,NA,NA,NA,NA,NA,NA,NA,NA,NA,NA,Oronde,Gadsden,LAC,TE,22,-5
TE,17099,robust,NA,NA,NA,NA,NA,NA,0,0,0,0,0.3666666666666667,0.19768000000000002,19.18,7.412999999999999,218.75,34.47045,1.3775797038506847,0.7413,NA,NA,NA,NA,NA,NA,NA,NA,NA,NA,NA,NA,NA,NA,NA,NA,NA,NA,NA,NA,NA,NA,NA,NA,NA,NA,NA,NA,NA,NA,NA,NA,NA,NA,NA,NA,NA,NA,Oronde,Gadsden,LAC,TE,22,-5
TE,17099,weighted,NA,NA,NA,NA,NA,NA,0,0,0,0,0.4229137199434229,0.36445611541054057,19.491117397454033,12.178994149263131,230.83946251768035,160.930856061934,1.2367185671981824,0.8322396943989231,NA,NA,NA,NA,NA,NA,NA,NA,NA,NA,NA,NA,NA,NA,NA,NA,NA,NA,NA,NA,NA,NA,NA,NA,NA,NA,NA,NA,NA,NA,NA,NA,NA,NA,NA,NA,NA,NA,Oronde,Gadsden,LAC,TE,22,-5
TE,13772,average,NA,NA,NA,NA,NA,NA,0,0,0,0,0.4,0.282842712474619,51.9125,7.694420520276829,539.35,90.38177755657229,3.1654900962260766,0.9027707750008119,NA,NA,NA,NA,NA,NA,NA,NA,NA,NA,NA,NA,NA,NA,NA,NA,NA,NA,NA,NA,NA,NA,NA,NA,NA,NA,NA,NA,NA,NA,NA,NA,NA,NA,NA,NA,NA,NA,Dalton,Schultz,HOU,TE,29,2
TE,13772,robust,NA,NA,NA,NA,NA,NA,0,0,0,0,0.4,0,52.2,7.78365,544.45,93.55205999999998,3.0309801924521533,0.5930400000000001,NA,NA,NA,NA,NA,NA,NA,NA,NA,NA,NA,NA,NA,NA,NA,NA,NA,NA,NA,NA,NA,NA,NA,NA,NA,NA,NA,NA,NA,NA,NA,NA,NA,NA,NA,NA,NA,NA,Dalton,Schultz,HOU,TE,29,2
TE,13772,weighted,NA,NA,NA,NA,NA,NA,0,0,0,0,0.3975708502024292,0.30610709534244307,52.15485829959514,8.117192694573339,542.6781376518218,95.8747159916983,3.1112446357035624,0.9377782826796673,NA,NA,NA,NA,NA,NA,NA,NA,NA,NA,NA,NA,NA,NA,NA,NA,NA,NA,NA,NA,NA,NA,NA,NA,NA,NA,NA,NA,NA,NA,NA,NA,NA,NA,NA,NA,NA,NA,Dalton,Schultz,HOU,TE,29,2
TE,13189,average,NA,NA,NA,NA,NA,NA,2,1.8516401995451028,0,0,0.925,0.06267831705280086,70.4375,12.022827989168889,654.8875,138.426622516872,4.06694688019791,0.9206888412581556,NA,NA,NA,NA,NA,NA,NA,NA,NA,NA,NA,NA,NA,NA,NA,NA,NA,NA,NA,NA,NA,NA,NA,NA,NA,NA,NA,NA,NA,NA,NA,NA,NA,NA,NA,NA,NA,NA,Evan,Engram,DEN,TE,31,3
TE,13189,robust,NA,NA,NA,NA,NA,NA,2,0,0,0,0.925,0.018532500000000014,72.1,9.636899999999999,673.775,104.44916999999998,4.067787520791639,1.3343400000000005,NA,NA,NA,NA,NA,NA,NA,NA,NA,NA,NA,NA,NA,NA,NA,NA,NA,NA,NA,NA,NA,NA,NA,NA,NA,NA,NA,NA,NA,NA,NA,NA,NA,NA,NA,NA,NA,NA,Evan,Engram,DEN,TE,31,3
TE,13189,weighted,NA,NA,NA,NA,NA,NA,2.0991902834008096,2.051972476570946,0,0,0.928669028340081,0.06709478840062127,70.22287449392712,13.13837300527911,653.6892712550608,148.61659010160344,3.9949643273338324,0.9865923568117286,NA,NA,NA,NA,NA,NA,NA,NA,NA,NA,NA,NA,NA,NA,NA,NA,NA,NA,NA,NA,NA,NA,NA,NA,NA,NA,NA,NA,NA,NA,NA,NA,NA,NA,NA,NA,NA,NA,Evan,Engram,DEN,TE,31,3
TE,13192,average,NA,NA,NA,NA,NA,NA,0,0,0,0,0.55,0.2903200204700225,67.725,13.677588551035909,665.35,134.44981007264914,4.645882008499642,0.8392882034731821,NA,NA,NA,NA,NA,NA,NA,NA,NA,NA,NA,NA,NA,NA,NA,NA,NA,NA,NA,NA,NA,NA,NA,NA,NA,NA,NA,NA,NA,NA,NA,NA,NA,NA,NA,NA,NA,NA,David,Njoku,CLE,TE,29,3
TE,13192,robust,NA,NA,NA,NA,NA,NA,0,0,0,0,0.55,0.11119500000000002,70.825,8.376689999999998,705.75,38.39933999999997,4.73352803399857,0.3950713367937202,NA,NA,NA,NA,NA,NA,NA,NA,NA,NA,NA,NA,NA,NA,NA,NA,NA,NA,NA,NA,NA,NA,NA,NA,NA,NA,NA,NA,NA,NA,NA,NA,NA,NA,NA,NA,NA,NA,David,Njoku,CLE,TE,29,3
TE,13192,weighted,NA,NA,NA,NA,NA,NA,0,0,0,0,0.5114878542510122,0.2956333825460398,66.57085020242916,14.51194063522326,655.2297570850202,143.85909812010667,4.609632883440919,0.907821670220325,NA,NA,NA,NA,NA,NA,NA,NA,NA,NA,NA,NA,NA,NA,NA,NA,NA,NA,NA,NA,NA,NA,NA,NA,NA,NA,NA,NA,NA,NA,NA,NA,NA,NA,NA,NA,NA,NA,David,Njoku,CLE,TE,29,3
TE,14861,average,NA,NA,NA,NA,NA,NA,2.5,1.3363062095621219,0.1,0.05345224838248488,0.4,0.282842712474619,48.9875,5.588364826008716,517.175,59.990612360840025,3.3209755271700483,1.0477156063842086,NA,NA,NA,NA,NA,NA,NA,NA,NA,NA,NA,NA,NA,NA,NA,NA,NA,NA,NA,NA,NA,NA,NA,NA,NA,NA,NA,NA,NA,NA,NA,NA,NA,NA,NA,NA,NA,NA,Juwan,Johnson,NOS,TE,29,0
TE,14861,robust,NA,NA,NA,NA,NA,NA,2.5,0,0.1,0,0.4,0,49.75,4.4478,521.1,51.59448000000001,3.1919510543400964,1.3582067336707464,NA,NA,NA,NA,NA,NA,NA,NA,NA,NA,NA,NA,NA,NA,NA,NA,NA,NA,NA,NA,NA,NA,NA,NA,NA,NA,NA,NA,NA,NA,NA,NA,NA,NA,NA,NA,NA,NA,Juwan,Johnson,NOS,TE,29,0
TE,14861,weighted,NA,NA,NA,NA,NA,NA,2.5480769230769234,1.3982050896543003,0.10192307692307692,0.055928203586172016,0.4305668016194332,0.2957428517287196,49.32975708502024,6.027729014869164,520.9574898785426,63.69535609288284,3.290702984065638,1.1244176933521028,NA,NA,NA,NA,NA,NA,NA,NA,NA,NA,NA,NA,NA,NA,NA,NA,NA,NA,NA,NA,NA,NA,NA,NA,NA,NA,NA,NA,NA,NA,NA,NA,NA,NA,NA,NA,NA,NA,Juwan,Johnson,NOS,TE,29,0
TE,15873,average,NA,NA,NA,NA,NA,NA,0,0,0,0,0,0,20.88,9.99734964878192,222.34,130.7123865591934,0.92,0.7293833011524188,NA,NA,NA,NA,NA,NA,NA,NA,NA,NA,NA,NA,NA,NA,NA,NA,NA,NA,NA,NA,NA,NA,NA,NA,NA,NA,NA,NA,NA,NA,NA,NA,NA,NA,NA,NA,NA,NA,Daniel,Bellinger,NYG,TE,25,-2
TE,15873,robust,NA,NA,NA,NA,NA,NA,0,0,0,0,0,0,19,9.043859999999999,239.5,62.2692,1,0.59304,NA,NA,NA,NA,NA,NA,NA,NA,NA,NA,NA,NA,NA,NA,NA,NA,NA,NA,NA,NA,NA,NA,NA,NA,NA,NA,NA,NA,NA,NA,NA,NA,NA,NA,NA,NA,NA,NA,Daniel,Bellinger,NYG,TE,25,-2
TE,15873,weighted,NA,NA,NA,NA,NA,NA,0,0,0,0,0,0,23.05454545454545,10.4433786577118,251.74727272727267,137.26615170196985,1.0054545454545452,0.8346361842675053,NA,NA,NA,NA,NA,NA,NA,NA,NA,NA,NA,NA,NA,NA,NA,NA,NA,NA,NA,NA,NA,NA,NA,NA,NA,NA,NA,NA,NA,NA,NA,NA,NA,NA,NA,NA,NA,NA,Daniel,Bellinger,NYG,TE,25,-2
TE,16723,average,NA,NA,NA,NA,NA,NA,0,0,0,0,0.03333333333333333,0.03333333333333334,31.357142857142858,6.173021178984443,295.9428571428571,55.58797403344411,2.9,1.1474609652039005,NA,NA,NA,NA,NA,NA,NA,NA,NA,NA,NA,NA,NA,NA,NA,NA,NA,NA,NA,NA,NA,NA,NA,NA,NA,NA,NA,NA,NA,NA,NA,NA,NA,NA,NA,NA,NA,NA,AJ,Barner,SEA,TE,23,-4
TE,16723,robust,NA,NA,NA,NA,NA,NA,0,0,0,0,0.03333333333333333,0,30.325,5.9304,293,86.88036000000002,2.85,0.5930399999999998,NA,NA,NA,NA,NA,NA,NA,NA,NA,NA,NA,NA,NA,NA,NA,NA,NA,NA,NA,NA,NA,NA,NA,NA,NA,NA,NA,NA,NA,NA,NA,NA,NA,NA,NA,NA,NA,NA,AJ,Barner,SEA,TE,23,-4
TE,16723,weighted,NA,NA,NA,NA,NA,NA,0,0,0,0,0.022183372183372182,0.01723771860602253,31.23123543123543,6.744190229705176,295.6713286713287,60.49312464537733,2.9613053613053615,1.2434724504957377,NA,NA,NA,NA,NA,NA,NA,NA,NA,NA,NA,NA,NA,NA,NA,NA,NA,NA,NA,NA,NA,NA,NA,NA,NA,NA,NA,NA,NA,NA,NA,NA,NA,NA,NA,NA,NA,NA,AJ,Barner,SEA,TE,23,-4
TE,17103,average,NA,NA,NA,NA,NA,NA,0,0,0,0,0.6333333333333333,0.1855921454276674,32.542857142857144,6.017158006583379,333.9142857142857,69.42178881233731,1.9428571428571428,0.8618916073713346,NA,NA,NA,NA,NA,NA,NA,NA,NA,NA,NA,NA,NA,NA,NA,NA,NA,NA,NA,NA,NA,NA,NA,NA,NA,NA,NA,NA,NA,NA,NA,NA,NA,NA,NA,NA,NA,NA,Harold,Fannin,CLE,TE,21,-5
TE,17103,robust,NA,NA,NA,NA,NA,NA,0,0,0,0,0.6333333333333333,0,32.2,4.4478,335.6,72.64739999999999,1.95,1.4826,NA,NA,NA,NA,NA,NA,NA,NA,NA,NA,NA,NA,NA,NA,NA,NA,NA,NA,NA,NA,NA,NA,NA,NA,NA,NA,NA,NA,NA,NA,NA,NA,NA,NA,NA,NA,NA,NA,Harold,Fannin,CLE,TE,21,-5
TE,17103,weighted,NA,NA,NA,NA,NA,NA,0,0,0,0,0.6732323232323233,0.17005029792687137,32.71002331002331,6.655758627346848,335.9731934731935,74.952717217427,1.9377622377622377,0.9408014717873763,NA,NA,NA,NA,NA,NA,NA,NA,NA,NA,NA,NA,NA,NA,NA,NA,NA,NA,NA,NA,NA,NA,NA,NA,NA,NA,NA,NA,NA,NA,NA,NA,NA,NA,NA,NA,NA,NA,Harold,Fannin,CLE,TE,21,-5
TE,15331,average,NA,NA,NA,NA,NA,NA,0,0,0,0,0.85,0.40883108632154813,51.825,12.293174645190025,509.3,104.82273472050667,3.714958996076872,0.9020720251494911,NA,NA,NA,NA,NA,NA,NA,NA,NA,NA,NA,NA,NA,NA,NA,NA,NA,NA,NA,NA,NA,NA,NA,NA,NA,NA,NA,NA,NA,NA,NA,NA,NA,NA,NA,NA,NA,NA,Pat,Freiermuth,PIT,TE,27,-1
TE,15331,robust,NA,NA,NA,NA,NA,NA,0,0,0,0,0.8625,0.03706500000000003,53.975,4.521930000000001,523.6,59.007480000000015,3.7098359843074866,0.29652000000000023,NA,NA,NA,NA,NA,NA,NA,NA,NA,NA,NA,NA,NA,NA,NA,NA,NA,NA,NA,NA,NA,NA,NA,NA,NA,NA,NA,NA,NA,NA,NA,NA,NA,NA,NA,NA,NA,NA,Pat,Freiermuth,PIT,TE,27,-1
TE,15331,weighted,NA,NA,NA,NA,NA,NA,0,0,0,0,0.8399291497975708,0.44536179924881225,52.011538461538464,13.478162890930685,511.2995951417004,113.83394901502791,3.708863720566747,0.9541171111436829,NA,NA,NA,NA,NA,NA,NA,NA,NA,NA,NA,NA,NA,NA,NA,NA,NA,NA,NA,NA,NA,NA,NA,NA,NA,NA,NA,NA,NA,NA,NA,NA,NA,NA,NA,NA,NA,NA,Pat,Freiermuth,PIT,TE,27,-1
TE,13193,average,NA,NA,NA,NA,NA,NA,6.6,5.620371111285395,0,0,0.825,0.38683699040145725,55.2375,11.96279201763296,555.2375,137.34646427920887,4.238665824271017,1.417266506021354,NA,NA,NA,NA,NA,NA,NA,NA,NA,NA,NA,NA,NA,NA,NA,NA,NA,NA,NA,NA,NA,NA,NA,NA,NA,NA,NA,NA,NA,NA,NA,NA,NA,NA,NA,NA,NA,NA,Jonnu,Smith,PIT,TE,30,3
TE,13193,robust,NA,NA,NA,NA,NA,NA,6.199999999999999,1.1860799999999996,0,0,0.84375,0.05559750000000005,56.225,7.4871300000000005,564.75,28.984830000000017,4.102331648542033,1.3343399999999999,NA,NA,NA,NA,NA,NA,NA,NA,NA,NA,NA,NA,NA,NA,NA,NA,NA,NA,NA,NA,NA,NA,NA,NA,NA,NA,NA,NA,NA,NA,NA,NA,NA,NA,NA,NA,NA,NA,Jonnu,Smith,PIT,TE,30,3
TE,13193,weighted,NA,NA,NA,NA,NA,NA,6.826315789473684,6.300132360461383,0,0,0.8113613360323887,0.4207081696323204,55.353238866396765,12.77073697697125,553.4797570850202,147.0164512804842,4.212158357532243,1.4716604921904717,NA,NA,NA,NA,NA,NA,NA,NA,NA,NA,NA,NA,NA,NA,NA,NA,NA,NA,NA,NA,NA,NA,NA,NA,NA,NA,NA,NA,NA,NA,NA,NA,NA,NA,NA,NA,NA,NA,Jonnu,Smith,PIT,TE,30,3
TE,16269,average,NA,NA,NA,NA,NA,NA,0,0,0,0,0.4666666666666667,0.24102953780654787,54.7125,10.437766249811991,539.475,107.90619934527791,3.3197265567346563,1.0678903842691816,NA,NA,NA,NA,NA,NA,NA,NA,NA,NA,NA,NA,NA,NA,NA,NA,NA,NA,NA,NA,NA,NA,NA,NA,NA,NA,NA,NA,NA,NA,NA,NA,NA,NA,NA,NA,NA,NA,Brenton,Strange,JAC,TE,25,-3
TE,16269,robust,NA,NA,NA,NA,NA,NA,0,0,0,0,0.4666666666666667,0,56.5,6.6716999999999995,550.3499999999999,65.82743999999997,3.35,1.2289363720592048,NA,NA,NA,NA,NA,NA,NA,NA,NA,NA,NA,NA,NA,NA,NA,NA,NA,NA,NA,NA,NA,NA,NA,NA,NA,NA,NA,NA,NA,NA,NA,NA,NA,NA,NA,NA,NA,NA,Brenton,Strange,JAC,TE,25,-3
TE,16269,weighted,NA,NA,NA,NA,NA,NA,0,0,0,0,0.46045883940620785,0.2622916776383524,54.428137651821864,11.320641923685626,534.9878542510121,115.84673128894619,3.2493073066842535,1.126011309138021,NA,NA,NA,NA,NA,NA,NA,NA,NA,NA,NA,NA,NA,NA,NA,NA,NA,NA,NA,NA,NA,NA,NA,NA,NA,NA,NA,NA,NA,NA,NA,NA,NA,NA,NA,NA,NA,NA,Brenton,Strange,JAC,TE,25,-3
TE,17106,average,NA,NA,NA,NA,NA,NA,0,0,0,0,0.26666666666666666,0.24688535993934707,49.0125,7.88496535004616,500.125,84.96123065425616,3.219686028023166,1.1755069638330533,NA,NA,NA,NA,NA,NA,NA,NA,NA,NA,NA,NA,NA,NA,NA,NA,NA,NA,NA,NA,NA,NA,NA,NA,NA,NA,NA,NA,NA,NA,NA,NA,NA,NA,NA,NA,NA,NA,Mason,Taylor,NYJ,TE,21,-5
TE,17106,robust,NA,NA,NA,NA,NA,NA,0,0,0,0,0.26666666666666666,0,51.15,4.4478,524.25,34.8411,3,0,NA,NA,NA,NA,NA,NA,NA,NA,NA,NA,NA,NA,NA,NA,NA,NA,NA,NA,NA,NA,NA,NA,NA,NA,NA,NA,NA,NA,NA,NA,NA,NA,NA,NA,NA,NA,NA,NA,Mason,Taylor,NYJ,TE,21,-5
TE,17106,weighted,NA,NA,NA,NA,NA,NA,0,0,0,0,0.1892037786774629,0.1308271141864079,48.66518218623482,8.425837659988508,498.0587044534413,92.15953823157909,3.1948112035871383,1.201903842132091,NA,NA,NA,NA,NA,NA,NA,NA,NA,NA,NA,NA,NA,NA,NA,NA,NA,NA,NA,NA,NA,NA,NA,NA,NA,NA,NA,NA,NA,NA,NA,NA,NA,NA,NA,NA,NA,NA,Mason,Taylor,NYJ,TE,21,-5
TE,14137,average,NA,NA,NA,NA,NA,NA,-0.8,0.5059644256269407,0,0,0.3666666666666667,0.3483293460696835,36.63333333333333,6.569525604384739,360,53.19022466581618,1.85,0.5856620185738529,NA,NA,NA,NA,NA,NA,NA,NA,NA,NA,NA,NA,NA,NA,NA,NA,NA,NA,NA,NA,NA,NA,NA,NA,NA,NA,NA,NA,NA,NA,NA,NA,NA,NA,NA,NA,NA,NA,Noah,Fant,CIN,TE,28,1
TE,14137,robust,NA,NA,NA,NA,NA,NA,-0.8,0,0,0,0.3666666666666667,0.19768000000000002,35.6,2.372160000000002,364.5,63.751799999999996,2,0,NA,NA,NA,NA,NA,NA,NA,NA,NA,NA,NA,NA,NA,NA,NA,NA,NA,NA,NA,NA,NA,NA,NA,NA,NA,NA,NA,NA,NA,NA,NA,NA,NA,NA,NA,NA,NA,NA,Noah,Fant,CIN,TE,28,1
TE,14137,weighted,NA,NA,NA,NA,NA,NA,-0.8214992927864215,0.547474577035718,0,0,0.4229137199434229,0.36445611541054057,36.60848656294201,7.333316894716717,354.57708628005656,58.08145058061377,1.7388967468175391,0.5827360452474886,NA,NA,NA,NA,NA,NA,NA,NA,NA,NA,NA,NA,NA,NA,NA,NA,NA,NA,NA,NA,NA,NA,NA,NA,NA,NA,NA,NA,NA,NA,NA,NA,NA,NA,NA,NA,NA,NA,Noah,Fant,CIN,TE,28,1
TE,16212,average,NA,NA,NA,NA,NA,NA,0,0,0,0,0.03333333333333333,0.030860669992418384,26.1375,3.304947589815695,244.6375,39.37976048320108,1.704782455533583,0.44222372395265086,NA,NA,NA,NA,NA,NA,NA,NA,NA,NA,NA,NA,NA,NA,NA,NA,NA,NA,NA,NA,NA,NA,NA,NA,NA,NA,NA,NA,NA,NA,NA,NA,NA,NA,NA,NA,NA,NA,Michael,Mayer,LVR,TE,24,-3
TE,16212,robust,NA,NA,NA,NA,NA,NA,0,0,0,0,0.03333333333333333,0,26.25,3.3358499999999998,246.025,23.054430000000014,1.8691298221343327,0.11989812570363834,NA,NA,NA,NA,NA,NA,NA,NA,NA,NA,NA,NA,NA,NA,NA,NA,NA,NA,NA,NA,NA,NA,NA,NA,NA,NA,NA,NA,NA,NA,NA,NA,NA,NA,NA,NA,NA,NA,Michael,Mayer,LVR,TE,24,-3
TE,16212,weighted,NA,NA,NA,NA,NA,NA,0,0,0,0,0.023650472334682864,0.01635338927330099,25.91012145748988,3.5441795923952006,242.61639676113361,43.435859969624346,1.7104997507640956,0.4683731538448005,NA,NA,NA,NA,NA,NA,NA,NA,NA,NA,NA,NA,NA,NA,NA,NA,NA,NA,NA,NA,NA,NA,NA,NA,NA,NA,NA,NA,NA,NA,NA,NA,NA,NA,NA,NA,NA,NA,Michael,Mayer,LVR,TE,24,-3
TE,13424,average,NA,NA,NA,NA,NA,NA,194.5,61.645491860043315,2.3050100474972597,0.9500381462123393,0.26666666666666666,0.3771236166328254,14.6,10.28688485402651,132.5,102.25947388873072,0.9195652173913043,1.183128082876699,NA,NA,NA,NA,NA,NA,NA,NA,NA,NA,NA,NA,NA,NA,NA,NA,NA,NA,NA,NA,NA,NA,NA,NA,NA,NA,NA,NA,NA,NA,NA,NA,NA,NA,NA,NA,NA,NA,Taysom,Hill,NOS,TE,35,3
TE,13424,robust,NA,NA,NA,NA,NA,NA,194.5,55.968149999999994,2.249150529777128,0.7777352877237851,0.2,0.19768,14.600000000000001,10.45233,132.5,124.5384,0.8999999999999999,0.8895599999999999,NA,NA,NA,NA,NA,NA,NA,NA,NA,NA,NA,NA,NA,NA,NA,NA,NA,NA,NA,NA,NA,NA,NA,NA,NA,NA,NA,NA,NA,NA,NA,NA,NA,NA,NA,NA,NA,NA,Taysom,Hill,NOS,TE,35,3
TE,13424,weighted,NA,NA,NA,NA,NA,NA,192.3273381294964,74.67397879320674,2.2886161001779506,1.1483227783679555,0.35555555555555557,0.4131776778986505,18.54244604316547,7.713180126795549,168.05275779376498,88.28269281953314,1.1812324053800436,1.2313718285371762,NA,NA,NA,NA,NA,NA,NA,NA,NA,NA,NA,NA,NA,NA,NA,NA,NA,NA,NA,NA,NA,NA,NA,NA,NA,NA,NA,NA,NA,NA,NA,NA,NA,NA,NA,NA,NA,NA,Taysom,Hill,NOS,TE,35,3
TE,15626,average,NA,NA,NA,NA,NA,NA,0,0,0,0,0,0,16.425,1.9972898304118678,143.8,20.42286300530201,2.225,0.5560275772537426,NA,NA,NA,NA,NA,NA,NA,NA,NA,NA,NA,NA,NA,NA,NA,NA,NA,NA,NA,NA,NA,NA,NA,NA,NA,NA,NA,NA,NA,NA,NA,NA,NA,NA,NA,NA,NA,NA,Brock,Wright,DET,TE,27,-1
TE,15626,robust,NA,NA,NA,NA,NA,NA,0,0,0,0,0,0,16.425,1.7049900000000004,143.8,19.866840000000007,2.1500000000000004,0.37065000000000015,NA,NA,NA,NA,NA,NA,NA,NA,NA,NA,NA,NA,NA,NA,NA,NA,NA,NA,NA,NA,NA,NA,NA,NA,NA,NA,NA,NA,NA,NA,NA,NA,NA,NA,NA,NA,NA,NA,Brock,Wright,DET,TE,27,-1
TE,15626,weighted,NA,NA,NA,NA,NA,NA,0,0,0,0,0,0,16.910731707317073,2.206941218146812,146.2073170731707,24.33143268681504,2.2497560975609754,0.6963537050825312,NA,NA,NA,NA,NA,NA,NA,NA,NA,NA,NA,NA,NA,NA,NA,NA,NA,NA,NA,NA,NA,NA,NA,NA,NA,NA,NA,NA,NA,NA,NA,NA,NA,NA,NA,NA,NA,NA,Brock,Wright,DET,TE,27,-1
TE,15916,average,NA,NA,NA,NA,NA,NA,0,0,0,0,0,0,10.8,3.2511536414017717,143.63333333333333,52.858332676441215,0.9666666666666667,0.960902353693305,NA,NA,NA,NA,NA,NA,NA,NA,NA,NA,NA,NA,NA,NA,NA,NA,NA,NA,NA,NA,NA,NA,NA,NA,NA,NA,NA,NA,NA,NA,NA,NA,NA,NA,NA,NA,NA,NA,Andrew,Ogletree,IND,TE,27,-2
TE,15916,robust,NA,NA,NA,NA,NA,NA,0,0,0,0,0,0,10.825,4.59606,140.975,53.52185999999999,0.925,1.03782,NA,NA,NA,NA,NA,NA,NA,NA,NA,NA,NA,NA,NA,NA,NA,NA,NA,NA,NA,NA,NA,NA,NA,NA,NA,NA,NA,NA,NA,NA,NA,NA,NA,NA,NA,NA,NA,NA,Andrew,Ogletree,IND,TE,27,-2
TE,15916,weighted,NA,NA,NA,NA,NA,NA,0,0,0,0,0,0,12.466202090592335,2.192031021678297,167.3554006968641,48.08326112068523,1.0599303135888503,1.3435028842544405,NA,NA,NA,NA,NA,NA,NA,NA,NA,NA,NA,NA,NA,NA,NA,NA,NA,NA,NA,NA,NA,NA,NA,NA,NA,NA,NA,NA,NA,NA,NA,NA,NA,NA,NA,NA,NA,NA,Andrew,Ogletree,IND,TE,27,-2
TE,14239,average,NA,NA,NA,NA,NA,NA,0,0,0,0,0,0,20.757142857142856,3.3275902907144594,236.27142857142857,54.81650342386905,1.8428571428571427,0.8202786982831767,NA,NA,NA,NA,NA,NA,NA,NA,NA,NA,NA,NA,NA,NA,NA,NA,NA,NA,NA,NA,NA,NA,NA,NA,NA,NA,NA,NA,NA,NA,NA,NA,NA,NA,NA,NA,NA,NA,Foster,Moreau,NOS,TE,28,1
TE,14239,robust,NA,NA,NA,NA,NA,NA,0,0,0,0,0,0,21,4.596060000000002,232.5,55.00445999999999,1.75,0.7413,NA,NA,NA,NA,NA,NA,NA,NA,NA,NA,NA,NA,NA,NA,NA,NA,NA,NA,NA,NA,NA,NA,NA,NA,NA,NA,NA,NA,NA,NA,NA,NA,NA,NA,NA,NA,NA,NA,Foster,Moreau,NOS,TE,28,1
TE,14239,weighted,NA,NA,NA,NA,NA,NA,0,0,0,0,0,0,20.935198135198135,3.4962676330894706,237.77272727272725,58.456307375650695,1.8925407925407924,0.88501712325526,NA,NA,NA,NA,NA,NA,NA,NA,NA,NA,NA,NA,NA,NA,NA,NA,NA,NA,NA,NA,NA,NA,NA,NA,NA,NA,NA,NA,NA,NA,NA,NA,NA,NA,NA,NA,NA,NA,Foster,Moreau,NOS,TE,28,1
TE,15889,average,NA,NA,NA,NA,NA,NA,8.666666666666666,2.6666666666666665,0,0,0.47500000000000003,0.35296364307578953,55.07142857142857,11.64198068567863,546.6428571428571,124.90153264529165,2.9857142857142858,1.3371967836093677,NA,NA,NA,NA,NA,NA,NA,NA,NA,NA,NA,NA,NA,NA,NA,NA,NA,NA,NA,NA,NA,NA,NA,NA,NA,NA,NA,NA,NA,NA,NA,NA,NA,NA,NA,NA,NA,NA,Chigoziem,Okonkwo,TEN,TE,26,-2
TE,15889,robust,NA,NA,NA,NA,NA,NA,8.666666666666666,0,0,0,0.47500000000000003,0.48184499999999997,58.875,2.9652,582.75,27.428099999999997,3,1.4826,NA,NA,NA,NA,NA,NA,NA,NA,NA,NA,NA,NA,NA,NA,NA,NA,NA,NA,NA,NA,NA,NA,NA,NA,NA,NA,NA,NA,NA,NA,NA,NA,NA,NA,NA,NA,NA,NA,Chigoziem,Okonkwo,TEN,TE,26,-2
TE,15889,weighted,NA,NA,NA,NA,NA,NA,8.73193473193473,2.875547704413265,0,0,0.41832750582750583,0.35204404493029695,54.70629370629371,12.78594112067316,541.7692307692307,136.60421718295558,2.896736596736597,1.4213249990883985,NA,NA,NA,NA,NA,NA,NA,NA,NA,NA,NA,NA,NA,NA,NA,NA,NA,NA,NA,NA,NA,NA,NA,NA,NA,NA,NA,NA,NA,NA,NA,NA,NA,NA,NA,NA,NA,NA,Chigoziem,Okonkwo,TEN,TE,26,-2
TE,14867,average,NA,NA,NA,NA,NA,NA,0.5,0.2672612419124244,0,0,0.35,0.30937725468153876,33.1875,15.79551812563117,328.7125,161.08517212509483,2.692857041016941,1.3173874980424967,NA,NA,NA,NA,NA,NA,NA,NA,NA,NA,NA,NA,NA,NA,NA,NA,NA,NA,NA,NA,NA,NA,NA,NA,NA,NA,NA,NA,NA,NA,NA,NA,NA,NA,NA,NA,NA,NA,Cole,Kmet,CHI,TE,26,0
TE,14867,robust,NA,NA,NA,NA,NA,NA,0.5,0,0,0,0.35,0.03706500000000003,30.75,9.933419999999998,312.25,105.78351000000002,2.5,0.7413,NA,NA,NA,NA,NA,NA,NA,NA,NA,NA,NA,NA,NA,NA,NA,NA,NA,NA,NA,NA,NA,NA,NA,NA,NA,NA,NA,NA,NA,NA,NA,NA,NA,NA,NA,NA,NA,NA,Cole,Kmet,CHI,TE,26,0
TE,14867,weighted,NA,NA,NA,NA,NA,NA,0.5096153846153846,0.27964101793086005,0,0,0.3404352226720648,0.33371247372112833,33.249190283400814,16.97352633969298,329.53542510121457,172.9046338792385,2.690659233459128,1.4243920759704582,NA,NA,NA,NA,NA,NA,NA,NA,NA,NA,NA,NA,NA,NA,NA,NA,NA,NA,NA,NA,NA,NA,NA,NA,NA,NA,NA,NA,NA,NA,NA,NA,NA,NA,NA,NA,NA,NA,Cole,Kmet,CHI,TE,26,0
TE,17104,average,NA,NA,NA,NA,NA,NA,0,0,0,0,0.525,0.397761594066453,57.7875,14.556926431869371,622.95,178.35139472401107,4.1808028465231475,1.470938942131358,NA,NA,NA,NA,NA,NA,NA,NA,NA,NA,NA,NA,NA,NA,NA,NA,NA,NA,NA,NA,NA,NA,NA,NA,NA,NA,NA,NA,NA,NA,NA,NA,NA,NA,NA,NA,NA,NA,Colston,Loveland,CHI,TE,21,-5
TE,17104,robust,NA,NA,NA,NA,NA,NA,0,0,0,0,0.525,0.35211749999999997,61.075,5.9304,650.4,75.6126,4.386605693046295,0.8154300000000003,NA,NA,NA,NA,NA,NA,NA,NA,NA,NA,NA,NA,NA,NA,NA,NA,NA,NA,NA,NA,NA,NA,NA,NA,NA,NA,NA,NA,NA,NA,NA,NA,NA,NA,NA,NA,NA,NA,Colston,Loveland,CHI,TE,21,-5
TE,17104,weighted,NA,NA,NA,NA,NA,NA,0,0,0,0,0.43980263157894744,0.3498005490617662,57.86842105263158,15.676695519245488,624.6376518218624,190.26687219619205,4.195177085408981,1.576924943060636,NA,NA,NA,NA,NA,NA,NA,NA,NA,NA,NA,NA,NA,NA,NA,NA,NA,NA,NA,NA,NA,NA,NA,NA,NA,NA,NA,NA,NA,NA,NA,NA,NA,NA,NA,NA,NA,NA,Colston,Loveland,CHI,TE,21,-5
TE,14209,average,NA,NA,NA,NA,NA,NA,0,0,0,0,0,0,16.166666666666668,3.430257521916783,172.91666666666666,47.705782318987985,1.4666666666666668,0.4546060565661952,NA,NA,NA,NA,NA,NA,NA,NA,NA,NA,NA,NA,NA,NA,NA,NA,NA,NA,NA,NA,NA,NA,NA,NA,NA,NA,NA,NA,NA,NA,NA,NA,NA,NA,NA,NA,NA,NA,Josh,Oliver,MIN,TE,28,1
TE,14209,robust,NA,NA,NA,NA,NA,NA,0,0,0,0,0,0,16,5.1891,177,57.080099999999995,1.5,0.5930399999999998,NA,NA,NA,NA,NA,NA,NA,NA,NA,NA,NA,NA,NA,NA,NA,NA,NA,NA,NA,NA,NA,NA,NA,NA,NA,NA,NA,NA,NA,NA,NA,NA,NA,NA,NA,NA,NA,NA,Josh,Oliver,MIN,TE,28,1
TE,14209,weighted,NA,NA,NA,NA,NA,NA,0,0,0,0,0,0,15.835926449787836,3.768157670128384,169.96888260254596,53.42936529898022,1.4393210749646395,0.5055259378811316,NA,NA,NA,NA,NA,NA,NA,NA,NA,NA,NA,NA,NA,NA,NA,NA,NA,NA,NA,NA,NA,NA,NA,NA,NA,NA,NA,NA,NA,NA,NA,NA,NA,NA,NA,NA,NA,NA,Josh,Oliver,MIN,TE,28,1
TE,16643,average,NA,NA,NA,NA,NA,NA,0,0,0,0,0.03333333333333333,0.03333333333333334,41.22857142857143,9.473069598553979,418.2,98.64758824556567,2.092497754821907,0.8593461162346949,NA,NA,NA,NA,NA,NA,NA,NA,NA,NA,NA,NA,NA,NA,NA,NA,NA,NA,NA,NA,NA,NA,NA,NA,NA,NA,NA,NA,NA,NA,NA,NA,NA,NA,NA,NA,NA,NA,Ja'Tavion,Sanders,CAR,TE,22,-4
TE,16643,robust,NA,NA,NA,NA,NA,NA,0,0,0,0,0.03333333333333333,0,44.05,4.151279999999995,440.6,55.74576000000003,2.0868710709383373,0.9674198009072849,NA,NA,NA,NA,NA,NA,NA,NA,NA,NA,NA,NA,NA,NA,NA,NA,NA,NA,NA,NA,NA,NA,NA,NA,NA,NA,NA,NA,NA,NA,NA,NA,NA,NA,NA,NA,NA,NA,Ja'Tavion,Sanders,CAR,TE,22,-4
TE,16643,weighted,NA,NA,NA,NA,NA,NA,0,0,0,0,0.022273603082851638,0.017199254236697274,40.7107514450867,10.273161866843285,413.47745664739887,107.30723408621108,2.040431164032295,0.9293197530566043,NA,NA,NA,NA,NA,NA,NA,NA,NA,NA,NA,NA,NA,NA,NA,NA,NA,NA,NA,NA,NA,NA,NA,NA,NA,NA,NA,NA,NA,NA,NA,NA,NA,NA,NA,NA,NA,NA,Ja'Tavion,Sanders,CAR,TE,22,-4
TE,16216,average,NA,NA,NA,NA,NA,NA,0,0,0,0,0,0,15.66,2.83160731740826,156.38,27.09191761393054,1.08,0.535723809439155,NA,NA,NA,NA,NA,NA,NA,NA,NA,NA,NA,NA,NA,NA,NA,NA,NA,NA,NA,NA,NA,NA,NA,NA,NA,NA,NA,NA,NA,NA,NA,NA,NA,NA,NA,NA,NA,NA,Darnell,Washington,PIT,TE,24,-3
TE,16216,robust,NA,NA,NA,NA,NA,NA,0,0,0,0,0,0,15.5,1.3343399999999979,153.45,19.273799999999998,1,0.44478000000000006,NA,NA,NA,NA,NA,NA,NA,NA,NA,NA,NA,NA,NA,NA,NA,NA,NA,NA,NA,NA,NA,NA,NA,NA,NA,NA,NA,NA,NA,NA,NA,NA,NA,NA,NA,NA,NA,NA,Darnell,Washington,PIT,TE,24,-3
TE,16216,weighted,NA,NA,NA,NA,NA,NA,0,0,0,0,0,0,16.49490909090909,2.398064526318104,164.24363636363634,22.511158902076275,1.186181818181818,0.5802702783710744,NA,NA,NA,NA,NA,NA,NA,NA,NA,NA,NA,NA,NA,NA,NA,NA,NA,NA,NA,NA,NA,NA,NA,NA,NA,NA,NA,NA,NA,NA,NA,NA,NA,NA,NA,NA,NA,NA,Darnell,Washington,PIT,TE,24,-3
TE,15332,average,NA,NA,NA,NA,NA,NA,0,0,0,0,0.36666666666666664,0.20275875100994065,20.785714285714285,4.0785735134679015,195.22857142857143,41.40811974664366,2.0428571428571427,0.6373307431706682,NA,NA,NA,NA,NA,NA,NA,NA,NA,NA,NA,NA,NA,NA,NA,NA,NA,NA,NA,NA,NA,NA,NA,NA,NA,NA,NA,NA,NA,NA,NA,NA,NA,NA,NA,NA,NA,NA,Tommy,Tremble,CAR,TE,25,-1
TE,15332,robust,NA,NA,NA,NA,NA,NA,0,0,0,0,0.36666666666666664,0,20.5,1.4826,194.55,29.651999999999997,2,0.44478000000000006,NA,NA,NA,NA,NA,NA,NA,NA,NA,NA,NA,NA,NA,NA,NA,NA,NA,NA,NA,NA,NA,NA,NA,NA,NA,NA,NA,NA,NA,NA,NA,NA,NA,NA,NA,NA,NA,NA,Tommy,Tremble,CAR,TE,25,-1
TE,15332,weighted,NA,NA,NA,NA,NA,NA,0,0,0,0,0.35986790986790984,0.22210472638506124,20.895571095571096,4.272052577786343,195.91142191142188,43.77706901732753,2.0794871794871796,0.6574356892656046,NA,NA,NA,NA,NA,NA,NA,NA,NA,NA,NA,NA,NA,NA,NA,NA,NA,NA,NA,NA,NA,NA,NA,NA,NA,NA,NA,NA,NA,NA,NA,NA,NA,NA,NA,NA,NA,NA,Tommy,Tremble,CAR,TE,25,-1
TE,12678,average,NA,NA,NA,NA,NA,NA,0,0,0,0,0.03333333333333333,0.030860669992418384,45.4625,12.407248745333167,433.4875,118.72531848767558,3.41238650292921,1.122905204096594,NA,NA,NA,NA,NA,NA,NA,NA,NA,NA,NA,NA,NA,NA,NA,NA,NA,NA,NA,NA,NA,NA,NA,NA,NA,NA,NA,NA,NA,NA,NA,NA,NA,NA,NA,NA,NA,NA,Tyler,Higbee,LAR,TE,32,4
TE,12678,robust,NA,NA,NA,NA,NA,NA,0,0,0,0,0.03333333333333333,0,45.400000000000006,9.488639999999997,432.225,91.17989999999999,3.5,0.7413,NA,NA,NA,NA,NA,NA,NA,NA,NA,NA,NA,NA,NA,NA,NA,NA,NA,NA,NA,NA,NA,NA,NA,NA,NA,NA,NA,NA,NA,NA,NA,NA,NA,NA,NA,NA,NA,NA,Tyler,Higbee,LAR,TE,32,4
TE,12678,weighted,NA,NA,NA,NA,NA,NA,0,0,0,0,0.023650472334682864,0.01635338927330099,45.18522267206478,13.303005797493185,431.1012145748988,126.86884632031115,3.3427955091562533,1.2078245600059283,NA,NA,NA,NA,NA,NA,NA,NA,NA,NA,NA,NA,NA,NA,NA,NA,NA,NA,NA,NA,NA,NA,NA,NA,NA,NA,NA,NA,NA,NA,NA,NA,NA,NA,NA,NA,NA,NA,Tyler,Higbee,LAR,TE,32,4
TE,17108,average,NA,NA,NA,NA,NA,NA,0,0,0,0,0.4666666666666667,0.2690370836538197,41.5,9.827076298239907,451.6375,119.68312851024575,2.795491742364996,1.4876772555517819,NA,NA,NA,NA,NA,NA,NA,NA,NA,NA,NA,NA,NA,NA,NA,NA,NA,NA,NA,NA,NA,NA,NA,NA,NA,NA,NA,NA,NA,NA,NA,NA,NA,NA,NA,NA,NA,NA,Elijah,Arroyo,SEA,TE,22,-5
TE,17108,robust,NA,NA,NA,NA,NA,NA,0,0,0,0,0.4666666666666667,0,43.25,5.9304,466.025,85.91666999999998,2.990983484729991,0.8895600000000001,NA,NA,NA,NA,NA,NA,NA,NA,NA,NA,NA,NA,NA,NA,NA,NA,NA,NA,NA,NA,NA,NA,NA,NA,NA,NA,NA,NA,NA,NA,NA,NA,NA,NA,NA,NA,NA,NA,Elijah,Arroyo,SEA,TE,22,-5
TE,17108,weighted,NA,NA,NA,NA,NA,NA,0,0,0,0,0.47786774628879897,0.29181610544178443,41.431174089068826,10.550742249909828,451.498987854251,127.21564661058926,2.756185639736433,1.5858454480240771,NA,NA,NA,NA,NA,NA,NA,NA,NA,NA,NA,NA,NA,NA,NA,NA,NA,NA,NA,NA,NA,NA,NA,NA,NA,NA,NA,NA,NA,NA,NA,NA,NA,NA,NA,NA,NA,NA,Elijah,Arroyo,SEA,TE,22,-5
TE,17105,average,NA,NA,NA,NA,NA,NA,0,0,0,0,0.13333333333333333,0.13333333333333336,22.271428571428572,3.2785740222004476,218.4,44.97910626057392,1.2857142857142858,0.501426536422407,NA,NA,NA,NA,NA,NA,NA,NA,NA,NA,NA,NA,NA,NA,NA,NA,NA,NA,NA,NA,NA,NA,NA,NA,NA,NA,NA,NA,NA,NA,NA,NA,NA,NA,NA,NA,NA,NA,Gunnar,Helm,TEN,TE,23,-5
TE,17105,robust,NA,NA,NA,NA,NA,NA,0,0,0,0,0.13333333333333333,0,22.5,4.4478,223.15,53.07708000000002,1.15,0.2965199999999999,NA,NA,NA,NA,NA,NA,NA,NA,NA,NA,NA,NA,NA,NA,NA,NA,NA,NA,NA,NA,NA,NA,NA,NA,NA,NA,NA,NA,NA,NA,NA,NA,NA,NA,NA,NA,NA,NA,Gunnar,Helm,TEN,TE,23,-5
TE,17105,weighted,NA,NA,NA,NA,NA,NA,0,0,0,0,0.08873348873348873,0.06895087442409012,22.239860139860138,3.6278633612412428,217.21445221445222,48.951594707461304,1.2932400932400931,0.5446932250995812,NA,NA,NA,NA,NA,NA,NA,NA,NA,NA,NA,NA,NA,NA,NA,NA,NA,NA,NA,NA,NA,NA,NA,NA,NA,NA,NA,NA,NA,NA,NA,NA,NA,NA,NA,NA,NA,NA,Gunnar,Helm,TEN,TE,23,-5
TE,12677,average,NA,NA,NA,NA,NA,NA,0,0,0,0,0.23333333333333334,0.12018504251546631,31.47142857142857,10.517400547935516,314.8142857142857,102.68791601370677,1.8714285714285714,0.3946064947695181,NA,NA,NA,NA,NA,NA,NA,NA,NA,NA,NA,NA,NA,NA,NA,NA,NA,NA,NA,NA,NA,NA,NA,NA,NA,NA,NA,NA,NA,NA,NA,NA,NA,NA,NA,NA,NA,NA,Austin,Hooper,NEP,TE,31,4
TE,12677,robust,NA,NA,NA,NA,NA,NA,0,0,0,0,0.23333333333333334,0,31.425,13.936439999999997,315,137.43701999999996,2,0,NA,NA,NA,NA,NA,NA,NA,NA,NA,NA,NA,NA,NA,NA,NA,NA,NA,NA,NA,NA,NA,NA,NA,NA,NA,NA,NA,NA,NA,NA,NA,NA,NA,NA,NA,NA,NA,NA,Austin,Hooper,NEP,TE,31,4
TE,12677,weighted,NA,NA,NA,NA,NA,NA,0,0,0,0,0.20493395493395494,0.10472857569343841,31.617016317016315,11.51020250822849,316.0081585081585,112.02731723375076,1.8641025641025641,0.43449618784466765,NA,NA,NA,NA,NA,NA,NA,NA,NA,NA,NA,NA,NA,NA,NA,NA,NA,NA,NA,NA,NA,NA,NA,NA,NA,NA,NA,NA,NA,NA,NA,NA,NA,NA,NA,NA,NA,NA,Austin,Hooper,NEP,TE,31,4
TE,16219,average,NA,NA,NA,NA,NA,NA,0,0,0,0,0,0,9.033333333333333,5.5590766619406615,73.63333333333333,45.60595721321211,0.8333333333333334,1.011599393699568,NA,NA,NA,NA,NA,NA,NA,NA,NA,NA,NA,NA,NA,NA,NA,NA,NA,NA,NA,NA,NA,NA,NA,NA,NA,NA,NA,NA,NA,NA,NA,NA,NA,NA,NA,NA,NA,NA,Davis,Allen,LAR,TE,24,-3
TE,16219,robust,NA,NA,NA,NA,NA,NA,0,0,0,0,0,0,8.8,6.078659999999999,69.725,29.80026,0.7000000000000001,0.14825999999999995,NA,NA,NA,NA,NA,NA,NA,NA,NA,NA,NA,NA,NA,NA,NA,NA,NA,NA,NA,NA,NA,NA,NA,NA,NA,NA,NA,NA,NA,NA,NA,NA,NA,NA,NA,NA,NA,NA,Davis,Allen,LAR,TE,24,-3
TE,16219,weighted,NA,NA,NA,NA,NA,NA,0,0,0,0,0,0,11.586062717770035,4.879036790187179,91.85017421602787,47.37615433949868,1.1588850174216028,1.2020815280171309,NA,NA,NA,NA,NA,NA,NA,NA,NA,NA,NA,NA,NA,NA,NA,NA,NA,NA,NA,NA,NA,NA,NA,NA,NA,NA,NA,NA,NA,NA,NA,NA,NA,NA,NA,NA,NA,NA,Davis,Allen,LAR,TE,24,-3
TE,15334,average,NA,NA,NA,NA,NA,NA,0,0,0,0,0.26666666666666666,0.46188021535170065,10.366666666666667,1.7387735140993297,95.3,21.869384993638935,0.8,1.058300524425836,NA,NA,NA,NA,NA,NA,NA,NA,NA,NA,NA,NA,NA,NA,NA,NA,NA,NA,NA,NA,NA,NA,NA,NA,NA,NA,NA,NA,NA,NA,NA,NA,NA,NA,NA,NA,NA,NA,Hunter,Long,JAC,TE,27,-1
TE,15334,robust,NA,NA,NA,NA,NA,NA,0,0,0,0,0.2,0,10.525,1.0378199999999989,94.225,22.38725999999999,0.7,0.59304,NA,NA,NA,NA,NA,NA,NA,NA,NA,NA,NA,NA,NA,NA,NA,NA,NA,NA,NA,NA,NA,NA,NA,NA,NA,NA,NA,NA,NA,NA,NA,NA,NA,NA,NA,NA,NA,NA,Hunter,Long,JAC,TE,27,-1
TE,15334,weighted,NA,NA,NA,NA,NA,NA,0,0,0,0,0.39581881533101043,0.5656854249492381,11.346341463414634,0.4949747468305828,104.85365853658536,19.79898987322333,1.0104529616724738,1.4142135623730951,NA,NA,NA,NA,NA,NA,NA,NA,NA,NA,NA,NA,NA,NA,NA,NA,NA,NA,NA,NA,NA,NA,NA,NA,NA,NA,NA,NA,NA,NA,NA,NA,NA,NA,NA,NA,NA,NA,Hunter,Long,JAC,TE,27,-1
TE,16474,average,NA,NA,NA,NA,NA,NA,0,0,0,0,0,0,9.85,3.771383477363888,79.75,31.79491573611521,1.35,0.47258156262526085,NA,NA,NA,NA,NA,NA,NA,NA,NA,NA,NA,NA,NA,NA,NA,NA,NA,NA,NA,NA,NA,NA,NA,NA,NA,NA,NA,NA,NA,NA,NA,NA,NA,NA,NA,NA,NA,NA,Nate,Adkins,DEN,TE,26,-3
TE,16474,robust,NA,NA,NA,NA,NA,NA,0,0,0,0,0,0,9.85,4.4478,79.75,32.6172,1.2999999999999998,0.2965199999999999,NA,NA,NA,NA,NA,NA,NA,NA,NA,NA,NA,NA,NA,NA,NA,NA,NA,NA,NA,NA,NA,NA,NA,NA,NA,NA,NA,NA,NA,NA,NA,NA,NA,NA,NA,NA,NA,NA,Nate,Adkins,DEN,TE,26,-3
TE,16474,weighted,NA,NA,NA,NA,NA,NA,0,0,0,0,0,0,11.006829268292682,3.3678044183632614,89.69512195121952,27.043642171175705,1.4921951219512193,0.5008621862657319,NA,NA,NA,NA,NA,NA,NA,NA,NA,NA,NA,NA,NA,NA,NA,NA,NA,NA,NA,NA,NA,NA,NA,NA,NA,NA,NA,NA,NA,NA,NA,NA,NA,NA,NA,NA,NA,NA,Nate,Adkins,DEN,TE,26,-3
TE,16215,average,NA,NA,NA,NA,NA,NA,0.5,0.2672612419124244,0,0,0,0,18.3625,4.5731944134113895,171.75,50.133393490338776,0.9877079351672253,0.5864092338692121,NA,NA,NA,NA,NA,NA,NA,NA,NA,NA,NA,NA,NA,NA,NA,NA,NA,NA,NA,NA,NA,NA,NA,NA,NA,NA,NA,NA,NA,NA,NA,NA,NA,NA,NA,NA,NA,NA,Luke,Musgrave,GBP,TE,25,-3
TE,16215,robust,NA,NA,NA,NA,NA,NA,0.5,0,0,0,0,0,17.725,3.18759,168.25,37.8063,1,0.2965199999999999,NA,NA,NA,NA,NA,NA,NA,NA,NA,NA,NA,NA,NA,NA,NA,NA,NA,NA,NA,NA,NA,NA,NA,NA,NA,NA,NA,NA,NA,NA,NA,NA,NA,NA,NA,NA,NA,NA,Luke,Musgrave,GBP,TE,25,-3
TE,16215,weighted,NA,NA,NA,NA,NA,NA,0.5096153846153846,0.27964101793086005,0,0,0,0,18.209716599190283,4.967716979015175,169.6831983805668,53.19956221471557,0.9435387171800753,0.6170582372140448,NA,NA,NA,NA,NA,NA,NA,NA,NA,NA,NA,NA,NA,NA,NA,NA,NA,NA,NA,NA,NA,NA,NA,NA,NA,NA,NA,NA,NA,NA,NA,NA,NA,NA,NA,NA,NA,NA,Luke,Musgrave,GBP,TE,25,-3
TE,13672,average,NA,NA,NA,NA,NA,NA,0,0,0,0,0.4,0.2138089935299395,50.7875,16.194923146291423,507.1625,166.6481660565156,2.8459767767470905,1.140563181564242,NA,NA,NA,NA,NA,NA,NA,NA,NA,NA,NA,NA,NA,NA,NA,NA,NA,NA,NA,NA,NA,NA,NA,NA,NA,NA,NA,NA,NA,NA,NA,NA,NA,NA,NA,NA,NA,NA,Mike,Gesicki,CIN,TE,30,2
TE,13672,robust,NA,NA,NA,NA,NA,NA,0,0,0,0,0.4,0,54.25,8.1543,541.5,114.9015,2.85,1.1860799999999996,NA,NA,NA,NA,NA,NA,NA,NA,NA,NA,NA,NA,NA,NA,NA,NA,NA,NA,NA,NA,NA,NA,NA,NA,NA,NA,NA,NA,NA,NA,NA,NA,NA,NA,NA,NA,NA,NA,Mike,Gesicki,CIN,TE,30,2
TE,13672,weighted,NA,NA,NA,NA,NA,NA,0,0,0,0,0.3987854251012146,0.23297085406125206,50.36943319838057,17.588677368489563,502.752024291498,180.7274785457778,2.783619279166978,1.2163465813758678,NA,NA,NA,NA,NA,NA,NA,NA,NA,NA,NA,NA,NA,NA,NA,NA,NA,NA,NA,NA,NA,NA,NA,NA,NA,NA,NA,NA,NA,NA,NA,NA,NA,NA,NA,NA,NA,NA,Mike,Gesicki,CIN,TE,30,2
TE,15800,average,NA,NA,NA,NA,NA,NA,2,1.632993161855452,0,0,0,0,10.45,1.1676186592091327,79.025,16.120458016652833,1.125,0.6994045086119096,NA,NA,NA,NA,NA,NA,NA,NA,NA,NA,NA,NA,NA,NA,NA,NA,NA,NA,NA,NA,NA,NA,NA,NA,NA,NA,NA,NA,NA,NA,NA,NA,NA,NA,NA,NA,NA,NA,Connor,Heyward,PIT,TE,26,-2
TE,15800,robust,NA,NA,NA,NA,NA,NA,2,1.4826,0,0,0,0,10.45,1.1860799999999996,79.025,16.3086,1.125,0.66717,NA,NA,NA,NA,NA,NA,NA,NA,NA,NA,NA,NA,NA,NA,NA,NA,NA,NA,NA,NA,NA,NA,NA,NA,NA,NA,NA,NA,NA,NA,NA,NA,NA,NA,NA,NA,NA,NA,Connor,Heyward,PIT,TE,26,-2
TE,15800,weighted,NA,NA,NA,NA,NA,NA,1.9073170731707318,1.9685036727138996,0,0,0,0,10.535121951219512,1.434423697595511,75.40487804878049,18.23662554043281,1.1112195121951218,0.8766105649337919,NA,NA,NA,NA,NA,NA,NA,NA,NA,NA,NA,NA,NA,NA,NA,NA,NA,NA,NA,NA,NA,NA,NA,NA,NA,NA,NA,NA,NA,NA,NA,NA,NA,NA,NA,NA,NA,NA,Connor,Heyward,PIT,TE,26,-2
TE,13675,average,NA,NA,NA,NA,NA,NA,0,0,0,0,0,0,31.85,12.652272523147769,306.075,118.11248573167143,2.297679328538318,1.158289429159219,NA,NA,NA,NA,NA,NA,NA,NA,NA,NA,NA,NA,NA,NA,NA,NA,NA,NA,NA,NA,NA,NA,NA,NA,NA,NA,NA,NA,NA,NA,NA,NA,NA,NA,NA,NA,NA,NA,Tyler,Conklin,LAC,TE,30,2
TE,13675,robust,NA,NA,NA,NA,NA,NA,0,0,0,0,0,0,31.225,3.113460000000002,296.15,40.474980000000016,2.045358657076636,0.08789251003635813,NA,NA,NA,NA,NA,NA,NA,NA,NA,NA,NA,NA,NA,NA,NA,NA,NA,NA,NA,NA,NA,NA,NA,NA,NA,NA,NA,NA,NA,NA,NA,NA,NA,NA,NA,NA,NA,NA,Tyler,Conklin,LAC,TE,30,2
TE,13675,weighted,NA,NA,NA,NA,NA,NA,0,0,0,0,0,0,31.08157894736842,13.147971538170035,298.502024291498,121.84498859272286,2.238650305343979,1.1895696142006076,NA,NA,NA,NA,NA,NA,NA,NA,NA,NA,NA,NA,NA,NA,NA,NA,NA,NA,NA,NA,NA,NA,NA,NA,NA,NA,NA,NA,NA,NA,NA,NA,NA,NA,NA,NA,NA,NA,Tyler,Conklin,LAC,TE,30,2
TE,16333,average,NA,NA,NA,NA,NA,NA,0,0,0,0,0,0,16.05,3.871821276866999,161.56666666666666,43.063751191305506,1.1333333333333333,0.2804757862395017,NA,NA,NA,NA,NA,NA,NA,NA,NA,NA,NA,NA,NA,NA,NA,NA,NA,NA,NA,NA,NA,NA,NA,NA,NA,NA,NA,NA,NA,NA,NA,NA,NA,NA,NA,NA,NA,NA,Elijah,Higgins,ARI,TE,25,-3
TE,16333,robust,NA,NA,NA,NA,NA,NA,0,0,0,0,0,0,16,4.4478,155,35.28587999999999,1.05,0,NA,NA,NA,NA,NA,NA,NA,NA,NA,NA,NA,NA,NA,NA,NA,NA,NA,NA,NA,NA,NA,NA,NA,NA,NA,NA,NA,NA,NA,NA,NA,NA,NA,NA,NA,NA,NA,NA,Elijah,Higgins,ARI,TE,25,-3
TE,16333,weighted,NA,NA,NA,NA,NA,NA,0,0,0,0,0,0,16.893635077793494,3.5030768157696803,170.6661951909477,39.46478947044142,1.1405940594059407,0.31378094744095536,NA,NA,NA,NA,NA,NA,NA,NA,NA,NA,NA,NA,NA,NA,NA,NA,NA,NA,NA,NA,NA,NA,NA,NA,NA,NA,NA,NA,NA,NA,NA,NA,NA,NA,NA,NA,NA,NA,Elijah,Higgins,ARI,TE,25,-3
TE,14143,average,NA,NA,NA,NA,NA,NA,0,0,0,0,0,0,22.0875,5.593219747413572,244.975,61.28718696199301,1.7572859658582967,0.47264819074804526,NA,NA,NA,NA,NA,NA,NA,NA,NA,NA,NA,NA,NA,NA,NA,NA,NA,NA,NA,NA,NA,NA,NA,NA,NA,NA,NA,NA,NA,NA,NA,NA,NA,NA,NA,NA,NA,NA,Dawson,Knox,BUF,TE,29,1
TE,14143,robust,NA,NA,NA,NA,NA,NA,0,0,0,0,0,0,21.975,5.9304,251.75,45.36756000000003,1.95,0.07413000000000006,NA,NA,NA,NA,NA,NA,NA,NA,NA,NA,NA,NA,NA,NA,NA,NA,NA,NA,NA,NA,NA,NA,NA,NA,NA,NA,NA,NA,NA,NA,NA,NA,NA,NA,NA,NA,NA,NA,Dawson,Knox,BUF,TE,29,1
TE,14143,weighted,NA,NA,NA,NA,NA,NA,0,0,0,0,0,0,21.941902834008097,6.112836380242174,243.61234817813764,66.6922333671705,1.7303415025229032,0.5080983847178101,NA,NA,NA,NA,NA,NA,NA,NA,NA,NA,NA,NA,NA,NA,NA,NA,NA,NA,NA,NA,NA,NA,NA,NA,NA,NA,NA,NA,NA,NA,NA,NA,NA,NA,NA,NA,NA,NA,Dawson,Knox,BUF,TE,29,1
TE,13763,average,NA,NA,NA,NA,NA,NA,0.5,0.2672612419124244,0,0,0.26666666666666666,0.20236694629405502,36.8375,12.016885441506286,359.3625,117.22771414766098,2.1665623153076545,0.6234821283788757,NA,NA,NA,NA,NA,NA,NA,NA,NA,NA,NA,NA,NA,NA,NA,NA,NA,NA,NA,NA,NA,NA,NA,NA,NA,NA,NA,NA,NA,NA,NA,NA,NA,NA,NA,NA,NA,NA,Will,Dissly,LAC,TE,29,2
TE,13763,robust,NA,NA,NA,NA,NA,NA,0.5,0,0,0,0.26666666666666666,0,38.2,11.786669999999994,372.7,111.26913,2.125,0.37065,NA,NA,NA,NA,NA,NA,NA,NA,NA,NA,NA,NA,NA,NA,NA,NA,NA,NA,NA,NA,NA,NA,NA,NA,NA,NA,NA,NA,NA,NA,NA,NA,NA,NA,NA,NA,NA,NA,Will,Dissly,LAC,TE,29,2
TE,13763,weighted,NA,NA,NA,NA,NA,NA,0.5096153846153846,0.27964101793086005,0,0,0.2898110661268556,0.20755556781564893,36.54008097165992,13.042029363038166,355.5576923076923,127.4056443600792,2.1156121537651424,0.6638938128920799,NA,NA,NA,NA,NA,NA,NA,NA,NA,NA,NA,NA,NA,NA,NA,NA,NA,NA,NA,NA,NA,NA,NA,NA,NA,NA,NA,NA,NA,NA,NA,NA,NA,NA,NA,NA,NA,NA,Will,Dissly,LAC,TE,29,2
TE,15796,average,NA,NA,NA,NA,NA,NA,0,0,0,0,0,0,15.08,4.69169478973217,119.26,28.181341344939565,0.38,0.521536192416212,NA,NA,NA,NA,NA,NA,NA,NA,NA,NA,NA,NA,NA,NA,NA,NA,NA,NA,NA,NA,NA,NA,NA,NA,NA,NA,NA,NA,NA,NA,NA,NA,NA,NA,NA,NA,NA,NA,Jeremy,Ruckert,NYJ,TE,25,-2
TE,15796,robust,NA,NA,NA,NA,NA,NA,0,0,0,0,0,0,16,4.4478,125.15,20.7564,0.45,0,NA,NA,NA,NA,NA,NA,NA,NA,NA,NA,NA,NA,NA,NA,NA,NA,NA,NA,NA,NA,NA,NA,NA,NA,NA,NA,NA,NA,NA,NA,NA,NA,NA,NA,NA,NA,NA,NA,Jeremy,Ruckert,NYJ,TE,25,-2
TE,15796,weighted,NA,NA,NA,NA,NA,NA,0,0,0,0,0,0,14.46984126984127,5.44711899501679,112.20458553791887,30.168054557536486,0.25573192239858905,0.504385767496465,NA,NA,NA,NA,NA,NA,NA,NA,NA,NA,NA,NA,NA,NA,NA,NA,NA,NA,NA,NA,NA,NA,NA,NA,NA,NA,NA,NA,NA,NA,NA,NA,NA,NA,NA,NA,NA,NA,Jeremy,Ruckert,NYJ,TE,25,-2
TE,15804,average,NA,NA,NA,NA,NA,NA,0,0,0,0,0,0,15.766666666666667,8.100041152158838,185.96666666666667,95.94793727155715,1.0110405252442833,0.6883882231930802,NA,NA,NA,NA,NA,NA,NA,NA,NA,NA,NA,NA,NA,NA,NA,NA,NA,NA,NA,NA,NA,NA,NA,NA,NA,NA,NA,NA,NA,NA,NA,NA,NA,NA,NA,NA,NA,NA,Grant,Calcaterra,PHI,TE,27,-2
TE,15804,robust,NA,NA,NA,NA,NA,NA,0,0,0,0,0,0,14.8,8.8956,179.4,106.0059,1,0.07412999999999997,NA,NA,NA,NA,NA,NA,NA,NA,NA,NA,NA,NA,NA,NA,NA,NA,NA,NA,NA,NA,NA,NA,NA,NA,NA,NA,NA,NA,NA,NA,NA,NA,NA,NA,NA,NA,NA,NA,Grant,Calcaterra,PHI,TE,27,-2
TE,15804,weighted,NA,NA,NA,NA,NA,NA,0,0,0,0,0,0,15.92912482065997,8.840767933871929,189.52223816355814,104.18021432437841,1.0137899708616085,0.7566808605924693,NA,NA,NA,NA,NA,NA,NA,NA,NA,NA,NA,NA,NA,NA,NA,NA,NA,NA,NA,NA,NA,NA,NA,NA,NA,NA,NA,NA,NA,NA,NA,NA,NA,NA,NA,NA,NA,NA,Grant,Calcaterra,PHI,TE,27,-2
TE,15419,average,NA,NA,NA,NA,NA,NA,0,0,0,0,0,0,10.35,5.399691349203829,117.025,59.311627584029985,0.525,0.55,NA,NA,NA,NA,NA,NA,NA,NA,NA,NA,NA,NA,NA,NA,NA,NA,NA,NA,NA,NA,NA,NA,NA,NA,NA,NA,NA,NA,NA,NA,NA,NA,NA,NA,NA,NA,NA,NA,Kylen,Granson,PHI,TE,27,-1
TE,15419,robust,NA,NA,NA,NA,NA,NA,0,0,0,0,0,0,10.35,5.48562,117.025,60.71247,0.525,0.6671699999999999,NA,NA,NA,NA,NA,NA,NA,NA,NA,NA,NA,NA,NA,NA,NA,NA,NA,NA,NA,NA,NA,NA,NA,NA,NA,NA,NA,NA,NA,NA,NA,NA,NA,NA,NA,NA,NA,NA,Kylen,Granson,PHI,TE,27,-1
TE,15419,weighted,NA,NA,NA,NA,NA,NA,0,0,0,0,0,0,12.231219512195123,4.021479962158518,138.5268292682927,41.798701134211456,0.6536585365853659,0.583479539251792,NA,NA,NA,NA,NA,NA,NA,NA,NA,NA,NA,NA,NA,NA,NA,NA,NA,NA,NA,NA,NA,NA,NA,NA,NA,NA,NA,NA,NA,NA,NA,NA,NA,NA,NA,NA,NA,NA,Kylen,Granson,PHI,TE,27,-1
TE,13940,average,NA,NA,NA,NA,NA,NA,0,0,0,0,0,0,12.783333333333333,3.746153582898953,107.53333333333333,33.75361709012334,1.0333333333333332,0.19663841605003496,NA,NA,NA,NA,NA,NA,NA,NA,NA,NA,NA,NA,NA,NA,NA,NA,NA,NA,NA,NA,NA,NA,NA,NA,NA,NA,NA,NA,NA,NA,NA,NA,NA,NA,NA,NA,NA,NA,Johnny,Mundt,JAC,TE,31,3
TE,13940,robust,NA,NA,NA,NA,NA,NA,0,0,0,0,0,0,11.850000000000001,2.0015099999999992,102.5,19.422060000000002,1,0,NA,NA,NA,NA,NA,NA,NA,NA,NA,NA,NA,NA,NA,NA,NA,NA,NA,NA,NA,NA,NA,NA,NA,NA,NA,NA,NA,NA,NA,NA,NA,NA,NA,NA,NA,NA,NA,NA,Johnny,Mundt,JAC,TE,31,3
TE,13940,weighted,NA,NA,NA,NA,NA,NA,0,0,0,0,0,0,12.4011315417256,3.9790365043623277,103.94342291371994,35.887308390736685,1.0803394625176805,0.17930339853768876,NA,NA,NA,NA,NA,NA,NA,NA,NA,NA,NA,NA,NA,NA,NA,NA,NA,NA,NA,NA,NA,NA,NA,NA,NA,NA,NA,NA,NA,NA,NA,NA,NA,NA,NA,NA,NA,NA,Johnny,Mundt,JAC,TE,31,3
TE,16425,average,NA,NA,NA,NA,NA,NA,0,0,0,0,0.16666666666666669,0.14719601443879746,15.76,4.464078852350169,141.38,33.32674601577538,0.9,0.282842712474619,NA,NA,NA,NA,NA,NA,NA,NA,NA,NA,NA,NA,NA,NA,NA,NA,NA,NA,NA,NA,NA,NA,NA,NA,NA,NA,NA,NA,NA,NA,NA,NA,NA,NA,NA,NA,NA,NA,Julian,Hill,MIA,TE,25,-3
TE,16425,robust,NA,NA,NA,NA,NA,NA,0,0,0,0,0.16666666666666669,0.09884000000000001,15.1,3.2617199999999986,142,34.24805999999999,1,0,NA,NA,NA,NA,NA,NA,NA,NA,NA,NA,NA,NA,NA,NA,NA,NA,NA,NA,NA,NA,NA,NA,NA,NA,NA,NA,NA,NA,NA,NA,NA,NA,NA,NA,NA,NA,NA,NA,Julian,Hill,MIA,TE,25,-3
TE,16425,weighted,NA,NA,NA,NA,NA,NA,0,0,0,0,0.10907534246575344,0.07885819727513668,15.375342465753427,5.013026962568016,138.59075342465755,37.49928947992469,0.854109589041096,0.297310906436783,NA,NA,NA,NA,NA,NA,NA,NA,NA,NA,NA,NA,NA,NA,NA,NA,NA,NA,NA,NA,NA,NA,NA,NA,NA,NA,NA,NA,NA,NA,NA,NA,NA,NA,NA,NA,NA,NA,Julian,Hill,MIA,TE,25,-3
TE,16642,average,NA,NA,NA,NA,NA,NA,0,0,0,0,0,0,17.55,4.3209952557252365,161,47.43416490252569,1.1166666666666667,0.4915960401250875,NA,NA,NA,NA,NA,NA,NA,NA,NA,NA,NA,NA,NA,NA,NA,NA,NA,NA,NA,NA,NA,NA,NA,NA,NA,NA,NA,NA,NA,NA,NA,NA,NA,NA,NA,NA,NA,NA,Cade,Stover,HOU,TE,25,-4
TE,16642,robust,NA,NA,NA,NA,NA,NA,0,0,0,0,0,0,17.4,2.9652,161.5,32.6172,1,0.14825999999999995,NA,NA,NA,NA,NA,NA,NA,NA,NA,NA,NA,NA,NA,NA,NA,NA,NA,NA,NA,NA,NA,NA,NA,NA,NA,NA,NA,NA,NA,NA,NA,NA,NA,NA,NA,NA,NA,NA,Cade,Stover,HOU,TE,25,-4
TE,16642,weighted,NA,NA,NA,NA,NA,NA,0,0,0,0,0,0,17.535785007072135,4.827918110733102,160.03677510608205,53.11559269938644,1.0975954738330977,0.5466535924325975,NA,NA,NA,NA,NA,NA,NA,NA,NA,NA,NA,NA,NA,NA,NA,NA,NA,NA,NA,NA,NA,NA,NA,NA,NA,NA,NA,NA,NA,NA,NA,NA,NA,NA,NA,NA,NA,NA,Cade,Stover,HOU,TE,25,-4
TE,15541,average,NA,NA,NA,NA,NA,NA,NA,NA,NA,NA,0,0,4.75,4.596194077712559,44,41.012193308819754,0.5,0.7071067811865476,NA,NA,NA,NA,NA,NA,NA,NA,NA,NA,NA,NA,NA,NA,NA,NA,NA,NA,NA,NA,NA,NA,NA,NA,NA,NA,NA,NA,NA,NA,NA,NA,NA,NA,NA,NA,NA,NA,Jack,Stoll,NOS,TE,27,-1
TE,15541,robust,NA,NA,NA,NA,NA,NA,NA,NA,NA,NA,0,0,4.75,4.8184499999999995,44,42.9954,0.5,0.7413,NA,NA,NA,NA,NA,NA,NA,NA,NA,NA,NA,NA,NA,NA,NA,NA,NA,NA,NA,NA,NA,NA,NA,NA,NA,NA,NA,NA,NA,NA,NA,NA,NA,NA,NA,NA,NA,NA,Jack,Stoll,NOS,TE,27,-1
TE,15541,weighted,NA,NA,NA,NA,NA,NA,NA,NA,NA,NA,0,NA,8,NA,73,NA,1,NA,NA,NA,NA,NA,NA,NA,NA,NA,NA,NA,NA,NA,NA,NA,NA,NA,NA,NA,NA,NA,NA,NA,NA,NA,NA,NA,NA,NA,NA,NA,NA,NA,NA,NA,NA,NA,NA,NA,Jack,Stoll,NOS,TE,27,-1
TE,16644,average,NA,NA,NA,NA,NA,NA,0,0,0,0,0,0,15.15,7.552416831716851,153.7,69.35055875766251,1.25,0.758287544405155,NA,NA,NA,NA,NA,NA,NA,NA,NA,NA,NA,NA,NA,NA,NA,NA,NA,NA,NA,NA,NA,NA,NA,NA,NA,NA,NA,NA,NA,NA,NA,NA,NA,NA,NA,NA,NA,NA,Ben,Sinnott,WAS,TE,23,-4
TE,16644,robust,NA,NA,NA,NA,NA,NA,0,0,0,0,0,0,14,4.670189999999998,147,53.22534,1.25,0.7413,NA,NA,NA,NA,NA,NA,NA,NA,NA,NA,NA,NA,NA,NA,NA,NA,NA,NA,NA,NA,NA,NA,NA,NA,NA,NA,NA,NA,NA,NA,NA,NA,NA,NA,NA,NA,NA,NA,Ben,Sinnott,WAS,TE,23,-4
TE,16644,weighted,NA,NA,NA,NA,NA,NA,0,0,0,0,0,0,14.480056577086282,8.285539937677305,148.0990099009901,76.4718241386809,1.1711456859971714,0.8248978235348875,NA,NA,NA,NA,NA,NA,NA,NA,NA,NA,NA,NA,NA,NA,NA,NA,NA,NA,NA,NA,NA,NA,NA,NA,NA,NA,NA,NA,NA,NA,NA,NA,NA,NA,NA,NA,NA,NA,Ben,Sinnott,WAS,TE,23,-4
TE,17109,average,NA,NA,NA,NA,NA,NA,0,0,0,0,0,0,7.9,6.3335087694999945,85.925,85.1501957327952,0.6,0.4898979485566356,NA,NA,NA,NA,NA,NA,NA,NA,NA,NA,NA,NA,NA,NA,NA,NA,NA,NA,NA,NA,NA,NA,NA,NA,NA,NA,NA,NA,NA,NA,NA,NA,NA,NA,NA,NA,NA,NA,Mitchell,Evans,CAR,TE,22,-5
TE,17109,robust,NA,NA,NA,NA,NA,NA,0,0,0,0,0,0,6.225,2.9652000000000003,59.275000000000006,32.39481,0.6,0.44478000000000006,NA,NA,NA,NA,NA,NA,NA,NA,NA,NA,NA,NA,NA,NA,NA,NA,NA,NA,NA,NA,NA,NA,NA,NA,NA,NA,NA,NA,NA,NA,NA,NA,NA,NA,NA,NA,NA,NA,Mitchell,Evans,CAR,TE,22,-5
TE,17109,weighted,NA,NA,NA,NA,NA,NA,0,0,0,0,0,0,8.018536585365855,7.455977353072354,89.05365853658537,99.45778895056254,0.6536585365853659,0.583479539251792,NA,NA,NA,NA,NA,NA,NA,NA,NA,NA,NA,NA,NA,NA,NA,NA,NA,NA,NA,NA,NA,NA,NA,NA,NA,NA,NA,NA,NA,NA,NA,NA,NA,NA,NA,NA,NA,NA,Mitchell,Evans,CAR,TE,22,-5
TE,16221,average,NA,NA,NA,NA,NA,NA,0,0,0,0,0,0,16.357142857142858,6.699218149121867,144.74285714285713,64.77187808359575,1.2428571428571429,0.38234863173611094,NA,NA,NA,NA,NA,NA,NA,NA,NA,NA,NA,NA,NA,NA,NA,NA,NA,NA,NA,NA,NA,NA,NA,NA,NA,NA,NA,NA,NA,NA,NA,NA,NA,NA,NA,NA,NA,NA,Luke,Schoonmaker,DAL,TE,27,-3
TE,16221,robust,NA,NA,NA,NA,NA,NA,0,0,0,0,0,0,14.925,2.8169400000000002,134.14999999999998,29.94851999999998,1.15,0,NA,NA,NA,NA,NA,NA,NA,NA,NA,NA,NA,NA,NA,NA,NA,NA,NA,NA,NA,NA,NA,NA,NA,NA,NA,NA,NA,NA,NA,NA,NA,NA,NA,NA,NA,NA,NA,NA,Luke,Schoonmaker,DAL,TE,27,-3
TE,16221,weighted,NA,NA,NA,NA,NA,NA,0,0,0,0,0,0,16.4011655011655,7.304865367385417,145.03613053613054,70.7733364402314,1.2587412587412588,0.4250896902845247,NA,NA,NA,NA,NA,NA,NA,NA,NA,NA,NA,NA,NA,NA,NA,NA,NA,NA,NA,NA,NA,NA,NA,NA,NA,NA,NA,NA,NA,NA,NA,NA,NA,NA,NA,NA,NA,NA,Luke,Schoonmaker,DAL,TE,27,-3
TE,17213,average,NA,NA,NA,NA,NA,NA,NA,NA,NA,NA,0,0,6.15,1.2020815280171309,68.1,15.414927829866734,0.7,0.4242640687119285,NA,NA,NA,NA,NA,NA,NA,NA,NA,NA,NA,NA,NA,NA,NA,NA,NA,NA,NA,NA,NA,NA,NA,NA,NA,NA,NA,NA,NA,NA,NA,NA,NA,NA,NA,NA,NA,NA,Jackson,Hawes,BUF,TE,25,-5
TE,17213,robust,NA,NA,NA,NA,NA,NA,NA,NA,NA,NA,0,0,6.15,1.26021,68.1,16.160339999999998,0.7,0.44477999999999995,NA,NA,NA,NA,NA,NA,NA,NA,NA,NA,NA,NA,NA,NA,NA,NA,NA,NA,NA,NA,NA,NA,NA,NA,NA,NA,NA,NA,NA,NA,NA,NA,NA,NA,NA,NA,NA,NA,Jackson,Hawes,BUF,TE,25,-5
TE,17213,weighted,NA,NA,NA,NA,NA,NA,NA,NA,NA,NA,0,NA,7,NA,79,NA,1,NA,NA,NA,NA,NA,NA,NA,NA,NA,NA,NA,NA,NA,NA,NA,NA,NA,NA,NA,NA,NA,NA,NA,NA,NA,NA,NA,NA,NA,NA,NA,NA,NA,NA,NA,NA,NA,NA,NA,Jackson,Hawes,BUF,TE,25,-5
TE,16940,average,NA,NA,NA,NA,NA,NA,1,0,0,0,0,0,8,3.315116890850155,84.1,32.15011664053491,0.5666666666666667,0.5131601439446883,NA,NA,NA,NA,NA,NA,NA,NA,NA,NA,NA,NA,NA,NA,NA,NA,NA,NA,NA,NA,NA,NA,NA,NA,NA,NA,NA,NA,NA,NA,NA,NA,NA,NA,NA,NA,NA,NA,Blake,Whiteheart,CLE,TE,25,-3
TE,16940,robust,NA,NA,NA,NA,NA,NA,1,0,0,0,0,0,7.75,2.52042,84.075,47.4432,0.6,0.44478000000000006,NA,NA,NA,NA,NA,NA,NA,NA,NA,NA,NA,NA,NA,NA,NA,NA,NA,NA,NA,NA,NA,NA,NA,NA,NA,NA,NA,NA,NA,NA,NA,NA,NA,NA,NA,NA,NA,NA,Blake,Whiteheart,CLE,TE,25,-3
TE,16940,weighted,NA,NA,NA,NA,NA,NA,1,0,0,0,0,0,6.1588850174216025,1.202081528017131,67.83275261324042,22.627416997969522,0.5052264808362369,0.7071067811865476,NA,NA,NA,NA,NA,NA,NA,NA,NA,NA,NA,NA,NA,NA,NA,NA,NA,NA,NA,NA,NA,NA,NA,NA,NA,NA,NA,NA,NA,NA,NA,NA,NA,NA,NA,NA,NA,NA,Blake,Whiteheart,CLE,TE,25,-3
TE,12955,average,NA,NA,NA,NA,NA,NA,0,0,0,0,0,0,3.966666666666667,1.7039170558842744,39.43333333333333,11.77978494427353,0.5666666666666667,0.37859388972001823,NA,NA,NA,NA,NA,NA,NA,NA,NA,NA,NA,NA,NA,NA,NA,NA,NA,NA,NA,NA,NA,NA,NA,NA,NA,NA,NA,NA,NA,NA,NA,NA,NA,NA,NA,NA,NA,NA,Chris,Manhertz,NYG,TE,33,4
TE,12955,robust,NA,NA,NA,NA,NA,NA,0,0,0,0,0,0,4.2,0.14825999999999948,40.65,5.4856200000000035,0.525,0.14826000000000003,NA,NA,NA,NA,NA,NA,NA,NA,NA,NA,NA,NA,NA,NA,NA,NA,NA,NA,NA,NA,NA,NA,NA,NA,NA,NA,NA,NA,NA,NA,NA,NA,NA,NA,NA,NA,NA,NA,Chris,Manhertz,NYG,TE,33,4
TE,12955,weighted,NA,NA,NA,NA,NA,NA,0,0,0,0,0,0,3.5156794425087106,2.121320343559643,37.11498257839721,15.556349186104047,0.6536585365853659,0.4949747468305833,NA,NA,NA,NA,NA,NA,NA,NA,NA,NA,NA,NA,NA,NA,NA,NA,NA,NA,NA,NA,NA,NA,NA,NA,NA,NA,NA,NA,NA,NA,NA,NA,NA,NA,NA,NA,NA,NA,Chris,Manhertz,NYG,TE,33,4
TE,16483,average,NA,NA,NA,NA,NA,NA,0,0,0,0,0,0,4.833333333333333,1.2583057392117916,44.666666666666664,19.295940851208403,0.8666666666666667,0.3214550253664319,NA,NA,NA,NA,NA,NA,NA,NA,NA,NA,NA,NA,NA,NA,NA,NA,NA,NA,NA,NA,NA,NA,NA,NA,NA,NA,NA,NA,NA,NA,NA,NA,NA,NA,NA,NA,NA,NA,Ben,Sims,GBP,TE,25,-3
TE,16483,robust,NA,NA,NA,NA,NA,NA,0,0,0,0,0,0,4.875,1.4826,46.25,13.343399999999999,0.9,0.14826000000000011,NA,NA,NA,NA,NA,NA,NA,NA,NA,NA,NA,NA,NA,NA,NA,NA,NA,NA,NA,NA,NA,NA,NA,NA,NA,NA,NA,NA,NA,NA,NA,NA,NA,NA,NA,NA,NA,NA,Ben,Sims,GBP,TE,25,-3
TE,16483,weighted,NA,NA,NA,NA,NA,NA,0,0,0,0,0,0,4.763066202090592,1.7677669529663689,41.69337979094077,26.16295090390226,1.0494773519163765,0.07071067811865482,NA,NA,NA,NA,NA,NA,NA,NA,NA,NA,NA,NA,NA,NA,NA,NA,NA,NA,NA,NA,NA,NA,NA,NA,NA,NA,NA,NA,NA,NA,NA,NA,NA,NA,NA,NA,NA,NA,Ben,Sims,GBP,TE,25,-3
TE,14370,average,NA,NA,NA,NA,NA,NA,0,0,0,0,0.3,0.3674234614174767,15.98,9.831174904354006,138.5,85.16307885463043,0.8044486011711125,0.5503489822933673,NA,NA,NA,NA,NA,NA,NA,NA,NA,NA,NA,NA,NA,NA,NA,NA,NA,NA,NA,NA,NA,NA,NA,NA,NA,NA,NA,NA,NA,NA,NA,NA,NA,NA,NA,NA,NA,NA,Tanner,Hudson,CIN,TE,31,2
TE,14370,robust,NA,NA,NA,NA,NA,NA,0,0,0,0,0.3,0.44477999999999995,17,10.3782,140,56.3388,0.8611215029277813,0.7742774804814573,NA,NA,NA,NA,NA,NA,NA,NA,NA,NA,NA,NA,NA,NA,NA,NA,NA,NA,NA,NA,NA,NA,NA,NA,NA,NA,NA,NA,NA,NA,NA,NA,NA,NA,NA,NA,NA,NA,Tanner,Hudson,CIN,TE,31,2
TE,14370,weighted,NA,NA,NA,NA,NA,NA,0,0,0,0,0.3772222222222222,0.38821715408694607,19.109259259259257,7.768899148250926,164.7333333333333,68.46171726829535,0.9416510940022649,0.5051529522630197,NA,NA,NA,NA,NA,NA,NA,NA,NA,NA,NA,NA,NA,NA,NA,NA,NA,NA,NA,NA,NA,NA,NA,NA,NA,NA,NA,NA,NA,NA,NA,NA,NA,NA,NA,NA,NA,NA,Tanner,Hudson,CIN,TE,31,2
TE,14870,average,NA,NA,NA,NA,NA,NA,0,0,0,0,0,0,12.316666666666666,3.256020065458238,128.3,38.02078378992206,1.2833333333333332,0.40207793606049397,NA,NA,NA,NA,NA,NA,NA,NA,NA,NA,NA,NA,NA,NA,NA,NA,NA,NA,NA,NA,NA,NA,NA,NA,NA,NA,NA,NA,NA,NA,NA,NA,NA,NA,NA,NA,NA,NA,Adam,Trautman,DEN,TE,28,0
TE,14870,robust,NA,NA,NA,NA,NA,NA,0,0,0,0,0,0,12.45,1.5567299999999997,130.5,23.57334000000001,1.25,0.14826000000000011,NA,NA,NA,NA,NA,NA,NA,NA,NA,NA,NA,NA,NA,NA,NA,NA,NA,NA,NA,NA,NA,NA,NA,NA,NA,NA,NA,NA,NA,NA,NA,NA,NA,NA,NA,NA,NA,NA,Adam,Trautman,DEN,TE,28,0
TE,14870,weighted,NA,NA,NA,NA,NA,NA,0,0,0,0,0,0,11.945968882602546,3.4969134940906605,123.08345120226308,40.31108464757688,1.2141442715700141,0.41284736293990076,NA,NA,NA,NA,NA,NA,NA,NA,NA,NA,NA,NA,NA,NA,NA,NA,NA,NA,NA,NA,NA,NA,NA,NA,NA,NA,NA,NA,NA,NA,NA,NA,NA,NA,NA,NA,NA,NA,Adam,Trautman,DEN,TE,28,0
TE,16218,average,NA,NA,NA,NA,NA,NA,0,0,0,0,0,0,11.9,4.887398762804879,140.9,66.74658543076691,1.775,1.3573871960498227,NA,NA,NA,NA,NA,NA,NA,NA,NA,NA,NA,NA,NA,NA,NA,NA,NA,NA,NA,NA,NA,NA,NA,NA,NA,NA,NA,NA,NA,NA,NA,NA,NA,NA,NA,NA,NA,NA,Payne,Durham,TBB,TE,25,-3
TE,16218,robust,NA,NA,NA,NA,NA,NA,0,0,0,0,0,0,12.675,2.8169400000000002,140.9,72.64740000000002,1.225,0.22239000000000003,NA,NA,NA,NA,NA,NA,NA,NA,NA,NA,NA,NA,NA,NA,NA,NA,NA,NA,NA,NA,NA,NA,NA,NA,NA,NA,NA,NA,NA,NA,NA,NA,NA,NA,NA,NA,NA,NA,Payne,Durham,TBB,TE,25,-3
TE,16218,weighted,NA,NA,NA,NA,NA,NA,0,0,0,0,0,0,11.705853658536585,6.092662240815193,147.77560975609757,81.34207971350298,1.9697560975609756,1.6337427099050175,NA,NA,NA,NA,NA,NA,NA,NA,NA,NA,NA,NA,NA,NA,NA,NA,NA,NA,NA,NA,NA,NA,NA,NA,NA,NA,NA,NA,NA,NA,NA,NA,NA,NA,NA,NA,NA,NA,Payne,Durham,TBB,TE,25,-3
TE,15337,average,NA,NA,NA,NA,NA,NA,-0.13333333333333344,2.046134567096374,0,0,0.03333333333333333,0.030860669992418384,33.0125,11.041536836613176,332.1125,117.38928446473663,3.1503343078142794,1.1848262328858674,NA,NA,NA,NA,NA,NA,NA,NA,NA,NA,NA,NA,NA,NA,NA,NA,NA,NA,NA,NA,NA,NA,NA,NA,NA,NA,NA,NA,NA,NA,NA,NA,NA,NA,NA,NA,NA,NA,Noah,Gray,KCC,TE,26,-1
TE,15337,robust,NA,NA,NA,NA,NA,NA,-0.13333333333333344,0,0,0,0.03333333333333333,0,34.775,6.597569999999998,355.2,75.68673000000001,3.3006686156285587,0.8895600000000001,NA,NA,NA,NA,NA,NA,NA,NA,NA,NA,NA,NA,NA,NA,NA,NA,NA,NA,NA,NA,NA,NA,NA,NA,NA,NA,NA,NA,NA,NA,NA,NA,NA,NA,NA,NA,NA,NA,Noah,Gray,KCC,TE,26,-1
TE,15337,weighted,NA,NA,NA,NA,NA,NA,-0.19588394062078282,2.165832199916366,0,0,0.023650472334682864,0.01635338927330099,33.14068825910931,11.914164124165836,331.5880566801619,126.70677020170496,3.1531859110595652,1.2797493880222592,NA,NA,NA,NA,NA,NA,NA,NA,NA,NA,NA,NA,NA,NA,NA,NA,NA,NA,NA,NA,NA,NA,NA,NA,NA,NA,NA,NA,NA,NA,NA,NA,NA,NA,NA,NA,NA,NA,Noah,Gray,KCC,TE,26,-1
TE,15795,average,NA,NA,NA,NA,NA,NA,1.5,1.224744871391589,0,0,0.03333333333333333,0.047140452079103175,9.35,5.246268515176604,130.25,86.85380436879741,1.125,0.7088723439378913,NA,NA,NA,NA,NA,NA,NA,NA,NA,NA,NA,NA,NA,NA,NA,NA,NA,NA,NA,NA,NA,NA,NA,NA,NA,NA,NA,NA,NA,NA,NA,NA,NA,NA,NA,NA,NA,NA,Charlie,Kolar,BAL,TE,26,-2
TE,15795,robust,NA,NA,NA,NA,NA,NA,1.5,1.11195,0,0,0.025,0.02471,9,3.7806299999999995,116.5,51.149699999999996,1,0.44477999999999995,NA,NA,NA,NA,NA,NA,NA,NA,NA,NA,NA,NA,NA,NA,NA,NA,NA,NA,NA,NA,NA,NA,NA,NA,NA,NA,NA,NA,NA,NA,NA,NA,NA,NA,NA,NA,NA,NA,Charlie,Kolar,BAL,TE,26,-2
TE,15795,weighted,NA,NA,NA,NA,NA,NA,1.5695121951219513,1.4763777545354246,0,0,0.04463414634146341,0.05209323037895959,10.836585365853658,5.427911302604731,154.26341463414633,91.53229304390496,1.3809756097560975,0.6418274931769713,NA,NA,NA,NA,NA,NA,NA,NA,NA,NA,NA,NA,NA,NA,NA,NA,NA,NA,NA,NA,NA,NA,NA,NA,NA,NA,NA,NA,NA,NA,NA,NA,NA,NA,NA,NA,NA,NA,Charlie,Kolar,BAL,TE,26,-2
TE,14146,average,NA,NA,NA,NA,NA,NA,-1.3,1.0614455552060438,0,0,0,0,15.2,8.003749121505496,106.4,46.43963824148504,0.9,0.11547005383792512,NA,NA,NA,NA,NA,NA,NA,NA,NA,NA,NA,NA,NA,NA,NA,NA,NA,NA,NA,NA,NA,NA,NA,NA,NA,NA,NA,NA,NA,NA,NA,NA,NA,NA,NA,NA,NA,NA,Drew,Sample,CIN,TE,29,1
TE,14146,robust,NA,NA,NA,NA,NA,NA,-1.3,0.9636899999999999,0,0,0,0,15.2,8.8956,106.4,50.70492,0.9,0.14825999999999995,NA,NA,NA,NA,NA,NA,NA,NA,NA,NA,NA,NA,NA,NA,NA,NA,NA,NA,NA,NA,NA,NA,NA,NA,NA,NA,NA,NA,NA,NA,NA,NA,NA,NA,NA,NA,NA,NA,Drew,Sample,CIN,TE,29,1
TE,14146,weighted,NA,NA,NA,NA,NA,NA,-1.3602439024390245,1.2795273872640347,0,0,0,0,16.660975609756097,9.171291847743325,112.74146341463414,54.51219787960068,0.9307317073170732,0.1166959078503584,NA,NA,NA,NA,NA,NA,NA,NA,NA,NA,NA,NA,NA,NA,NA,NA,NA,NA,NA,NA,NA,NA,NA,NA,NA,NA,NA,NA,NA,NA,NA,NA,NA,NA,NA,NA,NA,NA,Drew,Sample,CIN,TE,29,1
TE,17107,average,NA,NA,NA,NA,NA,NA,0,0,0,0,0.13333333333333333,0.13333333333333336,19.857142857142858,8.877472827867388,215.34285714285716,116.60284240593305,1.8571428571428572,0.667974906856894,NA,NA,NA,NA,NA,NA,NA,NA,NA,NA,NA,NA,NA,NA,NA,NA,NA,NA,NA,NA,NA,NA,NA,NA,NA,NA,NA,NA,NA,NA,NA,NA,NA,NA,NA,NA,NA,NA,Terrance,Ferguson,LAR,TE,22,-5
TE,17107,robust,NA,NA,NA,NA,NA,NA,0,0,0,0,0.13333333333333333,0,20.5,7.412999999999999,222.6,57.8214,1.95,0.14826000000000011,NA,NA,NA,NA,NA,NA,NA,NA,NA,NA,NA,NA,NA,NA,NA,NA,NA,NA,NA,NA,NA,NA,NA,NA,NA,NA,NA,NA,NA,NA,NA,NA,NA,NA,NA,NA,NA,NA,Terrance,Ferguson,LAR,TE,22,-5
TE,17107,weighted,NA,NA,NA,NA,NA,NA,0,0,0,0,0.08873348873348873,0.06895087442409012,19.117715617715618,9.45592277975458,207.33799533799535,122.73618080842814,1.8254079254079254,0.7068680215465379,NA,NA,NA,NA,NA,NA,NA,NA,NA,NA,NA,NA,NA,NA,NA,NA,NA,NA,NA,NA,NA,NA,NA,NA,NA,NA,NA,NA,NA,NA,NA,NA,NA,NA,NA,NA,NA,NA,Terrance,Ferguson,LAR,TE,22,-5
TE,14871,average,NA,NA,NA,NA,NA,NA,0,0,0,0,0,0,16.275,8.2483836800511,157.225,80.79357957164666,1.15,0.3696845502136472,NA,NA,NA,NA,NA,NA,NA,NA,NA,NA,NA,NA,NA,NA,NA,NA,NA,NA,NA,NA,NA,NA,NA,NA,NA,NA,NA,NA,NA,NA,NA,NA,NA,NA,NA,NA,NA,NA,Colby,Parkinson,LAR,TE,26,0
TE,14871,robust,NA,NA,NA,NA,NA,NA,0,0,0,0,0,0,16.275,10.00755,157.225,86.73209999999999,1,0.07412999999999997,NA,NA,NA,NA,NA,NA,NA,NA,NA,NA,NA,NA,NA,NA,NA,NA,NA,NA,NA,NA,NA,NA,NA,NA,NA,NA,NA,NA,NA,NA,NA,NA,NA,NA,NA,NA,NA,NA,Colby,Parkinson,LAR,TE,26,0
TE,14871,weighted,NA,NA,NA,NA,NA,NA,0,0,0,0,0,0,17.775609756097563,9.032969675609072,169.6219512195122,89.9031635378886,1.242439024390244,0.40843567747625437,NA,NA,NA,NA,NA,NA,NA,NA,NA,NA,NA,NA,NA,NA,NA,NA,NA,NA,NA,NA,NA,NA,NA,NA,NA,NA,NA,NA,NA,NA,NA,NA,NA,NA,NA,NA,NA,NA,Colby,Parkinson,LAR,TE,26,0
TE,17268,average,NA,NA,NA,NA,NA,NA,NA,NA,NA,NA,0,0,8.5,2.1213203435596424,83,15.556349186104045,1,0,NA,NA,NA,NA,NA,NA,NA,NA,NA,NA,NA,NA,NA,NA,NA,NA,NA,NA,NA,NA,NA,NA,NA,NA,NA,NA,NA,NA,NA,NA,NA,NA,NA,NA,NA,NA,NA,NA,Jake,Briningstool,KCC,TE,23,-5
TE,17268,robust,NA,NA,NA,NA,NA,NA,NA,NA,NA,NA,0,0,8.5,2.2239,83,16.3086,1,0,NA,NA,NA,NA,NA,NA,NA,NA,NA,NA,NA,NA,NA,NA,NA,NA,NA,NA,NA,NA,NA,NA,NA,NA,NA,NA,NA,NA,NA,NA,NA,NA,NA,NA,NA,NA,NA,NA,Jake,Briningstool,KCC,TE,23,-5
TE,17268,weighted,NA,NA,NA,NA,NA,NA,NA,NA,NA,NA,0,NA,7,NA,72,NA,1,NA,NA,NA,NA,NA,NA,NA,NA,NA,NA,NA,NA,NA,NA,NA,NA,NA,NA,NA,NA,NA,NA,NA,NA,NA,NA,NA,NA,NA,NA,NA,NA,NA,NA,NA,NA,NA,NA,NA,Jake,Briningstool,KCC,TE,23,-5
TE,15335,average,NA,NA,NA,NA,NA,NA,0,0,0,0,0.3333333333333333,0.4714045207910317,11,4.920027100196367,97.375,40.741819219732115,0.375,0.45,NA,NA,NA,NA,NA,NA,NA,NA,NA,NA,NA,NA,NA,NA,NA,NA,NA,NA,NA,NA,NA,NA,NA,NA,NA,NA,NA,NA,NA,NA,NA,NA,NA,NA,NA,NA,NA,NA,Luke,Farrell,SFO,TE,28,-1
TE,15335,robust,NA,NA,NA,NA,NA,NA,0,0,0,0,0.25,0.2471,11,5.04084,97.375,38.17695,0.325,0.29652,NA,NA,NA,NA,NA,NA,NA,NA,NA,NA,NA,NA,NA,NA,NA,NA,NA,NA,NA,NA,NA,NA,NA,NA,NA,NA,NA,NA,NA,NA,NA,NA,NA,NA,NA,NA,NA,NA,Luke,Farrell,SFO,TE,28,-1
TE,15335,weighted,NA,NA,NA,NA,NA,NA,0,0,0,0,0.45365853658536587,0.5219873764581907,12.397073170731707,4.469098702499401,108.2609756097561,38.073880041030165,0.3882926829268292,0.557058670054556,NA,NA,NA,NA,NA,NA,NA,NA,NA,NA,NA,NA,NA,NA,NA,NA,NA,NA,NA,NA,NA,NA,NA,NA,NA,NA,NA,NA,NA,NA,NA,NA,NA,NA,NA,NA,NA,NA,Luke,Farrell,SFO,TE,28,-1
TE,15344,average,NA,NA,NA,NA,NA,NA,0,0,0,0,0.3,0.2449489742783178,10.4,3.513782387494517,98.325,30.8235164552435,0.375,0.47871355387816905,NA,NA,NA,NA,NA,NA,NA,NA,NA,NA,NA,NA,NA,NA,NA,NA,NA,NA,NA,NA,NA,NA,NA,NA,NA,NA,NA,NA,NA,NA,NA,NA,NA,NA,NA,NA,NA,NA,John,Bates,WAS,TE,28,-1
TE,15344,robust,NA,NA,NA,NA,NA,NA,0,0,0,0,0.3,0.22238999999999998,10.4,4.299540000000001,98.325,28.91070000000001,0.375,0.37065,NA,NA,NA,NA,NA,NA,NA,NA,NA,NA,NA,NA,NA,NA,NA,NA,NA,NA,NA,NA,NA,NA,NA,NA,NA,NA,NA,NA,NA,NA,NA,NA,NA,NA,NA,NA,NA,NA,John,Bates,WAS,TE,28,-1
TE,15344,weighted,NA,NA,NA,NA,NA,NA,0,0,0,0,0.4009478672985781,0.17403727843534625,10.991943127962086,3.817101596347822,103.77725118483411,32.38726617686649,0.37203791469194314,0.5934315115041788,NA,NA,NA,NA,NA,NA,NA,NA,NA,NA,NA,NA,NA,NA,NA,NA,NA,NA,NA,NA,NA,NA,NA,NA,NA,NA,NA,NA,NA,NA,NA,NA,NA,NA,NA,NA,NA,NA,John,Bates,WAS,TE,28,-1
TE,14984,average,NA,NA,NA,NA,NA,NA,0,0,0,0,0,0,12.033333333333333,1.8770544300401446,106.83333333333333,21.507750540987157,0.3333333333333333,0.5773502691896257,NA,NA,NA,NA,NA,NA,NA,NA,NA,NA,NA,NA,NA,NA,NA,NA,NA,NA,NA,NA,NA,NA,NA,NA,NA,NA,NA,NA,NA,NA,NA,NA,NA,NA,NA,NA,NA,NA,Charlie,Woerner,ATL,TE,28,0
TE,14984,robust,NA,NA,NA,NA,NA,NA,0,0,0,0,0,0,12.125,1.9273799999999983,104.375,7.412999999999999,0.25,0,NA,NA,NA,NA,NA,NA,NA,NA,NA,NA,NA,NA,NA,NA,NA,NA,NA,NA,NA,NA,NA,NA,NA,NA,NA,NA,NA,NA,NA,NA,NA,NA,NA,NA,NA,NA,NA,NA,Charlie,Woerner,ATL,TE,28,0
TE,14984,weighted,NA,NA,NA,NA,NA,NA,0,0,0,0,0,0,11.286037735849057,1.697056274847714,94.67924528301884,3.535533905932737,0,0,NA,NA,NA,NA,NA,NA,NA,NA,NA,NA,NA,NA,NA,NA,NA,NA,NA,NA,NA,NA,NA,NA,NA,NA,NA,NA,NA,NA,NA,NA,NA,NA,NA,NA,NA,NA,NA,NA,Charlie,Woerner,ATL,TE,28,0
TE,16113,average,NA,NA,NA,NA,NA,NA,0,0,0,0,0.15,0.1224744871391589,17.05,8.807004787856842,193.575,115.97495059997512,1.45,1.3203534880225574,NA,NA,NA,NA,NA,NA,NA,NA,NA,NA,NA,NA,NA,NA,NA,NA,NA,NA,NA,NA,NA,NA,NA,NA,NA,NA,NA,NA,NA,NA,NA,NA,NA,NA,NA,NA,NA,NA,Stone,Smartt,NYJ,TE,27,-2
TE,16113,robust,NA,NA,NA,NA,NA,NA,0,0,0,0,0.15,0.11119499999999999,16.575,6.74583,171.75,65.01201,1.45,1.4826,NA,NA,NA,NA,NA,NA,NA,NA,NA,NA,NA,NA,NA,NA,NA,NA,NA,NA,NA,NA,NA,NA,NA,NA,NA,NA,NA,NA,NA,NA,NA,NA,NA,NA,NA,NA,NA,NA,Stone,Smartt,NYJ,TE,27,-2
TE,16113,weighted,NA,NA,NA,NA,NA,NA,0,0,0,0,0.09879807692307692,0.08726368676199726,19.30673076923077,8.244977151671772,219.0168269230769,114.09946435629035,1.6129807692307694,1.508300076321364,NA,NA,NA,NA,NA,NA,NA,NA,NA,NA,NA,NA,NA,NA,NA,NA,NA,NA,NA,NA,NA,NA,NA,NA,NA,NA,NA,NA,NA,NA,NA,NA,NA,NA,NA,NA,NA,NA,Stone,Smartt,NYJ,TE,27,-2
TE,15905,average,NA,NA,NA,NA,NA,NA,0,0,0,0,0,0,4.300000000000001,2.9698484809834995,62.25,52.67945519839779,0.3,0.4242640687119285,NA,NA,NA,NA,NA,NA,NA,NA,NA,NA,NA,NA,NA,NA,NA,NA,NA,NA,NA,NA,NA,NA,NA,NA,NA,NA,NA,NA,NA,NA,NA,NA,NA,NA,NA,NA,NA,NA,Teagan,Quitoriano,ATL,TE,25,-2
TE,15905,robust,NA,NA,NA,NA,NA,NA,0,0,0,0,0,0,4.300000000000001,3.11346,62.25,55.22685,0.3,0.44477999999999995,NA,NA,NA,NA,NA,NA,NA,NA,NA,NA,NA,NA,NA,NA,NA,NA,NA,NA,NA,NA,NA,NA,NA,NA,NA,NA,NA,NA,NA,NA,NA,NA,NA,NA,NA,NA,NA,NA,Teagan,Quitoriano,ATL,TE,25,-2
TE,15905,weighted,NA,NA,NA,NA,NA,NA,0,NA,0,NA,0,NA,2.2,NA,25,NA,0,NA,NA,NA,NA,NA,NA,NA,NA,NA,NA,NA,NA,NA,NA,NA,NA,NA,NA,NA,NA,NA,NA,NA,NA,NA,NA,NA,NA,NA,NA,NA,NA,NA,NA,NA,NA,NA,NA,NA,Teagan,Quitoriano,ATL,TE,25,-2
TE,15970,average,NA,NA,NA,NA,NA,NA,0,0,0,0,0,0,17.94,5.1776442519740575,154.46,43.458693031429284,0.46683091669027116,0.41306673547471967,NA,NA,NA,NA,NA,NA,NA,NA,NA,NA,NA,NA,NA,NA,NA,NA,NA,NA,NA,NA,NA,NA,NA,NA,NA,NA,NA,NA,NA,NA,NA,NA,NA,NA,NA,NA,NA,NA,Lucas,Krull,DEN,TE,27,-2
TE,15970,robust,NA,NA,NA,NA,NA,NA,0,0,0,0,0,0,18.5,2.668680000000001,155,48.925799999999995,0.5,0.59304,NA,NA,NA,NA,NA,NA,NA,NA,NA,NA,NA,NA,NA,NA,NA,NA,NA,NA,NA,NA,NA,NA,NA,NA,NA,NA,NA,NA,NA,NA,NA,NA,NA,NA,NA,NA,NA,NA,Lucas,Krull,DEN,TE,27,-2
TE,15970,weighted,NA,NA,NA,NA,NA,NA,0,0,0,0,0,0,19.964468864468863,2.880551311010036,170.67948717948718,28.409024188074728,0.45355328910013964,0.475464720911533,NA,NA,NA,NA,NA,NA,NA,NA,NA,NA,NA,NA,NA,NA,NA,NA,NA,NA,NA,NA,NA,NA,NA,NA,NA,NA,NA,NA,NA,NA,NA,NA,NA,NA,NA,NA,NA,NA,Lucas,Krull,DEN,TE,27,-2
TE,16796,average,NA,NA,NA,NA,NA,NA,0,0,NA,NA,0,0,8.6,1.979898987322333,99.1,30.97127701597078,0.35,0.49497474683058323,NA,NA,NA,NA,NA,NA,NA,NA,NA,NA,NA,NA,NA,NA,NA,NA,NA,NA,NA,NA,NA,NA,NA,NA,NA,NA,NA,NA,NA,NA,NA,NA,NA,NA,NA,NA,NA,NA,Devin,Culp,TBB,TE,25,-4
TE,16796,robust,NA,NA,NA,NA,NA,NA,0,0,NA,NA,0,0,8.6,2.07564,99.1,32.468939999999996,0.35,0.51891,NA,NA,NA,NA,NA,NA,NA,NA,NA,NA,NA,NA,NA,NA,NA,NA,NA,NA,NA,NA,NA,NA,NA,NA,NA,NA,NA,NA,NA,NA,NA,NA,NA,NA,NA,NA,NA,NA,Devin,Culp,TBB,TE,25,-4
TE,16796,weighted,NA,NA,NA,NA,NA,NA,0,NA,NA,NA,0,NA,10,NA,121,NA,0,NA,NA,NA,NA,NA,NA,NA,NA,NA,NA,NA,NA,NA,NA,NA,NA,NA,NA,NA,NA,NA,NA,NA,NA,NA,NA,NA,NA,NA,NA,NA,NA,NA,NA,NA,NA,NA,NA,NA,Devin,Culp,TBB,TE,25,-4
TE,17259,average,NA,NA,NA,NA,NA,NA,0,0,NA,NA,0,0,8.8,1.6970562748477143,85.75,15.90990257669732,0.8,0.28284271247461906,NA,NA,NA,NA,NA,NA,NA,NA,NA,NA,NA,NA,NA,NA,NA,NA,NA,NA,NA,NA,NA,NA,NA,NA,NA,NA,NA,NA,NA,NA,NA,NA,NA,NA,NA,NA,NA,NA,Moliki,Matavao,NOS,TE,22,-5
TE,17259,robust,NA,NA,NA,NA,NA,NA,0,0,NA,NA,0,0,8.8,1.7791200000000003,85.75,16.67925,0.8,0.29652,NA,NA,NA,NA,NA,NA,NA,NA,NA,NA,NA,NA,NA,NA,NA,NA,NA,NA,NA,NA,NA,NA,NA,NA,NA,NA,NA,NA,NA,NA,NA,NA,NA,NA,NA,NA,NA,NA,Moliki,Matavao,NOS,TE,22,-5
TE,17259,weighted,NA,NA,NA,NA,NA,NA,0,NA,NA,NA,0,NA,10,NA,97,NA,1,NA,NA,NA,NA,NA,NA,NA,NA,NA,NA,NA,NA,NA,NA,NA,NA,NA,NA,NA,NA,NA,NA,NA,NA,NA,NA,NA,NA,NA,NA,NA,NA,NA,NA,NA,NA,NA,NA,NA,Moliki,Matavao,NOS,TE,22,-5
TE,16647,average,NA,NA,NA,NA,NA,NA,0,0,0,0,0,0,9.725,1.7651723239767083,96.15,16.611943494566393,0.4,0.4898979485566356,NA,NA,NA,NA,NA,NA,NA,NA,NA,NA,NA,NA,NA,NA,NA,NA,NA,NA,NA,NA,NA,NA,NA,NA,NA,NA,NA,NA,NA,NA,NA,NA,NA,NA,NA,NA,NA,NA,Brevyn,Spann-Ford,DAL,TE,26,-4
TE,16647,robust,NA,NA,NA,NA,NA,NA,0,0,0,0,0,0,9.725000000000001,1.6308600000000013,96.75,14.0847,0.4,0.44477999999999995,NA,NA,NA,NA,NA,NA,NA,NA,NA,NA,NA,NA,NA,NA,NA,NA,NA,NA,NA,NA,NA,NA,NA,NA,NA,NA,NA,NA,NA,NA,NA,NA,NA,NA,NA,NA,NA,NA,Brevyn,Spann-Ford,DAL,TE,26,-4
TE,16647,weighted,NA,NA,NA,NA,NA,NA,0,0,0,0,0,0,10.3758024691358,1.5142007002321434,103.47901234567901,10.372861245208318,0.34567901234567905,0.5830568441497603,NA,NA,NA,NA,NA,NA,NA,NA,NA,NA,NA,NA,NA,NA,NA,NA,NA,NA,NA,NA,NA,NA,NA,NA,NA,NA,NA,NA,NA,NA,NA,NA,NA,NA,NA,NA,NA,NA,Brevyn,Spann-Ford,DAL,TE,26,-4
TE,15991,average,NA,NA,NA,NA,NA,NA,0,0,0,0,0,0,4.8,5.374011537017761,35.55,47.446865017617334,0.35,0.49497474683058323,NA,NA,NA,NA,NA,NA,NA,NA,NA,NA,NA,NA,NA,NA,NA,NA,NA,NA,NA,NA,NA,NA,NA,NA,NA,NA,NA,NA,NA,NA,NA,NA,NA,NA,NA,NA,NA,NA,Tanner,Conner,MIA,TE,27,-2
TE,15991,robust,NA,NA,NA,NA,NA,NA,0,0,0,0,0,0,4.8,5.6338799999999996,35.55,49.741229999999995,0.35,0.51891,NA,NA,NA,NA,NA,NA,NA,NA,NA,NA,NA,NA,NA,NA,NA,NA,NA,NA,NA,NA,NA,NA,NA,NA,NA,NA,NA,NA,NA,NA,NA,NA,NA,NA,NA,NA,NA,NA,Tanner,Conner,MIA,TE,27,-2
TE,15991,weighted,NA,NA,NA,NA,NA,NA,0,NA,0,NA,0,NA,1,NA,2,NA,0,NA,NA,NA,NA,NA,NA,NA,NA,NA,NA,NA,NA,NA,NA,NA,NA,NA,NA,NA,NA,NA,NA,NA,NA,NA,NA,NA,NA,NA,NA,NA,NA,NA,NA,NA,NA,NA,NA,NA,Tanner,Conner,MIA,TE,27,-2
TE,17231,average,NA,NA,NA,NA,NA,NA,0,0,0,0,0,0,4.55,1.3435028842544403,45.25,20.152543263816604,0.3,0.4242640687119285,NA,NA,NA,NA,NA,NA,NA,NA,NA,NA,NA,NA,NA,NA,NA,NA,NA,NA,NA,NA,NA,NA,NA,NA,NA,NA,NA,NA,NA,NA,NA,NA,NA,NA,NA,NA,NA,NA,Gavin,Bartholomew,MIN,TE,22,-5
TE,17231,robust,NA,NA,NA,NA,NA,NA,0,0,0,0,0,0,4.55,1.4084699999999999,45.25,21.12705,0.3,0.44477999999999995,NA,NA,NA,NA,NA,NA,NA,NA,NA,NA,NA,NA,NA,NA,NA,NA,NA,NA,NA,NA,NA,NA,NA,NA,NA,NA,NA,NA,NA,NA,NA,NA,NA,NA,NA,NA,NA,NA,Gavin,Bartholomew,MIN,TE,22,-5
TE,17231,weighted,NA,NA,NA,NA,NA,NA,0,NA,0,NA,0,NA,3.6,NA,30.999999999999996,NA,0,NA,NA,NA,NA,NA,NA,NA,NA,NA,NA,NA,NA,NA,NA,NA,NA,NA,NA,NA,NA,NA,NA,NA,NA,NA,NA,NA,NA,NA,NA,NA,NA,NA,NA,NA,NA,NA,NA,NA,Gavin,Bartholomew,MIN,TE,22,-5
TE,15339,average,NA,NA,NA,NA,NA,NA,0,0,0,0,0,0,4.2,2.262741699796952,43.15,22.839549032325483,0.3,0.282842712474619,NA,NA,NA,NA,NA,NA,NA,NA,NA,NA,NA,NA,NA,NA,NA,NA,NA,NA,NA,NA,NA,NA,NA,NA,NA,NA,NA,NA,NA,NA,NA,NA,NA,NA,NA,NA,NA,NA,Kenny,Yeboah,DET,TE,27,-1
TE,15339,robust,NA,NA,NA,NA,NA,NA,0,0,0,0,0,0,4.2,2.3721599999999996,43.15,23.943989999999996,0.3,0.29652,NA,NA,NA,NA,NA,NA,NA,NA,NA,NA,NA,NA,NA,NA,NA,NA,NA,NA,NA,NA,NA,NA,NA,NA,NA,NA,NA,NA,NA,NA,NA,NA,NA,NA,NA,NA,NA,NA,Kenny,Yeboah,DET,TE,27,-1
TE,15339,weighted,NA,NA,NA,NA,NA,NA,0,NA,0,NA,0,NA,2.6,NA,27,NA,0.1,NA,NA,NA,NA,NA,NA,NA,NA,NA,NA,NA,NA,NA,NA,NA,NA,NA,NA,NA,NA,NA,NA,NA,NA,NA,NA,NA,NA,NA,NA,NA,NA,NA,NA,NA,NA,NA,NA,NA,Kenny,Yeboah,DET,TE,27,-1
TE,13315,average,NA,NA,NA,NA,NA,NA,0,0,0,0,0,0,7.1,0.5656854249492379,54.4,7.6367532368147115,0.35,0.21213203435596426,NA,NA,NA,NA,NA,NA,NA,NA,NA,NA,NA,NA,NA,NA,NA,NA,NA,NA,NA,NA,NA,NA,NA,NA,NA,NA,NA,NA,NA,NA,NA,NA,NA,NA,NA,NA,NA,NA,Eric,Saubert,SEA,TE,31,3
TE,13315,robust,NA,NA,NA,NA,NA,NA,0,0,0,0,0,0,7.1,0.5930399999999998,54.4,8.006039999999997,0.35,0.22238999999999998,NA,NA,NA,NA,NA,NA,NA,NA,NA,NA,NA,NA,NA,NA,NA,NA,NA,NA,NA,NA,NA,NA,NA,NA,NA,NA,NA,NA,NA,NA,NA,NA,NA,NA,NA,NA,NA,NA,Eric,Saubert,SEA,TE,31,3
TE,13315,weighted,NA,NA,NA,NA,NA,NA,0,NA,0,NA,0,NA,7.5,NA,49,NA,0.2,NA,NA,NA,NA,NA,NA,NA,NA,NA,NA,NA,NA,NA,NA,NA,NA,NA,NA,NA,NA,NA,NA,NA,NA,NA,NA,NA,NA,NA,NA,NA,NA,NA,NA,NA,NA,NA,NA,NA,Eric,Saubert,SEA,TE,31,3
TE,16706,average,NA,NA,NA,NA,NA,NA,0,0,0,0,0,0,9.399999999999999,3.959797974644666,62.65,3.3234018715767757,0.2,0.28284271247461906,NA,NA,NA,NA,NA,NA,NA,NA,NA,NA,NA,NA,NA,NA,NA,NA,NA,NA,NA,NA,NA,NA,NA,NA,NA,NA,NA,NA,NA,NA,NA,NA,NA,NA,NA,NA,NA,NA,Tip,Reiman,ARI,TE,24,-4
TE,16706,robust,NA,NA,NA,NA,NA,NA,0,0,0,0,0,0,9.399999999999999,4.15128,62.65,3.484110000000002,0.2,0.29652,NA,NA,NA,NA,NA,NA,NA,NA,NA,NA,NA,NA,NA,NA,NA,NA,NA,NA,NA,NA,NA,NA,NA,NA,NA,NA,NA,NA,NA,NA,NA,NA,NA,NA,NA,NA,NA,NA,Tip,Reiman,ARI,TE,24,-4
TE,16706,weighted,NA,NA,NA,NA,NA,NA,0,NA,0,NA,0,NA,12.2,NA,65,NA,0,NA,NA,NA,NA,NA,NA,NA,NA,NA,NA,NA,NA,NA,NA,NA,NA,NA,NA,NA,NA,NA,NA,NA,NA,NA,NA,NA,NA,NA,NA,NA,NA,NA,NA,NA,NA,NA,NA,NA,Tip,Reiman,ARI,TE,24,-4
TE,13678,average,NA,NA,NA,NA,NA,NA,0,0,0,0,0,0,7.2,6.520736154760443,61.833333333333336,61.56771340023384,0.4666666666666667,0.5033222956847166,NA,NA,NA,NA,NA,NA,NA,NA,NA,NA,NA,NA,NA,NA,NA,NA,NA,NA,NA,NA,NA,NA,NA,NA,NA,NA,NA,NA,NA,NA,NA,NA,NA,NA,NA,NA,NA,NA,Ian,Thomas,LVR,TE,29,2
TE,13678,robust,NA,NA,NA,NA,NA,NA,0,0,0,0,0,0,7.05,8.30256,61,83.76689999999999,0.45,0.59304,NA,NA,NA,NA,NA,NA,NA,NA,NA,NA,NA,NA,NA,NA,NA,NA,NA,NA,NA,NA,NA,NA,NA,NA,NA,NA,NA,NA,NA,NA,NA,NA,NA,NA,NA,NA,NA,NA,Ian,Thomas,LVR,TE,29,2
TE,13678,weighted,NA,NA,NA,NA,NA,NA,0,0,0,0,0,0,7.033962264150943,9.192388155425116,59.09056603773585,86.97413408594532,0.46415094339622637,0.7071067811865475,NA,NA,NA,NA,NA,NA,NA,NA,NA,NA,NA,NA,NA,NA,NA,NA,NA,NA,NA,NA,NA,NA,NA,NA,NA,NA,NA,NA,NA,NA,NA,NA,NA,NA,NA,NA,NA,NA,Ian,Thomas,LVR,TE,29,2
TE,15840,average,NA,NA,NA,NA,NA,NA,0,0,NA,NA,0,0,12.75,13.08147545195113,153.75,151.67440456451445,0.75,0.3535533905932738,NA,NA,NA,NA,NA,NA,NA,NA,NA,NA,NA,NA,NA,NA,NA,NA,NA,NA,NA,NA,NA,NA,NA,NA,NA,NA,NA,NA,NA,NA,NA,NA,NA,NA,NA,NA,NA,NA,Jelani,Woods,NYJ,TE,27,-2
TE,15840,robust,NA,NA,NA,NA,NA,NA,0,0,NA,NA,0,0,12.75,13.714049999999999,153.75,159.00885,0.75,0.37065,NA,NA,NA,NA,NA,NA,NA,NA,NA,NA,NA,NA,NA,NA,NA,NA,NA,NA,NA,NA,NA,NA,NA,NA,NA,NA,NA,NA,NA,NA,NA,NA,NA,NA,NA,NA,NA,NA,Jelani,Woods,NYJ,TE,27,-2
TE,15840,weighted,NA,NA,NA,NA,NA,NA,0,NA,NA,NA,0,NA,22,NA,261,NA,1,NA,NA,NA,NA,NA,NA,NA,NA,NA,NA,NA,NA,NA,NA,NA,NA,NA,NA,NA,NA,NA,NA,NA,NA,NA,NA,NA,NA,NA,NA,NA,NA,NA,NA,NA,NA,NA,NA,NA,Jelani,Woods,NYJ,TE,27,-2
TE,16648,average,NA,NA,NA,NA,NA,NA,0,0,0,0,0,0,3.8000000000000003,2.2627416997969525,33.05,28.354981925580557,0.2,0.28284271247461906,NA,NA,NA,NA,NA,NA,NA,NA,NA,NA,NA,NA,NA,NA,NA,NA,NA,NA,NA,NA,NA,NA,NA,NA,NA,NA,NA,NA,NA,NA,NA,NA,NA,NA,NA,NA,NA,NA,Jared,Wiley,KCC,TE,25,-4
TE,16648,robust,NA,NA,NA,NA,NA,NA,0,0,0,0,0,0,3.8000000000000003,2.37216,33.05,29.726129999999998,0.2,0.29652,NA,NA,NA,NA,NA,NA,NA,NA,NA,NA,NA,NA,NA,NA,NA,NA,NA,NA,NA,NA,NA,NA,NA,NA,NA,NA,NA,NA,NA,NA,NA,NA,NA,NA,NA,NA,NA,NA,Jared,Wiley,KCC,TE,25,-4
TE,16648,weighted,NA,NA,NA,NA,NA,NA,0,NA,0,NA,0,NA,2.2,NA,13,NA,0,NA,NA,NA,NA,NA,NA,NA,NA,NA,NA,NA,NA,NA,NA,NA,NA,NA,NA,NA,NA,NA,NA,NA,NA,NA,NA,NA,NA,NA,NA,NA,NA,NA,NA,NA,NA,NA,NA,NA,Jared,Wiley,KCC,TE,25,-4
TE,13676,average,NA,NA,NA,NA,NA,NA,0,0,0,0,0,0,8.333333333333334,4.908496035786658,71.2,51.06388156025744,0.13333333333333333,0.23094010767585033,NA,NA,NA,NA,NA,NA,NA,NA,NA,NA,NA,NA,NA,NA,NA,NA,NA,NA,NA,NA,NA,NA,NA,NA,NA,NA,NA,NA,NA,NA,NA,NA,NA,NA,NA,NA,NA,NA,Durham,Smythe,CHI,TE,30,2
TE,13676,robust,NA,NA,NA,NA,NA,NA,0,0,0,0,0,0,7.6499999999999995,0.29651999999999895,64.8,11.267760000000001,0.1,0,NA,NA,NA,NA,NA,NA,NA,NA,NA,NA,NA,NA,NA,NA,NA,NA,NA,NA,NA,NA,NA,NA,NA,NA,NA,NA,NA,NA,NA,NA,NA,NA,NA,NA,NA,NA,NA,NA,Durham,Smythe,CHI,TE,30,2
TE,13676,weighted,NA,NA,NA,NA,NA,NA,0,0,0,0,0,0,9.498867924528302,5.939696961966999,80.70188679245283,65.05382386916236,0,0,NA,NA,NA,NA,NA,NA,NA,NA,NA,NA,NA,NA,NA,NA,NA,NA,NA,NA,NA,NA,NA,NA,NA,NA,NA,NA,NA,NA,NA,NA,NA,NA,NA,NA,NA,NA,NA,NA,Durham,Smythe,CHI,TE,30,2
TE,16220,average,NA,NA,NA,NA,NA,NA,0,0,0,0,0,0,9,5.050742519669757,91.23333333333333,54.22235086505687,0.16666666666666666,0.15275252316519466,NA,NA,NA,NA,NA,NA,NA,NA,NA,NA,NA,NA,NA,NA,NA,NA,NA,NA,NA,NA,NA,NA,NA,NA,NA,NA,NA,NA,NA,NA,NA,NA,NA,NA,NA,NA,NA,NA,Will,Mallory,IND,TE,26,-3
TE,16220,robust,NA,NA,NA,NA,NA,NA,0,0,0,0,0,0,9.024999999999999,7.26474,90.425,73.09217999999998,0.175,0.14825999999999995,NA,NA,NA,NA,NA,NA,NA,NA,NA,NA,NA,NA,NA,NA,NA,NA,NA,NA,NA,NA,NA,NA,NA,NA,NA,NA,NA,NA,NA,NA,NA,NA,NA,NA,NA,NA,NA,NA,Will,Mallory,IND,TE,26,-3
TE,16220,weighted,NA,NA,NA,NA,NA,NA,0,0,0,0,0,0,11.374339622641507,3.4648232278140823,115.38490566037734,41.71930009000629,0.1071698113207547,0.14142135623730948,NA,NA,NA,NA,NA,NA,NA,NA,NA,NA,NA,NA,NA,NA,NA,NA,NA,NA,NA,NA,NA,NA,NA,NA,NA,NA,NA,NA,NA,NA,NA,NA,NA,NA,NA,NA,NA,NA,Will,Mallory,IND,TE,26,-3
TE,16831,average,NA,NA,NA,NA,NA,NA,0,0,0,0,0,0,5.2,2.1213203435596424,42.6,7.6367532368147115,0.15,0.21213203435596426,NA,NA,NA,NA,NA,NA,NA,NA,NA,NA,NA,NA,NA,NA,NA,NA,NA,NA,NA,NA,NA,NA,NA,NA,NA,NA,NA,NA,NA,NA,NA,NA,NA,NA,NA,NA,NA,NA,David,Martin-Robinson,TEN,TE,26,-4
TE,16831,robust,NA,NA,NA,NA,NA,NA,0,0,0,0,0,0,5.2,2.2239,42.6,8.006039999999997,0.15,0.22238999999999998,NA,NA,NA,NA,NA,NA,NA,NA,NA,NA,NA,NA,NA,NA,NA,NA,NA,NA,NA,NA,NA,NA,NA,NA,NA,NA,NA,NA,NA,NA,NA,NA,NA,NA,NA,NA,NA,NA,David,Martin-Robinson,TEN,TE,26,-4
TE,16831,weighted,NA,NA,NA,NA,NA,NA,0,NA,0,NA,0,NA,6.7,NA,48,NA,0,NA,NA,NA,NA,NA,NA,NA,NA,NA,NA,NA,NA,NA,NA,NA,NA,NA,NA,NA,NA,NA,NA,NA,NA,NA,NA,NA,NA,NA,NA,NA,NA,NA,NA,NA,NA,NA,NA,NA,David,Martin-Robinson,TEN,TE,26,-4
TE,13246,average,NA,NA,NA,NA,NA,NA,0,0,0,0,0,0,10.333333333333332,6.524824390995771,120.63333333333333,78.41749379655877,1.1333333333333333,0.9018499505645788,NA,NA,NA,NA,NA,NA,NA,NA,NA,NA,NA,NA,NA,NA,NA,NA,NA,NA,NA,NA,NA,NA,NA,NA,NA,NA,NA,NA,NA,NA,NA,NA,NA,NA,NA,NA,NA,NA,Mo,Alie-Cox,IND,TE,32,3
TE,13246,robust,NA,NA,NA,NA,NA,NA,0,0,0,0,0,0,11.25,0.29651999999999895,129.225,31.1346,1.15,1.18608,NA,NA,NA,NA,NA,NA,NA,NA,NA,NA,NA,NA,NA,NA,NA,NA,NA,NA,NA,NA,NA,NA,NA,NA,NA,NA,NA,NA,NA,NA,NA,NA,NA,NA,NA,NA,NA,NA,Mo,Alie-Cox,IND,TE,32,3
TE,13246,weighted,NA,NA,NA,NA,NA,NA,0,0,0,0,0,0,14.107169811320752,0.141421356237309,164.74716981132076,14.849242404917495,1.571320754716981,0.565685424949238,NA,NA,NA,NA,NA,NA,NA,NA,NA,NA,NA,NA,NA,NA,NA,NA,NA,NA,NA,NA,NA,NA,NA,NA,NA,NA,NA,NA,NA,NA,NA,NA,NA,NA,NA,NA,NA,NA,Mo,Alie-Cox,IND,TE,32,3
TE,16645,average,NA,NA,NA,NA,NA,NA,0,0,0,0,0,0,3.8,2.1213203435596424,37.25,23.68807716974934,0.1,0.14142135623730953,NA,NA,NA,NA,NA,NA,NA,NA,NA,NA,NA,NA,NA,NA,NA,NA,NA,NA,NA,NA,NA,NA,NA,NA,NA,NA,NA,NA,NA,NA,NA,NA,NA,NA,NA,NA,NA,NA,Erick,All,CIN,TE,25,-4
TE,16645,robust,NA,NA,NA,NA,NA,NA,0,0,0,0,0,0,3.8,2.2239,37.25,24.83355,0.1,0.14826,NA,NA,NA,NA,NA,NA,NA,NA,NA,NA,NA,NA,NA,NA,NA,NA,NA,NA,NA,NA,NA,NA,NA,NA,NA,NA,NA,NA,NA,NA,NA,NA,NA,NA,NA,NA,NA,NA,Erick,All,CIN,TE,25,-4
TE,16645,weighted,NA,NA,NA,NA,NA,NA,0,NA,0,NA,0,NA,5.3,NA,54,NA,0,NA,NA,NA,NA,NA,NA,NA,NA,NA,NA,NA,NA,NA,NA,NA,NA,NA,NA,NA,NA,NA,NA,NA,NA,NA,NA,NA,NA,NA,NA,NA,NA,NA,NA,NA,NA,NA,NA,NA,Erick,All,CIN,TE,25,-4
TE,16839,average,NA,NA,NA,NA,NA,NA,0,0,0,0,0,0,2.6,1.131370849898476,24.15,8.273149339882606,0.05,0.07071067811865477,NA,NA,NA,NA,NA,NA,NA,NA,NA,NA,NA,NA,NA,NA,NA,NA,NA,NA,NA,NA,NA,NA,NA,NA,NA,NA,NA,NA,NA,NA,NA,NA,NA,NA,NA,NA,NA,NA,Jack,Westover,NEP,TE,26,-4
TE,16839,robust,NA,NA,NA,NA,NA,NA,0,0,0,0,0,0,2.6,1.1860799999999998,24.15,8.67321,0.05,0.07413,NA,NA,NA,NA,NA,NA,NA,NA,NA,NA,NA,NA,NA,NA,NA,NA,NA,NA,NA,NA,NA,NA,NA,NA,NA,NA,NA,NA,NA,NA,NA,NA,NA,NA,NA,NA,NA,NA,Jack,Westover,NEP,TE,26,-4
TE,16839,weighted,NA,NA,NA,NA,NA,NA,0,NA,0,NA,0,NA,3.4,NA,30,NA,0,NA,NA,NA,NA,NA,NA,NA,NA,NA,NA,NA,NA,NA,NA,NA,NA,NA,NA,NA,NA,NA,NA,NA,NA,NA,NA,NA,NA,NA,NA,NA,NA,NA,NA,NA,NA,NA,NA,NA,Jack,Westover,NEP,TE,26,-4
TE,15244,average,NA,NA,NA,NA,NA,NA,0,0,0,0,0,0,0.9,1.2727922061357855,9.35,11.808683245815343,0.05,0.07071067811865477,NA,NA,NA,NA,NA,NA,NA,NA,NA,NA,NA,NA,NA,NA,NA,NA,NA,NA,NA,NA,NA,NA,NA,NA,NA,NA,NA,NA,NA,NA,NA,NA,NA,NA,NA,NA,NA,NA,Feleipe,Franks,ATL,TE,28,-1
TE,15244,robust,NA,NA,NA,NA,NA,NA,0,0,0,0,0,0,0.9,1.3343399999999999,9.35,12.37971,0.05,0.07413,NA,NA,NA,NA,NA,NA,NA,NA,NA,NA,NA,NA,NA,NA,NA,NA,NA,NA,NA,NA,NA,NA,NA,NA,NA,NA,NA,NA,NA,NA,NA,NA,NA,NA,NA,NA,NA,NA,Feleipe,Franks,ATL,TE,28,-1
TE,15244,weighted,NA,NA,NA,NA,NA,NA,0,NA,0,NA,0,NA,0,NA,1,NA,0,NA,NA,NA,NA,NA,NA,NA,NA,NA,NA,NA,NA,NA,NA,NA,NA,NA,NA,NA,NA,NA,NA,NA,NA,NA,NA,NA,NA,NA,NA,NA,NA,NA,NA,NA,NA,NA,NA,NA,Feleipe,Franks,ATL,TE,28,-1
TE,13994,average,NA,NA,NA,NA,NA,NA,0,0,NA,NA,0,0,7.25,6.7175144212722016,75.5,71.4177848998413,0.5,0.7071067811865476,NA,NA,NA,NA,NA,NA,NA,NA,NA,NA,NA,NA,NA,NA,NA,NA,NA,NA,NA,NA,NA,NA,NA,NA,NA,NA,NA,NA,NA,NA,NA,NA,NA,NA,NA,NA,NA,NA,Pharaoh,Brown,ARI,TE,31,3
TE,13994,robust,NA,NA,NA,NA,NA,NA,0,0,NA,NA,0,0,7.25,7.04235,75.5,74.87129999999999,0.5,0.7413,NA,NA,NA,NA,NA,NA,NA,NA,NA,NA,NA,NA,NA,NA,NA,NA,NA,NA,NA,NA,NA,NA,NA,NA,NA,NA,NA,NA,NA,NA,NA,NA,NA,NA,NA,NA,NA,NA,Pharaoh,Brown,ARI,TE,31,3
TE,13994,weighted,NA,NA,NA,NA,NA,NA,0,NA,NA,NA,0,NA,12,NA,126,NA,1,NA,NA,NA,NA,NA,NA,NA,NA,NA,NA,NA,NA,NA,NA,NA,NA,NA,NA,NA,NA,NA,NA,NA,NA,NA,NA,NA,NA,NA,NA,NA,NA,NA,NA,NA,NA,NA,NA,NA,Pharaoh,Brown,ARI,TE,31,3
TE,15909,average,NA,NA,NA,NA,NA,NA,0,0,NA,NA,0,0,6.95,7.14177848998413,73.4,78.63027406794409,0.05,0.07071067811865477,NA,NA,NA,NA,NA,NA,NA,NA,NA,NA,NA,NA,NA,NA,NA,NA,NA,NA,NA,NA,NA,NA,NA,NA,NA,NA,NA,NA,NA,NA,NA,NA,NA,NA,NA,NA,NA,NA,James,Mitchell,CAR,TE,26,-2
TE,15909,robust,NA,NA,NA,NA,NA,NA,0,0,NA,NA,0,0,6.95,7.4871300000000005,73.4,82.43256,0.05,0.07413,NA,NA,NA,NA,NA,NA,NA,NA,NA,NA,NA,NA,NA,NA,NA,NA,NA,NA,NA,NA,NA,NA,NA,NA,NA,NA,NA,NA,NA,NA,NA,NA,NA,NA,NA,NA,NA,NA,James,Mitchell,CAR,TE,26,-2
TE,15909,weighted,NA,NA,NA,NA,NA,NA,0,NA,NA,NA,0,NA,12,NA,129,NA,0,NA,NA,NA,NA,NA,NA,NA,NA,NA,NA,NA,NA,NA,NA,NA,NA,NA,NA,NA,NA,NA,NA,NA,NA,NA,NA,NA,NA,NA,NA,NA,NA,NA,NA,NA,NA,NA,NA,NA,James,Mitchell,CAR,TE,26,-2
TE,16312,average,NA,NA,NA,NA,NA,NA,0,0,NA,NA,0,0,13.75,17.324116139070416,127.25,158.03836559519337,0.5,0.7071067811865476,NA,NA,NA,NA,NA,NA,NA,NA,NA,NA,NA,NA,NA,NA,NA,NA,NA,NA,NA,NA,NA,NA,NA,NA,NA,NA,NA,NA,NA,NA,NA,NA,NA,NA,NA,NA,NA,NA,Josh,Whyle,FA,TE,26,-3
TE,16312,robust,NA,NA,NA,NA,NA,NA,0,0,NA,NA,0,0,13.75,18.161849999999998,127.25,165.68054999999998,0.5,0.7413,NA,NA,NA,NA,NA,NA,NA,NA,NA,NA,NA,NA,NA,NA,NA,NA,NA,NA,NA,NA,NA,NA,NA,NA,NA,NA,NA,NA,NA,NA,NA,NA,NA,NA,NA,NA,NA,NA,Josh,Whyle,FA,TE,26,-3
TE,16312,weighted,NA,NA,NA,NA,NA,NA,0,NA,NA,NA,0,NA,26,NA,239,NA,1,NA,NA,NA,NA,NA,NA,NA,NA,NA,NA,NA,NA,NA,NA,NA,NA,NA,NA,NA,NA,NA,NA,NA,NA,NA,NA,NA,NA,NA,NA,NA,NA,NA,NA,NA,NA,NA,NA,NA,Josh,Whyle,FA,TE,26,-3
TE,12680,average,NA,NA,NA,NA,NA,NA,0,0,NA,NA,0,0,7,8.48528137423857,60,70.71067811865476,1,1.4142135623730951,NA,NA,NA,NA,NA,NA,NA,NA,NA,NA,NA,NA,NA,NA,NA,NA,NA,NA,NA,NA,NA,NA,NA,NA,NA,NA,NA,NA,NA,NA,NA,NA,NA,NA,NA,NA,NA,NA,Nick,Vannett,MIN,TE,32,4
TE,12680,robust,NA,NA,NA,NA,NA,NA,0,0,NA,NA,0,0,7,8.8956,60,74.13,1,1.4826,NA,NA,NA,NA,NA,NA,NA,NA,NA,NA,NA,NA,NA,NA,NA,NA,NA,NA,NA,NA,NA,NA,NA,NA,NA,NA,NA,NA,NA,NA,NA,NA,NA,NA,NA,NA,NA,NA,Nick,Vannett,MIN,TE,32,4
TE,12680,weighted,NA,NA,NA,NA,NA,NA,0,NA,NA,NA,0,NA,13,NA,110,NA,2,NA,NA,NA,NA,NA,NA,NA,NA,NA,NA,NA,NA,NA,NA,NA,NA,NA,NA,NA,NA,NA,NA,NA,NA,NA,NA,NA,NA,NA,NA,NA,NA,NA,NA,NA,NA,NA,NA,NA,Nick,Vannett,MIN,TE,32,4
TE,13427,average,NA,NA,NA,NA,NA,NA,0,0,NA,NA,0,0,5,5.656854249492381,53,60.81118318204309,0,0,NA,NA,NA,NA,NA,NA,NA,NA,NA,NA,NA,NA,NA,NA,NA,NA,NA,NA,NA,NA,NA,NA,NA,NA,NA,NA,NA,NA,NA,NA,NA,NA,NA,NA,NA,NA,NA,NA,Robert,Tonyan,KCC,TE,31,3
TE,13427,robust,NA,NA,NA,NA,NA,NA,0,0,NA,NA,0,0,5,5.9304,53,63.751799999999996,0,0,NA,NA,NA,NA,NA,NA,NA,NA,NA,NA,NA,NA,NA,NA,NA,NA,NA,NA,NA,NA,NA,NA,NA,NA,NA,NA,NA,NA,NA,NA,NA,NA,NA,NA,NA,NA,NA,NA,Robert,Tonyan,KCC,TE,31,3
TE,13427,weighted,NA,NA,NA,NA,NA,NA,0,NA,NA,NA,0,NA,9,NA,96,NA,0,NA,NA,NA,NA,NA,NA,NA,NA,NA,NA,NA,NA,NA,NA,NA,NA,NA,NA,NA,NA,NA,NA,NA,NA,NA,NA,NA,NA,NA,NA,NA,NA,NA,NA,NA,NA,NA,NA,NA,Robert,Tonyan,KCC,TE,31,3
TE,15797,average,NA,NA,NA,NA,NA,NA,0,0,0,0,0,0,8.733333333333334,11.541808061709107,92.5,134.76924723392943,0.6666666666666666,1.1547005383792515,NA,NA,NA,NA,NA,NA,NA,NA,NA,NA,NA,NA,NA,NA,NA,NA,NA,NA,NA,NA,NA,NA,NA,NA,NA,NA,NA,NA,NA,NA,NA,NA,NA,NA,NA,NA,NA,NA,Greg,Dulcich,MIA,TE,25,-2
TE,15797,robust,NA,NA,NA,NA,NA,NA,0,0,0,0,0,0,7.35,3.26172,74.375,15.5673,0.5,0,NA,NA,NA,NA,NA,NA,NA,NA,NA,NA,NA,NA,NA,NA,NA,NA,NA,NA,NA,NA,NA,NA,NA,NA,NA,NA,NA,NA,NA,NA,NA,NA,NA,NA,NA,NA,NA,NA,Greg,Dulcich,MIA,TE,25,-2
TE,15797,weighted,NA,NA,NA,NA,NA,NA,0,0,0,0,0,0,11.926037735849057,13.293607486307092,125.8264150943396,161.2203461105328,0.9283018867924527,1.414213562373095,NA,NA,NA,NA,NA,NA,NA,NA,NA,NA,NA,NA,NA,NA,NA,NA,NA,NA,NA,NA,NA,NA,NA,NA,NA,NA,NA,NA,NA,NA,NA,NA,NA,NA,NA,NA,NA,NA,Greg,Dulcich,MIA,TE,25,-2
TE,14875,average,NA,NA,NA,NA,NA,NA,0,0,NA,NA,0,0,8.25,10.960155108391486,69.75,90.86322138247135,1,1.4142135623730951,NA,NA,NA,NA,NA,NA,NA,NA,NA,NA,NA,NA,NA,NA,NA,NA,NA,NA,NA,NA,NA,NA,NA,NA,NA,NA,NA,NA,NA,NA,NA,NA,NA,NA,NA,NA,NA,NA,Harrison,Bryant,HOU,TE,27,0
TE,14875,robust,NA,NA,NA,NA,NA,NA,0,0,NA,NA,0,0,8.25,11.49015,69.75,95.25704999999999,1,1.4826,NA,NA,NA,NA,NA,NA,NA,NA,NA,NA,NA,NA,NA,NA,NA,NA,NA,NA,NA,NA,NA,NA,NA,NA,NA,NA,NA,NA,NA,NA,NA,NA,NA,NA,NA,NA,NA,NA,Harrison,Bryant,HOU,TE,27,0
TE,14875,weighted,NA,NA,NA,NA,NA,NA,0,NA,NA,NA,0,NA,16,NA,134,NA,2,NA,NA,NA,NA,NA,NA,NA,NA,NA,NA,NA,NA,NA,NA,NA,NA,NA,NA,NA,NA,NA,NA,NA,NA,NA,NA,NA,NA,NA,NA,NA,NA,NA,NA,NA,NA,NA,NA,NA,Harrison,Bryant,HOU,TE,27,0
TE,15330,average,NA,NA,NA,NA,NA,NA,0,0,0,0,0,0,15.15,8.273149339882606,149.5,82.73149339882606,0.6,0.565685424949238,NA,NA,NA,NA,NA,NA,NA,NA,NA,NA,NA,NA,NA,NA,NA,NA,NA,NA,NA,NA,NA,NA,NA,NA,NA,NA,NA,NA,NA,NA,NA,NA,NA,NA,NA,NA,NA,NA,Brevin,Jordan,HOU,TE,25,-1
TE,15330,robust,NA,NA,NA,NA,NA,NA,0,0,0,0,0,0,15.15,8.67321,149.5,86.73209999999999,0.6,0.59304,NA,NA,NA,NA,NA,NA,NA,NA,NA,NA,NA,NA,NA,NA,NA,NA,NA,NA,NA,NA,NA,NA,NA,NA,NA,NA,NA,NA,NA,NA,NA,NA,NA,NA,NA,NA,NA,NA,Brevin,Jordan,HOU,TE,25,-1
TE,15330,weighted,NA,NA,NA,NA,NA,NA,0,0,0,0,0,0,14.730566037735848,8.273149339882604,145.3056603773585,82.73149339882605,0.5713207547169812,0.5656854249492379,NA,NA,NA,NA,NA,NA,NA,NA,NA,NA,NA,NA,NA,NA,NA,NA,NA,NA,NA,NA,NA,NA,NA,NA,NA,NA,NA,NA,NA,NA,NA,NA,NA,NA,NA,NA,NA,NA,Brevin,Jordan,HOU,TE,25,-1
TE,14341,average,NA,NA,NA,NA,NA,NA,0,0,0,0,0,0,10.15,4.030508652763321,123,35.35533905932738,0.5,0.7071067811865476,NA,NA,NA,NA,NA,NA,NA,NA,NA,NA,NA,NA,NA,NA,NA,NA,NA,NA,NA,NA,NA,NA,NA,NA,NA,NA,NA,NA,NA,NA,NA,NA,NA,NA,NA,NA,NA,NA,Donald,Parham,PIT,TE,28,1
TE,14341,robust,NA,NA,NA,NA,NA,NA,0,0,0,0,0,0,10.15,4.22541,123,37.065,0.5,0.7413,NA,NA,NA,NA,NA,NA,NA,NA,NA,NA,NA,NA,NA,NA,NA,NA,NA,NA,NA,NA,NA,NA,NA,NA,NA,NA,NA,NA,NA,NA,NA,NA,NA,NA,NA,NA,NA,NA,Donald,Parham,PIT,TE,28,1
TE,14341,weighted,NA,NA,NA,NA,NA,NA,0,0,0,0,0,0,9.945660377358491,4.03050865276332,121.2075471698113,35.35533905932736,0.46415094339622637,0.7071067811865475,NA,NA,NA,NA,NA,NA,NA,NA,NA,NA,NA,NA,NA,NA,NA,NA,NA,NA,NA,NA,NA,NA,NA,NA,NA,NA,NA,NA,NA,NA,NA,NA,NA,NA,NA,NA,NA,NA,Donald,Parham,PIT,TE,28,1
K,16414,average,NA,NA,NA,NA,NA,NA,NA,NA,NA,NA,NA,NA,NA,NA,NA,NA,NA,NA,NA,NA,NA,NA,NA,NA,NA,NA,0.13583522727272726,0.05819174244448186,6.196613893425271,1.005756865491338,8.573860838928205,1.1760167634475296,7.84177001216579,1.513689158096506,7.984609836900798,2.2928308197278335,38.9625,6.673602047299066,NA,NA,NA,NA,NA,NA,NA,NA,NA,NA,NA,NA,NA,NA,NA,NA,NA,NA,Brandon,Aubrey,DAL,K,30,-3
K,16414,robust,NA,NA,NA,NA,NA,NA,NA,NA,NA,NA,NA,NA,NA,NA,NA,NA,NA,NA,NA,NA,NA,NA,NA,NA,NA,NA,0.1466931818181818,0.022340086363636377,6.324750499001996,0.9851788669932859,8.768994586584407,1.2237704844855746,8.147623976650614,1.122165469858421,8.289235262551234,1.5227839311981466,39.15,2.2239,NA,NA,NA,NA,NA,NA,NA,NA,NA,NA,NA,NA,NA,NA,NA,NA,NA,NA,Brandon,Aubrey,DAL,K,30,-3
K,16414,weighted,NA,NA,NA,NA,NA,NA,NA,NA,NA,NA,NA,NA,NA,NA,NA,NA,NA,NA,NA,NA,NA,NA,NA,NA,NA,NA,0.13355562200956936,0.0627808809104335,6.116173835619156,1.0686285057512797,8.47450913410573,1.2543820922134277,7.797545107591866,1.5914884567790688,7.865110141666607,2.508172517399972,38.545748987854246,7.08121838017195,NA,NA,NA,NA,NA,NA,NA,NA,NA,NA,NA,NA,NA,NA,NA,NA,NA,NA,Brandon,Aubrey,DAL,K,30,-3
K,11947,average,NA,NA,NA,NA,NA,NA,NA,NA,NA,NA,NA,NA,NA,NA,NA,NA,NA,NA,NA,NA,NA,NA,NA,NA,NA,NA,0.10027875,0.044716055421962254,6.376923282442748,1.003973230998436,9.161445065430751,1.2011306867368705,6.493345791984733,1.1531078790450107,4.11991838740458,0.8152261859428592,39.1375,5.670207227253692,NA,NA,NA,NA,NA,NA,NA,NA,NA,NA,NA,NA,NA,NA,NA,NA,NA,NA,Brandon,McManus,GBP,K,34,6
K,11947,robust,NA,NA,NA,NA,NA,NA,NA,NA,NA,NA,NA,NA,NA,NA,NA,NA,NA,NA,NA,NA,NA,NA,NA,NA,NA,NA,0.10832249999999999,0.016479099,6.498854961832061,0.7429976335877866,9.171328880407124,1.1322372603053443,6.466250253544166,0.8895600000000001,4.146969029443839,1.22898356610687,38.9,3.2617199999999986,NA,NA,NA,NA,NA,NA,NA,NA,NA,NA,NA,NA,NA,NA,NA,NA,NA,NA,Brandon,McManus,GBP,K,34,6
K,11947,weighted,NA,NA,NA,NA,NA,NA,NA,NA,NA,NA,NA,NA,NA,NA,NA,NA,NA,NA,NA,NA,NA,NA,NA,NA,NA,NA,0.09898815789473683,0.04833133416440235,6.312017461445746,1.0702760003907068,9.065947763566284,1.2560161197197222,6.430304984679844,1.2321893752615474,4.098231678395932,0.8693199130660398,38.447570850202425,5.791578378455806,NA,NA,NA,NA,NA,NA,NA,NA,NA,NA,NA,NA,NA,NA,NA,NA,NA,NA,Brandon,McManus,GBP,K,34,6
K,14717,average,NA,NA,NA,NA,NA,NA,NA,NA,NA,NA,NA,NA,NA,NA,NA,NA,NA,NA,NA,NA,NA,NA,NA,NA,NA,NA,0.10803843750000001,0.046836137965584335,6.925910313146997,1.2615428088006553,8.449993702553485,0.8462988483902881,6.2636025089790275,1.6630195698915193,5.4215149712712325,1.2418259712018822,43.2125,6.90226412128658,NA,NA,NA,NA,NA,NA,NA,NA,NA,NA,NA,NA,NA,NA,NA,NA,NA,NA,Chase,McLaughlin,TBB,K,29,1
K,14717,robust,NA,NA,NA,NA,NA,NA,NA,NA,NA,NA,NA,NA,NA,NA,NA,NA,NA,NA,NA,NA,NA,NA,NA,NA,NA,NA,0.118175,0.006343674750000007,7.04364567805383,0.7638880863043477,8.560072463768115,0.9091591739130436,6.424691600216375,1.4826,5.478153212912774,0.7413,44.15,3.187589999999998,NA,NA,NA,NA,NA,NA,NA,NA,NA,NA,NA,NA,NA,NA,NA,NA,NA,NA,Chase,McLaughlin,TBB,K,29,1
K,14717,weighted,NA,NA,NA,NA,NA,NA,NA,NA,NA,NA,NA,NA,NA,NA,NA,NA,NA,NA,NA,NA,NA,NA,NA,NA,NA,NA,0.10620571862348178,0.050494793704427096,6.837388590623716,1.3462309561007983,8.334890668700739,0.8477058741444602,6.197644303148733,1.7997883656596663,5.35370698413584,1.3243381288733633,42.623279352226724,7.291758174926426,NA,NA,NA,NA,NA,NA,NA,NA,NA,NA,NA,NA,NA,NA,NA,NA,NA,NA,Chase,McLaughlin,TBB,K,29,1
K,11945,average,NA,NA,NA,NA,NA,NA,NA,NA,NA,NA,NA,NA,NA,NA,NA,NA,NA,NA,NA,NA,NA,NA,NA,NA,NA,NA,0.10107062500000001,0.044517462579908705,6.197273616236163,0.802198551568398,7.2386174222456505,0.8800417361404601,7.575298523758021,0.8857686149828341,4.528018426485558,1.2724553341184592,34.7625,5.317877530422399,NA,NA,NA,NA,NA,NA,NA,NA,NA,NA,NA,NA,NA,NA,NA,NA,NA,NA,Cairo,Santos,CHI,K,34,6
K,11945,robust,NA,NA,NA,NA,NA,NA,NA,NA,NA,NA,NA,NA,NA,NA,NA,NA,NA,NA,NA,NA,NA,NA,NA,NA,NA,NA,0.10832875,0.006734710499999986,6.304250922509225,0.34617342287822905,7.392248286768583,0.40463960147601474,7.693995530601858,0.4217295154790687,4.477150769818043,0.7413,34.5,4.373670000000004,NA,NA,NA,NA,NA,NA,NA,NA,NA,NA,NA,NA,NA,NA,NA,NA,NA,NA,Cairo,Santos,CHI,K,34,6
K,11945,weighted,NA,NA,NA,NA,NA,NA,NA,NA,NA,NA,NA,NA,NA,NA,NA,NA,NA,NA,NA,NA,NA,NA,NA,NA,NA,NA,0.10058906882591094,0.048347216987692725,6.186131138234459,0.8776434088140432,7.22547811481585,0.9635015245062125,7.5520034290202,0.9585901453387551,4.5421061685511805,1.3698596236967895,34.336032388663966,5.623694065940006,NA,NA,NA,NA,NA,NA,NA,NA,NA,NA,NA,NA,NA,NA,NA,NA,NA,NA,Cairo,Santos,CHI,K,34,6
K,17222,average,NA,NA,NA,NA,NA,NA,NA,NA,NA,NA,NA,NA,NA,NA,NA,NA,NA,NA,NA,NA,NA,NA,NA,NA,NA,NA,0.11033611111111111,0.04676886834054656,5.260662790697674,0.8000106772572965,8.144651162790698,1.2667029953533497,7.529135993400059,1.134411616683427,3.9125132063998906,0.8716928473490594,44.9625,7.053659131461992,NA,NA,NA,NA,NA,NA,NA,NA,NA,NA,NA,NA,NA,NA,NA,NA,NA,NA,Tyler,Loop,BAL,K,24,-5
K,17222,robust,NA,NA,NA,NA,NA,NA,NA,NA,NA,NA,NA,NA,NA,NA,NA,NA,NA,NA,NA,NA,NA,NA,NA,NA,NA,NA,0.11905833333333332,0.006465783333333338,5.337502948386669,0.5549637121844563,8.373043132578017,0.6420474299344071,7.5731585930670695,0.9151677993600957,4.055873212427038,0.1828140697452566,45.925,3.7064999999999997,NA,NA,NA,NA,NA,NA,NA,NA,NA,NA,NA,NA,NA,NA,NA,NA,NA,NA,Tyler,Loop,BAL,K,24,-5
K,17222,weighted,NA,NA,NA,NA,NA,NA,NA,NA,NA,NA,NA,NA,NA,NA,NA,NA,NA,NA,NA,NA,NA,NA,NA,NA,NA,NA,0.10880707377417903,0.05050213739271647,5.19010118372702,0.8403321286706734,8.036794344698498,1.3411397708850055,7.420098640615723,1.206037999094032,3.883451227873666,0.9567081533942495,44.66093117408907,7.6208751208121415,NA,NA,NA,NA,NA,NA,NA,NA,NA,NA,NA,NA,NA,NA,NA,NA,NA,NA,Tyler,Loop,BAL,K,24,-5
K,16846,average,NA,NA,NA,NA,NA,NA,NA,NA,NA,NA,NA,NA,NA,NA,NA,NA,NA,NA,NA,NA,NA,NA,NA,NA,NA,NA,0.1028455882352941,0.042995774401809184,4.7654671410857725,0.7009729486621745,8.311272171006523,1.311204766144118,6.7905830415118755,1.1823108055570226,4.935373039739411,0.8522271869769548,50.0125,9.004830053127836,NA,NA,NA,NA,NA,NA,NA,NA,NA,NA,NA,NA,NA,NA,NA,NA,NA,NA,Jake,Bates,DET,K,26,-3
K,16846,robust,NA,NA,NA,NA,NA,NA,NA,NA,NA,NA,NA,NA,NA,NA,NA,NA,NA,NA,NA,NA,NA,NA,NA,NA,NA,NA,0.11276470588235293,0.009288052941176453,4.91777327460177,0.42063984559180295,8.595082658649744,0.7291477606530242,6.952421172588228,0.9747944084234098,5.059463193237944,0.2885061588574831,50.25,8.1543,NA,NA,NA,NA,NA,NA,NA,NA,NA,NA,NA,NA,NA,NA,NA,NA,NA,NA,Jake,Bates,DET,K,26,-3
K,16846,weighted,NA,NA,NA,NA,NA,NA,NA,NA,NA,NA,NA,NA,NA,NA,NA,NA,NA,NA,NA,NA,NA,NA,NA,NA,NA,NA,0.10144849964277208,0.04646820582111568,4.710870273878327,0.7479084333551855,8.221142100650079,1.4147396275631752,6.698761314259034,1.2620359836559303,4.874994192588619,0.916662270219092,50.064777327935225,9.706032854698831,NA,NA,NA,NA,NA,NA,NA,NA,NA,NA,NA,NA,NA,NA,NA,NA,NA,NA,Jake,Bates,DET,K,26,-3
K,16681,average,NA,NA,NA,NA,NA,NA,NA,NA,NA,NA,NA,NA,NA,NA,NA,NA,NA,NA,NA,NA,NA,NA,NA,NA,NA,NA,0.20708600680070965,0.022579807959726757,5.827018576403556,0.6368543167344443,8.454902706203711,0.7415694973664797,6.382187142837722,1.098881407767678,5.276672120294926,1.0152627288970355,37.15,6.374726884905962,NA,NA,NA,NA,NA,NA,NA,NA,NA,NA,NA,NA,NA,NA,NA,NA,NA,NA,Will,Reichard,MIN,K,24,-4
K,16681,robust,NA,NA,NA,NA,NA,NA,NA,NA,NA,NA,NA,NA,NA,NA,NA,NA,NA,NA,NA,NA,NA,NA,NA,NA,NA,NA,0.21267622708456538,0.011678287936132452,5.982598631409985,0.32851113818253463,8.46039818647743,0.7721327025428749,6.52978028566185,0.6971477484777406,5.24584424058985,0.44046706976895883,37.05,4.596060000000002,NA,NA,NA,NA,NA,NA,NA,NA,NA,NA,NA,NA,NA,NA,NA,NA,NA,NA,Will,Reichard,MIN,K,24,-4
K,16681,weighted,NA,NA,NA,NA,NA,NA,NA,NA,NA,NA,NA,NA,NA,NA,NA,NA,NA,NA,NA,NA,NA,NA,NA,NA,NA,NA,0.20493947077127384,0.023840265319480303,5.767128995136403,0.6733521807575362,8.365541970971645,0.7618089765567313,6.320085648337645,1.18163958879947,5.2236535612329,1.0969178938625324,36.36032388663968,6.558925984555074,NA,NA,NA,NA,NA,NA,NA,NA,NA,NA,NA,NA,NA,NA,NA,NA,NA,NA,Will,Reichard,MIN,K,24,-4
K,11936,average,NA,NA,NA,NA,NA,NA,NA,NA,NA,NA,NA,NA,NA,NA,NA,NA,NA,NA,NA,NA,NA,NA,NA,NA,NA,NA,0.1098875,0.045746987716575205,6.955442251461989,1.2145310493908592,8.600350877192982,1.5752985045248329,7.365162280701754,1.1358277756899011,6.082577631578948,1.4367545959794474,32.5875,4.409871232328024,NA,NA,NA,NA,NA,NA,NA,NA,NA,NA,NA,NA,NA,NA,NA,NA,NA,NA,Chris,Boswell,PIT,K,34,6
K,11936,robust,NA,NA,NA,NA,NA,NA,NA,NA,NA,NA,NA,NA,NA,NA,NA,NA,NA,NA,NA,NA,NA,NA,NA,NA,NA,NA,0.11998421052631579,0.005813352631578962,7.18390350877193,0.3910249122807022,9.000438596491227,0.4304742105263156,7.5,0.8066644526315796,6.320313157894737,0.9102461715789477,33.225,2.9652,NA,NA,NA,NA,NA,NA,NA,NA,NA,NA,NA,NA,NA,NA,NA,NA,NA,NA,Chris,Boswell,PIT,K,34,6
K,11936,weighted,NA,NA,NA,NA,NA,NA,NA,NA,NA,NA,NA,NA,NA,NA,NA,NA,NA,NA,NA,NA,NA,NA,NA,NA,NA,NA,0.10847981035584914,0.0493968608474802,6.910792078035846,1.3172176241367708,8.546147631223807,1.7104731024581616,7.31395837772569,1.2148585281588633,6.019507564457704,1.5630061954874617,32.286842105263155,4.521554570351714,NA,NA,NA,NA,NA,NA,NA,NA,NA,NA,NA,NA,NA,NA,NA,NA,NA,NA,Chris,Boswell,PIT,K,34,6
K,13980,average,NA,NA,NA,NA,NA,NA,NA,NA,NA,NA,NA,NA,NA,NA,NA,NA,NA,NA,NA,NA,NA,NA,NA,NA,NA,NA,0.10294736842105263,0.08492724603514218,2.75,2.4748737341529163,4.5,3.5355339059327378,3.6,3.6769552621700474,1.185,0.26162950903902266,16,12.727922061357855,NA,NA,NA,NA,NA,NA,NA,NA,NA,NA,NA,NA,NA,NA,NA,NA,NA,NA,Mike,Badgley,IND,K,30,2
K,13980,robust,NA,NA,NA,NA,NA,NA,NA,NA,NA,NA,NA,NA,NA,NA,NA,NA,NA,NA,NA,NA,NA,NA,NA,NA,NA,NA,0.10294736842105263,0.08903403157894736,2.75,2.59455,4.5,3.7064999999999997,3.6,3.8547599999999997,1.185,0.27428100000000005,16,13.343399999999999,NA,NA,NA,NA,NA,NA,NA,NA,NA,NA,NA,NA,NA,NA,NA,NA,NA,NA,Mike,Badgley,IND,K,30,2
K,13980,weighted,NA,NA,NA,NA,NA,NA,NA,NA,NA,NA,NA,NA,NA,NA,NA,NA,NA,NA,NA,NA,NA,NA,NA,NA,NA,NA,0.10400092336103416,0.08492724603514216,2.7807017543859645,2.474873734152916,4.5438596491228065,3.5355339059327373,3.6456140350877186,3.676955262170047,1.1882456140350877,0.26162950903902266,16.157894736842103,12.727922061357853,NA,NA,NA,NA,NA,NA,NA,NA,NA,NA,NA,NA,NA,NA,NA,NA,NA,NA,Mike,Badgley,IND,K,30,2
K,13354,average,NA,NA,NA,NA,NA,NA,NA,NA,NA,NA,NA,NA,NA,NA,NA,NA,NA,NA,NA,NA,NA,NA,NA,NA,NA,NA,0.5776745279322083,0.23010046116425298,7.349808876833778,1.4366732736776653,9.086735782861062,1.3851985174911252,6.277904246161006,1.2241324903224078,4.320226640297813,0.9303252039018458,41.2875,7.892390096071749,NA,NA,NA,NA,NA,NA,NA,NA,NA,NA,NA,NA,NA,NA,NA,NA,NA,NA,Harrison,Butker,KCC,K,30,3
K,13354,robust,NA,NA,NA,NA,NA,NA,NA,NA,NA,NA,NA,NA,NA,NA,NA,NA,NA,NA,NA,NA,NA,NA,NA,NA,NA,NA,0.5823276464777578,0.026351807659866302,7.40029738434033,0.5450513051602947,9.116448286840882,0.675802311503514,6.436588219735006,0.7488751234047651,4.287953280595626,0.8067280374147101,43,4.4478,NA,NA,NA,NA,NA,NA,NA,NA,NA,NA,NA,NA,NA,NA,NA,NA,NA,NA,Harrison,Butker,KCC,K,30,3
K,13354,weighted,NA,NA,NA,NA,NA,NA,NA,NA,NA,NA,NA,NA,NA,NA,NA,NA,NA,NA,NA,NA,NA,NA,NA,NA,NA,NA,0.5722342436257863,0.2496947281122295,7.277396091641492,1.5477782429361038,8.992659288041281,1.4838254831107693,6.1977943594298095,1.3068567935500963,4.282236466705807,1.0032169823680246,40.913967611336034,8.495697822967205,NA,NA,NA,NA,NA,NA,NA,NA,NA,NA,NA,NA,NA,NA,NA,NA,NA,NA,Harrison,Butker,KCC,K,30,3
K,12860,average,NA,NA,NA,NA,NA,NA,NA,NA,NA,NA,NA,NA,NA,NA,NA,NA,NA,NA,NA,NA,NA,NA,NA,NA,NA,NA,0.12306503759398497,0.05606549223837608,7.258894481713265,1.3095058930825896,9.57839313853496,1.7921837114827068,6.506138342319768,1.4379177560695795,6.28855544511185,1.7619681268477032,32.82857142857143,4.858571218549161,NA,NA,NA,NA,NA,NA,NA,NA,NA,NA,NA,NA,NA,NA,NA,NA,NA,NA,Ka'imi,Fairbairn,HOU,K,31,4
K,12860,robust,NA,NA,NA,NA,NA,NA,NA,NA,NA,NA,NA,NA,NA,NA,NA,NA,NA,NA,NA,NA,NA,NA,NA,NA,NA,NA,0.13608947368421054,0.011209236315789496,7.405752845186819,0.7281892410547316,9.766265889274084,1.3030448200441231,6.840187201594995,1.3181168539509003,6.31881988518426,1.3337040136295477,33.7,2.9652,NA,NA,NA,NA,NA,NA,NA,NA,NA,NA,NA,NA,NA,NA,NA,NA,NA,NA,Ka'imi,Fairbairn,HOU,K,31,4
K,12860,weighted,NA,NA,NA,NA,NA,NA,NA,NA,NA,NA,NA,NA,NA,NA,NA,NA,NA,NA,NA,NA,NA,NA,NA,NA,NA,NA,0.12050917065390751,0.0607423216704496,7.183535434345393,1.4194663673351933,9.4804053284671,1.94416186949909,6.428808838628084,1.551905964584067,6.21427069528021,1.9314644837119632,32.38927738927739,5.175117953680171,NA,NA,NA,NA,NA,NA,NA,NA,NA,NA,NA,NA,NA,NA,NA,NA,NA,NA,Ka'imi,Fairbairn,HOU,K,31,4
K,12437,average,NA,NA,NA,NA,NA,NA,NA,NA,NA,NA,NA,NA,NA,NA,NA,NA,NA,NA,NA,NA,NA,NA,NA,NA,NA,NA,0.10468402777777777,0.043920234279505685,6.081416235475672,0.9956447613102724,7.382285425744372,1.1434492119486959,7.474080788445646,0.8590150442109491,4.967090899913606,1.1541209910850225,33.525,4.931458781566132,NA,NA,NA,NA,NA,NA,NA,NA,NA,NA,NA,NA,NA,NA,NA,NA,NA,NA,Jason,Myers,SEA,K,34,6
K,12437,robust,NA,NA,NA,NA,NA,NA,NA,NA,NA,NA,NA,NA,NA,NA,NA,NA,NA,NA,NA,NA,NA,NA,NA,NA,NA,NA,0.11558333333333332,0.009019150000000004,6.256093409586057,0.5849278254357302,7.652408315177922,0.6079427140522878,7.623659755089776,0.5351591779355424,5,0.42931195489632634,33.25,3.7064999999999997,NA,NA,NA,NA,NA,NA,NA,NA,NA,NA,NA,NA,NA,NA,NA,NA,NA,NA,Jason,Myers,SEA,K,34,6
K,12437,weighted,NA,NA,NA,NA,NA,NA,NA,NA,NA,NA,NA,NA,NA,NA,NA,NA,NA,NA,NA,NA,NA,NA,NA,NA,NA,NA,0.10352339181286549,0.04749289727531467,6.041816577433193,1.0772798947106497,7.33610949403003,1.2390904370790956,7.434988906773095,0.9238434419783621,4.939535432971177,1.2514285098443605,33.439271255060724,5.3345022881224216,NA,NA,NA,NA,NA,NA,NA,NA,NA,NA,NA,NA,NA,NA,NA,NA,NA,NA,Jason,Myers,SEA,K,34,6
K,14244,average,NA,NA,NA,NA,NA,NA,NA,NA,NA,NA,NA,NA,NA,NA,NA,NA,NA,NA,NA,NA,NA,NA,NA,NA,NA,NA,0.10930036764705882,0.04510891105692118,7.000851057552651,1.284972378344273,8.338238369190268,1.591185654395444,7.762718925070028,1.252500679011881,3.970870518207283,1.005532026907599,40.4,7.054076835419359,NA,NA,NA,NA,NA,NA,NA,NA,NA,NA,NA,NA,NA,NA,NA,NA,NA,NA,Matt,Gay,WAS,K,31,1
K,14244,robust,NA,NA,NA,NA,NA,NA,NA,NA,NA,NA,NA,NA,NA,NA,NA,NA,NA,NA,NA,NA,NA,NA,NA,NA,NA,NA,0.12186544117647058,0.00935346176470589,7.352590368554829,0.4541875653594767,8.743315223311546,0.6940380201252729,7.899638577653284,0.9727578893790838,4,0.9028923716339866,41.15,3.2617199999999986,NA,NA,NA,NA,NA,NA,NA,NA,NA,NA,NA,NA,NA,NA,NA,NA,NA,NA,Matt,Gay,WAS,K,31,1
K,14244,weighted,NA,NA,NA,NA,NA,NA,NA,NA,NA,NA,NA,NA,NA,NA,NA,NA,NA,NA,NA,NA,NA,NA,NA,NA,NA,NA,0.1068030185758514,0.04832452711881033,6.896483126126443,1.374819302524859,8.215478664268977,1.7049917350434198,7.625142657265335,1.3208020887472367,3.926900605586364,1.0759166282248551,39.55728744939271,6.967949384246582,NA,NA,NA,NA,NA,NA,NA,NA,NA,NA,NA,NA,NA,NA,NA,NA,NA,NA,Matt,Gay,WAS,K,31,1
K,16405,average,NA,NA,NA,NA,NA,NA,NA,NA,NA,NA,NA,NA,NA,NA,NA,NA,NA,NA,NA,NA,NA,NA,NA,NA,NA,NA,0.10222222222222223,0.08171011693711216,2.8,2.545584412271571,4.45,3.464823227814083,2.785,2.5243712088359747,1.515,0.7283199846221438,15.5,12.020815280171307,NA,NA,NA,NA,NA,NA,NA,NA,NA,NA,NA,NA,NA,NA,NA,NA,NA,NA,John Parker,Romo,ATL,K,28,-2
K,16405,robust,NA,NA,NA,NA,NA,NA,NA,NA,NA,NA,NA,NA,NA,NA,NA,NA,NA,NA,NA,NA,NA,NA,NA,NA,NA,NA,0.10222222222222223,0.08566133333333333,2.8,2.6686799999999997,4.45,3.63237,2.785,2.6464410000000003,1.515,0.7635389999999999,15.5,12.6021,NA,NA,NA,NA,NA,NA,NA,NA,NA,NA,NA,NA,NA,NA,NA,NA,NA,NA,John Parker,Romo,ATL,K,28,-2
K,16405,weighted,NA,NA,NA,NA,NA,NA,NA,NA,NA,NA,NA,NA,NA,NA,NA,NA,NA,NA,NA,NA,NA,NA,NA,NA,NA,NA,0.10323586744639375,0.08171011693711214,2.8315789473684205,2.5455844122715705,4.49298245614035,3.4648232278140823,2.8163157894736837,2.5243712088359747,1.5240350877192979,0.7283199846221436,15.649122807017543,12.020815280171306,NA,NA,NA,NA,NA,NA,NA,NA,NA,NA,NA,NA,NA,NA,NA,NA,NA,NA,John Parker,Romo,ATL,K,28,-2
K,16292,average,NA,NA,NA,NA,NA,NA,NA,NA,NA,NA,NA,NA,NA,NA,NA,NA,NA,NA,NA,NA,NA,NA,NA,NA,NA,NA,0.09575555555555557,0.04071177652467913,5.744204147874812,0.8113859999237355,8.4357926176484,1.2490002135700784,6.923068529256722,0.7352036756672755,4.241517190886194,0.7810993575819987,31.9,5.4688729578014,NA,NA,NA,NA,NA,NA,NA,NA,NA,NA,NA,NA,NA,NA,NA,NA,NA,NA,Chad,Ryland,ARI,K,26,-3
K,16292,robust,NA,NA,NA,NA,NA,NA,NA,NA,NA,NA,NA,NA,NA,NA,NA,NA,NA,NA,NA,NA,NA,NA,NA,NA,NA,NA,0.10425000000000001,0.006869380000000004,5.9767804428044276,0.31214332554325586,8.64343184820737,0.8187891686483533,6.925000000000001,0.8464463254612551,4.345534381772389,0.463628521115211,31.8,6.52344,NA,NA,NA,NA,NA,NA,NA,NA,NA,NA,NA,NA,NA,NA,NA,NA,NA,NA,Chad,Ryland,ARI,K,26,-3
K,16292,weighted,NA,NA,NA,NA,NA,NA,NA,NA,NA,NA,NA,NA,NA,NA,NA,NA,NA,NA,NA,NA,NA,NA,NA,NA,NA,NA,0.09391332096266308,0.04378670657078301,5.665270247203146,0.853710683138909,8.320955085000692,1.3166245102968959,6.831026156791354,0.7236847997876623,4.199468089634626,0.8416116059089009,31.084412955465588,5.088635894459262,NA,NA,NA,NA,NA,NA,NA,NA,NA,NA,NA,NA,NA,NA,NA,NA,NA,NA,Chad,Ryland,ARI,K,26,-3
K,12956,average,NA,NA,NA,NA,NA,NA,NA,NA,NA,NA,NA,NA,NA,NA,NA,NA,NA,NA,NA,NA,NA,NA,NA,NA,NA,NA,0.10293750000000002,0.042306932402245694,5.995184686069551,1.0278983638600554,9.64318268770923,1.633511320492788,7.198175404796064,1.479927104578421,4.754718552298968,0.9338346067444645,37.525,5.593810354822041,NA,NA,NA,NA,NA,NA,NA,NA,NA,NA,NA,NA,NA,NA,NA,NA,NA,NA,Wil,Lutz,DEN,K,31,4
K,12956,robust,NA,NA,NA,NA,NA,NA,NA,NA,NA,NA,NA,NA,NA,NA,NA,NA,NA,NA,NA,NA,NA,NA,NA,NA,NA,NA,0.11514705882352944,0.005886794117647065,6.230330361412859,0.42208134031563865,10.046618842659013,0.6806204648493542,7.431127280180364,0.6671700000000003,4.990356862745098,0.20583710576757572,38.05,3.7064999999999997,NA,NA,NA,NA,NA,NA,NA,NA,NA,NA,NA,NA,NA,NA,NA,NA,NA,NA,Wil,Lutz,DEN,K,31,4
K,12956,weighted,NA,NA,NA,NA,NA,NA,NA,NA,NA,NA,NA,NA,NA,NA,NA,NA,NA,NA,NA,NA,NA,NA,NA,NA,NA,NA,0.10133439509407002,0.045611398311474344,5.94130431129695,1.1113471857475223,9.560539385103304,1.7620312509202265,7.124880704962937,1.5954988638483907,4.716069631782801,1.011500405352109,37.01619433198381,5.865792747878098,NA,NA,NA,NA,NA,NA,NA,NA,NA,NA,NA,NA,NA,NA,NA,NA,NA,NA,Wil,Lutz,DEN,K,31,4
K,15979,average,NA,NA,NA,NA,NA,NA,NA,NA,NA,NA,NA,NA,NA,NA,NA,NA,NA,NA,NA,NA,NA,NA,NA,NA,NA,NA,0.5954060520652747,0.23207977229209142,6.064016931140962,0.9383384032075007,9.687882043046205,1.3791178808705433,8.20991970227143,1.6415233108057765,4.726617395389071,1.623698012530088,35.85,6.698187388071066,NA,NA,NA,NA,NA,NA,NA,NA,NA,NA,NA,NA,NA,NA,NA,NA,NA,NA,Cameron,Dicker,LAC,K,25,-2
K,15979,robust,NA,NA,NA,NA,NA,NA,NA,NA,NA,NA,NA,NA,NA,NA,NA,NA,NA,NA,NA,NA,NA,NA,NA,NA,NA,NA,0.6022725574238927,0.07201042690618256,6.239390005636919,0.4515130525360816,9.740944148417586,1.1391650862023128,8.610926464801166,0.9636900000000005,4.973446423392858,1.0894454114546437,37.5,3.7064999999999997,NA,NA,NA,NA,NA,NA,NA,NA,NA,NA,NA,NA,NA,NA,NA,NA,NA,NA,Cameron,Dicker,LAC,K,25,-2
K,15979,weighted,NA,NA,NA,NA,NA,NA,NA,NA,NA,NA,NA,NA,NA,NA,NA,NA,NA,NA,NA,NA,NA,NA,NA,NA,NA,NA,0.5909659389841487,0.25167460382094164,6.0004634544332855,0.9978303194197528,9.581962343021047,1.4532820204016743,8.122357398324008,1.7732196982153887,4.720417155905072,1.7288443364047053,35.550607287449395,7.257097047436076,NA,NA,NA,NA,NA,NA,NA,NA,NA,NA,NA,NA,NA,NA,NA,NA,NA,NA,Cameron,Dicker,LAC,K,25,-2
K,16444,average,NA,NA,NA,NA,NA,NA,NA,NA,NA,NA,NA,NA,NA,NA,NA,NA,NA,NA,NA,NA,NA,NA,NA,NA,NA,NA,0.09993923611111111,0.042652320629821855,6.30517178362573,0.9034351545323374,7.732456140350877,1.1857533122781063,6.620224617827726,1.1009459861294122,4.81354893588968,0.8155117083731597,29.8875,5.111733700866217,NA,NA,NA,NA,NA,NA,NA,NA,NA,NA,NA,NA,NA,NA,NA,NA,NA,NA,Blake,Grupe,NOS,K,27,-3
K,16444,robust,NA,NA,NA,NA,NA,NA,NA,NA,NA,NA,NA,NA,NA,NA,NA,NA,NA,NA,NA,NA,NA,NA,NA,NA,NA,NA,0.10875,0.011943166666666661,6.408604176038386,0.8014771311291041,8.012235717498875,0.8566466801619423,6.750536192935922,0.3851322056959377,4.887702289543488,0.28005825756433533,29.525,2.9652,NA,NA,NA,NA,NA,NA,NA,NA,NA,NA,NA,NA,NA,NA,NA,NA,NA,NA,Blake,Grupe,NOS,K,27,-3
K,16444,weighted,NA,NA,NA,NA,NA,NA,NA,NA,NA,NA,NA,NA,NA,NA,NA,NA,NA,NA,NA,NA,NA,NA,NA,NA,NA,NA,0.09897815452091767,0.04620594815443421,6.251619061364959,0.968236476075085,7.6714269388305185,1.2862933271604042,6.554417546930611,1.1834473388866333,4.762359343879231,0.8726884730532986,29.63056680161943,5.417915839940399,NA,NA,NA,NA,NA,NA,NA,NA,NA,NA,NA,NA,NA,NA,NA,NA,NA,NA,Blake,Grupe,NOS,K,27,-3
K,15368,average,NA,NA,NA,NA,NA,NA,NA,NA,NA,NA,NA,NA,NA,NA,NA,NA,NA,NA,NA,NA,NA,NA,NA,NA,NA,NA,0.0923828125,0.038524758497609134,6.458803826306544,1.3933323823714732,6.645536359976577,1.1519781542343543,6.892939462560387,1.0549609102677957,4.985904696420729,1.221900578090746,42.7375,6.7892641090811265,NA,NA,NA,NA,NA,NA,NA,NA,NA,NA,NA,NA,NA,NA,NA,NA,NA,NA,Evan,McPherson,CIN,K,26,-1
K,15368,robust,NA,NA,NA,NA,NA,NA,NA,NA,NA,NA,NA,NA,NA,NA,NA,NA,NA,NA,NA,NA,NA,NA,NA,NA,NA,NA,0.10390625,0.0023165625000000018,6.495321146245059,0.7343631314229249,6.6866917971990425,0.7356268285316943,6.945213164251207,1.1547463472222224,5.1,0.27816298766359265,44.475,3.0393299999999956,NA,NA,NA,NA,NA,NA,NA,NA,NA,NA,NA,NA,NA,NA,NA,NA,NA,NA,Evan,McPherson,CIN,K,26,-1
K,15368,weighted,NA,NA,NA,NA,NA,NA,NA,NA,NA,NA,NA,NA,NA,NA,NA,NA,NA,NA,NA,NA,NA,NA,NA,NA,NA,NA,0.09078868294534413,0.0415248720273541,6.391059786312933,1.511462548771022,6.569617765452052,1.2421421376315587,6.793006174741014,1.1151724564305505,4.911163251137793,1.3044549062025086,42.11538461538461,7.179345984951274,NA,NA,NA,NA,NA,NA,NA,NA,NA,NA,NA,NA,NA,NA,NA,NA,NA,NA,Evan,McPherson,CIN,K,26,-1
K,13719,average,NA,NA,NA,NA,NA,NA,NA,NA,NA,NA,NA,NA,NA,NA,NA,NA,NA,NA,NA,NA,NA,NA,NA,NA,NA,NA,0.06805555555555555,0.07410246909466597,1.8666666666666665,2.4193663082165404,2.5933333333333333,2.4158090432261683,2.433333333333333,2.6764404221527767,1.3733333333333333,1.5931520119980183,14.5,5.5,NA,NA,NA,NA,NA,NA,NA,NA,NA,NA,NA,NA,NA,NA,NA,NA,NA,NA,Eddy,Pineiro,SFO,K,30,2
K,13719,robust,NA,NA,NA,NA,NA,NA,NA,NA,NA,NA,NA,NA,NA,NA,NA,NA,NA,NA,NA,NA,NA,NA,NA,NA,NA,NA,0.06533333333333333,0.08475529999999998,1.65,1.4826,2.6950000000000003,2.639028,2.325,2.9652,1.28,1.4826,14.5,8.1543,NA,NA,NA,NA,NA,NA,NA,NA,NA,NA,NA,NA,NA,NA,NA,NA,NA,NA,Eddy,Pineiro,SFO,K,30,2
K,13719,weighted,NA,NA,NA,NA,NA,NA,NA,NA,NA,NA,NA,NA,NA,NA,NA,NA,NA,NA,NA,NA,NA,NA,NA,NA,NA,NA,0.0663310708898944,0.074785762606285,1.8257918552036199,2.427795649025915,2.5183257918552036,2.4522221329219134,2.3721719457013575,2.7001419919787177,1.3402714932126698,1.6042930337249075,14.562217194570136,5.411668657639849,NA,NA,NA,NA,NA,NA,NA,NA,NA,NA,NA,NA,NA,NA,NA,NA,NA,NA,Eddy,Pineiro,SFO,K,30,2
K,16775,average,NA,NA,NA,NA,NA,NA,NA,NA,NA,NA,NA,NA,NA,NA,NA,NA,NA,NA,NA,NA,NA,NA,NA,NA,NA,NA,0.09536029411764707,0.04013351958729346,7.541514084507042,1.3082060643034927,8.358425553319918,1.4873342053321739,6.364437655343828,1.4087017973758487,4.072055302402651,1.0014350789730178,34.825,6.586945964774354,NA,NA,NA,NA,NA,NA,NA,NA,NA,NA,NA,NA,NA,NA,NA,NA,NA,NA,Joshua,Karty,LAR,K,23,-4
K,16775,robust,NA,NA,NA,NA,NA,NA,NA,NA,NA,NA,NA,NA,NA,NA,NA,NA,NA,NA,NA,NA,NA,NA,NA,NA,NA,NA,0.10595588235294119,0.011424741176470594,7.657634631317315,1.219674954432476,8.536998461356372,1.1611272576636276,6.667279954235216,0.7224321938690971,4.274786542786129,0.7451167869096934,35.4,5.6338800000000004,NA,NA,NA,NA,NA,NA,NA,NA,NA,NA,NA,NA,NA,NA,NA,NA,NA,NA,Joshua,Karty,LAR,K,23,-4
K,16775,weighted,NA,NA,NA,NA,NA,NA,NA,NA,NA,NA,NA,NA,NA,NA,NA,NA,NA,NA,NA,NA,NA,NA,NA,NA,NA,NA,0.09352351750416767,0.04312780868471146,7.452832884422515,1.3964982907826013,8.261297063160098,1.591335196954879,6.271547347512877,1.5106552240856699,4.047402948052689,1.0825971725687182,34.28542510121458,6.963781325067033,NA,NA,NA,NA,NA,NA,NA,NA,NA,NA,NA,NA,NA,NA,NA,NA,NA,NA,Joshua,Karty,LAR,K,23,-4
K,13303,average,NA,NA,NA,NA,NA,NA,NA,NA,NA,NA,NA,NA,NA,NA,NA,NA,NA,NA,NA,NA,NA,NA,NA,NA,NA,NA,0.10766125,0.04380572710029722,7.017534470435347,1.4607663093618657,8.595641650422353,1.5535915163848104,7.002603752436647,1.4215364878326948,4.15215239348371,0.9673273956718219,43.625,6.8722526978318506,NA,NA,NA,NA,NA,NA,NA,NA,NA,NA,NA,NA,NA,NA,NA,NA,NA,NA,Jake,Elliott,PHI,K,30,3
K,13303,robust,NA,NA,NA,NA,NA,NA,NA,NA,NA,NA,NA,NA,NA,NA,NA,NA,NA,NA,NA,NA,NA,NA,NA,NA,NA,NA,0.12179749999999999,0.009562769999999996,7.380920792722547,0.5804220046783626,9.02040285899935,0.6684705263157878,7.3818381091617935,0.5444786363742695,4.329895513784462,0.6208964562105249,44.8,3.8547599999999966,NA,NA,NA,NA,NA,NA,NA,NA,NA,NA,NA,NA,NA,NA,NA,NA,NA,NA,Jake,Elliott,PHI,K,30,3
K,13303,weighted,NA,NA,NA,NA,NA,NA,NA,NA,NA,NA,NA,NA,NA,NA,NA,NA,NA,NA,NA,NA,NA,NA,NA,NA,NA,NA,0.10491042510121458,0.046749553351006806,6.909980585742359,1.5683740416387189,8.456135615692402,1.6498346351148703,6.896072546976979,1.5134862914062992,4.078566023357991,1.0309587969557592,43.202631578947376,7.377815650036088,NA,NA,NA,NA,NA,NA,NA,NA,NA,NA,NA,NA,NA,NA,NA,NA,NA,NA,Jake,Elliott,PHI,K,30,3
K,17220,average,NA,NA,NA,NA,NA,NA,NA,NA,NA,NA,NA,NA,NA,NA,NA,NA,NA,NA,NA,NA,NA,NA,NA,NA,NA,NA,0.15250468749999999,0.06462119408435898,5.614134615384615,0.987532332522251,8.380310096153845,1.4943640398880855,6.186635185185185,1.59034687532622,3.563612037037037,0.8178024595438921,31.725,5.385629025471398,NA,NA,NA,NA,NA,NA,NA,NA,NA,NA,NA,NA,NA,NA,NA,NA,NA,NA,Andres,Borregales,NEP,K,23,-5
K,17220,robust,NA,NA,NA,NA,NA,NA,NA,NA,NA,NA,NA,NA,NA,NA,NA,NA,NA,NA,NA,NA,NA,NA,NA,NA,NA,NA,0.16328125,0.019366462500000004,5.733653846153846,0.6956815384615379,8.446750000000002,0.6895373019230787,6.25185698005698,1.660558252051282,3.6,0.8895600000000001,32.9,3.113460000000002,NA,NA,NA,NA,NA,NA,NA,NA,NA,NA,NA,NA,NA,NA,NA,NA,NA,NA,Andres,Borregales,NEP,K,23,-5
K,17220,weighted,NA,NA,NA,NA,NA,NA,NA,NA,NA,NA,NA,NA,NA,NA,NA,NA,NA,NA,NA,NA,NA,NA,NA,NA,NA,NA,0.1508996394230769,0.06985712548868125,5.565785580815945,1.0606210205357174,8.308666206010589,1.6094138274178456,6.135781820593562,1.7138607043626328,3.560018198438239,0.9036274522401572,31.515182186234817,5.8220063948592,NA,NA,NA,NA,NA,NA,NA,NA,NA,NA,NA,NA,NA,NA,NA,NA,NA,NA,Andres,Borregales,NEP,K,23,-5
K,8851,average,NA,NA,NA,NA,NA,NA,NA,NA,NA,NA,NA,NA,NA,NA,NA,NA,NA,NA,NA,NA,NA,NA,NA,NA,NA,NA,0.09721979166666667,0.04892779124904799,5.71694147039758,1.2797407988968232,6.660526613367906,2.0930692953271954,7.0411015715031695,1.360102285206219,3.6522129452067125,0.8508399284299825,29.15,4.928995840939613,NA,NA,NA,NA,NA,NA,NA,NA,NA,NA,NA,NA,NA,NA,NA,NA,NA,NA,Nick,Folk,NYJ,K,41,13
K,8851,robust,NA,NA,NA,NA,NA,NA,NA,NA,NA,NA,NA,NA,NA,NA,NA,NA,NA,NA,NA,NA,NA,NA,NA,NA,NA,NA,0.109503125,0.015520968750000008,6,1.1927030461808557,6.68,2.2624029105661188,7,0.37316343026820264,3.566902560951455,0.8002130008237895,29.45,3.2617199999999986,NA,NA,NA,NA,NA,NA,NA,NA,NA,NA,NA,NA,NA,NA,NA,NA,NA,NA,Nick,Folk,NYJ,K,41,13
K,8851,weighted,NA,NA,NA,NA,NA,NA,NA,NA,NA,NA,NA,NA,NA,NA,NA,NA,NA,NA,NA,NA,NA,NA,NA,NA,NA,NA,0.09551488095238096,0.05362745076245003,5.611324233885429,1.3915652690331783,6.551633069534355,2.2912215196366894,6.880401416094384,1.4339746387883048,3.58857191149652,0.9288695641186799,28.35374149659864,4.969814738428823,NA,NA,NA,NA,NA,NA,NA,NA,NA,NA,NA,NA,NA,NA,NA,NA,NA,NA,Nick,Folk,NYJ,K,41,13
K,9694,average,NA,NA,NA,NA,NA,NA,NA,NA,NA,NA,NA,NA,NA,NA,NA,NA,NA,NA,NA,NA,NA,NA,NA,NA,NA,NA,0.085425,0.035344029107983795,5.663415343915344,1.3730611163426443,7.312304012345679,1.8353194816224152,6.5665186067019405,1.7770084952054939,4.177130070546737,1.209570964494275,28.975,4.597126431649604,NA,NA,NA,NA,NA,NA,NA,NA,NA,NA,NA,NA,NA,NA,NA,NA,NA,NA,Graham,Gano,NYG,K,38,11
K,9694,robust,NA,NA,NA,NA,NA,NA,NA,NA,NA,NA,NA,NA,NA,NA,NA,NA,NA,NA,NA,NA,NA,NA,NA,NA,NA,NA,0.09580714285714285,0.009181529999999993,5.870698412698413,1.1115420888888885,7.637981481481482,1.2408721370370375,6.807386243386244,0.817255140740741,4.21112962962963,1.0436745703703694,29.625,3.3358499999999998,NA,NA,NA,NA,NA,NA,NA,NA,NA,NA,NA,NA,NA,NA,NA,NA,NA,NA,Graham,Gano,NYG,K,38,11
K,9694,weighted,NA,NA,NA,NA,NA,NA,NA,NA,NA,NA,NA,NA,NA,NA,NA,NA,NA,NA,NA,NA,NA,NA,NA,NA,NA,NA,0.08452313475997686,0.03814916999400422,5.6041254846518,1.4771329540965705,7.237034163042935,1.9745319421520897,6.47920090825354,1.905209661267075,4.132059422059422,1.297117584735277,28.526923076923076,4.832196259234253,NA,NA,NA,NA,NA,NA,NA,NA,NA,NA,NA,NA,NA,NA,NA,NA,NA,NA,Graham,Gano,NYG,K,38,11
K,16680,average,NA,NA,NA,NA,NA,NA,NA,NA,NA,NA,NA,NA,NA,NA,NA,NA,NA,NA,NA,NA,NA,NA,NA,NA,NA,NA,0.0997,0.040812183054993345,7.171402160493828,1.2290350997361712,7.099076080246913,1.3898577744204759,7.4577771606054055,1.3407737573761398,5.0366136735003915,1.626804808451817,31.425,6.000178568771338,NA,NA,NA,NA,NA,NA,NA,NA,NA,NA,NA,NA,NA,NA,NA,NA,NA,NA,Cam,Little,JAC,K,22,-4
K,16680,robust,NA,NA,NA,NA,NA,NA,NA,NA,NA,NA,NA,NA,NA,NA,NA,NA,NA,NA,NA,NA,NA,NA,NA,NA,NA,NA,0.112,0.008895599999999997,7.380496141975309,0.860643580092593,7.4220267361111105,0.7190827356481483,7.702359373197586,0.6337633861621704,5.001976217595168,0.19450194443030863,31.75,5.9304,NA,NA,NA,NA,NA,NA,NA,NA,NA,NA,NA,NA,NA,NA,NA,NA,NA,NA,Cam,Little,JAC,K,22,-4
K,16680,weighted,NA,NA,NA,NA,NA,NA,NA,NA,NA,NA,NA,NA,NA,NA,NA,NA,NA,NA,NA,NA,NA,NA,NA,NA,NA,NA,0.098,0.043920319698690646,7.093456371519969,1.3207145421671405,7.024428084545409,1.5004264246373007,7.372816690029509,1.4390496732187614,4.967452144720965,1.734393547662683,30.782186234817814,6.173885581308773,NA,NA,NA,NA,NA,NA,NA,NA,NA,NA,NA,NA,NA,NA,NA,NA,NA,NA,Cam,Little,JAC,K,22,-4
K,17277,average,NA,NA,NA,NA,NA,NA,NA,NA,NA,NA,NA,NA,NA,NA,NA,NA,NA,NA,NA,NA,NA,NA,NA,NA,NA,NA,0.09280000000000001,0.04696726046466364,5.725356638530552,1.2933924291283587,7.223868981260285,1.9003578698763488,6.021975274725275,1.5716881575810535,2.9428022575250834,1.1976960102622842,29.7,7.188602089419055,NA,NA,NA,NA,NA,NA,NA,NA,NA,NA,NA,NA,NA,NA,NA,NA,NA,NA,Ryan,Fitzgerald,CAR,K,NA,-5
K,17277,robust,NA,NA,NA,NA,NA,NA,NA,NA,NA,NA,NA,NA,NA,NA,NA,NA,NA,NA,NA,NA,NA,NA,NA,NA,NA,NA,0.10666666666666666,0.018977279999999996,5.824814938684504,0.9263506280936458,7.143355629877369,2.172163658862877,6.02840293040293,1.6739653730769242,2.942256967670011,0.8541997007525082,29.8,4.892580000000001,NA,NA,NA,NA,NA,NA,NA,NA,NA,NA,NA,NA,NA,NA,NA,NA,NA,NA,Ryan,Fitzgerald,CAR,K,NA,-5
K,17277,weighted,NA,NA,NA,NA,NA,NA,NA,NA,NA,NA,NA,NA,NA,NA,NA,NA,NA,NA,NA,NA,NA,NA,NA,NA,NA,NA,0.09118476190476191,0.051494255352996426,5.610156512205137,1.4038627912268422,7.092995019571773,2.07160055208342,5.893930397946725,1.6984027995037532,2.9282470805936645,1.351702134581891,28.86013605442177,7.5764912670156255,NA,NA,NA,NA,NA,NA,NA,NA,NA,NA,NA,NA,NA,NA,NA,NA,NA,NA,Ryan,Fitzgerald,CAR,K,NA,-5
K,13832,average,NA,NA,NA,NA,NA,NA,NA,NA,NA,NA,NA,NA,NA,NA,NA,NA,NA,NA,NA,NA,NA,NA,NA,NA,NA,NA,0.09360982142857141,0.04203823556974988,5.321636204481793,1.2738866424049788,7.7615838585434185,1.9232893603739079,6.3620945579747055,2.2888468591564664,4.26378316781258,1.561705880814671,30.3125,6.485905047540728,NA,NA,NA,NA,NA,NA,NA,NA,NA,NA,NA,NA,NA,NA,NA,NA,NA,NA,Jason,Sanders,MIA,K,30,2
K,13832,robust,NA,NA,NA,NA,NA,NA,NA,NA,NA,NA,NA,NA,NA,NA,NA,NA,NA,NA,NA,NA,NA,NA,NA,NA,NA,NA,0.09945714285714284,0.021868349999999998,5.200648459383754,0.44223217058823555,7.76415861344538,1.3153953205882345,6.187423346914523,1.9087338541354721,4.176287157287158,1.6253126773618547,30.25,3.7064999999999997,NA,NA,NA,NA,NA,NA,NA,NA,NA,NA,NA,NA,NA,NA,NA,NA,NA,NA,Jason,Sanders,MIA,K,30,2
K,13832,weighted,NA,NA,NA,NA,NA,NA,NA,NA,NA,NA,NA,NA,NA,NA,NA,NA,NA,NA,NA,NA,NA,NA,NA,NA,NA,NA,0.09161805957200693,0.04478744567575276,5.2431086483176275,1.331975633691222,7.653281946381792,2.0157562512482636,6.247164558724156,2.410731204564507,4.226395697525728,1.662899315401864,29.910931174089068,6.865029956592067,NA,NA,NA,NA,NA,NA,NA,NA,NA,NA,NA,NA,NA,NA,NA,NA,NA,NA,Jason,Sanders,MIA,K,30,2
K,13718,average,NA,NA,NA,NA,NA,NA,NA,NA,NA,NA,NA,NA,NA,NA,NA,NA,NA,NA,NA,NA,NA,NA,NA,NA,NA,NA,0.1083357142857143,0.04417980951196055,8.0736157030041,1.642220915878922,7.677425997625545,1.5756683048262003,6.8414824928234745,1.4642667994350052,5.097908656129284,1.4152132541315667,30.475,6.729837612135547,NA,NA,NA,NA,NA,NA,NA,NA,NA,NA,NA,NA,NA,NA,NA,NA,NA,NA,Daniel,Carlson,LVR,K,30,2
K,13718,robust,NA,NA,NA,NA,NA,NA,NA,NA,NA,NA,NA,NA,NA,NA,NA,NA,NA,NA,NA,NA,NA,NA,NA,NA,NA,NA,0.12076428571428574,0.006142200000000009,8.55410293735455,0.6481590978665346,8.112596085693022,0.6147053640535843,7.173674393982351,0.26868709718432093,5.334580384165574,0.7747810455569326,31.95,2.372160000000002,NA,NA,NA,NA,NA,NA,NA,NA,NA,NA,NA,NA,NA,NA,NA,NA,NA,NA,Daniel,Carlson,LVR,K,30,2
K,13718,weighted,NA,NA,NA,NA,NA,NA,NA,NA,NA,NA,NA,NA,NA,NA,NA,NA,NA,NA,NA,NA,NA,NA,NA,NA,NA,NA,0.10608314054366688,0.04737139403757489,7.974490025478271,1.7661366485715153,7.585299079796413,1.697852655928271,6.767646253661796,1.5858951540328465,5.031115684955476,1.5276403153050224,30.143724696356276,7.302812024088623,NA,NA,NA,NA,NA,NA,NA,NA,NA,NA,NA,NA,NA,NA,NA,NA,NA,NA,Daniel,Carlson,LVR,K,30,2
K,16419,average,NA,NA,NA,NA,NA,NA,NA,NA,NA,NA,NA,NA,NA,NA,NA,NA,NA,NA,NA,NA,NA,NA,NA,NA,NA,NA,0.08660384615384616,0.04987144271841921,5.172546598488217,1.449724145976115,6.865053534904402,1.885341221784576,5.031187698236253,1.4368939632138695,3.5074601029028774,1.1273648332916195,24.1,5.510898293381942,NA,NA,NA,NA,NA,NA,NA,NA,NA,NA,NA,NA,NA,NA,NA,NA,NA,NA,Andre,Szmyt,CLE,K,27,-3
K,16419,robust,NA,NA,NA,NA,NA,NA,NA,NA,NA,NA,NA,NA,NA,NA,NA,NA,NA,NA,NA,NA,NA,NA,NA,NA,NA,NA,0.10128846153846155,0.020328726923076912,5.143988772787905,1.1975736109381945,7.023125833703869,2.327220541574033,5.13,1.5779966411738546,3.542405259480404,0.5374276674077365,25,7.709519999999999,NA,NA,NA,NA,NA,NA,NA,NA,NA,NA,NA,NA,NA,NA,NA,NA,NA,NA,Andre,Szmyt,CLE,K,27,-3
K,16419,weighted,NA,NA,NA,NA,NA,NA,NA,NA,NA,NA,NA,NA,NA,NA,NA,NA,NA,NA,NA,NA,NA,NA,NA,NA,NA,NA,0.08427634130575308,0.05607405844821468,5.065731245632979,1.6399454106947808,6.719906744734354,2.127643161896191,4.930615070750399,1.628752674590234,3.447707545090068,1.2887948115831689,23.829579831932772,6.268925177283055,NA,NA,NA,NA,NA,NA,NA,NA,NA,NA,NA,NA,NA,NA,NA,NA,NA,NA,Andre,Szmyt,CLE,K,27,-3
K,14600,average,NA,NA,NA,NA,NA,NA,NA,NA,NA,NA,NA,NA,NA,NA,NA,NA,NA,NA,NA,NA,NA,NA,NA,NA,NA,NA,0.09652500000000001,0.03925443244364009,5.516154942279942,1.0131832183076244,7.398652236652237,1.2565786888227664,6.226397174122174,1.0423183981217252,4.708468097643098,0.9030351556170124,26.6375,6.1015074249846535,NA,NA,NA,NA,NA,NA,NA,NA,NA,NA,NA,NA,NA,NA,NA,NA,NA,NA,Joey,Slye,TEN,K,29,1
K,14600,robust,NA,NA,NA,NA,NA,NA,NA,NA,NA,NA,NA,NA,NA,NA,NA,NA,NA,NA,NA,NA,NA,NA,NA,NA,NA,NA,0.10864285714285715,0.006195149999999998,5.858766594516594,0.31034797272727294,7.646111111111111,0.7265724121212132,6.429623617123617,0.648496371313131,5,0.0741854103030301,28.125,4.0030199999999985,NA,NA,NA,NA,NA,NA,NA,NA,NA,NA,NA,NA,NA,NA,NA,NA,NA,NA,Joey,Slye,TEN,K,29,1
K,14600,weighted,NA,NA,NA,NA,NA,NA,NA,NA,NA,NA,NA,NA,NA,NA,NA,NA,NA,NA,NA,NA,NA,NA,NA,NA,NA,NA,0.09475798872180452,0.042218398686993966,5.448428800731432,1.090980806680148,7.306576026312869,1.3483486224724626,6.156824630535157,1.1197406460185746,4.651279713463924,0.9754939847924379,26.012550607287448,6.3681086242234315,NA,NA,NA,NA,NA,NA,NA,NA,NA,NA,NA,NA,NA,NA,NA,NA,NA,NA,Joey,Slye,TEN,K,29,1
K,14983,average,NA,NA,NA,NA,NA,NA,NA,NA,NA,NA,NA,NA,NA,NA,NA,NA,NA,NA,NA,NA,NA,NA,NA,NA,NA,NA,0.07762187499999999,0.03450579127764539,5.346672494172495,1.8575968807683367,6.7492249417249415,2.3994125841901837,5.632120694120695,2.422850247533742,3.568123983423983,1.212369323663748,40.4625,15.448248860538946,NA,NA,NA,NA,NA,NA,NA,NA,NA,NA,NA,NA,NA,NA,NA,NA,NA,NA,Tyler,Bass,BUF,K,28,0
K,14983,robust,NA,NA,NA,NA,NA,NA,NA,NA,NA,NA,NA,NA,NA,NA,NA,NA,NA,NA,NA,NA,NA,NA,NA,NA,NA,NA,0.08757812499999999,0.012027592500000002,5.823481206293707,1.1336576486013985,7.451190996503497,1.1910738391608384,5.961922595922596,2.2239,4,0.4277091586247082,43.5,6.894089999999998,NA,NA,NA,NA,NA,NA,NA,NA,NA,NA,NA,NA,NA,NA,NA,NA,NA,NA,Tyler,Bass,BUF,K,28,0
K,14983,weighted,NA,NA,NA,NA,NA,NA,NA,NA,NA,NA,NA,NA,NA,NA,NA,NA,NA,NA,NA,NA,NA,NA,NA,NA,NA,NA,0.07357085020242915,0.03566184078791596,5.074973103819258,1.883472728663087,6.409751281107557,2.442252940202614,5.364546054766197,2.5392340040384753,3.397653584326155,1.229501615380862,38.6253036437247,16.098693197225195,NA,NA,NA,NA,NA,NA,NA,NA,NA,NA,NA,NA,NA,NA,NA,NA,NA,NA,Tyler,Bass,BUF,K,28,0
K,15369,average,NA,NA,NA,NA,NA,NA,NA,NA,NA,NA,NA,NA,NA,NA,NA,NA,NA,NA,NA,NA,NA,NA,NA,NA,NA,NA,0.02622666666666667,0.015029275135917605,2.109467672955975,1.3594595159259113,3.8484572327044027,3.0200008719361024,1.8129811320754716,0.40314168505269593,1.68488,2.054435119659146,12.52,8.798408947076737,NA,NA,NA,NA,NA,NA,NA,NA,NA,NA,NA,NA,NA,NA,NA,NA,NA,NA,Riley,Patterson,MIA,K,26,-1
K,15369,robust,NA,NA,NA,NA,NA,NA,NA,NA,NA,NA,NA,NA,NA,NA,NA,NA,NA,NA,NA,NA,NA,NA,NA,NA,NA,NA,0.030566666666666666,0.006918799999999999,1.8363605870020965,0.4497953529559749,2.9477306079664576,0.09366333270440205,1.7950943396226413,0.303793132075472,0.9987333333333333,0.020855240000000008,10.5,5.6338800000000004,NA,NA,NA,NA,NA,NA,NA,NA,NA,NA,NA,NA,NA,NA,NA,NA,NA,NA,Riley,Patterson,MIA,K,26,-1
K,15369,weighted,NA,NA,NA,NA,NA,NA,NA,NA,NA,NA,NA,NA,NA,NA,NA,NA,NA,NA,NA,NA,NA,NA,NA,NA,NA,NA,0.024600922722029992,0.016649382347008034,2.197562106011476,1.5401908214837265,4.047343674058598,3.4188483578797833,1.8128745837957825,0.46409122916417705,1.8369025374855825,2.3175847805953325,13.224567474048444,9.899456489331245,NA,NA,NA,NA,NA,NA,NA,NA,NA,NA,NA,NA,NA,NA,NA,NA,NA,NA,Riley,Patterson,MIA,K,26,-1
K,8930,average,NA,NA,NA,NA,NA,NA,NA,NA,NA,NA,NA,NA,NA,NA,NA,NA,NA,NA,NA,NA,NA,NA,NA,NA,NA,NA,0.012,0.014422205101855958,2.038666666666667,2.5088015731287587,3.0756666666666668,2.7872704090800617,2.393666666666667,2.3345278609032136,1.2223333333333333,1.1822843707557558,17.066666666666666,21.11429215799889,NA,NA,NA,NA,NA,NA,NA,NA,NA,NA,NA,NA,NA,NA,NA,NA,NA,NA,Matt,Prater,BUF,K,41,14
K,8930,robust,NA,NA,NA,NA,NA,NA,NA,NA,NA,NA,NA,NA,NA,NA,NA,NA,NA,NA,NA,NA,NA,NA,NA,NA,NA,NA,0.011,0.0118608,1.7790000000000001,1.1623584,3.05675,3.9629898,2.2952500000000002,2.5485893999999996,1.16675,1.2350058,14.8,8.8956,NA,NA,NA,NA,NA,NA,NA,NA,NA,NA,NA,NA,NA,NA,NA,NA,NA,NA,Matt,Prater,BUF,K,41,14
K,8930,weighted,NA,NA,NA,NA,NA,NA,NA,NA,NA,NA,NA,NA,NA,NA,NA,NA,NA,NA,NA,NA,NA,NA,NA,NA,NA,NA,0.011896955503512883,0.014348812905324353,2.030725995316159,2.511441568374144,3.0567096018735365,2.7983102355726124,2.380667447306792,2.341692491120869,1.2159601873536299,1.1857479842400491,17.00327868852459,21.133493752102364,NA,NA,NA,NA,NA,NA,NA,NA,NA,NA,NA,NA,NA,NA,NA,NA,NA,NA,Matt,Prater,BUF,K,41,14
K,16896,average,NA,NA,NA,NA,NA,NA,NA,NA,NA,NA,NA,NA,NA,NA,NA,NA,NA,NA,NA,NA,NA,NA,NA,NA,NA,NA,0,0,6.4266584797690784,0.8588019258496614,9.822949055552742,1.0713019597386475,6.737793017010004,1.2305745507144448,3.620339645655473,1.5940015065571855,33.41428571428571,4.657047910221157,NA,NA,NA,NA,NA,NA,NA,NA,NA,NA,NA,NA,NA,NA,NA,NA,NA,NA,Spencer,Shrader,IND,K,26,-4
K,16896,robust,NA,NA,NA,NA,NA,NA,NA,NA,NA,NA,NA,NA,NA,NA,NA,NA,NA,NA,NA,NA,NA,NA,NA,NA,NA,NA,0,0,6.625536157390996,0.7360444168734485,9.816312920950018,1.1212786600496296,6.537967437873584,1.4826,3.5751254446332315,1.0021966608197141,33.55,5.9304,NA,NA,NA,NA,NA,NA,NA,NA,NA,NA,NA,NA,NA,NA,NA,NA,NA,NA,Spencer,Shrader,IND,K,26,-4
K,16896,weighted,NA,NA,NA,NA,NA,NA,NA,NA,NA,NA,NA,NA,NA,NA,NA,NA,NA,NA,NA,NA,NA,NA,NA,NA,NA,NA,0,0,6.348960789335029,0.9288639091545194,9.707157469630207,1.1572145455723546,6.662597990122148,1.3373174766429257,3.5884898140414356,1.7408800542203935,32.681376037959666,4.501460928656035,NA,NA,NA,NA,NA,NA,NA,NA,NA,NA,NA,NA,NA,NA,NA,NA,NA,NA,Spencer,Shrader,IND,K,26,-4
K,13403,average,NA,NA,NA,NA,NA,NA,NA,NA,NA,NA,NA,NA,NA,NA,NA,NA,NA,NA,NA,NA,NA,NA,NA,NA,NA,NA,0,0,7.182925843604769,0.8775184308138625,8.408351855593724,0.6720827680404392,7.731213053278117,0.5259491873297133,5.622167284755687,0.7591334418880689,35.15714285714286,5.3888332512264485,NA,NA,NA,NA,NA,NA,NA,NA,NA,NA,NA,NA,NA,NA,NA,NA,NA,NA,Younghoe,Koo,NYG,K,31,3
K,13403,robust,NA,NA,NA,NA,NA,NA,NA,NA,NA,NA,NA,NA,NA,NA,NA,NA,NA,NA,NA,NA,NA,NA,NA,NA,NA,NA,0,0,7.163472418670439,1.0930767326732675,8.377039132484677,0.42709504950495164,7.714638130479715,0.444780000000001,5.541278830263979,0.8562103435343541,34.75,2.9652,NA,NA,NA,NA,NA,NA,NA,NA,NA,NA,NA,NA,NA,NA,NA,NA,NA,NA,Younghoe,Koo,NYG,K,31,3
K,13403,weighted,NA,NA,NA,NA,NA,NA,NA,NA,NA,NA,NA,NA,NA,NA,NA,NA,NA,NA,NA,NA,NA,NA,NA,NA,NA,NA,0,0,7.197959147719551,0.9502130614953881,8.421647279115305,0.7139684663002467,7.747406782705046,0.5698117551682651,5.617367363748746,0.8145041044247358,34.29300118623962,4.770649798703007,NA,NA,NA,NA,NA,NA,NA,NA,NA,NA,NA,NA,NA,NA,NA,NA,NA,NA,Younghoe,Koo,NYG,K,31,3
K,16286,average,NA,NA,NA,NA,NA,NA,NA,NA,NA,NA,NA,NA,NA,NA,NA,NA,NA,NA,NA,NA,NA,NA,NA,NA,NA,NA,0,0,6.5459141921907875,0.8456209510700204,8.010305120411502,0.8830878502960995,6.831089700291828,0.8830401843497355,3.8210294079443017,0.44207554645629593,41.81428571428572,2.361093370614958,NA,NA,NA,NA,NA,NA,NA,NA,NA,NA,NA,NA,NA,NA,NA,NA,NA,NA,Jake,Moody,CHI,K,26,-3
K,16286,robust,NA,NA,NA,NA,NA,NA,NA,NA,NA,NA,NA,NA,NA,NA,NA,NA,NA,NA,NA,NA,NA,NA,NA,NA,NA,NA,0,0,6.689085515548282,0.64454275777414,8.119097790507364,0.7847952618657916,6.990385600412196,0.6404828405164573,3.9465541462084017,0.2708528750681943,42,2.9652,NA,NA,NA,NA,NA,NA,NA,NA,NA,NA,NA,NA,NA,NA,NA,NA,NA,NA,Jake,Moody,CHI,K,26,-3
K,16286,weighted,NA,NA,NA,NA,NA,NA,NA,NA,NA,NA,NA,NA,NA,NA,NA,NA,NA,NA,NA,NA,NA,NA,NA,NA,NA,NA,0,0,6.495091472470892,0.9194718902237975,7.948679604638565,0.9624837950325734,6.782407317524427,0.9658230134391116,3.8050691088663378,0.47128812487420746,41.99051008303677,2.5982042574742565,NA,NA,NA,NA,NA,NA,NA,NA,NA,NA,NA,NA,NA,NA,NA,NA,NA,NA,Jake,Moody,CHI,K,26,-3
K,13898,average,NA,NA,NA,NA,NA,NA,NA,NA,NA,NA,NA,NA,NA,NA,NA,NA,NA,NA,NA,NA,NA,NA,NA,NA,NA,NA,NA,NA,0.5,0.7071067811865476,0.5,0.7071067811865476,0.5,0.7071067811865476,NA,NA,5,0,NA,NA,NA,NA,NA,NA,NA,NA,NA,NA,NA,NA,NA,NA,NA,NA,NA,NA,Greg,Joseph,FA,K,31,2
K,13898,robust,NA,NA,NA,NA,NA,NA,NA,NA,NA,NA,NA,NA,NA,NA,NA,NA,NA,NA,NA,NA,NA,NA,NA,NA,NA,NA,NA,NA,0.5,0.7413,0.5,0.7413,0.5,0.7413,NA,NA,5,0,NA,NA,NA,NA,NA,NA,NA,NA,NA,NA,NA,NA,NA,NA,NA,NA,NA,NA,Greg,Joseph,FA,K,31,2
K,13898,weighted,NA,NA,NA,NA,NA,NA,NA,NA,NA,NA,NA,NA,NA,NA,NA,NA,NA,NA,NA,NA,NA,NA,NA,NA,NA,NA,NA,NA,NA,NA,NA,NA,NA,NA,NA,NA,NA,NA,NA,NA,NA,NA,NA,NA,NA,NA,NA,NA,NA,NA,NA,NA,NA,NA,NA,NA,Greg,Joseph,FA,K,31,2
K,11387,average,NA,NA,NA,NA,NA,NA,NA,NA,NA,NA,NA,NA,NA,NA,NA,NA,NA,NA,NA,NA,NA,NA,NA,NA,NA,NA,NA,NA,5.904761904761904,3.384639170269878,5.904761904761904,3.384639170269878,5.54320987654321,3.084616757322033,3.024691358024691,1.7538252659707534,21.333333333333332,15.631165450257807,NA,NA,NA,NA,NA,NA,NA,NA,NA,NA,NA,NA,NA,NA,NA,NA,NA,NA,Dustin,Hopkins,FA,K,35,7
K,11387,robust,NA,NA,NA,NA,NA,NA,NA,NA,NA,NA,NA,NA,NA,NA,NA,NA,NA,NA,NA,NA,NA,NA,NA,NA,NA,NA,0,NA,6.357142857142857,0.4236000000000011,6.357142857142857,0.4236000000000011,5.9074074074074066,0.9334888888888864,3.268518518518518,0.10982222222222139,20.75,17.7912,NA,NA,NA,NA,NA,NA,NA,NA,NA,NA,NA,NA,NA,NA,NA,NA,NA,NA,Dustin,Hopkins,FA,K,35,7
K,11387,weighted,NA,NA,NA,NA,NA,NA,NA,NA,NA,NA,NA,NA,NA,NA,NA,NA,NA,NA,NA,NA,NA,NA,NA,NA,NA,NA,NA,NA,NA,0.20203050891044272,NA,0.20203050891044272,NA,0.44521538074708433,NA,0.05237828008789202,NA,13.435028842544405,NA,NA,NA,NA,NA,NA,NA,NA,NA,NA,NA,NA,NA,NA,NA,NA,NA,NA,Dustin,Hopkins,FA,K,35,7
K,16339,average,NA,NA,NA,NA,NA,NA,NA,NA,NA,NA,NA,NA,NA,NA,NA,NA,NA,NA,NA,NA,NA,NA,NA,NA,NA,NA,NA,NA,2.5,2.1213203435596424,5,4.242640687119285,5,4.242640687119285,2.5,2.1213203435596424,19,15.556349186104045,NA,NA,NA,NA,NA,NA,NA,NA,NA,NA,NA,NA,NA,NA,NA,NA,NA,NA,Anders,Carlson,FA,K,27,-3
K,16339,robust,NA,NA,NA,NA,NA,NA,NA,NA,NA,NA,NA,NA,NA,NA,NA,NA,NA,NA,NA,NA,NA,NA,NA,NA,NA,NA,NA,NA,2.5,2.2239,5,4.4478,5,4.4478,2.5,2.2239,19,16.3086,NA,NA,NA,NA,NA,NA,NA,NA,NA,NA,NA,NA,NA,NA,NA,NA,NA,NA,Anders,Carlson,FA,K,27,-3
K,16339,weighted,NA,NA,NA,NA,NA,NA,NA,NA,NA,NA,NA,NA,NA,NA,NA,NA,NA,NA,NA,NA,NA,NA,NA,NA,NA,NA,NA,NA,NA,NA,NA,NA,NA,NA,NA,NA,NA,NA,NA,NA,NA,NA,NA,NA,NA,NA,NA,NA,NA,NA,NA,NA,NA,NA,NA,NA,Anders,Carlson,FA,K,27,-3
K,10868,average,NA,NA,NA,NA,NA,NA,NA,NA,NA,NA,NA,NA,NA,NA,NA,NA,NA,NA,NA,NA,NA,NA,NA,NA,NA,NA,NA,NA,2.2777777777777777,2.2131760318935654,4.555555555555555,4.426352063787131,3.942528735632184,3.5149305007198937,2.706896551724138,2.852549603249905,20.333333333333332,15.695009822658072,NA,NA,NA,NA,NA,NA,NA,NA,NA,NA,NA,NA,NA,NA,NA,NA,NA,NA,Greg,Zuerlein,FA,K,38,8
K,10868,robust,NA,NA,NA,NA,NA,NA,NA,NA,NA,NA,NA,NA,NA,NA,NA,NA,NA,NA,NA,NA,NA,NA,NA,NA,NA,NA,0,NA,1.9583333333333333,0,3.9166666666666665,0,3.456896551724138,0.25562068965517226,2.310344827586207,0.17893448275862053,19,10.3782,NA,NA,NA,NA,NA,NA,NA,NA,NA,NA,NA,NA,NA,NA,NA,NA,NA,NA,Greg,Zuerlein,FA,K,38,8
K,10868,weighted,NA,NA,NA,NA,NA,NA,NA,NA,NA,NA,NA,NA,NA,NA,NA,NA,NA,NA,NA,NA,NA,NA,NA,NA,NA,NA,NA,NA,NA,2.710575994548432,NA,5.421151989096864,NA,4.364555649392829,NA,3.4501934323412584,NA,16.263455967290597,NA,NA,NA,NA,NA,NA,NA,NA,NA,NA,NA,NA,NA,NA,NA,NA,NA,NA,Greg,Zuerlein,FA,K,38,8
K,14426,average,NA,NA,NA,NA,NA,NA,NA,NA,NA,NA,NA,NA,NA,NA,NA,NA,NA,NA,NA,NA,NA,NA,NA,NA,NA,NA,NA,NA,4,2.6,8,5.2,5.679761904761905,4.1696796929136655,2.2214285714285715,1.3458742701383397,22,13.45362404707371,NA,NA,NA,NA,NA,NA,NA,NA,NA,NA,NA,NA,NA,NA,NA,NA,NA,NA,Matthew,Wright,TEN,K,29,1
K,14426,robust,NA,NA,NA,NA,NA,NA,NA,NA,NA,NA,NA,NA,NA,NA,NA,NA,NA,NA,NA,NA,NA,NA,NA,NA,NA,NA,0,NA,4.3500000000000005,0.29652000000000023,8.700000000000001,0.5930400000000005,6.019642857142857,2.9069549999999995,2.1660714285714286,1.4826,23,10.3782,NA,NA,NA,NA,NA,NA,NA,NA,NA,NA,NA,NA,NA,NA,NA,NA,NA,NA,Matthew,Wright,TEN,K,29,1
K,14426,weighted,NA,NA,NA,NA,NA,NA,NA,NA,NA,NA,NA,NA,NA,NA,NA,NA,NA,NA,NA,NA,NA,NA,NA,NA,NA,NA,NA,NA,NA,0.14142135623730964,NA,0.2828427124746193,NA,1.3864343673979092,NA,1.176827714403326,NA,4.949747468305834,NA,NA,NA,NA,NA,NA,NA,NA,NA,NA,NA,NA,NA,NA,NA,NA,NA,NA,Matthew,Wright,TEN,K,29,1
DST,0523,average,NA,NA,NA,NA,NA,NA,NA,NA,NA,NA,NA,NA,NA,NA,NA,NA,NA,NA,NA,NA,11.9,1.8175074506954114,10.9,3.16175056996384,44.94285714285714,6.500732559452342,NA,NA,NA,NA,NA,NA,NA,NA,NA,NA,NA,NA,0.375,0.338501600193165,2.0666666666666664,1.2324321031557435,NA,NA,NA,NA,NA,NA,NA,NA,NA,NA,NA,NA,NA,NA,Green Bay,Packers,GBP,DST,NA,50
DST,0523,robust,NA,NA,NA,NA,NA,NA,NA,NA,NA,NA,NA,NA,NA,NA,NA,NA,NA,NA,0,NA,12.325,0.29651999999999895,10.325,2.9652,44.9,3.7064999999999997,NA,NA,NA,NA,NA,NA,NA,NA,NA,NA,NA,NA,0.375,0.185325,2.058333333333333,1.3837600000000003,NA,NA,NA,NA,NA,NA,NA,NA,NA,NA,NA,NA,NA,NA,Green Bay,Packers,GBP,DST,NA,50
DST,0523,weighted,NA,NA,NA,NA,NA,NA,NA,NA,NA,NA,NA,NA,NA,NA,NA,NA,NA,NA,NA,NA,NA,2.1710798966204017,NA,3.410602711756197,NA,7.575069493273715,NA,NA,NA,NA,NA,NA,NA,NA,NA,NA,NA,NA,NA,0.3672787927379008,NA,1.2065610230700372,NA,NA,NA,NA,NA,NA,NA,NA,NA,NA,NA,NA,NA,NA,Green Bay,Packers,GBP,DST,NA,50
DST,0511,average,NA,NA,NA,NA,NA,NA,NA,NA,NA,NA,NA,NA,NA,NA,NA,NA,NA,NA,NA,NA,11.971428571428572,2.4675995661872734,10.042857142857143,2.9279441836990583,50.642857142857146,7.610487751092159,NA,NA,NA,NA,NA,NA,NA,NA,NA,NA,NA,NA,0.5,0.408248290463863,2.8,1.004987562112089,NA,NA,NA,NA,NA,NA,NA,NA,NA,NA,NA,NA,NA,NA,Denver,Broncos,DEN,DST,NA,50
DST,0511,robust,NA,NA,NA,NA,NA,NA,NA,NA,NA,NA,NA,NA,NA,NA,NA,NA,NA,NA,0,NA,12.5,2.2239,9.825,2.9652,50.35,8.8956,NA,NA,NA,NA,NA,NA,NA,NA,NA,NA,NA,NA,0.5,0.7413,2.8,0.29652000000000023,NA,NA,NA,NA,NA,NA,NA,NA,NA,NA,NA,NA,NA,NA,Denver,Broncos,DEN,DST,NA,50
DST,0511,weighted,NA,NA,NA,NA,NA,NA,NA,NA,NA,NA,NA,NA,NA,NA,NA,NA,NA,NA,NA,NA,NA,2.7152663364222236,NA,3.3445481408471207,NA,8.039141682106665,NA,NA,NA,NA,NA,NA,NA,NA,NA,NA,NA,NA,NA,0.4214155005460823,NA,0.6824656627486575,NA,NA,NA,NA,NA,NA,NA,NA,NA,NA,NA,NA,NA,NA,Denver,Broncos,DEN,DST,NA,50
DST,0507,average,NA,NA,NA,NA,NA,NA,NA,NA,NA,NA,NA,NA,NA,NA,NA,NA,NA,NA,NA,NA,9.785714285714286,2.3111530826469653,9.071428571428571,1.9189530875925427,43.01428571428571,6.095744026621791,NA,NA,NA,NA,NA,NA,NA,NA,NA,NA,NA,NA,0.25,0.3535533905932738,2.2,1.3856406460551018,NA,NA,NA,NA,NA,NA,NA,NA,NA,NA,NA,NA,NA,NA,Cleveland,Browns,CLE,DST,NA,50
DST,0507,robust,NA,NA,NA,NA,NA,NA,NA,NA,NA,NA,NA,NA,NA,NA,NA,NA,NA,NA,0,NA,10.25,1.4826,8.65,1.4826,43.05,5.9304,NA,NA,NA,NA,NA,NA,NA,NA,NA,NA,NA,NA,0.125,0.37065,2.05,0.29652000000000023,NA,NA,NA,NA,NA,NA,NA,NA,NA,NA,NA,NA,NA,NA,Cleveland,Browns,CLE,DST,NA,50
DST,0507,weighted,NA,NA,NA,NA,NA,NA,NA,NA,NA,NA,NA,NA,NA,NA,NA,NA,NA,NA,NA,NA,NA,1.495865205031629,NA,2.225522255079777,NA,6.620938207938404,NA,NA,NA,NA,NA,NA,NA,NA,NA,NA,NA,NA,NA,0.13775552016444068,NA,1.4326104948751681,NA,NA,NA,NA,NA,NA,NA,NA,NA,NA,NA,NA,NA,NA,Cleveland,Browns,CLE,DST,NA,50
DST,0512,average,NA,NA,NA,NA,NA,NA,NA,NA,NA,NA,NA,NA,NA,NA,NA,NA,NA,NA,NA,NA,11.642857142857142,2.360689971778832,8.3,2.053452377501525,42.52857142857143,6.976798283289713,NA,NA,NA,NA,NA,NA,NA,NA,NA,NA,NA,NA,0.5,0.408248290463863,1.95,1.3086252328302401,NA,NA,NA,NA,NA,NA,NA,NA,NA,NA,NA,NA,NA,NA,Kansas City,Chiefs,KCC,DST,NA,50
DST,0512,robust,NA,NA,NA,NA,NA,NA,NA,NA,NA,NA,NA,NA,NA,NA,NA,NA,NA,NA,0,NA,11.95,1.4826,8.325,1.927380000000001,43.575,2.520420000000004,NA,NA,NA,NA,NA,NA,NA,NA,NA,NA,NA,NA,0.5,0.7413,1.975,1.4084699999999999,NA,NA,NA,NA,NA,NA,NA,NA,NA,NA,NA,NA,NA,NA,Kansas City,Chiefs,KCC,DST,NA,50
DST,0512,weighted,NA,NA,NA,NA,NA,NA,NA,NA,NA,NA,NA,NA,NA,NA,NA,NA,NA,NA,NA,NA,NA,2.350499488494497,NA,1.5963162070898702,NA,8.224021169313223,NA,NA,NA,NA,NA,NA,NA,NA,NA,NA,NA,NA,NA,0.4214155005460823,NA,1.2442007631263832,NA,NA,NA,NA,NA,NA,NA,NA,NA,NA,NA,NA,NA,NA,Kansas City,Chiefs,KCC,DST,NA,50
DST,0532,average,NA,NA,NA,NA,NA,NA,NA,NA,NA,NA,NA,NA,NA,NA,NA,NA,NA,NA,NA,NA,15.32857142857143,2.7109126911517496,8.8,2.452209887699936,42.971428571428575,7.338191031790301,NA,NA,NA,NA,NA,NA,NA,NA,NA,NA,NA,NA,0.92,0.6361341577581467,2.7666666666666666,0.7039570693980959,NA,NA,NA,NA,NA,NA,NA,NA,NA,NA,NA,NA,NA,NA,Houston,Texans,HOU,DST,NA,50
DST,0532,robust,NA,NA,NA,NA,NA,NA,NA,NA,NA,NA,NA,NA,NA,NA,NA,NA,NA,NA,0,NA,15.125,1.779119999999999,9,2.9652,43.525,5.9304,NA,NA,NA,NA,NA,NA,NA,NA,NA,NA,NA,NA,0.94,0.11860799999999994,2.8083333333333336,0.3459400000000001,NA,NA,NA,NA,NA,NA,NA,NA,NA,NA,NA,NA,NA,NA,Houston,Texans,HOU,DST,NA,50
DST,0532,weighted,NA,NA,NA,NA,NA,NA,NA,NA,NA,NA,NA,NA,NA,NA,NA,NA,NA,NA,NA,NA,NA,2.5426094454752275,NA,1.9033194356760326,NA,7.300224104987512,NA,NA,NA,NA,NA,NA,NA,NA,NA,NA,NA,NA,NA,0.433880601487232,NA,0.5491492998106625,NA,NA,NA,NA,NA,NA,NA,NA,NA,NA,NA,NA,NA,NA,Houston,Texans,HOU,DST,NA,50
DST,0528,average,NA,NA,NA,NA,NA,NA,NA,NA,NA,NA,NA,NA,NA,NA,NA,NA,NA,NA,NA,NA,11.842857142857143,2.4885451860187597,8.2,2.106339637063944,43.02857142857143,5.944665475789837,NA,NA,NA,NA,NA,NA,NA,NA,NA,NA,NA,NA,0.9,0.6350852961085883,2.55,0.8789197915623472,NA,NA,NA,NA,NA,NA,NA,NA,NA,NA,NA,NA,NA,NA,Los Angeles,Rams,LAR,DST,NA,50
DST,0528,robust,NA,NA,NA,NA,NA,NA,NA,NA,NA,NA,NA,NA,NA,NA,NA,NA,NA,NA,0,NA,12.25,1.4826,8.5,1.4826,43,2.9652,NA,NA,NA,NA,NA,NA,NA,NA,NA,NA,NA,NA,0.9,0.14825999999999995,2.4625,0.5189099999999994,NA,NA,NA,NA,NA,NA,NA,NA,NA,NA,NA,NA,NA,NA,Los Angeles,Rams,LAR,DST,NA,50
DST,0528,weighted,NA,NA,NA,NA,NA,NA,NA,NA,NA,NA,NA,NA,NA,NA,NA,NA,NA,NA,NA,NA,NA,2.4919607364066447,NA,1.4392495917243149,NA,6.813540380924843,NA,NA,NA,NA,NA,NA,NA,NA,NA,NA,NA,NA,NA,0.4189253765615814,NA,0.9736403127756271,NA,NA,NA,NA,NA,NA,NA,NA,NA,NA,NA,NA,NA,NA,Los Angeles,Rams,LAR,DST,NA,50
DST,0531,average,NA,NA,NA,NA,NA,NA,NA,NA,NA,NA,NA,NA,NA,NA,NA,NA,NA,NA,NA,NA,12.742857142857142,2.2051886864522823,8.3,2.8172090207626885,48.34285714285714,11.177634982836208,NA,NA,NA,NA,NA,NA,NA,NA,NA,NA,NA,NA,0.3,0.3651483716701107,2.2,0.7047458170621992,NA,NA,NA,NA,NA,NA,NA,NA,NA,NA,NA,NA,NA,NA,Baltimore,Ravens,BAL,DST,NA,50
DST,0531,robust,NA,NA,NA,NA,NA,NA,NA,NA,NA,NA,NA,NA,NA,NA,NA,NA,NA,NA,0,NA,13.3,0,9.175,0.444780000000001,50,9.636899999999999,NA,NA,NA,NA,NA,NA,NA,NA,NA,NA,NA,NA,0.25,0.44477999999999995,2.225,0.7413000000000003,NA,NA,NA,NA,NA,NA,NA,NA,NA,NA,NA,NA,NA,NA,Baltimore,Ravens,BAL,DST,NA,50
DST,0531,weighted,NA,NA,NA,NA,NA,NA,NA,NA,NA,NA,NA,NA,NA,NA,NA,NA,NA,NA,NA,NA,NA,2.6334338918784,NA,1.3040835932374464,NA,12.34982807749812,NA,NA,NA,NA,NA,NA,NA,NA,NA,NA,NA,NA,NA,0.40784488000652136,NA,0.8805555579952761,NA,NA,NA,NA,NA,NA,NA,NA,NA,NA,NA,NA,NA,NA,Baltimore,Ravens,BAL,DST,NA,50
DST,0515,average,NA,NA,NA,NA,NA,NA,NA,NA,NA,NA,NA,NA,NA,NA,NA,NA,NA,NA,NA,NA,12.042857142857143,2.173980330221614,7.257142857142857,2.5343356413184783,42.24285714285714,5.913221666417595,NA,NA,NA,NA,NA,NA,NA,NA,NA,NA,NA,NA,0.425,0.30754403478743225,2.15,0.7205322107072429,NA,NA,NA,NA,NA,NA,NA,NA,NA,NA,NA,NA,NA,NA,Seattle,Seahawks,SEA,DST,NA,50
DST,0515,robust,NA,NA,NA,NA,NA,NA,NA,NA,NA,NA,NA,NA,NA,NA,NA,NA,NA,NA,0,NA,12.325,1.6308599999999993,7.4,2.0756400000000004,43.275,4.299539999999998,NA,NA,NA,NA,NA,NA,NA,NA,NA,NA,NA,NA,0.425,0.11119500000000002,2.0625,0.2965199999999999,NA,NA,NA,NA,NA,NA,NA,NA,NA,NA,NA,NA,NA,NA,Seattle,Seahawks,SEA,DST,NA,50
DST,0515,weighted,NA,NA,NA,NA,NA,NA,NA,NA,NA,NA,NA,NA,NA,NA,NA,NA,NA,NA,NA,NA,NA,2.495015203665909,NA,2.15081780103543,NA,6.986833310428043,NA,NA,NA,NA,NA,NA,NA,NA,NA,NA,NA,NA,NA,0.3626978492945165,NA,0.7439921301885127,NA,NA,NA,NA,NA,NA,NA,NA,NA,NA,NA,NA,NA,NA,Seattle,Seahawks,SEA,DST,NA,50
DST,0501,average,NA,NA,NA,NA,NA,NA,NA,NA,NA,NA,NA,NA,NA,NA,NA,NA,NA,NA,NA,NA,12.871428571428572,2.6675296222749405,12.871428571428572,3.7133606906746373,41.97142857142857,6.2909231664132,NA,NA,NA,NA,NA,NA,NA,NA,NA,NA,NA,NA,0.8,0.4654746681256314,2.3333333333333335,0.6209312003399052,NA,NA,NA,NA,NA,NA,NA,NA,NA,NA,NA,NA,NA,NA,Buffalo,Bills,BUF,DST,NA,50
DST,0501,robust,NA,NA,NA,NA,NA,NA,NA,NA,NA,NA,NA,NA,NA,NA,NA,NA,NA,NA,0,NA,13,1.3343400000000005,12.524999999999999,2.9652,43.5,2.9652,NA,NA,NA,NA,NA,NA,NA,NA,NA,NA,NA,NA,0.8,0.2965199999999999,2.35,0.54362,NA,NA,NA,NA,NA,NA,NA,NA,NA,NA,NA,NA,NA,NA,Buffalo,Bills,BUF,DST,NA,50
DST,0501,weighted,NA,NA,NA,NA,NA,NA,NA,NA,NA,NA,NA,NA,NA,NA,NA,NA,NA,NA,NA,NA,NA,3.2446896013797977,NA,4.1027844192709395,NA,5.134479052011706,NA,NA,NA,NA,NA,NA,NA,NA,NA,NA,NA,NA,NA,0.4176993055606742,NA,0.5140421746509375,NA,NA,NA,NA,NA,NA,NA,NA,NA,NA,NA,NA,NA,NA,Buffalo,Bills,BUF,DST,NA,50
DST,0510,average,NA,NA,NA,NA,NA,NA,NA,NA,NA,NA,NA,NA,NA,NA,NA,NA,NA,NA,NA,NA,12.785714285714286,2.3039303891600627,11.8,2.487301080823684,42.14285714285714,5.107790501726144,NA,NA,NA,NA,NA,NA,NA,NA,NA,NA,NA,NA,0.2,0.3651483716701107,2.1333333333333333,0.7781745019952501,NA,NA,NA,NA,NA,NA,NA,NA,NA,NA,NA,NA,NA,NA,Pittsburgh,Steelers,PIT,DST,NA,50
DST,0510,robust,NA,NA,NA,NA,NA,NA,NA,NA,NA,NA,NA,NA,NA,NA,NA,NA,NA,NA,0,NA,13.375,0.8895599999999995,11.2,1.4826,43.45,2.9652,NA,NA,NA,NA,NA,NA,NA,NA,NA,NA,NA,NA,0.1,0,2.1416666666666666,1.2354999999999998,NA,NA,NA,NA,NA,NA,NA,NA,NA,NA,NA,NA,NA,NA,Pittsburgh,Steelers,PIT,DST,NA,50
DST,0510,weighted,NA,NA,NA,NA,NA,NA,NA,NA,NA,NA,NA,NA,NA,NA,NA,NA,NA,NA,NA,NA,NA,2.7279466268891595,NA,2.759454167412914,NA,6.154667275435671,NA,NA,NA,NA,NA,NA,NA,NA,NA,NA,NA,NA,NA,0.4130099991057029,NA,0.8501879253147502,NA,NA,NA,NA,NA,NA,NA,NA,NA,NA,NA,NA,NA,NA,Pittsburgh,Steelers,PIT,DST,NA,50
DST,0526,average,NA,NA,NA,NA,NA,NA,NA,NA,NA,NA,NA,NA,NA,NA,NA,NA,NA,NA,NA,NA,11.271428571428572,1.2202653887772197,8.228571428571428,1.5542568274626578,36.885714285714286,4.0506907112362,NA,NA,NA,NA,NA,NA,NA,NA,NA,NA,NA,NA,0.725,0.429631625155008,2.3833333333333333,1.0589565094416715,NA,NA,NA,NA,NA,NA,NA,NA,NA,NA,NA,NA,NA,NA,Atlanta,Falcons,ATL,DST,NA,50
DST,0526,robust,NA,NA,NA,NA,NA,NA,NA,NA,NA,NA,NA,NA,NA,NA,NA,NA,NA,NA,0,NA,11.3,0.444780000000001,8.125,1.4826,38,1.9273799999999957,NA,NA,NA,NA,NA,NA,NA,NA,NA,NA,NA,NA,0.725,0.33358499999999996,2.245833333333333,0.5683299999999999,NA,NA,NA,NA,NA,NA,NA,NA,NA,NA,NA,NA,NA,NA,Atlanta,Falcons,ATL,DST,NA,50
DST,0526,weighted,NA,NA,NA,NA,NA,NA,NA,NA,NA,NA,NA,NA,NA,NA,NA,NA,NA,NA,NA,NA,NA,1.5082161522216047,NA,1.4597717425814958,NA,3.348152730378152,NA,NA,NA,NA,NA,NA,NA,NA,NA,NA,NA,NA,NA,0.3786376891094155,NA,1.1377874333673883,NA,NA,NA,NA,NA,NA,NA,NA,NA,NA,NA,NA,NA,NA,Atlanta,Falcons,ATL,DST,NA,50
DST,0521,average,NA,NA,NA,NA,NA,NA,NA,NA,NA,NA,NA,NA,NA,NA,NA,NA,NA,NA,NA,NA,11.842857142857143,2.214992206801296,10.27142857142857,2.3949351318384986,38.31428571428572,5.323040663451849,NA,NA,NA,NA,NA,NA,NA,NA,NA,NA,NA,NA,0.375,0.338501600193165,2.2,0.8944271909999159,NA,NA,NA,NA,NA,NA,NA,NA,NA,NA,NA,NA,NA,NA,Chicago,Bears,CHI,DST,NA,50
DST,0521,robust,NA,NA,NA,NA,NA,NA,NA,NA,NA,NA,NA,NA,NA,NA,NA,NA,NA,NA,0,NA,12,1.4826,9.725,1.4826,38.175,2.9652,NA,NA,NA,NA,NA,NA,NA,NA,NA,NA,NA,NA,0.375,0.185325,2.1,0.29652000000000023,NA,NA,NA,NA,NA,NA,NA,NA,NA,NA,NA,NA,NA,NA,Chicago,Bears,CHI,DST,NA,50
DST,0521,weighted,NA,NA,NA,NA,NA,NA,NA,NA,NA,NA,NA,NA,NA,NA,NA,NA,NA,NA,NA,NA,NA,2.20413873933377,NA,2.6673192884673433,NA,6.2107408378179985,NA,NA,NA,NA,NA,NA,NA,NA,NA,NA,NA,NA,NA,0.3672787927379008,NA,1.1335214601490293,NA,NA,NA,NA,NA,NA,NA,NA,NA,NA,NA,NA,NA,NA,Chicago,Bears,CHI,DST,NA,50
DST,0522,average,NA,NA,NA,NA,NA,NA,NA,NA,NA,NA,NA,NA,NA,NA,NA,NA,NA,NA,NA,NA,12.471428571428572,2.366934927787613,8.614285714285714,2.4565752389784246,40.142857142857146,5.5132740251315715,NA,NA,NA,NA,NA,NA,NA,NA,NA,NA,NA,NA,0.2,0.3651483716701107,2.25,0.70178344238091,NA,NA,NA,NA,NA,NA,NA,NA,NA,NA,NA,NA,NA,NA,Detroit,Lions,DET,DST,NA,50
DST,0522,robust,NA,NA,NA,NA,NA,NA,NA,NA,NA,NA,NA,NA,NA,NA,NA,NA,NA,NA,0,NA,13.225,0.14825999999999948,8.4,2.372159999999999,40.75,4.4478,NA,NA,NA,NA,NA,NA,NA,NA,NA,NA,NA,NA,0.1,0,2.3,0.6671699999999999,NA,NA,NA,NA,NA,NA,NA,NA,NA,NA,NA,NA,NA,NA,Detroit,Lions,DET,DST,NA,50
DST,0522,weighted,NA,NA,NA,NA,NA,NA,NA,NA,NA,NA,NA,NA,NA,NA,NA,NA,NA,NA,NA,NA,NA,2.6232688059063602,NA,2.45473414904447,NA,5.1800432243694905,NA,NA,NA,NA,NA,NA,NA,NA,NA,NA,NA,NA,NA,0.4130099991057029,NA,0.838810950514528,NA,NA,NA,NA,NA,NA,NA,NA,NA,NA,NA,NA,NA,NA,Detroit,Lions,DET,DST,NA,50
DST,0524,average,NA,NA,NA,NA,NA,NA,NA,NA,NA,NA,NA,NA,NA,NA,NA,NA,NA,NA,NA,NA,13.485714285714286,4.3693739335777355,9.614285714285714,1.8889402420657033,42.885714285714286,5.542390751119524,NA,NA,NA,NA,NA,NA,NA,NA,NA,NA,NA,NA,0.2,0.3651483716701107,2.2333333333333334,0.6649979114420002,NA,NA,NA,NA,NA,NA,NA,NA,NA,NA,NA,NA,NA,NA,Minnesota,Vikings,MIN,DST,NA,50
DST,0524,robust,NA,NA,NA,NA,NA,NA,NA,NA,NA,NA,NA,NA,NA,NA,NA,NA,NA,NA,0,NA,13.5,2.0756400000000004,9.55,1.4826,44.35,1.4826,NA,NA,NA,NA,NA,NA,NA,NA,NA,NA,NA,NA,0.1,0,2.2416666666666667,0.7907200000000001,NA,NA,NA,NA,NA,NA,NA,NA,NA,NA,NA,NA,NA,NA,Minnesota,Vikings,MIN,DST,NA,50
DST,0524,weighted,NA,NA,NA,NA,NA,NA,NA,NA,NA,NA,NA,NA,NA,NA,NA,NA,NA,NA,NA,NA,NA,3.5717478968697263,NA,1.80768732317802,NA,6.578073804012422,NA,NA,NA,NA,NA,NA,NA,NA,NA,NA,NA,NA,NA,0.4130099991057029,NA,0.5994931195307541,NA,NA,NA,NA,NA,NA,NA,NA,NA,NA,NA,NA,NA,NA,Minnesota,Vikings,MIN,DST,NA,50
DST,0504,average,NA,NA,NA,NA,NA,NA,NA,NA,NA,NA,NA,NA,NA,NA,NA,NA,NA,NA,NA,NA,10.314285714285715,2.1310627797952297,6.985714285714286,2.549789907311693,34.871428571428574,4.362611712309606,NA,NA,NA,NA,NA,NA,NA,NA,NA,NA,NA,NA,0,0,1.9666666666666666,0.5792715732327589,NA,NA,NA,NA,NA,NA,NA,NA,NA,NA,NA,NA,NA,NA,New England,Patriots,NEP,DST,NA,50
DST,0504,robust,NA,NA,NA,NA,NA,NA,NA,NA,NA,NA,NA,NA,NA,NA,NA,NA,NA,NA,0,NA,10.3,2.9652,7.5,1.4826,34.8,6.078660000000002,NA,NA,NA,NA,NA,NA,NA,NA,NA,NA,NA,NA,0,0,1.95,0.09883999999999997,NA,NA,NA,NA,NA,NA,NA,NA,NA,NA,NA,NA,NA,NA,New England,Patriots,NEP,DST,NA,50
DST,0504,weighted,NA,NA,NA,NA,NA,NA,NA,NA,NA,NA,NA,NA,NA,NA,NA,NA,NA,NA,NA,NA,NA,2.4512718381391623,NA,1.4495773129615561,NA,4.683141061293648,NA,NA,NA,NA,NA,NA,NA,NA,NA,NA,NA,NA,NA,0,NA,0.7340457858643918,NA,NA,NA,NA,NA,NA,NA,NA,NA,NA,NA,NA,NA,NA,New England,Patriots,NEP,DST,NA,50
DST,0518,average,NA,NA,NA,NA,NA,NA,NA,NA,NA,NA,NA,NA,NA,NA,NA,NA,NA,NA,NA,NA,13.82857142857143,3.6704742135561927,13.428571428571429,4.624108665719368,42.385714285714286,9.049204121805147,NA,NA,NA,NA,NA,NA,NA,NA,NA,NA,NA,NA,0.2,0.3651483716701107,2.7666666666666666,0.7249521056977182,NA,NA,NA,NA,NA,NA,NA,NA,NA,NA,NA,NA,NA,NA,Philadelphia,Eagles,PHI,DST,NA,50
DST,0518,robust,NA,NA,NA,NA,NA,NA,NA,NA,NA,NA,NA,NA,NA,NA,NA,NA,NA,NA,0,NA,13.850000000000001,2.668680000000001,12.725000000000001,2.9652,43.45,4.151279999999995,NA,NA,NA,NA,NA,NA,NA,NA,NA,NA,NA,NA,0.1,0,2.841666666666667,0.29652000000000023,NA,NA,NA,NA,NA,NA,NA,NA,NA,NA,NA,NA,NA,NA,Philadelphia,Eagles,PHI,DST,NA,50
DST,0518,weighted,NA,NA,NA,NA,NA,NA,NA,NA,NA,NA,NA,NA,NA,NA,NA,NA,NA,NA,NA,NA,NA,2.9581430952845063,NA,4.604859626375078,NA,10.585670908939239,NA,NA,NA,NA,NA,NA,NA,NA,NA,NA,NA,NA,NA,0.4130099991057029,NA,0.9060536175161954,NA,NA,NA,NA,NA,NA,NA,NA,NA,NA,NA,NA,NA,NA,Philadelphia,Eagles,PHI,DST,NA,50
DST,0516,average,NA,NA,NA,NA,NA,NA,NA,NA,NA,NA,NA,NA,NA,NA,NA,NA,NA,NA,1,0,10.77142857142857,1.7182493859684491,8.985714285714286,2.4016859157881654,44.8,10.754843869934453,NA,NA,NA,NA,NA,NA,NA,NA,NA,NA,NA,NA,0,0,2.35,1.25532200384337,NA,NA,NA,NA,NA,NA,NA,NA,NA,NA,NA,NA,NA,NA,Dallas,Cowboys,DAL,DST,NA,50
DST,0516,robust,NA,NA,NA,NA,NA,NA,NA,NA,NA,NA,NA,NA,NA,NA,NA,NA,NA,NA,1,0,11.149999999999999,0.29651999999999895,8.45,1.6308599999999993,44.4,5.337360000000002,NA,NA,NA,NA,NA,NA,NA,NA,NA,NA,NA,NA,0,0,2.125,0.37065,NA,NA,NA,NA,NA,NA,NA,NA,NA,NA,NA,NA,NA,NA,Dallas,Cowboys,DAL,DST,NA,50
DST,0516,weighted,NA,NA,NA,NA,NA,NA,NA,NA,NA,NA,NA,NA,NA,NA,NA,NA,NA,NA,NA,0,NA,2.0930102135098085,NA,2.767490778116441,NA,12.47186944394874,NA,NA,NA,NA,NA,NA,NA,NA,NA,NA,NA,NA,NA,0,NA,1.5920786773165696,NA,NA,NA,NA,NA,NA,NA,NA,NA,NA,NA,NA,NA,NA,Dallas,Cowboys,DAL,DST,NA,50
DST,0514,average,NA,NA,NA,NA,NA,NA,NA,NA,NA,NA,NA,NA,NA,NA,NA,NA,NA,NA,1,0,11.685714285714285,1.665761659050269,8.771428571428572,2.404658177866649,42.94285714285714,7.353878147584703,NA,NA,NA,NA,NA,NA,NA,NA,NA,NA,NA,NA,0,0,1.9,1.0645812948447542,NA,NA,NA,NA,NA,NA,NA,NA,NA,NA,NA,NA,NA,NA,Los Angeles,Chargers,LAC,DST,NA,50
DST,0514,robust,NA,NA,NA,NA,NA,NA,NA,NA,NA,NA,NA,NA,NA,NA,NA,NA,NA,NA,1,0,12.15,0.444780000000001,8.6,2.8169400000000002,43,6.375179999999996,NA,NA,NA,NA,NA,NA,NA,NA,NA,NA,NA,NA,0,0,1.8250000000000002,0.44477999999999973,NA,NA,NA,NA,NA,NA,NA,NA,NA,NA,NA,NA,NA,NA,Los Angeles,Chargers,LAC,DST,NA,50
DST,0514,weighted,NA,NA,NA,NA,NA,NA,NA,NA,NA,NA,NA,NA,NA,NA,NA,NA,NA,NA,NA,0,NA,1.9734439226783114,NA,2.547054800136762,NA,8.490311370970467,NA,NA,NA,NA,NA,NA,NA,NA,NA,NA,NA,NA,NA,0,NA,1.176415594186305,NA,NA,NA,NA,NA,NA,NA,NA,NA,NA,NA,NA,NA,NA,Los Angeles,Chargers,LAC,DST,NA,50
DST,0517,average,NA,NA,NA,NA,NA,NA,NA,NA,NA,NA,NA,NA,NA,NA,NA,NA,NA,NA,NA,NA,9.485714285714286,2.0939823076525514,10.642857142857142,3.095080582072753,44.642857142857146,11.618355756138236,NA,NA,NA,NA,NA,NA,NA,NA,NA,NA,NA,NA,0,0,2.1333333333333333,0.9213516640723503,NA,NA,NA,NA,NA,NA,NA,NA,NA,NA,NA,NA,NA,NA,New York,Giants,NYG,DST,NA,50
DST,0517,robust,NA,NA,NA,NA,NA,NA,NA,NA,NA,NA,NA,NA,NA,NA,NA,NA,NA,NA,0,NA,9.5,2.9652,10.475,2.9652,42.5,4.744320000000004,NA,NA,NA,NA,NA,NA,NA,NA,NA,NA,NA,NA,0,0,2.033333333333333,0.29652000000000023,NA,NA,NA,NA,NA,NA,NA,NA,NA,NA,NA,NA,NA,NA,New York,Giants,NYG,DST,NA,50
DST,0517,weighted,NA,NA,NA,NA,NA,NA,NA,NA,NA,NA,NA,NA,NA,NA,NA,NA,NA,NA,NA,NA,NA,2.1923263340435315,NA,3.2643302854069653,NA,12.966164832861132,NA,NA,NA,NA,NA,NA,NA,NA,NA,NA,NA,NA,NA,0,NA,1.170734596172071,NA,NA,NA,NA,NA,NA,NA,NA,NA,NA,NA,NA,NA,NA,New York,Giants,NYG,DST,NA,50
DST,0520,average,NA,NA,NA,NA,NA,NA,NA,NA,NA,NA,NA,NA,NA,NA,NA,NA,NA,NA,NA,NA,10.985714285714286,2.7811439920942433,9.32857142857143,2.5144345194060937,41.91428571428571,6.996767961334855,NA,NA,NA,NA,NA,NA,NA,NA,NA,NA,NA,NA,0.375,0.338501600193165,2.1166666666666667,0.9208993189027537,NA,NA,NA,NA,NA,NA,NA,NA,NA,NA,NA,NA,NA,NA,Washington,Commanders,WAS,DST,NA,50
DST,0520,robust,NA,NA,NA,NA,NA,NA,NA,NA,NA,NA,NA,NA,NA,NA,NA,NA,NA,NA,0,NA,11.675,0.7413,9.075,1.4826,42,5.9304,NA,NA,NA,NA,NA,NA,NA,NA,NA,NA,NA,NA,0.375,0.185325,2.025,0.17297000000000004,NA,NA,NA,NA,NA,NA,NA,NA,NA,NA,NA,NA,NA,NA,Washington,Commanders,WAS,DST,NA,50
DST,0520,weighted,NA,NA,NA,NA,NA,NA,NA,NA,NA,NA,NA,NA,NA,NA,NA,NA,NA,NA,NA,NA,NA,3.306132483946576,NA,2.850239132880249,NA,7.657458733952445,NA,NA,NA,NA,NA,NA,NA,NA,NA,NA,NA,NA,NA,0.3672787927379008,NA,1.1708666268611563,NA,NA,NA,NA,NA,NA,NA,NA,NA,NA,NA,NA,NA,NA,Washington,Commanders,WAS,DST,NA,50
DST,0525,average,NA,NA,NA,NA,NA,NA,NA,NA,NA,NA,NA,NA,NA,NA,NA,NA,NA,NA,NA,NA,9.728571428571428,3.430604555912503,9.942857142857143,2.226250317504857,41.51428571428571,6.292436881269602,NA,NA,NA,NA,NA,NA,NA,NA,NA,NA,NA,NA,0.65,0.3582364210034113,1.8833333333333333,0.6011562932290477,NA,NA,NA,NA,NA,NA,NA,NA,NA,NA,NA,NA,NA,NA,Tampa Bay,Buccaneers,TBB,DST,NA,50
DST,0525,robust,NA,NA,NA,NA,NA,NA,NA,NA,NA,NA,NA,NA,NA,NA,NA,NA,NA,NA,0,NA,10.25,1.4826,10,2.9652,43.05,1.4826,NA,NA,NA,NA,NA,NA,NA,NA,NA,NA,NA,NA,0.65,0.22239000000000003,1.85,0.27181,NA,NA,NA,NA,NA,NA,NA,NA,NA,NA,NA,NA,NA,NA,Tampa Bay,Buccaneers,TBB,DST,NA,50
DST,0525,weighted,NA,NA,NA,NA,NA,NA,NA,NA,NA,NA,NA,NA,NA,NA,NA,NA,NA,NA,NA,NA,NA,2.3402085396198067,NA,2.34442357802324,NA,7.503804861518192,NA,NA,NA,NA,NA,NA,NA,NA,NA,NA,NA,NA,NA,0.36781602694913434,NA,0.7558691882297915,NA,NA,NA,NA,NA,NA,NA,NA,NA,NA,NA,NA,NA,NA,Tampa Bay,Buccaneers,TBB,DST,NA,50
DST,0530,average,NA,NA,NA,NA,NA,NA,NA,NA,NA,NA,NA,NA,NA,NA,NA,NA,NA,NA,NA,NA,11.7,3.2305830227169006,8.057142857142857,2.3085761433238043,39.72857142857143,7.826177075625597,NA,NA,NA,NA,NA,NA,NA,NA,NA,NA,NA,NA,0.5,0.408248290463863,2.2333333333333334,0.8339997335464535,NA,NA,NA,NA,NA,NA,NA,NA,NA,NA,NA,NA,NA,NA,San Francisco,49ers,SFO,DST,NA,50
DST,0530,robust,NA,NA,NA,NA,NA,NA,NA,NA,NA,NA,NA,NA,NA,NA,NA,NA,NA,NA,0,NA,12.25,1.4826,8.45,1.186080000000001,41.275,1.4826,NA,NA,NA,NA,NA,NA,NA,NA,NA,NA,NA,NA,0.5,0.7413,2.0583333333333336,0.44477999999999973,NA,NA,NA,NA,NA,NA,NA,NA,NA,NA,NA,NA,NA,NA,San Francisco,49ers,SFO,DST,NA,50
DST,0530,weighted,NA,NA,NA,NA,NA,NA,NA,NA,NA,NA,NA,NA,NA,NA,NA,NA,NA,NA,NA,NA,NA,3.5199895714117275,NA,1.4423211298428655,NA,9.30667680593822,NA,NA,NA,NA,NA,NA,NA,NA,NA,NA,NA,NA,NA,0.35969465497143693,NA,0.9759571776584516,NA,NA,NA,NA,NA,NA,NA,NA,NA,NA,NA,NA,NA,NA,San Francisco,49ers,SFO,DST,NA,50
DST,0505,average,NA,NA,NA,NA,NA,NA,NA,NA,NA,NA,NA,NA,NA,NA,NA,NA,NA,NA,1,0,11.114285714285714,1.6231949681914077,8.9,2.2869193252058544,39.31428571428572,7.312871887165481,NA,NA,NA,NA,NA,NA,NA,NA,NA,NA,NA,NA,0.375,0.338501600193165,1.7833333333333332,1.1809835825371249,NA,NA,NA,NA,NA,NA,NA,NA,NA,NA,NA,NA,NA,NA,New York,Jets,NYJ,DST,NA,50
DST,0505,robust,NA,NA,NA,NA,NA,NA,NA,NA,NA,NA,NA,NA,NA,NA,NA,NA,NA,NA,1,0,12,0,8.75,1.927380000000001,40.45,7.709519999999993,NA,NA,NA,NA,NA,NA,NA,NA,NA,NA,NA,NA,0.375,0.185325,1.725,0.4200699999999998,NA,NA,NA,NA,NA,NA,NA,NA,NA,NA,NA,NA,NA,NA,New York,Jets,NYJ,DST,NA,50
DST,0505,weighted,NA,NA,NA,NA,NA,NA,NA,NA,NA,NA,NA,NA,NA,NA,NA,NA,NA,NA,NA,0,NA,1.798707510959772,NA,2.6800491894304788,NA,8.569697060391707,NA,NA,NA,NA,NA,NA,NA,NA,NA,NA,NA,NA,NA,0.3672787927379008,NA,1.4863746059870726,NA,NA,NA,NA,NA,NA,NA,NA,NA,NA,NA,NA,NA,NA,New York,Jets,NYJ,DST,NA,50
DST,0509,average,NA,NA,NA,NA,NA,NA,NA,NA,NA,NA,NA,NA,NA,NA,NA,NA,NA,NA,NA,NA,10.357142857142858,2.973133668290716,7.2,2.4385788210895845,35.042857142857144,7.266786805472586,NA,NA,NA,NA,NA,NA,NA,NA,NA,NA,NA,NA,0.125,0.1767766952966369,2.05,0.937638878602347,NA,NA,NA,NA,NA,NA,NA,NA,NA,NA,NA,NA,NA,NA,Jacksonville,Jaguars,JAC,DST,NA,50
DST,0509,robust,NA,NA,NA,NA,NA,NA,NA,NA,NA,NA,NA,NA,NA,NA,NA,NA,NA,NA,0,NA,11,2.9652,7.85,1.4826,38,1.779120000000004,NA,NA,NA,NA,NA,NA,NA,NA,NA,NA,NA,NA,0.0625,0.185325,1.9124999999999999,0.2965199999999999,NA,NA,NA,NA,NA,NA,NA,NA,NA,NA,NA,NA,NA,NA,Jacksonville,Jaguars,JAC,DST,NA,50
DST,0509,weighted,NA,NA,NA,NA,NA,NA,NA,NA,NA,NA,NA,NA,NA,NA,NA,NA,NA,NA,NA,NA,NA,2.0871957494539863,NA,1.0026585607296108,NA,8.449366797751416,NA,NA,NA,NA,NA,NA,NA,NA,NA,NA,NA,NA,NA,0.06887776008222034,NA,1.139240096712825,NA,NA,NA,NA,NA,NA,NA,NA,NA,NA,NA,NA,NA,NA,Jacksonville,Jaguars,JAC,DST,NA,50
DST,0502,average,NA,NA,NA,NA,NA,NA,NA,NA,NA,NA,NA,NA,NA,NA,NA,NA,NA,NA,NA,NA,12.371428571428572,2.869212601460713,8.728571428571428,2.137533068527273,38.25714285714286,6.404908831736572,NA,NA,NA,NA,NA,NA,NA,NA,NA,NA,NA,NA,0.5,0.408248290463863,1.7666666666666666,0.6749485577105528,NA,NA,NA,NA,NA,NA,NA,NA,NA,NA,NA,NA,NA,NA,Indianapolis,Colts,IND,DST,NA,50
DST,0502,robust,NA,NA,NA,NA,NA,NA,NA,NA,NA,NA,NA,NA,NA,NA,NA,NA,NA,NA,0,NA,12.3,0.8895599999999995,8.95,1.4826,40,1.4826,NA,NA,NA,NA,NA,NA,NA,NA,NA,NA,NA,NA,0.5,0.7413,1.75,0.3953599999999999,NA,NA,NA,NA,NA,NA,NA,NA,NA,NA,NA,NA,NA,NA,Indianapolis,Colts,IND,DST,NA,50
DST,0502,weighted,NA,NA,NA,NA,NA,NA,NA,NA,NA,NA,NA,NA,NA,NA,NA,NA,NA,NA,NA,NA,NA,2.9214250736561564,NA,2.1723928423894376,NA,7.474620462373597,NA,NA,NA,NA,NA,NA,NA,NA,NA,NA,NA,NA,NA,0.35969465497143693,NA,0.7691283430928662,NA,NA,NA,NA,NA,NA,NA,NA,NA,NA,NA,NA,NA,NA,Indianapolis,Colts,IND,DST,NA,50
DST,0506,average,NA,NA,NA,NA,NA,NA,NA,NA,NA,NA,NA,NA,NA,NA,NA,NA,NA,NA,NA,NA,12.1,2.515949125081825,8.914285714285715,2.0456690604205523,37.357142857142854,6.235879286531328,NA,NA,NA,NA,NA,NA,NA,NA,NA,NA,NA,NA,0.225,0.31819805153394637,2.3,1.0132456102380443,NA,NA,NA,NA,NA,NA,NA,NA,NA,NA,NA,NA,NA,NA,Cincinnati,Bengals,CIN,DST,NA,50
DST,0506,robust,NA,NA,NA,NA,NA,NA,NA,NA,NA,NA,NA,NA,NA,NA,NA,NA,NA,NA,0,NA,12.5,0.8895599999999995,8.6,1.4826,39.25,1.4826,NA,NA,NA,NA,NA,NA,NA,NA,NA,NA,NA,NA,0.1125,0.33358499999999996,2.175,0.8895600000000001,NA,NA,NA,NA,NA,NA,NA,NA,NA,NA,NA,NA,NA,NA,Cincinnati,Bengals,CIN,DST,NA,50
DST,0506,weighted,NA,NA,NA,NA,NA,NA,NA,NA,NA,NA,NA,NA,NA,NA,NA,NA,NA,NA,NA,NA,NA,2.540249253525917,NA,2.3756101403173586,NA,7.504962424081817,NA,NA,NA,NA,NA,NA,NA,NA,NA,NA,NA,NA,NA,0.12397996814799661,NA,1.1854653092245147,NA,NA,NA,NA,NA,NA,NA,NA,NA,NA,NA,NA,NA,NA,Cincinnati,Bengals,CIN,DST,NA,50
DST,0529,average,NA,NA,NA,NA,NA,NA,NA,NA,NA,NA,NA,NA,NA,NA,NA,NA,NA,NA,1,0,11.585714285714285,3.4671931834595795,6.228571428571429,2.6518636753010045,35.72857142857143,6.029017135408359,NA,NA,NA,NA,NA,NA,NA,NA,NA,NA,NA,NA,0.25,0.3535533905932738,1.5666666666666667,1.2297244497131143,NA,NA,NA,NA,NA,NA,NA,NA,NA,NA,NA,NA,NA,NA,New Orleans,Saints,NOS,DST,NA,50
DST,0529,robust,NA,NA,NA,NA,NA,NA,NA,NA,NA,NA,NA,NA,NA,NA,NA,NA,NA,NA,1,0,11.575,4.4478,6.65,1.4826,37,2.9652,NA,NA,NA,NA,NA,NA,NA,NA,NA,NA,NA,NA,0.125,0.37065,1.4,0.8401399999999999,NA,NA,NA,NA,NA,NA,NA,NA,NA,NA,NA,NA,NA,NA,New Orleans,Saints,NOS,DST,NA,50
DST,0529,weighted,NA,NA,NA,NA,NA,NA,NA,NA,NA,NA,NA,NA,NA,NA,NA,NA,NA,NA,NA,0,NA,3.6231591627758504,NA,1.6187015774836682,NA,7.002652346399083,NA,NA,NA,NA,NA,NA,NA,NA,NA,NA,NA,NA,NA,0.13775552016444068,NA,1.2918790519041325,NA,NA,NA,NA,NA,NA,NA,NA,NA,NA,NA,NA,NA,NA,New Orleans,Saints,NOS,DST,NA,50
DST,0508,average,NA,NA,NA,NA,NA,NA,NA,NA,NA,NA,NA,NA,NA,NA,NA,NA,NA,NA,NA,NA,10.214285714285714,2.266001302903841,7.985714285714286,1.517046001750959,35.385714285714286,6.745474673544373,NA,NA,NA,NA,NA,NA,NA,NA,NA,NA,NA,NA,0.925,0.6667708251965838,1.5166666666666666,1.2280291346525762,NA,NA,NA,NA,NA,NA,NA,NA,NA,NA,NA,NA,NA,NA,Tennessee,Titans,TEN,DST,NA,50
DST,0508,robust,NA,NA,NA,NA,NA,NA,NA,NA,NA,NA,NA,NA,NA,NA,NA,NA,NA,NA,0,NA,10.45,1.927380000000001,7.75,1.4826,36,4.4478,NA,NA,NA,NA,NA,NA,NA,NA,NA,NA,NA,NA,0.925,0.11119499999999993,1.35,0.5930399999999998,NA,NA,NA,NA,NA,NA,NA,NA,NA,NA,NA,NA,NA,NA,Tennessee,Titans,TEN,DST,NA,50
DST,0508,weighted,NA,NA,NA,NA,NA,NA,NA,NA,NA,NA,NA,NA,NA,NA,NA,NA,NA,NA,NA,NA,NA,2.7109621300751003,NA,1.5621719784052561,NA,7.319399271618615,NA,NA,NA,NA,NA,NA,NA,NA,NA,NA,NA,NA,NA,0.4261535866783943,NA,1.3081832281914758,NA,NA,NA,NA,NA,NA,NA,NA,NA,NA,NA,NA,NA,NA,Tennessee,Titans,TEN,DST,NA,50
DST,0513,average,NA,NA,NA,NA,NA,NA,NA,NA,NA,NA,NA,NA,NA,NA,NA,NA,NA,NA,NA,NA,10.542857142857143,2.0362196532276364,7.1571428571428575,1.606089601959931,38.614285714285714,6.8423749705855235,NA,NA,NA,NA,NA,NA,NA,NA,NA,NA,NA,NA,0.375,0.338501600193165,2.05,1.3708270009985457,NA,NA,NA,NA,NA,NA,NA,NA,NA,NA,NA,NA,NA,NA,Las Vegas,Raiders,LVR,DST,NA,50
DST,0513,robust,NA,NA,NA,NA,NA,NA,NA,NA,NA,NA,NA,NA,NA,NA,NA,NA,NA,NA,0,NA,11.15,0.444780000000001,7.475,1.3343400000000005,39.925,4.003020000000004,NA,NA,NA,NA,NA,NA,NA,NA,NA,NA,NA,NA,0.375,0.185325,1.625,1.03782,NA,NA,NA,NA,NA,NA,NA,NA,NA,NA,NA,NA,NA,NA,Las Vegas,Raiders,LVR,DST,NA,50
DST,0513,weighted,NA,NA,NA,NA,NA,NA,NA,NA,NA,NA,NA,NA,NA,NA,NA,NA,NA,NA,NA,NA,NA,2.3809562467433842,NA,1.1164217949061794,NA,7.96258958711285,NA,NA,NA,NA,NA,NA,NA,NA,NA,NA,NA,NA,NA,0.3672787927379008,NA,1.661044056339773,NA,NA,NA,NA,NA,NA,NA,NA,NA,NA,NA,NA,NA,NA,Las Vegas,Raiders,LVR,DST,NA,50
DST,0519,average,NA,NA,NA,NA,NA,NA,NA,NA,NA,NA,NA,NA,NA,NA,NA,NA,NA,NA,NA,NA,10.585714285714285,2.556318036700814,8.5,2.227853974867593,38.6,9.205976319760984,NA,NA,NA,NA,NA,NA,NA,NA,NA,NA,NA,NA,1.075,0.6667708251965838,1.75,1.22440461721878,NA,NA,NA,NA,NA,NA,NA,NA,NA,NA,NA,NA,NA,NA,Arizona,Cardinals,ARI,DST,NA,50
DST,0519,robust,NA,NA,NA,NA,NA,NA,NA,NA,NA,NA,NA,NA,NA,NA,NA,NA,NA,NA,0,NA,11.25,1.4826,8.125,1.4826,41,1.9273799999999957,NA,NA,NA,NA,NA,NA,NA,NA,NA,NA,NA,NA,1.0375,0.11119499999999993,1.725,0.5189100000000001,NA,NA,NA,NA,NA,NA,NA,NA,NA,NA,NA,NA,NA,NA,Arizona,Cardinals,ARI,DST,NA,50
DST,0519,weighted,NA,NA,NA,NA,NA,NA,NA,NA,NA,NA,NA,NA,NA,NA,NA,NA,NA,NA,NA,NA,NA,2.8006315744123644,NA,2.568468830013393,NA,10.917416121553558,NA,NA,NA,NA,NA,NA,NA,NA,NA,NA,NA,NA,NA,0.47563378171600396,NA,1.2091087554247668,NA,NA,NA,NA,NA,NA,NA,NA,NA,NA,NA,NA,NA,NA,Arizona,Cardinals,ARI,DST,NA,50
DST,0527,average,NA,NA,NA,NA,NA,NA,NA,NA,NA,NA,NA,NA,NA,NA,NA,NA,NA,NA,NA,NA,10.642857142857142,1.8989972291160606,7.071428571428571,1.8571611720708623,32.542857142857144,7.1222321273734455,NA,NA,NA,NA,NA,NA,NA,NA,NA,NA,NA,NA,0,0,1.5,1.230176139149729,NA,NA,NA,NA,NA,NA,NA,NA,NA,NA,NA,NA,NA,NA,Carolina,Panthers,CAR,DST,NA,50
DST,0527,robust,NA,NA,NA,NA,NA,NA,NA,NA,NA,NA,NA,NA,NA,NA,NA,NA,NA,NA,0,NA,10.55,1.927380000000001,7,1.4826,34.724999999999994,2.2239,NA,NA,NA,NA,NA,NA,NA,NA,NA,NA,NA,NA,0,0,1.3250000000000002,0.44478000000000006,NA,NA,NA,NA,NA,NA,NA,NA,NA,NA,NA,NA,NA,NA,Carolina,Panthers,CAR,DST,NA,50
DST,0527,weighted,NA,NA,NA,NA,NA,NA,NA,NA,NA,NA,NA,NA,NA,NA,NA,NA,NA,NA,NA,NA,NA,2.3013343343488697,NA,2.1726356644386704,NA,8.408684015806541,NA,NA,NA,NA,NA,NA,NA,NA,NA,NA,NA,NA,NA,0,NA,1.3180221471402807,NA,NA,NA,NA,NA,NA,NA,NA,NA,NA,NA,NA,NA,NA,Carolina,Panthers,CAR,DST,NA,50
DST,0503,average,NA,NA,NA,NA,NA,NA,NA,NA,NA,NA,NA,NA,NA,NA,NA,NA,NA,NA,NA,NA,10.528571428571428,2.732955839205533,8.314285714285715,1.7033580279637548,37.98571428571429,5.688710624687159,NA,NA,NA,NA,NA,NA,NA,NA,NA,NA,NA,NA,0.375,0.338501600193165,1.7666666666666666,1.2133516482134197,NA,NA,NA,NA,NA,NA,NA,NA,NA,NA,NA,NA,NA,NA,Miami,Dolphins,MIA,DST,NA,50
DST,0503,robust,NA,NA,NA,NA,NA,NA,NA,NA,NA,NA,NA,NA,NA,NA,NA,NA,NA,NA,0,NA,11.225,0.7413,8.45,1.3343400000000005,39.025,1.4826,NA,NA,NA,NA,NA,NA,NA,NA,NA,NA,NA,NA,0.375,0.185325,1.7833333333333332,0.3459400000000001,NA,NA,NA,NA,NA,NA,NA,NA,NA,NA,NA,NA,NA,NA,Miami,Dolphins,MIA,DST,NA,50
DST,0503,weighted,NA,NA,NA,NA,NA,NA,NA,NA,NA,NA,NA,NA,NA,NA,NA,NA,NA,NA,NA,NA,NA,3.2981428643500186,NA,1.244126907853052,NA,6.971532680071375,NA,NA,NA,NA,NA,NA,NA,NA,NA,NA,NA,NA,NA,0.3672787927379008,NA,1.1833351770878866,NA,NA,NA,NA,NA,NA,NA,NA,NA,NA,NA,NA,NA,NA,Miami,Dolphins,MIA,DST,NA,50
DL,13284,average,NA,NA,NA,NA,NA,NA,NA,NA,NA,NA,NA,NA,NA,NA,NA,NA,NA,NA,NA,NA,NA,NA,NA,NA,NA,NA,NA,NA,NA,NA,NA,NA,NA,NA,NA,NA,NA,NA,NA,NA,NA,NA,34.5,4.949747468305833,15.6,2.2627416997969516,5.6,2.2627416997969525,0,0,1.75,0.3535533905932738,0,0,0,0,Trey,Hendrickson,CIN,DE,31,3
DL,13284,robust,NA,NA,NA,NA,NA,NA,NA,NA,NA,NA,NA,NA,NA,NA,NA,NA,NA,NA,NA,NA,NA,NA,NA,NA,NA,NA,NA,NA,NA,NA,NA,NA,NA,NA,NA,NA,NA,NA,NA,NA,NA,NA,34.5,5.1891,15.6,2.372159999999999,5.6,2.37216,0,0,1.75,0.37065,0,0,0,0,Trey,Hendrickson,CIN,DE,31,3
DL,13284,weighted,NA,NA,NA,NA,NA,NA,NA,NA,NA,NA,NA,NA,NA,NA,NA,NA,NA,NA,NA,NA,NA,NA,NA,NA,NA,NA,NA,NA,NA,NA,NA,NA,NA,NA,NA,NA,NA,NA,NA,NA,NA,NA,34.3924914675768,4.949747468305833,15.55085324232082,2.2627416997969516,5.550853242320819,2.262741699796952,0,0,1.7576791808873717,0.35355339059327373,0,0,0,0,Trey,Hendrickson,CIN,DE,31,3
DL,14225,average,NA,NA,NA,NA,NA,NA,NA,NA,NA,NA,NA,NA,NA,NA,NA,NA,NA,NA,NA,NA,NA,NA,NA,NA,NA,NA,NA,NA,NA,NA,NA,NA,NA,NA,NA,NA,NA,NA,NA,NA,NA,NA,49,4.242640687119285,27.9,1.5556349186104041,4.7,0.9899494936611668,0,0,1.8,0.28284271247461895,0.75,0.3535533905932738,0,0,Maxx,Crosby,LVR,DE,28,1
DL,14225,robust,NA,NA,NA,NA,NA,NA,NA,NA,NA,NA,NA,NA,NA,NA,NA,NA,NA,NA,NA,NA,NA,NA,NA,NA,NA,NA,NA,NA,NA,NA,NA,NA,NA,NA,NA,NA,NA,NA,NA,NA,NA,NA,49,4.4478,27.9,1.6308599999999993,4.7,1.0378200000000002,0,0,1.8,0.2965199999999999,0.75,0.37065,0,0,Maxx,Crosby,LVR,DE,28,1
DL,14225,weighted,NA,NA,NA,NA,NA,NA,NA,NA,NA,NA,NA,NA,NA,NA,NA,NA,NA,NA,NA,NA,NA,NA,NA,NA,NA,NA,NA,NA,NA,NA,NA,NA,NA,NA,NA,NA,NA,NA,NA,NA,NA,NA,49.09215017064846,4.242640687119285,27.933788395904436,1.555634918610404,4.678498293515359,0.9899494936611668,0,0,1.8061433447098978,0.2828427124746189,0.757679180887372,0.35355339059327373,0,0,Maxx,Crosby,LVR,DE,28,1
DL,14249,average,NA,NA,NA,NA,NA,NA,NA,NA,NA,NA,NA,NA,NA,NA,NA,NA,NA,NA,NA,NA,NA,NA,NA,NA,NA,NA,NA,NA,NA,NA,NA,NA,NA,NA,NA,NA,NA,NA,NA,NA,NA,NA,44.05,0.07071067811865576,28.75,1.0606601717798212,3.4,1.979898987322333,0.75,0.3535533905932738,1,1.4142135623730951,0,0,0.5,0,Andrew,Van Ginkel,MIN,DE,30,1
DL,14249,robust,NA,NA,NA,NA,NA,NA,NA,NA,NA,NA,NA,NA,NA,NA,NA,NA,NA,NA,NA,NA,NA,NA,NA,NA,NA,NA,NA,NA,NA,NA,NA,NA,NA,NA,NA,NA,NA,NA,NA,NA,NA,NA,44.05,0.07413000000000106,28.75,1.11195,3.4,2.07564,0.75,0.37065,1,1.4826,0,0,0.5,0,Andrew,Van Ginkel,MIN,DE,30,1
DL,14249,weighted,NA,NA,NA,NA,NA,NA,NA,NA,NA,NA,NA,NA,NA,NA,NA,NA,NA,NA,NA,NA,NA,NA,NA,NA,NA,NA,NA,NA,NA,NA,NA,NA,NA,NA,NA,NA,NA,NA,NA,NA,NA,NA,44.04846416382253,0.07071067811865575,28.726962457337883,1.0606601717798212,3.356996587030716,1.9798989873223327,0.757679180887372,0.35355339059327373,0.9692832764505119,1.414213562373095,0,0,0.5,0,Andrew,Van Ginkel,MIN,DE,30,1
DL,13198,average,NA,NA,NA,NA,NA,NA,NA,NA,NA,NA,NA,NA,NA,NA,NA,NA,NA,NA,NA,NA,NA,NA,NA,NA,NA,NA,NA,NA,NA,NA,NA,NA,NA,NA,NA,NA,NA,NA,NA,NA,NA,NA,41,4.242640687119285,11.55,2.050609665440988,2.1,0.14142135623730964,0,0,3.15,0.21213203435596414,1.2,0.28284271247461895,0,0,Myles,Garrett,CLE,DE,30,3
DL,13198,robust,NA,NA,NA,NA,NA,NA,NA,NA,NA,NA,NA,NA,NA,NA,NA,NA,NA,NA,NA,NA,NA,NA,NA,NA,NA,NA,NA,NA,NA,NA,NA,NA,NA,NA,NA,NA,NA,NA,NA,NA,NA,NA,41,4.4478,11.55,2.14977,2.1,0.14826000000000011,0,0,3.15,0.22238999999999987,1.2,0.2965199999999999,0,0,Myles,Garrett,CLE,DE,30,3
DL,13198,weighted,NA,NA,NA,NA,NA,NA,NA,NA,NA,NA,NA,NA,NA,NA,NA,NA,NA,NA,NA,NA,NA,NA,NA,NA,NA,NA,NA,NA,NA,NA,NA,NA,NA,NA,NA,NA,NA,NA,NA,NA,NA,NA,40.907849829351534,4.242640687119285,11.594539249146758,2.050609665440988,2.0969283276450517,0.14142135623730961,0,0,3.1453924914675766,0.21213203435596412,1.1938566552901024,0.28284271247461895,0,0,Myles,Garrett,CLE,DE,30,3
DL,16223,average,NA,NA,NA,NA,NA,NA,NA,NA,NA,NA,NA,NA,NA,NA,NA,NA,NA,NA,NA,NA,NA,NA,NA,NA,NA,NA,NA,NA,NA,NA,NA,NA,NA,NA,NA,NA,NA,NA,NA,NA,NA,NA,34,4.242640687119285,16.9,0.141421356237309,3.85,2.616295090390226,0,0,0.95,0.07071067811865474,0.35,0.49497474683058323,0,0,Will,Anderson,HOU,DE,24,-3
DL,16223,robust,NA,NA,NA,NA,NA,NA,NA,NA,NA,NA,NA,NA,NA,NA,NA,NA,NA,NA,NA,NA,NA,NA,NA,NA,NA,NA,NA,NA,NA,NA,NA,NA,NA,NA,NA,NA,NA,NA,NA,NA,NA,NA,34,4.4478,16.9,0.14825999999999948,3.85,2.74281,0,0,0.95,0.07412999999999997,0.35,0.51891,0,0,Will,Anderson,HOU,DE,24,-3
DL,16223,weighted,NA,NA,NA,NA,NA,NA,NA,NA,NA,NA,NA,NA,NA,NA,NA,NA,NA,NA,NA,NA,NA,NA,NA,NA,NA,NA,NA,NA,NA,NA,NA,NA,NA,NA,NA,NA,NA,NA,NA,NA,NA,NA,33.907849829351534,4.242640687119285,16.903071672354947,0.141421356237309,3.7931740614334473,2.616295090390226,0,0,0.9515358361774744,0.07071067811865474,0.33924914675767914,0.4949747468305832,0,0,Will,Anderson,HOU,DE,24,-3
DL,15805,average,NA,NA,NA,NA,NA,NA,NA,NA,NA,NA,NA,NA,NA,NA,NA,NA,NA,NA,NA,NA,NA,NA,NA,NA,NA,NA,NA,NA,NA,NA,NA,NA,NA,NA,NA,NA,NA,NA,NA,NA,NA,NA,38.5,0.7071067811865476,17.55,0.6363961030678917,4.5,0.7071067811865476,1,1.4142135623730951,2.15,0.21213203435596414,1.05,0.07071067811865482,0,0,Aidan,Hutchinson,DET,DE,25,-2
DL,15805,robust,NA,NA,NA,NA,NA,NA,NA,NA,NA,NA,NA,NA,NA,NA,NA,NA,NA,NA,NA,NA,NA,NA,NA,NA,NA,NA,NA,NA,NA,NA,NA,NA,NA,NA,NA,NA,NA,NA,NA,NA,NA,NA,38.5,0.7413,17.55,0.6671699999999989,4.5,0.7413,1,1.4826,2.15,0.22238999999999987,1.05,0.07413000000000006,0,0,Aidan,Hutchinson,DET,DE,25,-2
DL,15805,weighted,NA,NA,NA,NA,NA,NA,NA,NA,NA,NA,NA,NA,NA,NA,NA,NA,NA,NA,NA,NA,NA,NA,NA,NA,NA,NA,NA,NA,NA,NA,NA,NA,NA,NA,NA,NA,NA,NA,NA,NA,NA,NA,38.484641638225256,0.7071067811865475,17.56382252559727,0.6363961030678917,4.515358361774744,0.7071067811865475,1.030716723549488,1.414213562373095,2.1453924914675766,0.21213203435596412,1.0484641638225258,0.07071067811865481,0,0,Aidan,Hutchinson,DET,DE,25,-2
DL,14882,average,NA,NA,NA,NA,NA,NA,NA,NA,NA,NA,NA,NA,NA,NA,NA,NA,NA,NA,NA,NA,NA,NA,NA,NA,NA,NA,NA,NA,NA,NA,NA,NA,NA,NA,NA,NA,NA,NA,NA,NA,NA,NA,41,4.242640687119285,20,4.242640687119285,2.8,1.1313708498984762,0.15,0.21213203435596426,2.35,0.4949747468305834,0,0,0.3,0,Jonathan,Greenard,MIN,DE,28,0
DL,14882,robust,NA,NA,NA,NA,NA,NA,NA,NA,NA,NA,NA,NA,NA,NA,NA,NA,NA,NA,NA,NA,NA,NA,NA,NA,NA,NA,NA,NA,NA,NA,NA,NA,NA,NA,NA,NA,NA,NA,NA,NA,NA,NA,41,4.4478,20,4.4478,2.8,1.18608,0.15,0.22238999999999998,2.35,0.5189100000000001,0,0,0.3,0,Jonathan,Greenard,MIN,DE,28,0
DL,14882,weighted,NA,NA,NA,NA,NA,NA,NA,NA,NA,NA,NA,NA,NA,NA,NA,NA,NA,NA,NA,NA,NA,NA,NA,NA,NA,NA,NA,NA,NA,NA,NA,NA,NA,NA,NA,NA,NA,NA,NA,NA,NA,NA,40.907849829351534,4.242640687119285,19.907849829351534,4.242640687119285,2.7754266211604093,1.131370849898476,0.14539249146757677,0.21213203435596423,2.3392491467576795,0.4949747468305834,0,0,0.3,0,Jonathan,Greenard,MIN,DE,28,0
DL,12225,average,NA,NA,NA,NA,NA,NA,NA,NA,NA,NA,NA,NA,NA,NA,NA,NA,NA,NA,NA,NA,NA,NA,NA,NA,NA,NA,NA,NA,NA,NA,NA,NA,NA,NA,NA,NA,NA,NA,NA,NA,NA,NA,37,7.0710678118654755,29.5,6.363961030678928,2.65,0.9192388155425116,0.05,0.07071067811865477,0.4,0.5656854249492381,0,0,0.1,0,Leonard,Williams,SEA,DT,31,5
DL,12225,robust,NA,NA,NA,NA,NA,NA,NA,NA,NA,NA,NA,NA,NA,NA,NA,NA,NA,NA,NA,NA,NA,NA,NA,NA,NA,NA,NA,NA,NA,NA,NA,NA,NA,NA,NA,NA,NA,NA,NA,NA,NA,NA,37,7.412999999999999,29.5,6.6716999999999995,2.65,0.9636899999999998,0.05,0.07413,0.4,0.59304,0,0,0.1,0,Leonard,Williams,SEA,DT,31,5
DL,12225,weighted,NA,NA,NA,NA,NA,NA,NA,NA,NA,NA,NA,NA,NA,NA,NA,NA,NA,NA,NA,NA,NA,NA,NA,NA,NA,NA,NA,NA,NA,NA,NA,NA,NA,NA,NA,NA,NA,NA,NA,NA,NA,NA,36.846416382252556,7.071067811865475,29.361774744027304,6.363961030678928,2.6300341296928327,0.9192388155425116,0.048464163822525594,0.07071067811865475,0.38771331058020475,0.565685424949238,0,0,0.1,0,Leonard,Williams,SEA,DT,31,5
DL,15808,average,NA,NA,NA,NA,NA,NA,NA,NA,NA,NA,NA,NA,NA,NA,NA,NA,NA,NA,NA,NA,NA,NA,NA,NA,NA,NA,NA,NA,NA,NA,NA,NA,NA,NA,NA,NA,NA,NA,NA,NA,NA,NA,29.5,9.192388155425117,18.2,1.6970562748477132,3.6,0.5656854249492379,0,0,0.45,0.6363961030678927,0.85,0.21213203435596428,0,0,George,Karlaftis,KCC,DE,24,-2
DL,15808,robust,NA,NA,NA,NA,NA,NA,NA,NA,NA,NA,NA,NA,NA,NA,NA,NA,NA,NA,NA,NA,NA,NA,NA,NA,NA,NA,NA,NA,NA,NA,NA,NA,NA,NA,NA,NA,NA,NA,NA,NA,NA,NA,29.5,9.636899999999999,18.2,1.779119999999999,3.6,0.5930399999999998,0,0,0.45,0.6671699999999999,0.85,0.22239000000000003,0,0,George,Karlaftis,KCC,DE,24,-2
DL,15808,weighted,NA,NA,NA,NA,NA,NA,NA,NA,NA,NA,NA,NA,NA,NA,NA,NA,NA,NA,NA,NA,NA,NA,NA,NA,NA,NA,NA,NA,NA,NA,NA,NA,NA,NA,NA,NA,NA,NA,NA,NA,NA,NA,29.300341296928327,9.192388155425117,18.163139931740613,1.697056274847713,3.6122866894197956,0.5656854249492378,0,0,0.4361774744027304,0.6363961030678927,0.8546075085324231,0.21213203435596428,0,0,George,Karlaftis,KCC,DE,24,-2
DL,13681,average,NA,NA,NA,NA,NA,NA,NA,NA,NA,NA,NA,NA,NA,NA,NA,NA,NA,NA,NA,NA,NA,NA,NA,NA,NA,NA,NA,NA,NA,NA,NA,NA,NA,NA,NA,NA,NA,NA,NA,NA,NA,NA,37.5,0.7071067811865476,18.45,3.6062445840513924,3.5,2.1213203435596424,0.45,0.6363961030678927,2.8,0.28284271247461895,1.1,0.14142135623730948,0.2,0,Bradley,Chubb,MIA,DE,29,2
DL,13681,robust,NA,NA,NA,NA,NA,NA,NA,NA,NA,NA,NA,NA,NA,NA,NA,NA,NA,NA,NA,NA,NA,NA,NA,NA,NA,NA,NA,NA,NA,NA,NA,NA,NA,NA,NA,NA,NA,NA,NA,NA,NA,NA,37.5,0.7413,18.45,3.7806299999999995,3.5,2.2239,0.45,0.6671699999999999,2.8,0.2965199999999999,1.1,0.14825999999999995,0.2,0,Bradley,Chubb,MIA,DE,29,2
DL,13681,weighted,NA,NA,NA,NA,NA,NA,NA,NA,NA,NA,NA,NA,NA,NA,NA,NA,NA,NA,NA,NA,NA,NA,NA,NA,NA,NA,NA,NA,NA,NA,NA,NA,NA,NA,NA,NA,NA,NA,NA,NA,NA,NA,37.515358361774744,0.7071067811865475,18.528327645051196,3.606244584051392,3.4539249146757682,2.1213203435596424,0.4361774744027304,0.6363961030678927,2.8061433447098976,0.28284271247461895,1.0969283276450512,0.14142135623730948,0.2,0,Bradley,Chubb,MIA,DE,29,2
DL,13214,average,NA,NA,NA,NA,NA,NA,NA,NA,NA,NA,NA,NA,NA,NA,NA,NA,NA,NA,NA,NA,NA,NA,NA,NA,NA,NA,NA,NA,NA,NA,NA,NA,NA,NA,NA,NA,NA,NA,NA,NA,NA,NA,39.45,3.6062445840513933,21.5,0.7071067811865476,4.5,0.7071067811865476,0.7,0.4242640687119285,3.7,0.42426406871192857,1,0,0,0,T.J.,Watt,PIT,DE,31,3
DL,13214,robust,NA,NA,NA,NA,NA,NA,NA,NA,NA,NA,NA,NA,NA,NA,NA,NA,NA,NA,NA,NA,NA,NA,NA,NA,NA,NA,NA,NA,NA,NA,NA,NA,NA,NA,NA,NA,NA,NA,NA,NA,NA,NA,39.45,3.780630000000001,21.5,0.7413,4.5,0.7413,0.7,0.44477999999999995,3.7,0.44478000000000006,1,0,0,0,T.J.,Watt,PIT,DE,31,3
DL,13214,weighted,NA,NA,NA,NA,NA,NA,NA,NA,NA,NA,NA,NA,NA,NA,NA,NA,NA,NA,NA,NA,NA,NA,NA,NA,NA,NA,NA,NA,NA,NA,NA,NA,NA,NA,NA,NA,NA,NA,NA,NA,NA,NA,39.52832764505119,3.6062445840513933,21.484641638225256,0.7071067811865475,4.515358361774744,0.7071067811865475,0.7092150170648464,0.42426406871192845,3.709215017064847,0.42426406871192857,1,0,0,0,T.J.,Watt,PIT,DE,31,3
DL,16699,average,NA,NA,NA,NA,NA,NA,NA,NA,NA,NA,NA,NA,NA,NA,NA,NA,NA,NA,NA,NA,NA,NA,NA,NA,NA,NA,NA,NA,NA,NA,NA,NA,NA,NA,NA,NA,NA,NA,NA,NA,NA,NA,27.55,14.919953083036154,12.8,2.545584412271571,1.45,0.6363961030678927,0,0,1.9,1.2727922061357855,0,0,0,0,Marshawn,Kneeland,DAL,DE,24,-4
DL,16699,robust,NA,NA,NA,NA,NA,NA,NA,NA,NA,NA,NA,NA,NA,NA,NA,NA,NA,NA,NA,NA,NA,NA,NA,NA,NA,NA,NA,NA,NA,NA,NA,NA,NA,NA,NA,NA,NA,NA,NA,NA,NA,NA,27.55,15.64143,12.8,2.6686799999999997,1.45,0.6671699999999999,0,0,1.9,1.3343399999999999,0,0,0,0,Marshawn,Kneeland,DAL,DE,24,-4
DL,16699,weighted,NA,NA,NA,NA,NA,NA,NA,NA,NA,NA,NA,NA,NA,NA,NA,NA,NA,NA,NA,NA,NA,NA,NA,NA,NA,NA,NA,NA,NA,NA,NA,NA,NA,NA,NA,NA,NA,NA,NA,NA,NA,NA,27.2259385665529,14.919953083036154,12.744709897610923,2.5455844122715705,1.4361774744027302,0.6363961030678926,0,0,1.8723549488054607,1.2727922061357853,0,0,0,0,Marshawn,Kneeland,DAL,DE,24,-4
DL,11721,average,NA,NA,NA,NA,NA,NA,NA,NA,NA,NA,NA,NA,NA,NA,NA,NA,NA,NA,NA,NA,NA,NA,NA,NA,NA,NA,NA,NA,NA,NA,NA,NA,NA,NA,NA,NA,NA,NA,NA,NA,NA,NA,35,0,19.25,1.7677669529663689,6.9,0.14142135623730964,0,0,2.3,0.42426406871192857,0.35,0.49497474683058323,0,0,Khalil,Mack,LAC,DE,34,6
DL,11721,robust,NA,NA,NA,NA,NA,NA,NA,NA,NA,NA,NA,NA,NA,NA,NA,NA,NA,NA,NA,NA,NA,NA,NA,NA,NA,NA,NA,NA,NA,NA,NA,NA,NA,NA,NA,NA,NA,NA,NA,NA,NA,NA,35,0,19.25,1.8532499999999998,6.9,0.14826000000000011,0,0,2.3,0.44478000000000006,0.35,0.51891,0,0,Khalil,Mack,LAC,DE,34,6
DL,11721,weighted,NA,NA,NA,NA,NA,NA,NA,NA,NA,NA,NA,NA,NA,NA,NA,NA,NA,NA,NA,NA,NA,NA,NA,NA,NA,NA,NA,NA,NA,NA,NA,NA,NA,NA,NA,NA,NA,NA,NA,NA,NA,NA,35,0,19.21160409556314,1.7677669529663687,6.903071672354948,0.14142135623730961,0,0,2.2907849829351536,0.42426406871192857,0.33924914675767914,0.4949747468305832,0,0,Khalil,Mack,LAC,DE,34,6
DL,14167,average,NA,NA,NA,NA,NA,NA,NA,NA,NA,NA,NA,NA,NA,NA,NA,NA,NA,NA,NA,NA,NA,NA,NA,NA,NA,NA,NA,NA,NA,NA,NA,NA,NA,NA,NA,NA,NA,NA,NA,NA,NA,NA,37.5,0.7071067811865476,21.8,1.1313708498984771,1.7,0.42426406871192857,0.75,0.3535533905932738,1.4,0.5656854249492381,0.35,0.49497474683058323,0,0,Josh,Hines-Allen,JAC,DE,28,1
DL,14167,robust,NA,NA,NA,NA,NA,NA,NA,NA,NA,NA,NA,NA,NA,NA,NA,NA,NA,NA,NA,NA,NA,NA,NA,NA,NA,NA,NA,NA,NA,NA,NA,NA,NA,NA,NA,NA,NA,NA,NA,NA,NA,NA,37.5,0.7413,21.8,1.186080000000001,1.7,0.44478000000000006,0.75,0.37065,1.4,0.59304,0.35,0.51891,0,0,Josh,Hines-Allen,JAC,DE,28,1
DL,14167,weighted,NA,NA,NA,NA,NA,NA,NA,NA,NA,NA,NA,NA,NA,NA,NA,NA,NA,NA,NA,NA,NA,NA,NA,NA,NA,NA,NA,NA,NA,NA,NA,NA,NA,NA,NA,NA,NA,NA,NA,NA,NA,NA,37.515358361774744,0.7071067811865475,21.775426621160413,1.131370849898477,1.7092150170648461,0.42426406871192857,0.757679180887372,0.35355339059327373,1.3877133105802046,0.565685424949238,0.33924914675767914,0.4949747468305832,0,0,Josh,Hines-Allen,JAC,DE,28,1
DL,11769,average,NA,NA,NA,NA,NA,NA,NA,NA,NA,NA,NA,NA,NA,NA,NA,NA,NA,NA,NA,NA,NA,NA,NA,NA,NA,NA,NA,NA,NA,NA,NA,NA,NA,NA,NA,NA,NA,NA,NA,NA,NA,NA,31,8.48528137423857,19.9,2.687005768508881,2.85,0.21213203435596414,0,0,1.7,0.9899494936611665,0,0,0,0,Demarcus,Lawrence,SEA,DE,33,6
DL,11769,robust,NA,NA,NA,NA,NA,NA,NA,NA,NA,NA,NA,NA,NA,NA,NA,NA,NA,NA,NA,NA,NA,NA,NA,NA,NA,NA,NA,NA,NA,NA,NA,NA,NA,NA,NA,NA,NA,NA,NA,NA,NA,NA,31,8.8956,19.9,2.8169400000000002,2.85,0.22238999999999987,0,0,1.7,1.03782,0,0,0,0,Demarcus,Lawrence,SEA,DE,33,6
DL,11769,weighted,NA,NA,NA,NA,NA,NA,NA,NA,NA,NA,NA,NA,NA,NA,NA,NA,NA,NA,NA,NA,NA,NA,NA,NA,NA,NA,NA,NA,NA,NA,NA,NA,NA,NA,NA,NA,NA,NA,NA,NA,NA,NA,30.815699658703075,8.48528137423857,19.84163822525597,2.687005768508881,2.8546075085324234,0.21213203435596412,0,0,1.678498293515358,0.9899494936611664,0,0,0,0,Demarcus,Lawrence,SEA,DE,33,6
DL,15349,average,NA,NA,NA,NA,NA,NA,NA,NA,NA,NA,NA,NA,NA,NA,NA,NA,NA,NA,NA,NA,NA,NA,NA,NA,NA,NA,NA,NA,NA,NA,NA,NA,NA,NA,NA,NA,NA,NA,NA,NA,NA,NA,33.5,2.1213203435596424,19.25,1.7677669529663689,3.3,1.8384776310850233,0.3,0.4242640687119285,1,0,0.3,0.4242640687119285,0.3,0,Jaelan,Phillips,MIA,DE,26,-1
DL,15349,robust,NA,NA,NA,NA,NA,NA,NA,NA,NA,NA,NA,NA,NA,NA,NA,NA,NA,NA,NA,NA,NA,NA,NA,NA,NA,NA,NA,NA,NA,NA,NA,NA,NA,NA,NA,NA,NA,NA,NA,NA,NA,NA,33.5,2.2239,19.25,1.8532499999999998,3.3,1.9273799999999996,0.3,0.44477999999999995,1,0,0.3,0.44477999999999995,0.3,0,Jaelan,Phillips,MIA,DE,26,-1
DL,15349,weighted,NA,NA,NA,NA,NA,NA,NA,NA,NA,NA,NA,NA,NA,NA,NA,NA,NA,NA,NA,NA,NA,NA,NA,NA,NA,NA,NA,NA,NA,NA,NA,NA,NA,NA,NA,NA,NA,NA,NA,NA,NA,NA,33.45392491467577,2.1213203435596424,19.21160409556314,1.7677669529663687,3.260068259385665,1.8384776310850233,0.29078498293515354,0.42426406871192845,1,0,0.29078498293515354,0.42426406871192845,0.3,0,Jaelan,Phillips,MIA,DE,26,-1
DL,14171,average,NA,NA,NA,NA,NA,NA,NA,NA,NA,NA,NA,NA,NA,NA,NA,NA,NA,NA,NA,NA,NA,NA,NA,NA,NA,NA,NA,NA,NA,NA,NA,NA,NA,NA,NA,NA,NA,NA,NA,NA,NA,NA,36.15,1.2020815280171329,23.9,0.141421356237309,4.85,1.2020815280171309,0,0,1.5,0.7071067811865476,0,0,0,0,Brian,Burns,NYG,DE,27,1
DL,14171,robust,NA,NA,NA,NA,NA,NA,NA,NA,NA,NA,NA,NA,NA,NA,NA,NA,NA,NA,NA,NA,NA,NA,NA,NA,NA,NA,NA,NA,NA,NA,NA,NA,NA,NA,NA,NA,NA,NA,NA,NA,NA,NA,36.15,1.260210000000002,23.9,0.14825999999999948,4.85,1.26021,0,0,1.5,0.7413,0,0,0,0,Brian,Burns,NYG,DE,27,1
DL,14171,weighted,NA,NA,NA,NA,NA,NA,NA,NA,NA,NA,NA,NA,NA,NA,NA,NA,NA,NA,NA,NA,NA,NA,NA,NA,NA,NA,NA,NA,NA,NA,NA,NA,NA,NA,NA,NA,NA,NA,NA,NA,NA,NA,36.176109215017064,1.2020815280171329,23.903071672354947,0.141421356237309,4.823890784982935,1.2020815280171309,0,0,1.4846416382252559,0.7071067811865475,0,0,0,0,Brian,Burns,NYG,DE,27,1
DL,13700,average,NA,NA,NA,NA,NA,NA,NA,NA,NA,NA,NA,NA,NA,NA,NA,NA,NA,NA,NA,NA,NA,NA,NA,NA,NA,NA,NA,NA,NA,NA,NA,NA,NA,NA,NA,NA,NA,NA,NA,NA,NA,NA,39.8,2.545584412271572,29.3,3.2526911934581197,1.75,0.3535533905932738,0,0,0.5,0.7071067811865476,0,0,0,0,Harold,Landry,NEP,DE,29,2
DL,13700,robust,NA,NA,NA,NA,NA,NA,NA,NA,NA,NA,NA,NA,NA,NA,NA,NA,NA,NA,NA,NA,NA,NA,NA,NA,NA,NA,NA,NA,NA,NA,NA,NA,NA,NA,NA,NA,NA,NA,NA,NA,NA,NA,39.8,2.668680000000001,29.3,3.409980000000001,1.75,0.37065,0,0,0.5,0.7413,0,0,0,0,Harold,Landry,NEP,DE,29,2
DL,13700,weighted,NA,NA,NA,NA,NA,NA,NA,NA,NA,NA,NA,NA,NA,NA,NA,NA,NA,NA,NA,NA,NA,NA,NA,NA,NA,NA,NA,NA,NA,NA,NA,NA,NA,NA,NA,NA,NA,NA,NA,NA,NA,NA,39.74470989761092,2.545584412271572,29.229351535836177,3.2526911934581193,1.7576791808873717,0.35355339059327373,0,0,0.515358361774744,0.7071067811865475,0,0,0,0,Harold,Landry,NEP,DE,29,2
DL,15861,average,NA,NA,NA,NA,NA,NA,NA,NA,NA,NA,NA,NA,NA,NA,NA,NA,NA,NA,NA,NA,NA,NA,NA,NA,NA,NA,NA,NA,NA,NA,NA,NA,NA,NA,NA,NA,NA,NA,NA,NA,NA,NA,31.95,1.3435028842544392,13.85,2.616295090390225,3.15,1.6263455967290592,0.45,0.6363961030678927,1.5,0.7071067811865476,0.45,0.6363961030678927,1.8,0,Nik,Bonitto,DEN,DE,26,-2
DL,15861,robust,NA,NA,NA,NA,NA,NA,NA,NA,NA,NA,NA,NA,NA,NA,NA,NA,NA,NA,NA,NA,NA,NA,NA,NA,NA,NA,NA,NA,NA,NA,NA,NA,NA,NA,NA,NA,NA,NA,NA,NA,NA,NA,31.95,1.4084699999999988,13.85,2.7428099999999995,3.15,1.7049899999999998,0.45,0.6671699999999999,1.5,0.7413,0.45,0.6671699999999999,1.8,0,Nik,Bonitto,DEN,DE,26,-2
DL,15861,weighted,NA,NA,NA,NA,NA,NA,NA,NA,NA,NA,NA,NA,NA,NA,NA,NA,NA,NA,NA,NA,NA,NA,NA,NA,NA,NA,NA,NA,NA,NA,NA,NA,NA,NA,NA,NA,NA,NA,NA,NA,NA,NA,31.92081911262798,1.3435028842544392,13.793174061433445,2.616295090390225,3.1146757679180883,1.626345596729059,0.4361774744027304,0.6363961030678927,1.4846416382252559,0.7071067811865475,0.4361774744027304,0.6363961030678927,1.8,0,Nik,Bonitto,DEN,DE,26,-2
DL,14940,average,NA,NA,NA,NA,NA,NA,NA,NA,NA,NA,NA,NA,NA,NA,NA,NA,NA,NA,NA,NA,NA,NA,NA,NA,NA,NA,NA,NA,NA,NA,NA,NA,NA,NA,NA,NA,NA,NA,NA,NA,NA,NA,33.65,3.7476659402887,21.3,0.4242640687119295,2.8,1.1313708498984762,0.85,0.21213203435596428,1.25,1.0606601717798212,0.1,0.14142135623730953,0,0,Alex,Highsmith,PIT,DE,28,0
DL,14940,robust,NA,NA,NA,NA,NA,NA,NA,NA,NA,NA,NA,NA,NA,NA,NA,NA,NA,NA,NA,NA,NA,NA,NA,NA,NA,NA,NA,NA,NA,NA,NA,NA,NA,NA,NA,NA,NA,NA,NA,NA,NA,NA,33.65,3.9288899999999978,21.3,0.444780000000001,2.8,1.18608,0.85,0.22239000000000003,1.25,1.11195,0.1,0.14826,0,0,Alex,Highsmith,PIT,DE,28,0
DL,14940,weighted,NA,NA,NA,NA,NA,NA,NA,NA,NA,NA,NA,NA,NA,NA,NA,NA,NA,NA,NA,NA,NA,NA,NA,NA,NA,NA,NA,NA,NA,NA,NA,NA,NA,NA,NA,NA,NA,NA,NA,NA,NA,NA,33.56860068259385,3.7476659402887,21.290784982935154,0.4242640687119295,2.7754266211604093,1.131370849898476,0.8546075085324231,0.21213203435596428,1.273037542662116,1.0606601717798212,0.09692832764505119,0.1414213562373095,0,0,Alex,Highsmith,PIT,DE,28,0
DL,14947,average,NA,NA,NA,NA,NA,NA,NA,NA,NA,NA,NA,NA,NA,NA,NA,NA,NA,NA,NA,NA,NA,NA,NA,NA,NA,NA,NA,NA,NA,NA,NA,NA,NA,NA,NA,NA,NA,NA,NA,NA,NA,NA,32.95,5.586143571373724,25,2.8284271247461903,2.75,1.0606601717798212,0,0,0.6,0.848528137423857,0.15,0.21213203435596426,0,0,D.J.,Wonnum,CAR,DE,28,0
DL,14947,robust,NA,NA,NA,NA,NA,NA,NA,NA,NA,NA,NA,NA,NA,NA,NA,NA,NA,NA,NA,NA,NA,NA,NA,NA,NA,NA,NA,NA,NA,NA,NA,NA,NA,NA,NA,NA,NA,NA,NA,NA,NA,NA,32.95,5.8562699999999985,25,2.9652,2.75,1.11195,0,0,0.6,0.8895599999999999,0.15,0.22238999999999998,0,0,D.J.,Wonnum,CAR,DE,28,0
DL,14947,weighted,NA,NA,NA,NA,NA,NA,NA,NA,NA,NA,NA,NA,NA,NA,NA,NA,NA,NA,NA,NA,NA,NA,NA,NA,NA,NA,NA,NA,NA,NA,NA,NA,NA,NA,NA,NA,NA,NA,NA,NA,NA,NA,32.82866894197952,5.586143571373724,24.938566552901023,2.82842712474619,2.726962457337884,1.0606601717798212,0,0,0.5815699658703071,0.8485281374238569,0.14539249146757677,0.21213203435596423,0,0,D.J.,Wonnum,CAR,DE,28,0
DL,14153,average,NA,NA,NA,NA,NA,NA,NA,NA,NA,NA,NA,NA,NA,NA,NA,NA,NA,NA,NA,NA,NA,NA,NA,NA,NA,NA,NA,NA,NA,NA,NA,NA,NA,NA,NA,NA,NA,NA,NA,NA,NA,NA,32,2.8284271247461903,27.75,0.3535533905932738,1.6,0.5656854249492381,0.1,0.14142135623730953,1.05,0.07071067811865482,0.1,0.14142135623730953,0,0,Zach,Allen,DEN,DT,28,1
DL,14153,robust,NA,NA,NA,NA,NA,NA,NA,NA,NA,NA,NA,NA,NA,NA,NA,NA,NA,NA,NA,NA,NA,NA,NA,NA,NA,NA,NA,NA,NA,NA,NA,NA,NA,NA,NA,NA,NA,NA,NA,NA,NA,NA,32,2.9652,27.75,0.37065,1.6,0.59304,0.1,0.14826,1.05,0.07413000000000006,0.1,0.14826,0,0,Zach,Allen,DEN,DT,28,1
DL,14153,weighted,NA,NA,NA,NA,NA,NA,NA,NA,NA,NA,NA,NA,NA,NA,NA,NA,NA,NA,NA,NA,NA,NA,NA,NA,NA,NA,NA,NA,NA,NA,NA,NA,NA,NA,NA,NA,NA,NA,NA,NA,NA,NA,31.938566552901026,2.82842712474619,27.757679180887372,0.35355339059327373,1.6122866894197951,0.5656854249492381,0.09692832764505119,0.1414213562373095,1.0484641638225258,0.07071067811865481,0.09692832764505119,0.1414213562373095,0,0,Zach,Allen,DEN,DT,28,1
DL,14163,average,NA,NA,NA,NA,NA,NA,NA,NA,NA,NA,NA,NA,NA,NA,NA,NA,NA,NA,NA,NA,NA,NA,NA,NA,NA,NA,NA,NA,NA,NA,NA,NA,NA,NA,NA,NA,NA,NA,NA,NA,NA,NA,37.85,3.0405591591021524,30.45,2.1920310216782983,3.65,0.4949747468305834,0,0,2.05,0.07071067811865482,1.05,1.4849242404917498,0,0,Jeffery,Simmons,TEN,DT,28,1
DL,14163,robust,NA,NA,NA,NA,NA,NA,NA,NA,NA,NA,NA,NA,NA,NA,NA,NA,NA,NA,NA,NA,NA,NA,NA,NA,NA,NA,NA,NA,NA,NA,NA,NA,NA,NA,NA,NA,NA,NA,NA,NA,NA,NA,37.85,3.187589999999998,30.45,2.298030000000001,3.65,0.5189100000000001,0,0,2.05,0.07413000000000006,1.05,1.55673,0,0,Jeffery,Simmons,TEN,DT,28,1
DL,14163,weighted,NA,NA,NA,NA,NA,NA,NA,NA,NA,NA,NA,NA,NA,NA,NA,NA,NA,NA,NA,NA,NA,NA,NA,NA,NA,NA,NA,NA,NA,NA,NA,NA,NA,NA,NA,NA,NA,NA,NA,NA,NA,NA,37.9160409556314,3.0405591591021524,30.49761092150171,2.1920310216782983,3.660750853242321,0.4949747468305834,0,0,2.0484641638225254,0.07071067811865481,1.0177474402730375,1.4849242404917498,0,0,Jeffery,Simmons,TEN,DT,28,1
DL,13690,average,NA,NA,NA,NA,NA,NA,NA,NA,NA,NA,NA,NA,NA,NA,NA,NA,NA,NA,NA,NA,NA,NA,NA,NA,NA,NA,NA,NA,NA,NA,NA,NA,NA,NA,NA,NA,NA,NA,NA,NA,NA,NA,31.7,3.8183766184073558,16,1.4142135623730951,2.3,0.42426406871192857,0,0,1.4,0.5656854249492381,0,0,0,0,Josh,Sweat,ARI,DE,28,2
DL,13690,robust,NA,NA,NA,NA,NA,NA,NA,NA,NA,NA,NA,NA,NA,NA,NA,NA,NA,NA,NA,NA,NA,NA,NA,NA,NA,NA,NA,NA,NA,NA,NA,NA,NA,NA,NA,NA,NA,NA,NA,NA,NA,NA,31.7,4.0030199999999985,16,1.4826,2.3,0.44478000000000006,0,0,1.4,0.59304,0,0,0,0,Josh,Sweat,ARI,DE,28,2
DL,13690,weighted,NA,NA,NA,NA,NA,NA,NA,NA,NA,NA,NA,NA,NA,NA,NA,NA,NA,NA,NA,NA,NA,NA,NA,NA,NA,NA,NA,NA,NA,NA,NA,NA,NA,NA,NA,NA,NA,NA,NA,NA,NA,NA,31.617064846416383,3.8183766184073553,15.969283276450513,1.414213562373095,2.2907849829351536,0.42426406871192857,0,0,1.3877133105802046,0.565685424949238,0,0,0,0,Josh,Sweat,ARI,DE,28,2
DL,16278,average,NA,NA,NA,NA,NA,NA,NA,NA,NA,NA,NA,NA,NA,NA,NA,NA,NA,NA,NA,NA,NA,NA,NA,NA,NA,NA,NA,NA,NA,NA,NA,NA,NA,NA,NA,NA,NA,NA,NA,NA,NA,NA,35.65,6.5760930650348906,13.8,0.2828427124746193,0,0,0,0,0.9,0.14142135623730948,0.6,0.565685424949238,0,0,YaYa,Diaby,TBB,DE,26,-3
DL,16278,robust,NA,NA,NA,NA,NA,NA,NA,NA,NA,NA,NA,NA,NA,NA,NA,NA,NA,NA,NA,NA,NA,NA,NA,NA,NA,NA,NA,NA,NA,NA,NA,NA,NA,NA,NA,NA,NA,NA,NA,NA,NA,NA,35.65,6.894089999999998,13.8,0.29652000000000023,0,0,0,0,0.9,0.14825999999999995,0.6,0.59304,0,0,YaYa,Diaby,TBB,DE,26,-3
DL,16278,weighted,NA,NA,NA,NA,NA,NA,NA,NA,NA,NA,NA,NA,NA,NA,NA,NA,NA,NA,NA,NA,NA,NA,NA,NA,NA,NA,NA,NA,NA,NA,NA,NA,NA,NA,NA,NA,NA,NA,NA,NA,NA,NA,35.507167235494876,6.57609306503489,13.806143344709897,0.28284271247461923,0,0,0,0,0.9030716723549489,0.14142135623730945,0.6122866894197952,0.565685424949238,0,0,YaYa,Diaby,TBB,DE,26,-3
DL,16228,average,NA,NA,NA,NA,NA,NA,NA,NA,NA,NA,NA,NA,NA,NA,NA,NA,NA,NA,NA,NA,NA,NA,NA,NA,NA,NA,NA,NA,NA,NA,NA,NA,NA,NA,NA,NA,NA,NA,NA,NA,NA,NA,22.3,6.08111831820431,20.4,0.5656854249492386,2.15,0.21213203435596414,0,0,1.6,0.8485281374238571,1.55,0.7778174593052023,0,0,Nolan,Smith,PHI,DE,24,-3
DL,16228,robust,NA,NA,NA,NA,NA,NA,NA,NA,NA,NA,NA,NA,NA,NA,NA,NA,NA,NA,NA,NA,NA,NA,NA,NA,NA,NA,NA,NA,NA,NA,NA,NA,NA,NA,NA,NA,NA,NA,NA,NA,NA,NA,22.3,6.37518,20.4,0.5930400000000005,2.15,0.22238999999999987,0,0,1.6,0.8895600000000001,1.55,0.81543,0,0,Nolan,Smith,PHI,DE,24,-3
DL,16228,weighted,NA,NA,NA,NA,NA,NA,NA,NA,NA,NA,NA,NA,NA,NA,NA,NA,NA,NA,NA,NA,NA,NA,NA,NA,NA,NA,NA,NA,NA,NA,NA,NA,NA,NA,NA,NA,NA,NA,NA,NA,NA,NA,22.167918088737203,6.081118318204309,20.387713310580203,0.5656854249492385,2.1453924914675766,0.21213203435596412,0,0,1.5815699658703073,0.8485281374238571,1.5331058020477815,0.7778174593052023,0,0,Nolan,Smith,PHI,DE,24,-3
DL,14147,average,NA,NA,NA,NA,NA,NA,NA,NA,NA,NA,NA,NA,NA,NA,NA,NA,NA,NA,NA,NA,NA,NA,NA,NA,NA,NA,NA,NA,NA,NA,NA,NA,NA,NA,NA,NA,NA,NA,NA,NA,NA,NA,34.5,2.1213203435596424,16.85,0.21213203435596475,1.95,0.07071067811865482,0.7,0.4242640687119285,1.1,0.14142135623730948,0.9,0.14142135623730948,0,0,Nick,Bosa,SFO,DE,28,1
DL,14147,robust,NA,NA,NA,NA,NA,NA,NA,NA,NA,NA,NA,NA,NA,NA,NA,NA,NA,NA,NA,NA,NA,NA,NA,NA,NA,NA,NA,NA,NA,NA,NA,NA,NA,NA,NA,NA,NA,NA,NA,NA,NA,NA,34.5,2.2239,16.85,0.2223900000000005,1.95,0.07413000000000006,0.7,0.44477999999999995,1.1,0.14825999999999995,0.9,0.14825999999999995,0,0,Nick,Bosa,SFO,DE,28,1
DL,14147,weighted,NA,NA,NA,NA,NA,NA,NA,NA,NA,NA,NA,NA,NA,NA,NA,NA,NA,NA,NA,NA,NA,NA,NA,NA,NA,NA,NA,NA,NA,NA,NA,NA,NA,NA,NA,NA,NA,NA,NA,NA,NA,NA,34.54607508532423,2.1213203435596424,16.854607508532425,0.21213203435596475,1.9515358361774744,0.07071067811865481,0.7092150170648464,0.42426406871192845,1.0969283276450512,0.14142135623730948,0.9030716723549489,0.14142135623730945,0,0,Nick,Bosa,SFO,DE,28,1
DL,10266,average,NA,NA,NA,NA,NA,NA,NA,NA,NA,NA,NA,NA,NA,NA,NA,NA,NA,NA,NA,NA,NA,NA,NA,NA,NA,NA,NA,NA,NA,NA,NA,NA,NA,NA,NA,NA,NA,NA,NA,NA,NA,NA,28.8,1.6970562748477132,30,0,7.8,2.545584412271571,0,0,0.15,0.21213203435596426,0,0,0,0,Cameron,Heyward,PIT,DT,36,9
DL,10266,robust,NA,NA,NA,NA,NA,NA,NA,NA,NA,NA,NA,NA,NA,NA,NA,NA,NA,NA,NA,NA,NA,NA,NA,NA,NA,NA,NA,NA,NA,NA,NA,NA,NA,NA,NA,NA,NA,NA,NA,NA,NA,NA,28.8,1.779119999999999,30,0,7.8,2.6686799999999997,0,0,0.15,0.22238999999999998,0,0,0,0,Cameron,Heyward,PIT,DT,36,9
DL,10266,weighted,NA,NA,NA,NA,NA,NA,NA,NA,NA,NA,NA,NA,NA,NA,NA,NA,NA,NA,NA,NA,NA,NA,NA,NA,NA,NA,NA,NA,NA,NA,NA,NA,NA,NA,NA,NA,NA,NA,NA,NA,NA,NA,28.83686006825939,1.697056274847713,30,0,7.744709897610921,2.5455844122715705,0,0,0.14539249146757677,0.21213203435596423,0,0,0,0,Cameron,Heyward,PIT,DT,36,9
DL,16282,average,NA,NA,NA,NA,NA,NA,NA,NA,NA,NA,NA,NA,NA,NA,NA,NA,NA,NA,NA,NA,NA,NA,NA,NA,NA,NA,NA,NA,NA,NA,NA,NA,NA,NA,NA,NA,NA,NA,NA,NA,NA,NA,33.15,4.030508652763321,24.55,3.464823227814082,2.45,0.7778174593052023,0,0,0.6,0.565685424949238,0.6,0.565685424949238,0,0,Kobie,Turner,LAR,DT,26,-3
DL,16282,robust,NA,NA,NA,NA,NA,NA,NA,NA,NA,NA,NA,NA,NA,NA,NA,NA,NA,NA,NA,NA,NA,NA,NA,NA,NA,NA,NA,NA,NA,NA,NA,NA,NA,NA,NA,NA,NA,NA,NA,NA,NA,NA,33.15,4.225409999999999,24.55,3.6323699999999985,2.45,0.81543,0,0,0.6,0.59304,0.6,0.59304,0,0,Kobie,Turner,LAR,DT,26,-3
DL,16282,weighted,NA,NA,NA,NA,NA,NA,NA,NA,NA,NA,NA,NA,NA,NA,NA,NA,NA,NA,NA,NA,NA,NA,NA,NA,NA,NA,NA,NA,NA,NA,NA,NA,NA,NA,NA,NA,NA,NA,NA,NA,NA,NA,33.23754266211604,4.030508652763321,24.625255972696245,3.464823227814082,2.466894197952218,0.7778174593052023,0,0,0.6122866894197952,0.565685424949238,0.6122866894197952,0.565685424949238,0,0,Kobie,Turner,LAR,DT,26,-3
DL,15815,average,NA,NA,NA,NA,NA,NA,NA,NA,NA,NA,NA,NA,NA,NA,NA,NA,NA,NA,NA,NA,NA,NA,NA,NA,NA,NA,NA,NA,NA,NA,NA,NA,NA,NA,NA,NA,NA,NA,NA,NA,NA,NA,28.1,1.272792206135786,26.75,0.3535533905932738,1.05,0.07071067811865482,0,0,1.1,0.14142135623730948,0.5,0.7071067811865476,0.6,0,Travon,Walker,JAC,DE,25,-2
DL,15815,robust,NA,NA,NA,NA,NA,NA,NA,NA,NA,NA,NA,NA,NA,NA,NA,NA,NA,NA,NA,NA,NA,NA,NA,NA,NA,NA,NA,NA,NA,NA,NA,NA,NA,NA,NA,NA,NA,NA,NA,NA,NA,NA,28.1,1.3343400000000005,26.75,0.37065,1.05,0.07413000000000006,0,0,1.1,0.14825999999999995,0.5,0.7413,0.6,0,Travon,Walker,JAC,DE,25,-2
DL,15815,weighted,NA,NA,NA,NA,NA,NA,NA,NA,NA,NA,NA,NA,NA,NA,NA,NA,NA,NA,NA,NA,NA,NA,NA,NA,NA,NA,NA,NA,NA,NA,NA,NA,NA,NA,NA,NA,NA,NA,NA,NA,NA,NA,28.127645051194538,1.272792206135786,26.757679180887372,0.35355339059327373,1.0484641638225258,0.07071067811865481,0,0,1.0969283276450512,0.14142135623730948,0.48464163822525597,0.7071067811865475,0.6,0,Travon,Walker,JAC,DE,25,-2
DL,12688,average,NA,NA,NA,NA,NA,NA,NA,NA,NA,NA,NA,NA,NA,NA,NA,NA,NA,NA,NA,NA,NA,NA,NA,NA,NA,NA,NA,NA,NA,NA,NA,NA,NA,NA,NA,NA,NA,NA,NA,NA,NA,NA,35.65,10.394469683442248,35,4.242640687119285,2.85,0.21213203435596414,0,0,0.7,0.4242640687119285,0,0,0,0,DeForest,Buckner,IND,DT,31,4
DL,12688,robust,NA,NA,NA,NA,NA,NA,NA,NA,NA,NA,NA,NA,NA,NA,NA,NA,NA,NA,NA,NA,NA,NA,NA,NA,NA,NA,NA,NA,NA,NA,NA,NA,NA,NA,NA,NA,NA,NA,NA,NA,NA,NA,35.65,10.89711,35,4.4478,2.85,0.22238999999999987,0,0,0.7,0.44477999999999995,0,0,0,0,DeForest,Buckner,IND,DT,31,4
DL,12688,weighted,NA,NA,NA,NA,NA,NA,NA,NA,NA,NA,NA,NA,NA,NA,NA,NA,NA,NA,NA,NA,NA,NA,NA,NA,NA,NA,NA,NA,NA,NA,NA,NA,NA,NA,NA,NA,NA,NA,NA,NA,NA,NA,35.87576791808874,10.394469683442248,34.907849829351534,4.242640687119285,2.8546075085324234,0.21213203435596412,0,0,0.7092150170648464,0.42426406871192845,0,0,0,0,DeForest,Buckner,IND,DT,31,4
DL,15350,average,NA,NA,NA,NA,NA,NA,NA,NA,NA,NA,NA,NA,NA,NA,NA,NA,NA,NA,NA,NA,NA,NA,NA,NA,NA,NA,NA,NA,NA,NA,NA,NA,NA,NA,NA,NA,NA,NA,NA,NA,NA,NA,34.7,4.666904755831214,18.5,10.606601717798213,1.3,0.9899494936611666,0,0,1.95,0.07071067811865482,0.15,0.21213203435596426,0,0,Micah,Parsons,GBP,DE,26,-1
DL,15350,robust,NA,NA,NA,NA,NA,NA,NA,NA,NA,NA,NA,NA,NA,NA,NA,NA,NA,NA,NA,NA,NA,NA,NA,NA,NA,NA,NA,NA,NA,NA,NA,NA,NA,NA,NA,NA,NA,NA,NA,NA,NA,NA,34.7,4.892580000000001,18.5,11.119499999999999,1.3,1.03782,0,0,1.95,0.07413000000000006,0.15,0.22238999999999998,0,0,Micah,Parsons,GBP,DE,26,-1
DL,15350,weighted,NA,NA,NA,NA,NA,NA,NA,NA,NA,NA,NA,NA,NA,NA,NA,NA,NA,NA,NA,NA,NA,NA,NA,NA,NA,NA,NA,NA,NA,NA,NA,NA,NA,NA,NA,NA,NA,NA,NA,NA,NA,NA,34.80136518771331,4.666904755831214,18.73037542662116,10.606601717798213,1.3215017064846417,0.9899494936611666,0,0,1.9515358361774744,0.07071067811865481,0.14539249146757677,0.21213203435596423,0,0,Micah,Parsons,GBP,DE,26,-1
DL,16653,average,NA,NA,NA,NA,NA,NA,NA,NA,NA,NA,NA,NA,NA,NA,NA,NA,NA,NA,NA,NA,NA,NA,NA,NA,NA,NA,NA,NA,NA,NA,NA,NA,NA,NA,NA,NA,NA,NA,NA,NA,NA,NA,34.15,2.616295090390228,31.35,0.9192388155425123,1.45,0.7778174593052023,0,0,1.3,0.42426406871192857,1.65,0.49497474683058323,0,0,Jared,Verse,LAR,DE,25,-4
DL,16653,robust,NA,NA,NA,NA,NA,NA,NA,NA,NA,NA,NA,NA,NA,NA,NA,NA,NA,NA,NA,NA,NA,NA,NA,NA,NA,NA,NA,NA,NA,NA,NA,NA,NA,NA,NA,NA,NA,NA,NA,NA,NA,NA,34.15,2.7428100000000017,31.35,0.9636900000000005,1.45,0.81543,0,0,1.3,0.44478000000000006,1.65,0.51891,0,0,Jared,Verse,LAR,DE,25,-4
DL,16653,weighted,NA,NA,NA,NA,NA,NA,NA,NA,NA,NA,NA,NA,NA,NA,NA,NA,NA,NA,NA,NA,NA,NA,NA,NA,NA,NA,NA,NA,NA,NA,NA,NA,NA,NA,NA,NA,NA,NA,NA,NA,NA,NA,34.20682593856655,2.616295090390228,31.36996587030717,0.9192388155425123,1.4668941979522183,0.7778174593052022,0,0,1.2907849829351536,0.42426406871192857,1.6607508532423207,0.4949747468305832,0,0,Jared,Verse,LAR,DE,25,-4
DL,10292,average,NA,NA,NA,NA,NA,NA,NA,NA,NA,NA,NA,NA,NA,NA,NA,NA,NA,NA,NA,NA,NA,NA,NA,NA,NA,NA,NA,NA,NA,NA,NA,NA,NA,NA,NA,NA,NA,NA,NA,NA,NA,NA,28.45,2.050609665440987,19.85,0.21213203435596475,3,0,0.45,0.6363961030678927,0.7,0.4242640687119285,0.5,0.7071067811865476,0,0,Cameron,Jordan,NOS,DT,36,9
DL,10292,robust,NA,NA,NA,NA,NA,NA,NA,NA,NA,NA,NA,NA,NA,NA,NA,NA,NA,NA,NA,NA,NA,NA,NA,NA,NA,NA,NA,NA,NA,NA,NA,NA,NA,NA,NA,NA,NA,NA,NA,NA,NA,NA,28.45,2.149769999999999,19.85,0.2223900000000005,3,0,0.45,0.6671699999999999,0.7,0.44477999999999995,0.5,0.7413,0,0,Cameron,Jordan,NOS,DT,36,9
DL,10292,weighted,NA,NA,NA,NA,NA,NA,NA,NA,NA,NA,NA,NA,NA,NA,NA,NA,NA,NA,NA,NA,NA,NA,NA,NA,NA,NA,NA,NA,NA,NA,NA,NA,NA,NA,NA,NA,NA,NA,NA,NA,NA,NA,28.40546075085324,2.050609665440987,19.85460750853242,0.21213203435596475,3,0,0.4361774744027304,0.6363961030678927,0.7092150170648464,0.42426406871192845,0.515358361774744,0.7071067811865475,0,0,Cameron,Jordan,NOS,DT,36,9
DL,12221,average,NA,NA,NA,NA,NA,NA,NA,NA,NA,NA,NA,NA,NA,NA,NA,NA,NA,NA,NA,NA,NA,NA,NA,NA,NA,NA,NA,NA,NA,NA,NA,NA,NA,NA,NA,NA,NA,NA,NA,NA,NA,NA,34.8,8.768124086713188,19.4,3.6769552621700465,2,0,0,0,1.45,0.7778174593052023,0.25,0.3535533905932738,0.5,0,Danielle,Hunter,HOU,DE,31,5
DL,12221,robust,NA,NA,NA,NA,NA,NA,NA,NA,NA,NA,NA,NA,NA,NA,NA,NA,NA,NA,NA,NA,NA,NA,NA,NA,NA,NA,NA,NA,NA,NA,NA,NA,NA,NA,NA,NA,NA,NA,NA,NA,NA,NA,34.8,9.19212,19.4,3.8547599999999993,2,0,0,0,1.45,0.81543,0.25,0.37065,0.5,0,Danielle,Hunter,HOU,DE,31,5
DL,12221,weighted,NA,NA,NA,NA,NA,NA,NA,NA,NA,NA,NA,NA,NA,NA,NA,NA,NA,NA,NA,NA,NA,NA,NA,NA,NA,NA,NA,NA,NA,NA,NA,NA,NA,NA,NA,NA,NA,NA,NA,NA,NA,NA,34.99044368600682,8.768124086713188,19.47986348122867,3.6769552621700465,2,0,0,0,1.4668941979522183,0.7778174593052022,0.24232081911262798,0.35355339059327373,0.5,0,Danielle,Hunter,HOU,DE,31,5
DL,16651,average,NA,NA,NA,NA,NA,NA,NA,NA,NA,NA,NA,NA,NA,NA,NA,NA,NA,NA,NA,NA,NA,NA,NA,NA,NA,NA,NA,NA,NA,NA,NA,NA,NA,NA,NA,NA,NA,NA,NA,NA,NA,NA,25.25,1.7677669529663689,25.85,4.030508652763321,1.3,0.42426406871192857,0,0,2.6,0.8485281374238571,0.35,0.49497474683058323,0,0,Laiatu,Latu,IND,DE,25,-4
DL,16651,robust,NA,NA,NA,NA,NA,NA,NA,NA,NA,NA,NA,NA,NA,NA,NA,NA,NA,NA,NA,NA,NA,NA,NA,NA,NA,NA,NA,NA,NA,NA,NA,NA,NA,NA,NA,NA,NA,NA,NA,NA,NA,NA,25.25,1.8532499999999998,25.85,4.225409999999999,1.3,0.44478000000000006,0,0,2.6,0.8895600000000001,0.35,0.51891,0,0,Laiatu,Latu,IND,DE,25,-4
DL,16651,weighted,NA,NA,NA,NA,NA,NA,NA,NA,NA,NA,NA,NA,NA,NA,NA,NA,NA,NA,NA,NA,NA,NA,NA,NA,NA,NA,NA,NA,NA,NA,NA,NA,NA,NA,NA,NA,NA,NA,NA,NA,NA,NA,25.211604095563136,1.7677669529663687,25.76245733788396,4.030508652763321,1.2907849829351536,0.42426406871192857,0,0,2.5815699658703073,0.8485281374238571,0.33924914675767914,0.4949747468305832,0,0,Laiatu,Latu,IND,DE,25,-4
DL,15345,average,NA,NA,NA,NA,NA,NA,NA,NA,NA,NA,NA,NA,NA,NA,NA,NA,NA,NA,NA,NA,NA,NA,NA,NA,NA,NA,NA,NA,NA,NA,NA,NA,NA,NA,NA,NA,NA,NA,NA,NA,NA,NA,29.65,0.49497474683058273,14.05,0.0707106781186545,1.75,1.0606601717798212,0,0,1.45,0.6363961030678927,0,0,0,0,Kwity,Paye,IND,DE,27,-1
DL,15345,robust,NA,NA,NA,NA,NA,NA,NA,NA,NA,NA,NA,NA,NA,NA,NA,NA,NA,NA,NA,NA,NA,NA,NA,NA,NA,NA,NA,NA,NA,NA,NA,NA,NA,NA,NA,NA,NA,NA,NA,NA,NA,NA,29.65,0.5189099999999994,14.05,0.07412999999999974,1.75,1.11195,0,0,1.45,0.6671699999999999,0,0,0,0,Kwity,Paye,IND,DE,27,-1
DL,15345,weighted,NA,NA,NA,NA,NA,NA,NA,NA,NA,NA,NA,NA,NA,NA,NA,NA,NA,NA,NA,NA,NA,NA,NA,NA,NA,NA,NA,NA,NA,NA,NA,NA,NA,NA,NA,NA,NA,NA,NA,NA,NA,NA,29.660750853242323,0.49497474683058273,14.048464163822524,0.0707106781186545,1.7269624573378841,1.0606601717798212,0,0,1.4361774744027302,0.6363961030678926,0,0,0,0,Kwity,Paye,IND,DE,27,-1
DL,15806,average,NA,NA,NA,NA,NA,NA,NA,NA,NA,NA,NA,NA,NA,NA,NA,NA,NA,NA,NA,NA,NA,NA,NA,NA,NA,NA,NA,NA,NA,NA,NA,NA,NA,NA,NA,NA,NA,NA,NA,NA,NA,NA,24.8,1.1313708498984771,19.45,3.464823227814082,2.85,0.21213203435596414,0,0,2.15,0.21213203435596414,0.5,0.7071067811865476,0,0,Kayvon,Thibodeaux,NYG,DE,25,-2
DL,15806,robust,NA,NA,NA,NA,NA,NA,NA,NA,NA,NA,NA,NA,NA,NA,NA,NA,NA,NA,NA,NA,NA,NA,NA,NA,NA,NA,NA,NA,NA,NA,NA,NA,NA,NA,NA,NA,NA,NA,NA,NA,NA,NA,24.8,1.186080000000001,19.45,3.6323699999999985,2.85,0.22238999999999987,0,0,2.15,0.22238999999999987,0.5,0.7413,0,0,Kayvon,Thibodeaux,NYG,DE,25,-2
DL,15806,weighted,NA,NA,NA,NA,NA,NA,NA,NA,NA,NA,NA,NA,NA,NA,NA,NA,NA,NA,NA,NA,NA,NA,NA,NA,NA,NA,NA,NA,NA,NA,NA,NA,NA,NA,NA,NA,NA,NA,NA,NA,NA,NA,24.77542662116041,1.131370849898477,19.374744027303752,3.464823227814082,2.8546075085324234,0.21213203435596412,0,0,2.1453924914675766,0.21213203435596412,0.515358361774744,0.7071067811865475,0,0,Kayvon,Thibodeaux,NYG,DE,25,-2
DL,12697,average,NA,NA,NA,NA,NA,NA,NA,NA,NA,NA,NA,NA,NA,NA,NA,NA,NA,NA,NA,NA,NA,NA,NA,NA,NA,NA,NA,NA,NA,NA,NA,NA,NA,NA,NA,NA,NA,NA,NA,NA,NA,NA,32.4,0.565685424949236,26.25,3.181980515339464,1.15,0.21213203435596428,0,0,0.15,0.21213203435596426,0,0,0,0,A'Shawn,Robinson,CAR,DT,30,4
DL,12697,robust,NA,NA,NA,NA,NA,NA,NA,NA,NA,NA,NA,NA,NA,NA,NA,NA,NA,NA,NA,NA,NA,NA,NA,NA,NA,NA,NA,NA,NA,NA,NA,NA,NA,NA,NA,NA,NA,NA,NA,NA,NA,NA,32.4,0.5930399999999979,26.25,3.3358499999999998,1.15,0.22239000000000003,0,0,0.15,0.22238999999999998,0,0,0,0,A'Shawn,Robinson,CAR,DT,30,4
DL,12697,weighted,NA,NA,NA,NA,NA,NA,NA,NA,NA,NA,NA,NA,NA,NA,NA,NA,NA,NA,NA,NA,NA,NA,NA,NA,NA,NA,NA,NA,NA,NA,NA,NA,NA,NA,NA,NA,NA,NA,NA,NA,NA,NA,32.3877133105802,0.565685424949236,26.18088737201365,3.181980515339464,1.1453924914675768,0.21213203435596428,0,0,0.14539249146757677,0.21213203435596423,0,0,0,0,A'Shawn,Robinson,CAR,DT,30,4
DL,13298,average,NA,NA,NA,NA,NA,NA,NA,NA,NA,NA,NA,NA,NA,NA,NA,NA,NA,NA,NA,NA,NA,NA,NA,NA,NA,NA,NA,NA,NA,NA,NA,NA,NA,NA,NA,NA,NA,NA,NA,NA,NA,NA,27.3,0.9899494936611655,35.4,6.222539674441617,2.05,0.07071067811865482,0,0,0.95,0.07071067811865474,0.35,0.49497474683058323,0,0,Grover,Stewart,IND,DT,32,3
DL,13298,robust,NA,NA,NA,NA,NA,NA,NA,NA,NA,NA,NA,NA,NA,NA,NA,NA,NA,NA,NA,NA,NA,NA,NA,NA,NA,NA,NA,NA,NA,NA,NA,NA,NA,NA,NA,NA,NA,NA,NA,NA,NA,NA,27.3,1.0378199999999989,35.4,6.523439999999997,2.05,0.07413000000000006,0,0,0.95,0.07412999999999997,0.35,0.51891,0,0,Grover,Stewart,IND,DT,32,3
DL,13298,weighted,NA,NA,NA,NA,NA,NA,NA,NA,NA,NA,NA,NA,NA,NA,NA,NA,NA,NA,NA,NA,NA,NA,NA,NA,NA,NA,NA,NA,NA,NA,NA,NA,NA,NA,NA,NA,NA,NA,NA,NA,NA,NA,27.32150170648464,0.9899494936611655,35.264846416382255,6.222539674441616,2.0484641638225254,0.07071067811865481,0,0,0.9515358361774744,0.07071067811865474,0.33924914675767914,0.4949747468305832,0,0,Grover,Stewart,IND,DT,32,3
DL,15864,average,NA,NA,NA,NA,NA,NA,NA,NA,NA,NA,NA,NA,NA,NA,NA,NA,NA,NA,NA,NA,NA,NA,NA,NA,NA,NA,NA,NA,NA,NA,NA,NA,NA,NA,NA,NA,NA,NA,NA,NA,NA,NA,21.75,9.545941546018392,13.45,3.6062445840513924,2.15,0.21213203435596414,0,0,1.35,0.49497474683058323,0,0,0,0,Alex,Wright,CLE,DE,25,-2
DL,15864,robust,NA,NA,NA,NA,NA,NA,NA,NA,NA,NA,NA,NA,NA,NA,NA,NA,NA,NA,NA,NA,NA,NA,NA,NA,NA,NA,NA,NA,NA,NA,NA,NA,NA,NA,NA,NA,NA,NA,NA,NA,NA,NA,21.75,10.00755,13.45,3.7806299999999995,2.15,0.22238999999999987,0,0,1.35,0.51891,0,0,0,0,Alex,Wright,CLE,DE,25,-2
DL,15864,weighted,NA,NA,NA,NA,NA,NA,NA,NA,NA,NA,NA,NA,NA,NA,NA,NA,NA,NA,NA,NA,NA,NA,NA,NA,NA,NA,NA,NA,NA,NA,NA,NA,NA,NA,NA,NA,NA,NA,NA,NA,NA,NA,21.542662116040955,9.54594154601839,13.528327645051196,3.606244584051392,2.1453924914675766,0.21213203435596412,0,0,1.3392491467576793,0.4949747468305832,0,0,0,0,Alex,Wright,CLE,DE,25,-2
DL,15395,average,NA,NA,NA,NA,NA,NA,NA,NA,NA,NA,NA,NA,NA,NA,NA,NA,NA,NA,NA,NA,NA,NA,NA,NA,NA,NA,NA,NA,NA,NA,NA,NA,NA,NA,NA,NA,NA,NA,NA,NA,NA,NA,28.1,0.141421356237309,15.15,7.28319984622144,0.7,0.9899494936611665,0,0,2.35,0.4949747468305834,0,0,0,0,Malcolm,Koonce,LVR,DE,27,-1
DL,15395,robust,NA,NA,NA,NA,NA,NA,NA,NA,NA,NA,NA,NA,NA,NA,NA,NA,NA,NA,NA,NA,NA,NA,NA,NA,NA,NA,NA,NA,NA,NA,NA,NA,NA,NA,NA,NA,NA,NA,NA,NA,NA,NA,28.1,0.14825999999999948,15.15,7.63539,0.7,1.03782,0,0,2.35,0.5189100000000001,0,0,0,0,Malcolm,Koonce,LVR,DE,27,-1
DL,15395,weighted,NA,NA,NA,NA,NA,NA,NA,NA,NA,NA,NA,NA,NA,NA,NA,NA,NA,NA,NA,NA,NA,NA,NA,NA,NA,NA,NA,NA,NA,NA,NA,NA,NA,NA,NA,NA,NA,NA,NA,NA,NA,NA,28.09692832764505,0.141421356237309,14.991808873720137,7.283199846221439,0.6784982935153583,0.9899494936611664,0,0,2.3392491467576795,0.4949747468305834,0,0,0,0,Malcolm,Koonce,LVR,DE,27,-1
DL,12734,average,NA,NA,NA,NA,NA,NA,NA,NA,NA,NA,NA,NA,NA,NA,NA,NA,NA,NA,NA,NA,NA,NA,NA,NA,NA,NA,NA,NA,NA,NA,NA,NA,NA,NA,NA,NA,NA,NA,NA,NA,NA,NA,23.6,9.333809511662427,14.15,0.21213203435596475,0.9,0.14142135623730948,0,0,0.8,0.28284271247461906,0.25,0.3535533905932738,0,0,Leonard,Floyd,ATL,DE,33,4
DL,12734,robust,NA,NA,NA,NA,NA,NA,NA,NA,NA,NA,NA,NA,NA,NA,NA,NA,NA,NA,NA,NA,NA,NA,NA,NA,NA,NA,NA,NA,NA,NA,NA,NA,NA,NA,NA,NA,NA,NA,NA,NA,NA,NA,23.6,9.78516,14.15,0.2223900000000005,0.9,0.14825999999999995,0,0,0.8,0.29652,0.25,0.37065,0,0,Leonard,Floyd,ATL,DE,33,4
DL,12734,weighted,NA,NA,NA,NA,NA,NA,NA,NA,NA,NA,NA,NA,NA,NA,NA,NA,NA,NA,NA,NA,NA,NA,NA,NA,NA,NA,NA,NA,NA,NA,NA,NA,NA,NA,NA,NA,NA,NA,NA,NA,NA,NA,23.39726962457338,9.333809511662427,14.145392491467577,0.21213203435596475,0.9030716723549489,0.14142135623730945,0,0,0.8061433447098976,0.28284271247461906,0.24232081911262798,0.35355339059327373,0,0,Leonard,Floyd,ATL,DE,33,4
DL,12686,average,NA,NA,NA,NA,NA,NA,NA,NA,NA,NA,NA,NA,NA,NA,NA,NA,NA,NA,NA,NA,NA,NA,NA,NA,NA,NA,NA,NA,NA,NA,NA,NA,NA,NA,NA,NA,NA,NA,NA,NA,NA,NA,22.95,8.414570696119915,14.85,3.040559159102155,1.15,0.21213203435596428,0,0,2.3,1.8384776310850237,0.8,1.1313708498984762,0,0,Joey,Bosa,BUF,DE,30,4
DL,12686,robust,NA,NA,NA,NA,NA,NA,NA,NA,NA,NA,NA,NA,NA,NA,NA,NA,NA,NA,NA,NA,NA,NA,NA,NA,NA,NA,NA,NA,NA,NA,NA,NA,NA,NA,NA,NA,NA,NA,NA,NA,NA,NA,22.95,8.821469999999998,14.85,3.18759,1.15,0.22239000000000003,0,0,2.3,1.9273799999999999,0.8,1.18608,0,0,Joey,Bosa,BUF,DE,30,4
DL,12686,weighted,NA,NA,NA,NA,NA,NA,NA,NA,NA,NA,NA,NA,NA,NA,NA,NA,NA,NA,NA,NA,NA,NA,NA,NA,NA,NA,NA,NA,NA,NA,NA,NA,NA,NA,NA,NA,NA,NA,NA,NA,NA,NA,22.76723549488055,8.414570696119915,14.916040955631397,3.040559159102155,1.1453924914675768,0.21213203435596428,0,0,2.260068259385666,1.8384776310850235,0.7754266211604095,1.131370849898476,0,0,Joey,Bosa,BUF,DE,30,4
DL,16266,average,NA,NA,NA,NA,NA,NA,NA,NA,NA,NA,NA,NA,NA,NA,NA,NA,NA,NA,NA,NA,NA,NA,NA,NA,NA,NA,NA,NA,NA,NA,NA,NA,NA,NA,NA,NA,NA,NA,NA,NA,NA,NA,30.35,5.161879502661797,15.85,0.21213203435596475,2.75,1.0606601717798212,0,0,0.85,0.21213203435596428,0.1,0.14142135623730953,0,0,Tuli,Tuipulotu,LAC,DE,23,-3
DL,16266,robust,NA,NA,NA,NA,NA,NA,NA,NA,NA,NA,NA,NA,NA,NA,NA,NA,NA,NA,NA,NA,NA,NA,NA,NA,NA,NA,NA,NA,NA,NA,NA,NA,NA,NA,NA,NA,NA,NA,NA,NA,NA,NA,30.35,5.411490000000001,15.85,0.2223900000000005,2.75,1.11195,0,0,0.85,0.22239000000000003,0.1,0.14826,0,0,Tuli,Tuipulotu,LAC,DE,23,-3
DL,16266,weighted,NA,NA,NA,NA,NA,NA,NA,NA,NA,NA,NA,NA,NA,NA,NA,NA,NA,NA,NA,NA,NA,NA,NA,NA,NA,NA,NA,NA,NA,NA,NA,NA,NA,NA,NA,NA,NA,NA,NA,NA,NA,NA,30.46211604095563,5.1618795026617965,15.854607508532423,0.21213203435596475,2.726962457337884,1.0606601717798212,0,0,0.8546075085324231,0.21213203435596428,0.09692832764505119,0.1414213562373095,0,0,Tuli,Tuipulotu,LAC,DE,23,-3
DL,15346,average,NA,NA,NA,NA,NA,NA,NA,NA,NA,NA,NA,NA,NA,NA,NA,NA,NA,NA,NA,NA,NA,NA,NA,NA,NA,NA,NA,NA,NA,NA,NA,NA,NA,NA,NA,NA,NA,NA,NA,NA,NA,NA,33.7,6.08111831820431,17.35,0.9192388155425123,2.75,0.3535533905932738,0,0,1.8,0.28284271247461895,0.8,0.28284271247461906,0,0,Gregory,Rousseau,BUF,DE,25,-1
DL,15346,robust,NA,NA,NA,NA,NA,NA,NA,NA,NA,NA,NA,NA,NA,NA,NA,NA,NA,NA,NA,NA,NA,NA,NA,NA,NA,NA,NA,NA,NA,NA,NA,NA,NA,NA,NA,NA,NA,NA,NA,NA,NA,NA,33.7,6.37518,17.35,0.9636900000000005,2.75,0.37065,0,0,1.8,0.2965199999999999,0.8,0.29652,0,0,Gregory,Rousseau,BUF,DE,25,-1
DL,15346,weighted,NA,NA,NA,NA,NA,NA,NA,NA,NA,NA,NA,NA,NA,NA,NA,NA,NA,NA,NA,NA,NA,NA,NA,NA,NA,NA,NA,NA,NA,NA,NA,NA,NA,NA,NA,NA,NA,NA,NA,NA,NA,NA,33.8320819112628,6.081118318204309,17.369965870307166,0.9192388155425123,2.757679180887372,0.35355339059327373,0,0,1.8061433447098978,0.2828427124746189,0.8061433447098976,0.28284271247461906,0,0,Gregory,Rousseau,BUF,DE,25,-1
DL,15378,average,NA,NA,NA,NA,NA,NA,NA,NA,NA,NA,NA,NA,NA,NA,NA,NA,NA,NA,NA,NA,NA,NA,NA,NA,NA,NA,NA,NA,NA,NA,NA,NA,NA,NA,NA,NA,NA,NA,NA,NA,NA,NA,25.45,0.6363961030678917,15.3,4.666904755831214,0.65,0.4949747468305833,0,0,1.25,1.0606601717798212,0,0,0,0,Odafe,Oweh,LAC,DE,27,-1
DL,15378,robust,NA,NA,NA,NA,NA,NA,NA,NA,NA,NA,NA,NA,NA,NA,NA,NA,NA,NA,NA,NA,NA,NA,NA,NA,NA,NA,NA,NA,NA,NA,NA,NA,NA,NA,NA,NA,NA,NA,NA,NA,NA,NA,25.45,0.6671699999999989,15.3,4.892580000000001,0.65,0.51891,0,0,1.25,1.11195,0,0,0,0,Odafe,Oweh,LAC,DE,27,-1
DL,15378,weighted,NA,NA,NA,NA,NA,NA,NA,NA,NA,NA,NA,NA,NA,NA,NA,NA,NA,NA,NA,NA,NA,NA,NA,NA,NA,NA,NA,NA,NA,NA,NA,NA,NA,NA,NA,NA,NA,NA,NA,NA,NA,NA,25.436177474402733,0.6363961030678917,15.19863481228669,4.666904755831214,0.6607508532423209,0.4949747468305833,0,0,1.273037542662116,1.0606601717798212,0,0,0,0,Odafe,Oweh,LAC,DE,27,-1
DL,15809,average,NA,NA,NA,NA,NA,NA,NA,NA,NA,NA,NA,NA,NA,NA,NA,NA,NA,NA,NA,NA,NA,NA,NA,NA,NA,NA,NA,NA,NA,NA,NA,NA,NA,NA,NA,NA,NA,NA,NA,NA,NA,NA,28.6,1.9798989873223336,14.05,1.3435028842544405,3.5,0.7071067811865476,0.4,0.5656854249492381,1.3,0.42426406871192857,0.4,0.5656854249492381,0.8,0,Jermaine,Johnson,NYJ,DE,26,-2
DL,15809,robust,NA,NA,NA,NA,NA,NA,NA,NA,NA,NA,NA,NA,NA,NA,NA,NA,NA,NA,NA,NA,NA,NA,NA,NA,NA,NA,NA,NA,NA,NA,NA,NA,NA,NA,NA,NA,NA,NA,NA,NA,NA,NA,28.6,2.0756400000000004,14.05,1.4084700000000001,3.5,0.7413,0.4,0.59304,1.3,0.44478000000000006,0.4,0.59304,0.8,0,Jermaine,Johnson,NYJ,DE,26,-2
DL,15809,weighted,NA,NA,NA,NA,NA,NA,NA,NA,NA,NA,NA,NA,NA,NA,NA,NA,NA,NA,NA,NA,NA,NA,NA,NA,NA,NA,NA,NA,NA,NA,NA,NA,NA,NA,NA,NA,NA,NA,NA,NA,NA,NA,28.643003412969286,1.9798989873223336,14.079180887372013,1.3435028842544405,3.5153583617747435,0.7071067811865475,0.38771331058020475,0.565685424949238,1.2907849829351536,0.42426406871192857,0.38771331058020475,0.565685424949238,0.8,0,Jermaine,Johnson,NYJ,DE,26,-2
DL,14897,average,NA,NA,NA,NA,NA,NA,NA,NA,NA,NA,NA,NA,NA,NA,NA,NA,NA,NA,NA,NA,NA,NA,NA,NA,NA,NA,NA,NA,NA,NA,NA,NA,NA,NA,NA,NA,NA,NA,NA,NA,NA,NA,38.4,9.333809511662427,38.05,9.828784258493009,4.1,1.2727922061357855,0.1,0.14142135623730953,0.5,0.7071067811865476,0,0,0,0,Derrick,Brown,CAR,DT,27,0
DL,14897,robust,NA,NA,NA,NA,NA,NA,NA,NA,NA,NA,NA,NA,NA,NA,NA,NA,NA,NA,NA,NA,NA,NA,NA,NA,NA,NA,NA,NA,NA,NA,NA,NA,NA,NA,NA,NA,NA,NA,NA,NA,NA,NA,38.4,9.78516,38.05,10.304069999999998,4.1,1.3343399999999999,0.1,0.14826,0.5,0.7413,0,0,0,0,Derrick,Brown,CAR,DT,27,0
DL,14897,weighted,NA,NA,NA,NA,NA,NA,NA,NA,NA,NA,NA,NA,NA,NA,NA,NA,NA,NA,NA,NA,NA,NA,NA,NA,NA,NA,NA,NA,NA,NA,NA,NA,NA,NA,NA,NA,NA,NA,NA,NA,NA,NA,38.602730375426624,9.333809511662427,38.263481228668944,9.828784258493009,4.1276450511945395,1.2727922061357853,0.09692832764505119,0.1414213562373095,0.515358361774744,0.7071067811865475,0,0,0,0,Derrick,Brown,CAR,DT,27,0
DL,17113,average,NA,NA,NA,NA,NA,NA,NA,NA,NA,NA,NA,NA,NA,NA,NA,NA,NA,NA,NA,NA,NA,NA,NA,NA,NA,NA,NA,NA,NA,NA,NA,NA,NA,NA,NA,NA,NA,NA,NA,NA,NA,NA,23.7,6.646803743153546,19.3,3.8183766184073558,0.5,0.7071067811865476,0,0,0.9,0.14142135623730948,0.7,0.4242640687119285,0,0,Mykel,Williams,SFO,DE,21,-5
DL,17113,robust,NA,NA,NA,NA,NA,NA,NA,NA,NA,NA,NA,NA,NA,NA,NA,NA,NA,NA,NA,NA,NA,NA,NA,NA,NA,NA,NA,NA,NA,NA,NA,NA,NA,NA,NA,NA,NA,NA,NA,NA,NA,NA,23.7,6.968219999999999,19.3,4.0030199999999985,0.5,0.7413,0,0,0.9,0.14825999999999995,0.7,0.44477999999999995,0,0,Mykel,Williams,SFO,DE,21,-5
DL,17113,weighted,NA,NA,NA,NA,NA,NA,NA,NA,NA,NA,NA,NA,NA,NA,NA,NA,NA,NA,NA,NA,NA,NA,NA,NA,NA,NA,NA,NA,NA,NA,NA,NA,NA,NA,NA,NA,NA,NA,NA,NA,NA,NA,23.555631399317402,6.646803743153546,19.382935153583617,3.8183766184073553,0.515358361774744,0.7071067811865475,0,0,0.9030716723549489,0.14142135623730945,0.7092150170648464,0.42426406871192845,0,0,Mykel,Williams,SFO,DE,21,-5
DL,16252,average,NA,NA,NA,NA,NA,NA,NA,NA,NA,NA,NA,NA,NA,NA,NA,NA,NA,NA,NA,NA,NA,NA,NA,NA,NA,NA,NA,NA,NA,NA,NA,NA,NA,NA,NA,NA,NA,NA,NA,NA,NA,NA,18.9,2.687005768508881,10.95,1.4849242404917495,2.65,0.9192388155425116,0,0,1.85,0.21213203435596428,0.75,0.3535533905932738,0,0,Will,McDonald,NYJ,DE,26,-3
DL,16252,robust,NA,NA,NA,NA,NA,NA,NA,NA,NA,NA,NA,NA,NA,NA,NA,NA,NA,NA,NA,NA,NA,NA,NA,NA,NA,NA,NA,NA,NA,NA,NA,NA,NA,NA,NA,NA,NA,NA,NA,NA,NA,NA,18.9,2.8169400000000002,10.95,1.5567299999999997,2.65,0.9636899999999998,0,0,1.85,0.22239000000000003,0.75,0.37065,0,0,Will,McDonald,NYJ,DE,26,-3
DL,16252,weighted,NA,NA,NA,NA,NA,NA,NA,NA,NA,NA,NA,NA,NA,NA,NA,NA,NA,NA,NA,NA,NA,NA,NA,NA,NA,NA,NA,NA,NA,NA,NA,NA,NA,NA,NA,NA,NA,NA,NA,NA,NA,NA,18.841638225255974,2.687005768508881,10.98225255972696,1.4849242404917493,2.6300341296928327,0.9192388155425116,0,0,1.8546075085324234,0.21213203435596428,0.757679180887372,0.35355339059327373,0,0,Will,McDonald,NYJ,DE,26,-3
DL,12217,average,NA,NA,NA,NA,NA,NA,NA,NA,NA,NA,NA,NA,NA,NA,NA,NA,NA,NA,NA,NA,NA,NA,NA,NA,NA,NA,NA,NA,NA,NA,NA,NA,NA,NA,NA,NA,NA,NA,NA,NA,NA,NA,19.55,6.434671708797584,14.45,0.636396103067893,1.85,0.21213203435596428,0.4,0.5656854249492381,0.35,0.49497474683058323,0.25,0.3535533905932738,0.4,0,Dante,Fowler,DAL,DE,31,5
DL,12217,robust,NA,NA,NA,NA,NA,NA,NA,NA,NA,NA,NA,NA,NA,NA,NA,NA,NA,NA,NA,NA,NA,NA,NA,NA,NA,NA,NA,NA,NA,NA,NA,NA,NA,NA,NA,NA,NA,NA,NA,NA,NA,NA,19.55,6.745830000000001,14.45,0.6671700000000003,1.85,0.22239000000000003,0.4,0.59304,0.35,0.51891,0.25,0.37065,0.4,0,Dante,Fowler,DAL,DE,31,5
DL,12217,weighted,NA,NA,NA,NA,NA,NA,NA,NA,NA,NA,NA,NA,NA,NA,NA,NA,NA,NA,NA,NA,NA,NA,NA,NA,NA,NA,NA,NA,NA,NA,NA,NA,NA,NA,NA,NA,NA,NA,NA,NA,NA,NA,19.41023890784983,6.434671708797583,14.436177474402728,0.636396103067893,1.8546075085324234,0.21213203435596428,0.38771331058020475,0.565685424949238,0.33924914675767914,0.4949747468305832,0.24232081911262798,0.35355339059327373,0.4,0,Dante,Fowler,DAL,DE,31,5
DL,14900,average,NA,NA,NA,NA,NA,NA,NA,NA,NA,NA,NA,NA,NA,NA,NA,NA,NA,NA,NA,NA,NA,NA,NA,NA,NA,NA,NA,NA,NA,NA,NA,NA,NA,NA,NA,NA,NA,NA,NA,NA,NA,NA,24.9,0.141421356237309,26.25,1.7677669529663689,1.3,0.42426406871192857,0,0,0.6,0.565685424949238,0,0,0,0,Nnamdi,Madubuike,BAL,DT,28,0
DL,14900,robust,NA,NA,NA,NA,NA,NA,NA,NA,NA,NA,NA,NA,NA,NA,NA,NA,NA,NA,NA,NA,NA,NA,NA,NA,NA,NA,NA,NA,NA,NA,NA,NA,NA,NA,NA,NA,NA,NA,NA,NA,NA,NA,24.9,0.14825999999999948,26.25,1.8532499999999998,1.3,0.44478000000000006,0,0,0.6,0.59304,0,0,0,0,Nnamdi,Madubuike,BAL,DT,28,0
DL,14900,weighted,NA,NA,NA,NA,NA,NA,NA,NA,NA,NA,NA,NA,NA,NA,NA,NA,NA,NA,NA,NA,NA,NA,NA,NA,NA,NA,NA,NA,NA,NA,NA,NA,NA,NA,NA,NA,NA,NA,NA,NA,NA,NA,24.90307167235495,0.141421356237309,26.21160409556314,1.7677669529663687,1.2907849829351536,0.42426406871192857,0,0,0.6122866894197952,0.565685424949238,0,0,0,0,Nnamdi,Madubuike,BAL,DT,28,0
DL,14164,average,NA,NA,NA,NA,NA,NA,NA,NA,NA,NA,NA,NA,NA,NA,NA,NA,NA,NA,NA,NA,NA,NA,NA,NA,NA,NA,NA,NA,NA,NA,NA,NA,NA,NA,NA,NA,NA,NA,NA,NA,NA,NA,25.55,0.7778174593052033,20.1,1.5556349186104041,1.55,0.7778174593052023,0,0,0.8,0.28284271247461906,0,0,0,0,Dre'Mont,Jones,TEN,DE,28,1
DL,14164,robust,NA,NA,NA,NA,NA,NA,NA,NA,NA,NA,NA,NA,NA,NA,NA,NA,NA,NA,NA,NA,NA,NA,NA,NA,NA,NA,NA,NA,NA,NA,NA,NA,NA,NA,NA,NA,NA,NA,NA,NA,NA,NA,25.55,0.815430000000001,20.1,1.6308599999999993,1.55,0.81543,0,0,0.8,0.29652,0,0,0,0,Dre'Mont,Jones,TEN,DE,28,1
DL,14164,weighted,NA,NA,NA,NA,NA,NA,NA,NA,NA,NA,NA,NA,NA,NA,NA,NA,NA,NA,NA,NA,NA,NA,NA,NA,NA,NA,NA,NA,NA,NA,NA,NA,NA,NA,NA,NA,NA,NA,NA,NA,NA,NA,25.533105802047782,0.7778174593052032,20.066211604095564,1.555634918610404,1.5331058020477815,0.7778174593052023,0,0,0.8061433447098976,0.28284271247461906,0,0,0,0,Dre'Mont,Jones,TEN,DE,28,1
DL,16712,average,NA,NA,NA,NA,NA,NA,NA,NA,NA,NA,NA,NA,NA,NA,NA,NA,NA,NA,NA,NA,NA,NA,NA,NA,NA,NA,NA,NA,NA,NA,NA,NA,NA,NA,NA,NA,NA,NA,NA,NA,NA,NA,22.8,5.374011537017762,14.35,4.737615433949868,1.75,0.3535533905932738,0,0,1.2,0.28284271247461895,0,0,0,0,Jalyx,Hunt,PHI,DE,24,-4
DL,16712,robust,NA,NA,NA,NA,NA,NA,NA,NA,NA,NA,NA,NA,NA,NA,NA,NA,NA,NA,NA,NA,NA,NA,NA,NA,NA,NA,NA,NA,NA,NA,NA,NA,NA,NA,NA,NA,NA,NA,NA,NA,NA,NA,22.8,5.6338800000000004,14.35,4.966709999999999,1.75,0.37065,0,0,1.2,0.2965199999999999,0,0,0,0,Jalyx,Hunt,PHI,DE,24,-4
DL,16712,weighted,NA,NA,NA,NA,NA,NA,NA,NA,NA,NA,NA,NA,NA,NA,NA,NA,NA,NA,NA,NA,NA,NA,NA,NA,NA,NA,NA,NA,NA,NA,NA,NA,NA,NA,NA,NA,NA,NA,NA,NA,NA,NA,22.683276450511944,5.374011537017762,14.247098976109218,4.737615433949868,1.7576791808873717,0.35355339059327373,0,0,1.1938566552901024,0.28284271247461895,0,0,0,0,Jalyx,Hunt,PHI,DE,24,-4
DL,13839,average,NA,NA,NA,NA,NA,NA,NA,NA,NA,NA,NA,NA,NA,NA,NA,NA,NA,NA,NA,NA,NA,NA,NA,NA,NA,NA,NA,NA,NA,NA,NA,NA,NA,NA,NA,NA,NA,NA,NA,NA,NA,NA,27.1,8.34386001800126,22.9,2.969848480983499,1.75,0.3535533905932738,0.35,0.49497474683058323,0.9,0.14142135623730948,0.85,0.21213203435596428,0,0,Zach,Sieler,MIA,DT,30,2
DL,13839,robust,NA,NA,NA,NA,NA,NA,NA,NA,NA,NA,NA,NA,NA,NA,NA,NA,NA,NA,NA,NA,NA,NA,NA,NA,NA,NA,NA,NA,NA,NA,NA,NA,NA,NA,NA,NA,NA,NA,NA,NA,NA,NA,27.1,8.74734,22.9,3.1134599999999995,1.75,0.37065,0.35,0.51891,0.9,0.14825999999999995,0.85,0.22239000000000003,0,0,Zach,Sieler,MIA,DT,30,2
DL,13839,weighted,NA,NA,NA,NA,NA,NA,NA,NA,NA,NA,NA,NA,NA,NA,NA,NA,NA,NA,NA,NA,NA,NA,NA,NA,NA,NA,NA,NA,NA,NA,NA,NA,NA,NA,NA,NA,NA,NA,NA,NA,NA,NA,27.281228668941978,8.34386001800126,22.96450511945393,2.9698484809834986,1.7576791808873717,0.35355339059327373,0.33924914675767914,0.4949747468305832,0.9030716723549489,0.14142135623730945,0.8546075085324231,0.21213203435596428,0,0,Zach,Sieler,MIA,DT,30,2
DL,13742,average,NA,NA,NA,NA,NA,NA,NA,NA,NA,NA,NA,NA,NA,NA,NA,NA,NA,NA,NA,NA,NA,NA,NA,NA,NA,NA,NA,NA,NA,NA,NA,NA,NA,NA,NA,NA,NA,NA,NA,NA,NA,NA,24.3,0.9899494936611655,27.4,0.5656854249492386,3.4,0.5656854249492379,0.4,0.5656854249492381,0,0,0,0,0,0,B.J.,Hill,CIN,DT,30,2
DL,13742,robust,NA,NA,NA,NA,NA,NA,NA,NA,NA,NA,NA,NA,NA,NA,NA,NA,NA,NA,NA,NA,NA,NA,NA,NA,NA,NA,NA,NA,NA,NA,NA,NA,NA,NA,NA,NA,NA,NA,NA,NA,NA,NA,24.3,1.0378199999999989,27.4,0.5930400000000005,3.4,0.5930399999999998,0.4,0.59304,0,0,0,0,0,0,B.J.,Hill,CIN,DT,30,2
DL,13742,weighted,NA,NA,NA,NA,NA,NA,NA,NA,NA,NA,NA,NA,NA,NA,NA,NA,NA,NA,NA,NA,NA,NA,NA,NA,NA,NA,NA,NA,NA,NA,NA,NA,NA,NA,NA,NA,NA,NA,NA,NA,NA,NA,24.321501706484643,0.9899494936611655,27.387713310580203,0.5656854249492385,3.387713310580205,0.5656854249492379,0.38771331058020475,0.565685424949238,0,0,0,0,0,0,B.J.,Hill,CIN,DT,30,2
DL,14149,average,NA,NA,NA,NA,NA,NA,NA,NA,NA,NA,NA,NA,NA,NA,NA,NA,NA,NA,NA,NA,NA,NA,NA,NA,NA,NA,NA,NA,NA,NA,NA,NA,NA,NA,NA,NA,NA,NA,NA,NA,NA,NA,24.85,0.21213203435596475,19.55,2.050609665440987,1.15,0.21213203435596428,0,0,0.85,0.21213203435596428,0.35,0.49497474683058323,0,0,Rashan,Gary,GBP,DE,28,1
DL,14149,robust,NA,NA,NA,NA,NA,NA,NA,NA,NA,NA,NA,NA,NA,NA,NA,NA,NA,NA,NA,NA,NA,NA,NA,NA,NA,NA,NA,NA,NA,NA,NA,NA,NA,NA,NA,NA,NA,NA,NA,NA,NA,NA,24.85,0.2223900000000005,19.55,2.149769999999999,1.15,0.22239000000000003,0,0,0.85,0.22239000000000003,0.35,0.51891,0,0,Rashan,Gary,GBP,DE,28,1
DL,14149,weighted,NA,NA,NA,NA,NA,NA,NA,NA,NA,NA,NA,NA,NA,NA,NA,NA,NA,NA,NA,NA,NA,NA,NA,NA,NA,NA,NA,NA,NA,NA,NA,NA,NA,NA,NA,NA,NA,NA,NA,NA,NA,NA,24.85460750853242,0.21213203435596475,19.594539249146756,2.050609665440987,1.1453924914675768,0.21213203435596428,0,0,0.8546075085324231,0.21213203435596428,0.33924914675767914,0.4949747468305832,0,0,Rashan,Gary,GBP,DE,28,1
DL,16655,average,NA,NA,NA,NA,NA,NA,NA,NA,NA,NA,NA,NA,NA,NA,NA,NA,NA,NA,NA,NA,NA,NA,NA,NA,NA,NA,NA,NA,NA,NA,NA,NA,NA,NA,NA,NA,NA,NA,NA,NA,NA,NA,22.55,3.464823227814082,17.35,0.9192388155425123,3.4,0.5656854249492379,0,0,0.6,0.565685424949238,0.1,0.14142135623730953,0,0,Chop,Robinson,MIA,DE,22,-4
DL,16655,robust,NA,NA,NA,NA,NA,NA,NA,NA,NA,NA,NA,NA,NA,NA,NA,NA,NA,NA,NA,NA,NA,NA,NA,NA,NA,NA,NA,NA,NA,NA,NA,NA,NA,NA,NA,NA,NA,NA,NA,NA,NA,NA,22.55,3.6323699999999985,17.35,0.9636900000000005,3.4,0.5930399999999998,0,0,0.6,0.59304,0.1,0.14826,0,0,Chop,Robinson,MIA,DE,22,-4
DL,16655,weighted,NA,NA,NA,NA,NA,NA,NA,NA,NA,NA,NA,NA,NA,NA,NA,NA,NA,NA,NA,NA,NA,NA,NA,NA,NA,NA,NA,NA,NA,NA,NA,NA,NA,NA,NA,NA,NA,NA,NA,NA,NA,NA,22.625255972696248,3.464823227814082,17.369965870307166,0.9192388155425123,3.387713310580205,0.5656854249492379,0,0,0.6122866894197952,0.565685424949238,0.09692832764505119,0.1414213562373095,0,0,Chop,Robinson,MIA,DE,22,-4
DL,13682,average,NA,NA,NA,NA,NA,NA,NA,NA,NA,NA,NA,NA,NA,NA,NA,NA,NA,NA,NA,NA,NA,NA,NA,NA,NA,NA,NA,NA,NA,NA,NA,NA,NA,NA,NA,NA,NA,NA,NA,NA,NA,NA,24.2,1.6970562748477132,15.6,0.5656854249492386,1.45,0.7778174593052023,0,0,1.45,0.6363961030678927,0.75,0.3535533905932738,0,0,Arden,Key,TEN,DE,29,2
DL,13682,robust,NA,NA,NA,NA,NA,NA,NA,NA,NA,NA,NA,NA,NA,NA,NA,NA,NA,NA,NA,NA,NA,NA,NA,NA,NA,NA,NA,NA,NA,NA,NA,NA,NA,NA,NA,NA,NA,NA,NA,NA,NA,NA,24.2,1.779119999999999,15.6,0.5930400000000005,1.45,0.81543,0,0,1.45,0.6671699999999999,0.75,0.37065,0,0,Arden,Key,TEN,DE,29,2
DL,13682,weighted,NA,NA,NA,NA,NA,NA,NA,NA,NA,NA,NA,NA,NA,NA,NA,NA,NA,NA,NA,NA,NA,NA,NA,NA,NA,NA,NA,NA,NA,NA,NA,NA,NA,NA,NA,NA,NA,NA,NA,NA,NA,NA,24.163139931740613,1.697056274847713,15.612286689419795,0.5656854249492385,1.4668941979522183,0.7778174593052022,0,0,1.4361774744027302,0.6363961030678926,0.757679180887372,0.35355339059327373,0,0,Arden,Key,TEN,DE,29,2
DL,14978,average,NA,NA,NA,NA,NA,NA,NA,NA,NA,NA,NA,NA,NA,NA,NA,NA,NA,NA,NA,NA,NA,NA,NA,NA,NA,NA,NA,NA,NA,NA,NA,NA,NA,NA,NA,NA,NA,NA,NA,NA,NA,NA,23.7,0.9899494936611655,20,1.4142135623730951,1.65,0.9192388155425116,0,0,1.45,0.6363961030678927,0.1,0.14142135623730953,0,0,Michael,Danna,KCC,DE,28,0
DL,14978,robust,NA,NA,NA,NA,NA,NA,NA,NA,NA,NA,NA,NA,NA,NA,NA,NA,NA,NA,NA,NA,NA,NA,NA,NA,NA,NA,NA,NA,NA,NA,NA,NA,NA,NA,NA,NA,NA,NA,NA,NA,NA,NA,23.7,1.0378199999999989,20,1.4826,1.65,0.9636899999999998,0,0,1.45,0.6671699999999999,0.1,0.14826,0,0,Michael,Danna,KCC,DE,28,0
DL,14978,weighted,NA,NA,NA,NA,NA,NA,NA,NA,NA,NA,NA,NA,NA,NA,NA,NA,NA,NA,NA,NA,NA,NA,NA,NA,NA,NA,NA,NA,NA,NA,NA,NA,NA,NA,NA,NA,NA,NA,NA,NA,NA,NA,23.678498293515357,0.9899494936611655,19.96928327645051,1.414213562373095,1.6300341296928325,0.9192388155425116,0,0,1.4361774744027302,0.6363961030678926,0.09692832764505119,0.1414213562373095,0,0,Michael,Danna,KCC,DE,28,0
DL,15484,average,NA,NA,NA,NA,NA,NA,NA,NA,NA,NA,NA,NA,NA,NA,NA,NA,NA,NA,NA,NA,NA,NA,NA,NA,NA,NA,NA,NA,NA,NA,NA,NA,NA,NA,NA,NA,NA,NA,NA,NA,NA,NA,28.55,7.707463914933367,22.35,3.7476659402887025,1,1.4142135623730951,0,0,0.75,0.3535533905932738,0,0,0,0,Jonathon,Cooper,DEN,DE,27,-1
DL,15484,robust,NA,NA,NA,NA,NA,NA,NA,NA,NA,NA,NA,NA,NA,NA,NA,NA,NA,NA,NA,NA,NA,NA,NA,NA,NA,NA,NA,NA,NA,NA,NA,NA,NA,NA,NA,NA,NA,NA,NA,NA,NA,NA,28.55,8.080169999999999,22.35,3.9288900000000004,1,1.4826,0,0,0.75,0.37065,0,0,0,0,Jonathon,Cooper,DEN,DE,27,-1
DL,15484,weighted,NA,NA,NA,NA,NA,NA,NA,NA,NA,NA,NA,NA,NA,NA,NA,NA,NA,NA,NA,NA,NA,NA,NA,NA,NA,NA,NA,NA,NA,NA,NA,NA,NA,NA,NA,NA,NA,NA,NA,NA,NA,NA,28.71740614334471,7.707463914933367,22.431399317406143,3.7476659402887025,1.030716723549488,1.414213562373095,0,0,0.757679180887372,0.35355339059327373,0,0,0,0,Jonathon,Cooper,DEN,DE,27,-1
DL,16254,average,NA,NA,NA,NA,NA,NA,NA,NA,NA,NA,NA,NA,NA,NA,NA,NA,NA,NA,NA,NA,NA,NA,NA,NA,NA,NA,NA,NA,NA,NA,NA,NA,NA,NA,NA,NA,NA,NA,NA,NA,NA,NA,24.45,2.050609665440987,10.35,1.9091883092036779,0,0,0,0,0.2,0.28284271247461906,0.7,0.4242640687119285,0,0,Calijah,Kancey,TBB,DT,24,-3
DL,16254,robust,NA,NA,NA,NA,NA,NA,NA,NA,NA,NA,NA,NA,NA,NA,NA,NA,NA,NA,NA,NA,NA,NA,NA,NA,NA,NA,NA,NA,NA,NA,NA,NA,NA,NA,NA,NA,NA,NA,NA,NA,NA,NA,24.45,2.149769999999999,10.35,2.0015099999999992,0,0,0,0,0.2,0.29652,0.7,0.44477999999999995,0,0,Calijah,Kancey,TBB,DT,24,-3
DL,16254,weighted,NA,NA,NA,NA,NA,NA,NA,NA,NA,NA,NA,NA,NA,NA,NA,NA,NA,NA,NA,NA,NA,NA,NA,NA,NA,NA,NA,NA,NA,NA,NA,NA,NA,NA,NA,NA,NA,NA,NA,NA,NA,NA,24.40546075085324,2.050609665440987,10.30853242320819,1.9091883092036774,0,0,0,0,0.19385665529010238,0.282842712474619,0.7092150170648464,0.42426406871192845,0,0,Calijah,Kancey,TBB,DT,24,-3
DL,14157,average,NA,NA,NA,NA,NA,NA,NA,NA,NA,NA,NA,NA,NA,NA,NA,NA,NA,NA,NA,NA,NA,NA,NA,NA,NA,NA,NA,NA,NA,NA,NA,NA,NA,NA,NA,NA,NA,NA,NA,NA,NA,NA,28.75,4.596194077712559,15.65,3.323401871576773,1.35,0.9192388155425119,0,0,0.2,0.28284271247461906,0,0,0,0,Quinnen,Williams,NYJ,DT,28,1
DL,14157,robust,NA,NA,NA,NA,NA,NA,NA,NA,NA,NA,NA,NA,NA,NA,NA,NA,NA,NA,NA,NA,NA,NA,NA,NA,NA,NA,NA,NA,NA,NA,NA,NA,NA,NA,NA,NA,NA,NA,NA,NA,NA,NA,28.75,4.8184499999999995,15.65,3.4841099999999994,1.35,0.9636899999999999,0,0,0.2,0.29652,0,0,0,0,Quinnen,Williams,NYJ,DT,28,1
DL,14157,weighted,NA,NA,NA,NA,NA,NA,NA,NA,NA,NA,NA,NA,NA,NA,NA,NA,NA,NA,NA,NA,NA,NA,NA,NA,NA,NA,NA,NA,NA,NA,NA,NA,NA,NA,NA,NA,NA,NA,NA,NA,NA,NA,28.849829351535835,4.596194077712559,15.722184300341299,3.323401871576773,1.3699658703071673,0.9192388155425117,0,0,0.19385665529010238,0.282842712474619,0,0,0,0,Quinnen,Williams,NYJ,DT,28,1
DL,14405,average,NA,NA,NA,NA,NA,NA,NA,NA,NA,NA,NA,NA,NA,NA,NA,NA,NA,NA,NA,NA,NA,NA,NA,NA,NA,NA,NA,NA,NA,NA,NA,NA,NA,NA,NA,NA,NA,NA,NA,NA,NA,NA,34,9.899494936611665,23.6,9.05096679918781,2,0,0.1,0.14142135623730953,0.55,0.6363961030678927,0,0,0,0,Carl,Granderson,NOS,DE,29,1
DL,14405,robust,NA,NA,NA,NA,NA,NA,NA,NA,NA,NA,NA,NA,NA,NA,NA,NA,NA,NA,NA,NA,NA,NA,NA,NA,NA,NA,NA,NA,NA,NA,NA,NA,NA,NA,NA,NA,NA,NA,NA,NA,NA,NA,34,10.3782,23.6,9.48864,2,0,0.1,0.14826,0.55,0.6671699999999999,0,0,0,0,Carl,Granderson,NOS,DE,29,1
DL,14405,weighted,NA,NA,NA,NA,NA,NA,NA,NA,NA,NA,NA,NA,NA,NA,NA,NA,NA,NA,NA,NA,NA,NA,NA,NA,NA,NA,NA,NA,NA,NA,NA,NA,NA,NA,NA,NA,NA,NA,NA,NA,NA,NA,34.215017064846414,9.899494936611664,23.796587030716726,9.050966799187808,2,0,0.09692832764505119,0.1414213562373095,0.5638225255972696,0.6363961030678927,0,0,0,0,Carl,Granderson,NOS,DE,29,1
DL,13448,average,NA,NA,NA,NA,NA,NA,NA,NA,NA,NA,NA,NA,NA,NA,NA,NA,NA,NA,NA,NA,NA,NA,NA,NA,NA,NA,NA,NA,NA,NA,NA,NA,NA,NA,NA,NA,NA,NA,NA,NA,NA,NA,28.85,1.6263455967290599,23.25,5.303300858899107,1.05,1.3435028842544403,0,0,0.8,0.28284271247461906,0,0,0,0,Adam,Butler,LVR,DT,31,3
DL,13448,robust,NA,NA,NA,NA,NA,NA,NA,NA,NA,NA,NA,NA,NA,NA,NA,NA,NA,NA,NA,NA,NA,NA,NA,NA,NA,NA,NA,NA,NA,NA,NA,NA,NA,NA,NA,NA,NA,NA,NA,NA,NA,NA,28.85,1.7049900000000004,23.25,5.559749999999999,1.05,1.4084699999999999,0,0,0.8,0.29652,0,0,0,0,Adam,Butler,LVR,DT,31,3
DL,13448,weighted,NA,NA,NA,NA,NA,NA,NA,NA,NA,NA,NA,NA,NA,NA,NA,NA,NA,NA,NA,NA,NA,NA,NA,NA,NA,NA,NA,NA,NA,NA,NA,NA,NA,NA,NA,NA,NA,NA,NA,NA,NA,NA,28.885324232081913,1.6263455967290597,23.365187713310583,5.303300858899106,1.0791808873720137,1.3435028842544403,0,0,0.8061433447098976,0.28284271247461906,0,0,0,0,Adam,Butler,LVR,DT,31,3
DL,14159,average,NA,NA,NA,NA,NA,NA,NA,NA,NA,NA,NA,NA,NA,NA,NA,NA,NA,NA,NA,NA,NA,NA,NA,NA,NA,NA,NA,NA,NA,NA,NA,NA,NA,NA,NA,NA,NA,NA,NA,NA,NA,NA,26.55,9.121677477306463,22.95,5.727564927611036,1.3,0.9899494936611666,0,0,0.75,0.3535533905932738,0,0,0,0,Dexter,Lawrence,NYG,DT,28,1
DL,14159,robust,NA,NA,NA,NA,NA,NA,NA,NA,NA,NA,NA,NA,NA,NA,NA,NA,NA,NA,NA,NA,NA,NA,NA,NA,NA,NA,NA,NA,NA,NA,NA,NA,NA,NA,NA,NA,NA,NA,NA,NA,NA,NA,26.55,9.562769999999999,22.95,6.004530000000001,1.3,1.03782,0,0,0.75,0.37065,0,0,0,0,Dexter,Lawrence,NYG,DT,28,1
DL,14159,weighted,NA,NA,NA,NA,NA,NA,NA,NA,NA,NA,NA,NA,NA,NA,NA,NA,NA,NA,NA,NA,NA,NA,NA,NA,NA,NA,NA,NA,NA,NA,NA,NA,NA,NA,NA,NA,NA,NA,NA,NA,NA,NA,26.748122866894196,9.121677477306461,23.07440273037543,5.727564927611036,1.3215017064846417,0.9899494936611666,0,0,0.757679180887372,0.35355339059327373,0,0,0,0,Dexter,Lawrence,NYG,DT,28,1
DL,14148,average,NA,NA,NA,NA,NA,NA,NA,NA,NA,NA,NA,NA,NA,NA,NA,NA,NA,NA,NA,NA,NA,NA,NA,NA,NA,NA,NA,NA,NA,NA,NA,NA,NA,NA,NA,NA,NA,NA,NA,NA,NA,NA,22.8,3.1112698372208083,14.1,1.272792206135786,2.7,0.42426406871192857,0,0,1.2,0.28284271247461895,0,0,0,0,Montez,Sweat,CHI,DE,29,1
DL,14148,robust,NA,NA,NA,NA,NA,NA,NA,NA,NA,NA,NA,NA,NA,NA,NA,NA,NA,NA,NA,NA,NA,NA,NA,NA,NA,NA,NA,NA,NA,NA,NA,NA,NA,NA,NA,NA,NA,NA,NA,NA,NA,NA,22.8,3.2617199999999986,14.1,1.3343400000000005,2.7,0.44478000000000006,0,0,1.2,0.2965199999999999,0,0,0,0,Montez,Sweat,CHI,DE,29,1
DL,14148,weighted,NA,NA,NA,NA,NA,NA,NA,NA,NA,NA,NA,NA,NA,NA,NA,NA,NA,NA,NA,NA,NA,NA,NA,NA,NA,NA,NA,NA,NA,NA,NA,NA,NA,NA,NA,NA,NA,NA,NA,NA,NA,NA,22.867576791808872,3.111269837220808,14.127645051194541,1.272792206135786,2.709215017064846,0.42426406871192857,0,0,1.1938566552901024,0.28284271247461895,0,0,0,0,Montez,Sweat,CHI,DE,29,1
DL,16233,average,NA,NA,NA,NA,NA,NA,NA,NA,NA,NA,NA,NA,NA,NA,NA,NA,NA,NA,NA,NA,NA,NA,NA,NA,NA,NA,NA,NA,NA,NA,NA,NA,NA,NA,NA,NA,NA,NA,NA,NA,NA,NA,23.1,1.272792206135786,16.15,2.616295090390225,3.8,0.28284271247461895,0,0,2,0,0.5,0.7071067811865476,0,0,Jalen,Carter,PHI,DT,24,-3
DL,16233,robust,NA,NA,NA,NA,NA,NA,NA,NA,NA,NA,NA,NA,NA,NA,NA,NA,NA,NA,NA,NA,NA,NA,NA,NA,NA,NA,NA,NA,NA,NA,NA,NA,NA,NA,NA,NA,NA,NA,NA,NA,NA,NA,23.1,1.3343400000000005,16.15,2.7428099999999995,3.8,0.2965199999999999,0,0,2,0,0.5,0.7413,0,0,Jalen,Carter,PHI,DT,24,-3
DL,16233,weighted,NA,NA,NA,NA,NA,NA,NA,NA,NA,NA,NA,NA,NA,NA,NA,NA,NA,NA,NA,NA,NA,NA,NA,NA,NA,NA,NA,NA,NA,NA,NA,NA,NA,NA,NA,NA,NA,NA,NA,NA,NA,NA,23.127645051194538,1.272792206135786,16.206825938566553,2.616295090390225,3.8061433447098976,0.28284271247461895,0,0,2,0,0.515358361774744,0.7071067811865475,0,0,Jalen,Carter,PHI,DT,24,-3
DL,15357,average,NA,NA,NA,NA,NA,NA,NA,NA,NA,NA,NA,NA,NA,NA,NA,NA,NA,NA,NA,NA,NA,NA,NA,NA,NA,NA,NA,NA,NA,NA,NA,NA,NA,NA,NA,NA,NA,NA,NA,NA,NA,NA,27.05,2.7577164466275343,21.05,1.3435028842544392,2.45,0.7778174593052023,0,0,0.05,0.07071067811865477,0,0,0,0,Christian,Barmore,NEP,DT,26,-1
DL,15357,robust,NA,NA,NA,NA,NA,NA,NA,NA,NA,NA,NA,NA,NA,NA,NA,NA,NA,NA,NA,NA,NA,NA,NA,NA,NA,NA,NA,NA,NA,NA,NA,NA,NA,NA,NA,NA,NA,NA,NA,NA,NA,NA,27.05,2.8910699999999987,21.05,1.4084699999999988,2.45,0.81543,0,0,0.05,0.07413,0,0,0,0,Christian,Barmore,NEP,DT,26,-1
DL,15357,weighted,NA,NA,NA,NA,NA,NA,NA,NA,NA,NA,NA,NA,NA,NA,NA,NA,NA,NA,NA,NA,NA,NA,NA,NA,NA,NA,NA,NA,NA,NA,NA,NA,NA,NA,NA,NA,NA,NA,NA,NA,NA,NA,27.1098976109215,2.7577164466275343,21.079180887372015,1.3435028842544392,2.466894197952218,0.7778174593052023,0,0,0.048464163822525594,0.07071067811865475,0,0,0,0,Christian,Barmore,NEP,DT,26,-1
DL,12782,average,NA,NA,NA,NA,NA,NA,NA,NA,NA,NA,NA,NA,NA,NA,NA,NA,NA,NA,NA,NA,NA,NA,NA,NA,NA,NA,NA,NA,NA,NA,NA,NA,NA,NA,NA,NA,NA,NA,NA,NA,NA,NA,24.4,0.5656854249492386,20.75,1.7677669529663689,1,0,0,0,0.8,0.28284271247461906,0,0,0,0,David,Onyemata,ATL,DT,33,4
DL,12782,robust,NA,NA,NA,NA,NA,NA,NA,NA,NA,NA,NA,NA,NA,NA,NA,NA,NA,NA,NA,NA,NA,NA,NA,NA,NA,NA,NA,NA,NA,NA,NA,NA,NA,NA,NA,NA,NA,NA,NA,NA,NA,NA,24.4,0.5930400000000005,20.75,1.8532499999999998,1,0,0,0,0.8,0.29652,0,0,0,0,David,Onyemata,ATL,DT,33,4
DL,12782,weighted,NA,NA,NA,NA,NA,NA,NA,NA,NA,NA,NA,NA,NA,NA,NA,NA,NA,NA,NA,NA,NA,NA,NA,NA,NA,NA,NA,NA,NA,NA,NA,NA,NA,NA,NA,NA,NA,NA,NA,NA,NA,NA,24.387713310580207,0.5656854249492385,20.788395904436857,1.7677669529663687,1,0,0,0,0.8061433447098976,0.28284271247461906,0,0,0,0,David,Onyemata,ATL,DT,33,4
DL,16265,average,NA,NA,NA,NA,NA,NA,NA,NA,NA,NA,NA,NA,NA,NA,NA,NA,NA,NA,NA,NA,NA,NA,NA,NA,NA,NA,NA,NA,NA,NA,NA,NA,NA,NA,NA,NA,NA,NA,NA,NA,NA,NA,21.25,0.3535533905932738,23,4.242640687119285,2,0,0,0,0.15,0.21213203435596426,0.15,0.21213203435596426,0,0,Gervon,Dexter,CHI,DT,24,-3
DL,16265,robust,NA,NA,NA,NA,NA,NA,NA,NA,NA,NA,NA,NA,NA,NA,NA,NA,NA,NA,NA,NA,NA,NA,NA,NA,NA,NA,NA,NA,NA,NA,NA,NA,NA,NA,NA,NA,NA,NA,NA,NA,NA,NA,21.25,0.37065,23,4.4478,2,0,0,0,0.15,0.22238999999999998,0.15,0.22238999999999998,0,0,Gervon,Dexter,CHI,DT,24,-3
DL,16265,weighted,NA,NA,NA,NA,NA,NA,NA,NA,NA,NA,NA,NA,NA,NA,NA,NA,NA,NA,NA,NA,NA,NA,NA,NA,NA,NA,NA,NA,NA,NA,NA,NA,NA,NA,NA,NA,NA,NA,NA,NA,NA,NA,21.24232081911263,0.35355339059327373,23.092150170648466,4.242640687119285,2,0,0,0,0.14539249146757677,0.21213203435596423,0.14539249146757677,0.21213203435596423,0,0,Gervon,Dexter,CHI,DT,24,-3
DL,15352,average,NA,NA,NA,NA,NA,NA,NA,NA,NA,NA,NA,NA,NA,NA,NA,NA,NA,NA,NA,NA,NA,NA,NA,NA,NA,NA,NA,NA,NA,NA,NA,NA,NA,NA,NA,NA,NA,NA,NA,NA,NA,NA,27.7,3.2526911934581197,18.35,0.49497474683058273,1.35,0.9192388155425119,0,0,1.15,0.21213203435596428,0,0,0,0,Zaven,Collins,ARI,DE,26,-1
DL,15352,robust,NA,NA,NA,NA,NA,NA,NA,NA,NA,NA,NA,NA,NA,NA,NA,NA,NA,NA,NA,NA,NA,NA,NA,NA,NA,NA,NA,NA,NA,NA,NA,NA,NA,NA,NA,NA,NA,NA,NA,NA,NA,NA,27.7,3.409980000000001,18.35,0.5189099999999994,1.35,0.9636899999999999,0,0,1.15,0.22239000000000003,0,0,0,0,Zaven,Collins,ARI,DE,26,-1
DL,15352,weighted,NA,NA,NA,NA,NA,NA,NA,NA,NA,NA,NA,NA,NA,NA,NA,NA,NA,NA,NA,NA,NA,NA,NA,NA,NA,NA,NA,NA,NA,NA,NA,NA,NA,NA,NA,NA,NA,NA,NA,NA,NA,NA,27.77064846416382,3.2526911934581193,18.33924914675768,0.49497474683058273,1.3699658703071673,0.9192388155425117,0,0,1.1453924914675768,0.21213203435596428,0,0,0,0,Zaven,Collins,ARI,DE,26,-1
DL,15853,average,NA,NA,NA,NA,NA,NA,NA,NA,NA,NA,NA,NA,NA,NA,NA,NA,NA,NA,NA,NA,NA,NA,NA,NA,NA,NA,NA,NA,NA,NA,NA,NA,NA,NA,NA,NA,NA,NA,NA,NA,NA,NA,25.35,3.7476659402887025,16.15,1.6263455967290599,1.85,1.6263455967290592,0,0,0.8,0.28284271247461906,0,0,0,0,Boye,Mafe,SEA,DE,27,-2
DL,15853,robust,NA,NA,NA,NA,NA,NA,NA,NA,NA,NA,NA,NA,NA,NA,NA,NA,NA,NA,NA,NA,NA,NA,NA,NA,NA,NA,NA,NA,NA,NA,NA,NA,NA,NA,NA,NA,NA,NA,NA,NA,NA,NA,25.35,3.9288900000000004,16.15,1.7049900000000004,1.85,1.7049899999999998,0,0,0.8,0.29652,0,0,0,0,Boye,Mafe,SEA,DE,27,-2
DL,15853,weighted,NA,NA,NA,NA,NA,NA,NA,NA,NA,NA,NA,NA,NA,NA,NA,NA,NA,NA,NA,NA,NA,NA,NA,NA,NA,NA,NA,NA,NA,NA,NA,NA,NA,NA,NA,NA,NA,NA,NA,NA,NA,NA,25.431399317406143,3.7476659402887025,16.11467576791809,1.6263455967290597,1.8853242320819115,1.6263455967290592,0,0,0.8061433447098976,0.28284271247461906,0,0,0,0,Boye,Mafe,SEA,DE,27,-2
DL,13770,average,NA,NA,NA,NA,NA,NA,NA,NA,NA,NA,NA,NA,NA,NA,NA,NA,NA,NA,NA,NA,NA,NA,NA,NA,NA,NA,NA,NA,NA,NA,NA,NA,NA,NA,NA,NA,NA,NA,NA,NA,NA,NA,18.65,2.333452377915607,18.55,2.050609665440987,1.5,0.7071067811865476,0,0,0,0,0,0,0,0,John,Franklin-Myers,DEN,DT,29,2
DL,13770,robust,NA,NA,NA,NA,NA,NA,NA,NA,NA,NA,NA,NA,NA,NA,NA,NA,NA,NA,NA,NA,NA,NA,NA,NA,NA,NA,NA,NA,NA,NA,NA,NA,NA,NA,NA,NA,NA,NA,NA,NA,NA,NA,18.65,2.4462900000000003,18.55,2.149769999999999,1.5,0.7413,0,0,0,0,0,0,0,0,John,Franklin-Myers,DEN,DT,29,2
DL,13770,weighted,NA,NA,NA,NA,NA,NA,NA,NA,NA,NA,NA,NA,NA,NA,NA,NA,NA,NA,NA,NA,NA,NA,NA,NA,NA,NA,NA,NA,NA,NA,NA,NA,NA,NA,NA,NA,NA,NA,NA,NA,NA,NA,18.599317406143346,2.333452377915607,18.59453924914676,2.050609665440987,1.515358361774744,0.7071067811865475,0,0,0,0,0,0,0,0,John,Franklin-Myers,DEN,DT,29,2
DL,13759,average,NA,NA,NA,NA,NA,NA,NA,NA,NA,NA,NA,NA,NA,NA,NA,NA,NA,NA,NA,NA,NA,NA,NA,NA,NA,NA,NA,NA,NA,NA,NA,NA,NA,NA,NA,NA,NA,NA,NA,NA,NA,NA,19.6,0.5656854249492386,17.6,1.9798989873223336,1,0,0,0,1.35,0.49497474683058323,0,0,0,0,Dorance,Armstrong,WAS,DE,28,2
DL,13759,robust,NA,NA,NA,NA,NA,NA,NA,NA,NA,NA,NA,NA,NA,NA,NA,NA,NA,NA,NA,NA,NA,NA,NA,NA,NA,NA,NA,NA,NA,NA,NA,NA,NA,NA,NA,NA,NA,NA,NA,NA,NA,NA,19.6,0.5930400000000005,17.6,2.0756400000000004,1,0,0,0,1.35,0.51891,0,0,0,0,Dorance,Armstrong,WAS,DE,28,2
DL,13759,weighted,NA,NA,NA,NA,NA,NA,NA,NA,NA,NA,NA,NA,NA,NA,NA,NA,NA,NA,NA,NA,NA,NA,NA,NA,NA,NA,NA,NA,NA,NA,NA,NA,NA,NA,NA,NA,NA,NA,NA,NA,NA,NA,19.612286689419793,0.5656854249492385,17.643003412969282,1.9798989873223336,1,0,0,0,1.3392491467576793,0.4949747468305832,0,0,0,0,Dorance,Armstrong,WAS,DE,28,2
DL,13245,average,NA,NA,NA,NA,NA,NA,NA,NA,NA,NA,NA,NA,NA,NA,NA,NA,NA,NA,NA,NA,NA,NA,NA,NA,NA,NA,NA,NA,NA,NA,NA,NA,NA,NA,NA,NA,NA,NA,NA,NA,NA,NA,25.2,3.959797974644667,14.35,3.7476659402887025,1.15,0.21213203435596428,0,0,1.5,0.7071067811865476,0.2,0.28284271247461906,0,0,Haason,Reddick,TBB,DE,31,3
DL,13245,robust,NA,NA,NA,NA,NA,NA,NA,NA,NA,NA,NA,NA,NA,NA,NA,NA,NA,NA,NA,NA,NA,NA,NA,NA,NA,NA,NA,NA,NA,NA,NA,NA,NA,NA,NA,NA,NA,NA,NA,NA,NA,NA,25.2,4.151280000000001,14.35,3.9288900000000004,1.15,0.22239000000000003,0,0,1.5,0.7413,0.2,0.29652,0,0,Haason,Reddick,TBB,DE,31,3
DL,13245,weighted,NA,NA,NA,NA,NA,NA,NA,NA,NA,NA,NA,NA,NA,NA,NA,NA,NA,NA,NA,NA,NA,NA,NA,NA,NA,NA,NA,NA,NA,NA,NA,NA,NA,NA,NA,NA,NA,NA,NA,NA,NA,NA,25.286006825938564,3.959797974644667,14.431399317406143,3.7476659402887025,1.1453924914675768,0.21213203435596428,0,0,1.515358361774744,0.7071067811865475,0.19385665529010238,0.282842712474619,0,0,Haason,Reddick,TBB,DE,31,3
DL,15393,average,NA,NA,NA,NA,NA,NA,NA,NA,NA,NA,NA,NA,NA,NA,NA,NA,NA,NA,NA,NA,NA,NA,NA,NA,NA,NA,NA,NA,NA,NA,NA,NA,NA,NA,NA,NA,NA,NA,NA,NA,NA,NA,23.25,2.4748737341529163,19.4,2.2627416997969516,0.75,0.3535533905932738,0,0,0.75,0.3535533905932738,0,0,0,0,Osa,Odighizuwa,DAL,DT,27,-1
DL,15393,robust,NA,NA,NA,NA,NA,NA,NA,NA,NA,NA,NA,NA,NA,NA,NA,NA,NA,NA,NA,NA,NA,NA,NA,NA,NA,NA,NA,NA,NA,NA,NA,NA,NA,NA,NA,NA,NA,NA,NA,NA,NA,NA,23.25,2.59455,19.4,2.372159999999999,0.75,0.37065,0,0,0.75,0.37065,0,0,0,0,Osa,Odighizuwa,DAL,DT,27,-1
DL,15393,weighted,NA,NA,NA,NA,NA,NA,NA,NA,NA,NA,NA,NA,NA,NA,NA,NA,NA,NA,NA,NA,NA,NA,NA,NA,NA,NA,NA,NA,NA,NA,NA,NA,NA,NA,NA,NA,NA,NA,NA,NA,NA,NA,23.3037542662116,2.4748737341529163,19.44914675767918,2.2627416997969516,0.757679180887372,0.35355339059327373,0,0,0.757679180887372,0.35355339059327373,0,0,0,0,Osa,Odighizuwa,DAL,DT,27,-1
DL,13208,average,NA,NA,NA,NA,NA,NA,NA,NA,NA,NA,NA,NA,NA,NA,NA,NA,NA,NA,NA,NA,NA,NA,NA,NA,NA,NA,NA,NA,NA,NA,NA,NA,NA,NA,NA,NA,NA,NA,NA,NA,NA,NA,27,8.48528137423857,15.65,1.9091883092036779,2.05,1.4849242404917498,0,0,0,0,0,0,0,0,Jonathan,Allen,MIN,DT,30,3
DL,13208,robust,NA,NA,NA,NA,NA,NA,NA,NA,NA,NA,NA,NA,NA,NA,NA,NA,NA,NA,NA,NA,NA,NA,NA,NA,NA,NA,NA,NA,NA,NA,NA,NA,NA,NA,NA,NA,NA,NA,NA,NA,NA,NA,27,8.8956,15.65,2.0015099999999992,2.05,1.55673,0,0,0,0,0,0,0,0,Jonathan,Allen,MIN,DT,30,3
DL,13208,weighted,NA,NA,NA,NA,NA,NA,NA,NA,NA,NA,NA,NA,NA,NA,NA,NA,NA,NA,NA,NA,NA,NA,NA,NA,NA,NA,NA,NA,NA,NA,NA,NA,NA,NA,NA,NA,NA,NA,NA,NA,NA,NA,27.18430034129693,8.48528137423857,15.69146757679181,1.9091883092036774,2.0177474402730375,1.4849242404917498,0,0,0,0,0,0,0,0,Jonathan,Allen,MIN,DT,30,3
DL,12691,average,NA,NA,NA,NA,NA,NA,NA,NA,NA,NA,NA,NA,NA,NA,NA,NA,NA,NA,NA,NA,NA,NA,NA,NA,NA,NA,NA,NA,NA,NA,NA,NA,NA,NA,NA,NA,NA,NA,NA,NA,NA,NA,22.25,3.8890872965260113,18.2,0.282842712474618,1.95,0.07071067811865482,0.8,0.28284271247461906,0.6,0.565685424949238,0,0,0,0,Emmanuel,Ogbah,JAC,DE,32,4
DL,12691,robust,NA,NA,NA,NA,NA,NA,NA,NA,NA,NA,NA,NA,NA,NA,NA,NA,NA,NA,NA,NA,NA,NA,NA,NA,NA,NA,NA,NA,NA,NA,NA,NA,NA,NA,NA,NA,NA,NA,NA,NA,NA,NA,22.25,4.07715,18.2,0.29651999999999895,1.95,0.07413000000000006,0.8,0.29652,0.6,0.59304,0,0,0,0,Emmanuel,Ogbah,JAC,DE,32,4
DL,12691,weighted,NA,NA,NA,NA,NA,NA,NA,NA,NA,NA,NA,NA,NA,NA,NA,NA,NA,NA,NA,NA,NA,NA,NA,NA,NA,NA,NA,NA,NA,NA,NA,NA,NA,NA,NA,NA,NA,NA,NA,NA,NA,NA,22.33447098976109,3.8890872965260113,18.193856655290105,0.282842712474618,1.9515358361774744,0.07071067811865481,0.8061433447098976,0.28284271247461906,0.6122866894197952,0.565685424949238,0,0,0,0,Emmanuel,Ogbah,JAC,DE,32,4
DL,12741,average,NA,NA,NA,NA,NA,NA,NA,NA,NA,NA,NA,NA,NA,NA,NA,NA,NA,NA,NA,NA,NA,NA,NA,NA,NA,NA,NA,NA,NA,NA,NA,NA,NA,NA,NA,NA,NA,NA,NA,NA,NA,NA,20.15,2.616295090390225,17.6,3.6769552621700465,2.25,2.4748737341529163,0,0,0.5,0.7071067811865476,0,0,0,0,Chris,Jones,KCC,DT,31,4
DL,12741,robust,NA,NA,NA,NA,NA,NA,NA,NA,NA,NA,NA,NA,NA,NA,NA,NA,NA,NA,NA,NA,NA,NA,NA,NA,NA,NA,NA,NA,NA,NA,NA,NA,NA,NA,NA,NA,NA,NA,NA,NA,NA,NA,20.15,2.7428099999999995,17.6,3.8547599999999993,2.25,2.59455,0,0,0.5,0.7413,0,0,0,0,Chris,Jones,KCC,DT,31,4
DL,12741,weighted,NA,NA,NA,NA,NA,NA,NA,NA,NA,NA,NA,NA,NA,NA,NA,NA,NA,NA,NA,NA,NA,NA,NA,NA,NA,NA,NA,NA,NA,NA,NA,NA,NA,NA,NA,NA,NA,NA,NA,NA,NA,NA,20.206825938566556,2.616295090390225,17.52013651877133,3.6769552621700465,2.303754266211604,2.4748737341529163,0,0,0.515358361774744,0.7071067811865475,0,0,0,0,Chris,Jones,KCC,DT,31,4
DL,15851,average,NA,NA,NA,NA,NA,NA,NA,NA,NA,NA,NA,NA,NA,NA,NA,NA,NA,NA,NA,NA,NA,NA,NA,NA,NA,NA,NA,NA,NA,NA,NA,NA,NA,NA,NA,NA,NA,NA,NA,NA,NA,NA,23.55,2.050609665440987,10.9,0.141421356237309,1.85,0.21213203435596428,0,0,0.5,0.7071067811865476,0.5,0.7071067811865476,0,0,Arnold,Ebiketie,ATL,DE,26,-2
DL,15851,robust,NA,NA,NA,NA,NA,NA,NA,NA,NA,NA,NA,NA,NA,NA,NA,NA,NA,NA,NA,NA,NA,NA,NA,NA,NA,NA,NA,NA,NA,NA,NA,NA,NA,NA,NA,NA,NA,NA,NA,NA,NA,NA,23.55,2.149769999999999,10.9,0.14825999999999948,1.85,0.22239000000000003,0,0,0.5,0.7413,0.5,0.7413,0,0,Arnold,Ebiketie,ATL,DE,26,-2
DL,15851,weighted,NA,NA,NA,NA,NA,NA,NA,NA,NA,NA,NA,NA,NA,NA,NA,NA,NA,NA,NA,NA,NA,NA,NA,NA,NA,NA,NA,NA,NA,NA,NA,NA,NA,NA,NA,NA,NA,NA,NA,NA,NA,NA,23.59453924914676,2.050609665440987,10.903071672354951,0.141421356237309,1.8546075085324234,0.21213203435596428,0,0,0.515358361774744,0.7071067811865475,0.515358361774744,0.7071067811865475,0,0,Arnold,Ebiketie,ATL,DE,26,-2
DL,15819,average,NA,NA,NA,NA,NA,NA,NA,NA,NA,NA,NA,NA,NA,NA,NA,NA,NA,NA,NA,NA,NA,NA,NA,NA,NA,NA,NA,NA,NA,NA,NA,NA,NA,NA,NA,NA,NA,NA,NA,NA,NA,NA,18.45,2.050609665440987,14.7,3.2526911934581184,0.85,0.21213203435596428,0,0,0.5,0.7071067811865476,0,0,0,0,Devonte,Wyatt,GBP,DT,27,-2
DL,15819,robust,NA,NA,NA,NA,NA,NA,NA,NA,NA,NA,NA,NA,NA,NA,NA,NA,NA,NA,NA,NA,NA,NA,NA,NA,NA,NA,NA,NA,NA,NA,NA,NA,NA,NA,NA,NA,NA,NA,NA,NA,NA,NA,18.45,2.149769999999999,14.7,3.4099799999999996,0.85,0.22239000000000003,0,0,0.5,0.7413,0,0,0,0,Devonte,Wyatt,GBP,DT,27,-2
DL,15819,weighted,NA,NA,NA,NA,NA,NA,NA,NA,NA,NA,NA,NA,NA,NA,NA,NA,NA,NA,NA,NA,NA,NA,NA,NA,NA,NA,NA,NA,NA,NA,NA,NA,NA,NA,NA,NA,NA,NA,NA,NA,NA,NA,18.40546075085324,2.050609665440987,14.770648464163823,3.252691193458118,0.8546075085324231,0.21213203435596428,0,0,0.515358361774744,0.7071067811865475,0,0,0,0,Devonte,Wyatt,GBP,DT,27,-2
DL,16230,average,NA,NA,NA,NA,NA,NA,NA,NA,NA,NA,NA,NA,NA,NA,NA,NA,NA,NA,NA,NA,NA,NA,NA,NA,NA,NA,NA,NA,NA,NA,NA,NA,NA,NA,NA,NA,NA,NA,NA,NA,NA,NA,22,1.4142135623730951,11.45,2.050609665440988,0.5,0.7071067811865476,0,0,0.35,0.49497474683058323,0.35,0.49497474683058323,0,0,Lukas,Van Ness,GBP,DE,24,-3
DL,16230,robust,NA,NA,NA,NA,NA,NA,NA,NA,NA,NA,NA,NA,NA,NA,NA,NA,NA,NA,NA,NA,NA,NA,NA,NA,NA,NA,NA,NA,NA,NA,NA,NA,NA,NA,NA,NA,NA,NA,NA,NA,NA,NA,22,1.4826,11.45,2.14977,0.5,0.7413,0,0,0.35,0.51891,0.35,0.51891,0,0,Lukas,Van Ness,GBP,DE,24,-3
DL,16230,weighted,NA,NA,NA,NA,NA,NA,NA,NA,NA,NA,NA,NA,NA,NA,NA,NA,NA,NA,NA,NA,NA,NA,NA,NA,NA,NA,NA,NA,NA,NA,NA,NA,NA,NA,NA,NA,NA,NA,NA,NA,NA,NA,22.03071672354949,1.414213562373095,11.405460750853244,2.050609665440988,0.515358361774744,0.7071067811865475,0,0,0.33924914675767914,0.4949747468305832,0.33924914675767914,0.4949747468305832,0,0,Lukas,Van Ness,GBP,DE,24,-3
DL,13723,average,NA,NA,NA,NA,NA,NA,NA,NA,NA,NA,NA,NA,NA,NA,NA,NA,NA,NA,NA,NA,NA,NA,NA,NA,NA,NA,NA,NA,NA,NA,NA,NA,NA,NA,NA,NA,NA,NA,NA,NA,NA,NA,24.8,8.768124086713188,19.05,5.586143571373726,2.2,1.1313708498984762,0.1,0.14142135623730953,0.15,0.21213203435596426,0,0,0.2,0,Da'Ron,Payne,WAS,DT,28,2
DL,13723,robust,NA,NA,NA,NA,NA,NA,NA,NA,NA,NA,NA,NA,NA,NA,NA,NA,NA,NA,NA,NA,NA,NA,NA,NA,NA,NA,NA,NA,NA,NA,NA,NA,NA,NA,NA,NA,NA,NA,NA,NA,NA,NA,24.8,9.19212,19.05,5.85627,2.2,1.18608,0.1,0.14826,0.15,0.22238999999999998,0,0,0.2,0,Da'Ron,Payne,WAS,DT,28,2
DL,13723,weighted,NA,NA,NA,NA,NA,NA,NA,NA,NA,NA,NA,NA,NA,NA,NA,NA,NA,NA,NA,NA,NA,NA,NA,NA,NA,NA,NA,NA,NA,NA,NA,NA,NA,NA,NA,NA,NA,NA,NA,NA,NA,NA,24.990443686006827,8.768124086713188,19.171331058020478,5.586143571373726,2.2245733788395903,1.1313708498984762,0.09692832764505119,0.1414213562373095,0.14539249146757677,0.21213203435596423,0,0,0.2,0,Da'Ron,Payne,WAS,DT,28,2
DL,12305,average,NA,NA,NA,NA,NA,NA,NA,NA,NA,NA,NA,NA,NA,NA,NA,NA,NA,NA,NA,NA,NA,NA,NA,NA,NA,NA,NA,NA,NA,NA,NA,NA,NA,NA,NA,NA,NA,NA,NA,NA,NA,NA,25.55,3.464823227814082,20,0,0.5,0.7071067811865476,0,0,0.05,0.07071067811865477,0,0,0,0,Grady,Jarrett,CHI,DT,32,5
DL,12305,robust,NA,NA,NA,NA,NA,NA,NA,NA,NA,NA,NA,NA,NA,NA,NA,NA,NA,NA,NA,NA,NA,NA,NA,NA,NA,NA,NA,NA,NA,NA,NA,NA,NA,NA,NA,NA,NA,NA,NA,NA,NA,NA,25.55,3.6323699999999985,20,0,0.5,0.7413,0,0,0.05,0.07413,0,0,0,0,Grady,Jarrett,CHI,DT,32,5
DL,12305,weighted,NA,NA,NA,NA,NA,NA,NA,NA,NA,NA,NA,NA,NA,NA,NA,NA,NA,NA,NA,NA,NA,NA,NA,NA,NA,NA,NA,NA,NA,NA,NA,NA,NA,NA,NA,NA,NA,NA,NA,NA,NA,NA,25.625255972696245,3.464823227814082,20,0,0.515358361774744,0.7071067811865475,0,0,0.048464163822525594,0.07071067811865475,0,0,0,0,Grady,Jarrett,CHI,DT,32,5
DL,12754,average,NA,NA,NA,NA,NA,NA,NA,NA,NA,NA,NA,NA,NA,NA,NA,NA,NA,NA,NA,NA,NA,NA,NA,NA,NA,NA,NA,NA,NA,NA,NA,NA,NA,NA,NA,NA,NA,NA,NA,NA,NA,NA,19.75,1.7677669529663689,14.05,2.7577164466275357,0.65,0.4949747468305833,0,0,0.5,0.7071067811865476,0,0,0,0,Maliek,Collins,CLE,DT,30,4
DL,12754,robust,NA,NA,NA,NA,NA,NA,NA,NA,NA,NA,NA,NA,NA,NA,NA,NA,NA,NA,NA,NA,NA,NA,NA,NA,NA,NA,NA,NA,NA,NA,NA,NA,NA,NA,NA,NA,NA,NA,NA,NA,NA,NA,19.75,1.8532499999999998,14.05,2.89107,0.65,0.51891,0,0,0.5,0.7413,0,0,0,0,Maliek,Collins,CLE,DT,30,4
DL,12754,weighted,NA,NA,NA,NA,NA,NA,NA,NA,NA,NA,NA,NA,NA,NA,NA,NA,NA,NA,NA,NA,NA,NA,NA,NA,NA,NA,NA,NA,NA,NA,NA,NA,NA,NA,NA,NA,NA,NA,NA,NA,NA,NA,19.78839590443686,1.7677669529663687,14.109897610921502,2.7577164466275357,0.6607508532423209,0.4949747468305833,0,0,0.48464163822525597,0.7071067811865475,0,0,0,0,Maliek,Collins,CLE,DT,30,4
DL,16692,average,NA,NA,NA,NA,NA,NA,NA,NA,NA,NA,NA,NA,NA,NA,NA,NA,NA,NA,NA,NA,NA,NA,NA,NA,NA,NA,NA,NA,NA,NA,NA,NA,NA,NA,NA,NA,NA,NA,NA,NA,NA,NA,19.25,2.4748737341529163,19.8,1.6970562748477132,0.75,0.3535533905932738,0,0,0.4,0.5656854249492381,0.75,0.3535533905932738,0,0,Jer'Zhan,Newton,WAS,DT,23,-4
DL,16692,robust,NA,NA,NA,NA,NA,NA,NA,NA,NA,NA,NA,NA,NA,NA,NA,NA,NA,NA,NA,NA,NA,NA,NA,NA,NA,NA,NA,NA,NA,NA,NA,NA,NA,NA,NA,NA,NA,NA,NA,NA,NA,NA,19.25,2.59455,19.8,1.779119999999999,0.75,0.37065,0,0,0.4,0.59304,0.75,0.37065,0,0,Jer'Zhan,Newton,WAS,DT,23,-4
DL,16692,weighted,NA,NA,NA,NA,NA,NA,NA,NA,NA,NA,NA,NA,NA,NA,NA,NA,NA,NA,NA,NA,NA,NA,NA,NA,NA,NA,NA,NA,NA,NA,NA,NA,NA,NA,NA,NA,NA,NA,NA,NA,NA,NA,19.303754266211605,2.4748737341529163,19.836860068259387,1.697056274847713,0.757679180887372,0.35355339059327373,0,0,0.38771331058020475,0.565685424949238,0.757679180887372,0.35355339059327373,0,0,Jer'Zhan,Newton,WAS,DT,23,-4
DL,14158,average,NA,NA,NA,NA,NA,NA,NA,NA,NA,NA,NA,NA,NA,NA,NA,NA,NA,NA,NA,NA,NA,NA,NA,NA,NA,NA,NA,NA,NA,NA,NA,NA,NA,NA,NA,NA,NA,NA,NA,NA,NA,NA,18.9,4.384062043356594,16.4,0.5656854249492386,1.4,0.848528137423857,0.3,0.4242640687119285,1.25,0.3535533905932738,0.35,0.49497474683058323,0,0,Ed,Oliver,BUF,DT,28,1
DL,14158,robust,NA,NA,NA,NA,NA,NA,NA,NA,NA,NA,NA,NA,NA,NA,NA,NA,NA,NA,NA,NA,NA,NA,NA,NA,NA,NA,NA,NA,NA,NA,NA,NA,NA,NA,NA,NA,NA,NA,NA,NA,NA,NA,18.9,4.59606,16.4,0.5930400000000005,1.4,0.8895599999999999,0.3,0.44477999999999995,1.25,0.37065,0.35,0.51891,0,0,Ed,Oliver,BUF,DT,28,1
DL,14158,weighted,NA,NA,NA,NA,NA,NA,NA,NA,NA,NA,NA,NA,NA,NA,NA,NA,NA,NA,NA,NA,NA,NA,NA,NA,NA,NA,NA,NA,NA,NA,NA,NA,NA,NA,NA,NA,NA,NA,NA,NA,NA,NA,18.995221843003414,4.384062043356594,16.387713310580203,0.5656854249492385,1.4184300341296927,0.8485281374238569,0.29078498293515354,0.42426406871192845,1.242320819112628,0.35355339059327373,0.33924914675767914,0.4949747468305832,0,0,Ed,Oliver,BUF,DT,28,1
DL,15386,average,NA,NA,NA,NA,NA,NA,NA,NA,NA,NA,NA,NA,NA,NA,NA,NA,NA,NA,NA,NA,NA,NA,NA,NA,NA,NA,NA,NA,NA,NA,NA,NA,NA,NA,NA,NA,NA,NA,NA,NA,NA,NA,17.75,1.7677669529663689,16.15,1.6263455967290599,0.7,0.4242640687119285,0,0,0.75,0.3535533905932738,0.15,0.21213203435596426,0,0,Dayo,Odeyingbo,CHI,DE,26,-1
DL,15386,robust,NA,NA,NA,NA,NA,NA,NA,NA,NA,NA,NA,NA,NA,NA,NA,NA,NA,NA,NA,NA,NA,NA,NA,NA,NA,NA,NA,NA,NA,NA,NA,NA,NA,NA,NA,NA,NA,NA,NA,NA,NA,NA,17.75,1.8532499999999998,16.15,1.7049900000000004,0.7,0.44477999999999995,0,0,0.75,0.37065,0.15,0.22238999999999998,0,0,Dayo,Odeyingbo,CHI,DE,26,-1
DL,15386,weighted,NA,NA,NA,NA,NA,NA,NA,NA,NA,NA,NA,NA,NA,NA,NA,NA,NA,NA,NA,NA,NA,NA,NA,NA,NA,NA,NA,NA,NA,NA,NA,NA,NA,NA,NA,NA,NA,NA,NA,NA,NA,NA,17.78839590443686,1.7677669529663687,16.11467576791809,1.6263455967290597,0.7092150170648464,0.42426406871192845,0,0,0.757679180887372,0.35355339059327373,0.14539249146757677,0.21213203435596423,0,0,Dayo,Odeyingbo,CHI,DE,26,-1
DL,13692,average,NA,NA,NA,NA,NA,NA,NA,NA,NA,NA,NA,NA,NA,NA,NA,NA,NA,NA,NA,NA,NA,NA,NA,NA,NA,NA,NA,NA,NA,NA,NA,NA,NA,NA,NA,NA,NA,NA,NA,NA,NA,NA,22.1,5.515432893255071,13.95,1.4849242404917495,0.7,0.4242640687119285,0,0,0.55,0.6363961030678927,0.05,0.07071067811865477,0,0,Vita,Vea,TBB,DT,30,2
DL,13692,robust,NA,NA,NA,NA,NA,NA,NA,NA,NA,NA,NA,NA,NA,NA,NA,NA,NA,NA,NA,NA,NA,NA,NA,NA,NA,NA,NA,NA,NA,NA,NA,NA,NA,NA,NA,NA,NA,NA,NA,NA,NA,NA,22.1,5.78214,13.95,1.5567299999999997,0.7,0.44477999999999995,0,0,0.55,0.6671699999999999,0.05,0.07413,0,0,Vita,Vea,TBB,DT,30,2
DL,13692,weighted,NA,NA,NA,NA,NA,NA,NA,NA,NA,NA,NA,NA,NA,NA,NA,NA,NA,NA,NA,NA,NA,NA,NA,NA,NA,NA,NA,NA,NA,NA,NA,NA,NA,NA,NA,NA,NA,NA,NA,NA,NA,NA,22.219795221843,5.515432893255071,13.982252559726962,1.4849242404917495,0.7092150170648464,0.42426406871192845,0,0,0.5638225255972696,0.6363961030678927,0.048464163822525594,0.07071067811865475,0,0,Vita,Vea,TBB,DT,30,2
DL,15391,average,NA,NA,NA,NA,NA,NA,NA,NA,NA,NA,NA,NA,NA,NA,NA,NA,NA,NA,NA,NA,NA,NA,NA,NA,NA,NA,NA,NA,NA,NA,NA,NA,NA,NA,NA,NA,NA,NA,NA,NA,NA,NA,18.95,1.4849242404917509,16.2,0.282842712474618,1,0,0,0,0,0,0,0,0,0,Milton,Williams,NEP,DT,26,-1
DL,15391,robust,NA,NA,NA,NA,NA,NA,NA,NA,NA,NA,NA,NA,NA,NA,NA,NA,NA,NA,NA,NA,NA,NA,NA,NA,NA,NA,NA,NA,NA,NA,NA,NA,NA,NA,NA,NA,NA,NA,NA,NA,NA,NA,18.95,1.556730000000001,16.2,0.29651999999999895,1,0,0,0,0,0,0,0,0,0,Milton,Williams,NEP,DT,26,-1
DL,15391,weighted,NA,NA,NA,NA,NA,NA,NA,NA,NA,NA,NA,NA,NA,NA,NA,NA,NA,NA,NA,NA,NA,NA,NA,NA,NA,NA,NA,NA,NA,NA,NA,NA,NA,NA,NA,NA,NA,NA,NA,NA,NA,NA,18.982252559726962,1.4849242404917506,16.1938566552901,0.282842712474618,1,0,0,0,0,0,0,0,0,0,Milton,Williams,NEP,DT,26,-1
DL,13688,average,NA,NA,NA,NA,NA,NA,NA,NA,NA,NA,NA,NA,NA,NA,NA,NA,NA,NA,NA,NA,NA,NA,NA,NA,NA,NA,NA,NA,NA,NA,NA,NA,NA,NA,NA,NA,NA,NA,NA,NA,NA,NA,17.75,3.181980515339464,13.05,2.7577164466275357,0.65,0.4949747468305833,0,0,0.65,0.4949747468305833,0,0,0,0,Marcus,Davenport,DET,DE,29,2
DL,13688,robust,NA,NA,NA,NA,NA,NA,NA,NA,NA,NA,NA,NA,NA,NA,NA,NA,NA,NA,NA,NA,NA,NA,NA,NA,NA,NA,NA,NA,NA,NA,NA,NA,NA,NA,NA,NA,NA,NA,NA,NA,NA,NA,17.75,3.3358499999999998,13.05,2.89107,0.65,0.51891,0,0,0.65,0.51891,0,0,0,0,Marcus,Davenport,DET,DE,29,2
DL,13688,weighted,NA,NA,NA,NA,NA,NA,NA,NA,NA,NA,NA,NA,NA,NA,NA,NA,NA,NA,NA,NA,NA,NA,NA,NA,NA,NA,NA,NA,NA,NA,NA,NA,NA,NA,NA,NA,NA,NA,NA,NA,NA,NA,17.81911262798635,3.181980515339464,13.109897610921502,2.7577164466275357,0.6607508532423209,0.4949747468305833,0,0,0.6607508532423209,0.4949747468305833,0,0,0,0,Marcus,Davenport,DET,DE,29,2
DL,13296,average,NA,NA,NA,NA,NA,NA,NA,NA,NA,NA,NA,NA,NA,NA,NA,NA,NA,NA,NA,NA,NA,NA,NA,NA,NA,NA,NA,NA,NA,NA,NA,NA,NA,NA,NA,NA,NA,NA,NA,NA,NA,NA,18.15,4.030508652763321,18.2,2.545584412271572,1.65,0.49497474683058323,0,0,0.5,0.7071067811865476,0,0,0,0,Deatrich,Wise,WAS,DE,31,3
DL,13296,robust,NA,NA,NA,NA,NA,NA,NA,NA,NA,NA,NA,NA,NA,NA,NA,NA,NA,NA,NA,NA,NA,NA,NA,NA,NA,NA,NA,NA,NA,NA,NA,NA,NA,NA,NA,NA,NA,NA,NA,NA,NA,NA,18.15,4.225409999999999,18.2,2.668680000000001,1.65,0.51891,0,0,0.5,0.7413,0,0,0,0,Deatrich,Wise,WAS,DE,31,3
DL,13296,weighted,NA,NA,NA,NA,NA,NA,NA,NA,NA,NA,NA,NA,NA,NA,NA,NA,NA,NA,NA,NA,NA,NA,NA,NA,NA,NA,NA,NA,NA,NA,NA,NA,NA,NA,NA,NA,NA,NA,NA,NA,NA,NA,18.23754266211604,4.030508652763321,18.25529010238908,2.545584412271572,1.6607508532423207,0.4949747468305832,0,0,0.515358361774744,0.7071067811865475,0,0,0,0,Deatrich,Wise,WAS,DE,31,3
DL,16226,average,NA,NA,NA,NA,NA,NA,NA,NA,NA,NA,NA,NA,NA,NA,NA,NA,NA,NA,NA,NA,NA,NA,NA,NA,NA,NA,NA,NA,NA,NA,NA,NA,NA,NA,NA,NA,NA,NA,NA,NA,NA,NA,16.9,5.79827560572969,12.1,0.141421356237309,0.9,0.14142135623730948,0,0,0.35,0.49497474683058323,0,0,0,0,Tyree,Wilson,LVR,DE,25,-3
DL,16226,robust,NA,NA,NA,NA,NA,NA,NA,NA,NA,NA,NA,NA,NA,NA,NA,NA,NA,NA,NA,NA,NA,NA,NA,NA,NA,NA,NA,NA,NA,NA,NA,NA,NA,NA,NA,NA,NA,NA,NA,NA,NA,NA,16.9,6.078659999999999,12.1,0.14825999999999948,0.9,0.14825999999999995,0,0,0.35,0.51891,0,0,0,0,Tyree,Wilson,LVR,DE,25,-3
DL,16226,weighted,NA,NA,NA,NA,NA,NA,NA,NA,NA,NA,NA,NA,NA,NA,NA,NA,NA,NA,NA,NA,NA,NA,NA,NA,NA,NA,NA,NA,NA,NA,NA,NA,NA,NA,NA,NA,NA,NA,NA,NA,NA,NA,17.025938566552902,5.798275605729689,12.09692832764505,0.141421356237309,0.9030716723549489,0.14142135623730945,0,0,0.33924914675767914,0.4949747468305832,0,0,0,0,Tyree,Wilson,LVR,DE,25,-3
DL,16689,average,NA,NA,NA,NA,NA,NA,NA,NA,NA,NA,NA,NA,NA,NA,NA,NA,NA,NA,NA,NA,NA,NA,NA,NA,NA,NA,NA,NA,NA,NA,NA,NA,NA,NA,NA,NA,NA,NA,NA,NA,NA,NA,14.4,0.8485281374238566,24.1,1.5556349186104041,0.6,0.565685424949238,0,0,0,0,0,0,0,0,Byron,Murphy,SEA,DT,23,-4
DL,16689,robust,NA,NA,NA,NA,NA,NA,NA,NA,NA,NA,NA,NA,NA,NA,NA,NA,NA,NA,NA,NA,NA,NA,NA,NA,NA,NA,NA,NA,NA,NA,NA,NA,NA,NA,NA,NA,NA,NA,NA,NA,NA,NA,14.4,0.8895599999999995,24.1,1.6308599999999993,0.6,0.59304,0,0,0,0,0,0,0,0,Byron,Murphy,SEA,DT,23,-4
DL,16689,weighted,NA,NA,NA,NA,NA,NA,NA,NA,NA,NA,NA,NA,NA,NA,NA,NA,NA,NA,NA,NA,NA,NA,NA,NA,NA,NA,NA,NA,NA,NA,NA,NA,NA,NA,NA,NA,NA,NA,NA,NA,NA,NA,14.418430034129695,0.8485281374238565,24.06621160409556,1.555634918610404,0.6122866894197952,0.565685424949238,0,0,0,0,0,0,0,0,Byron,Murphy,SEA,DT,23,-4
DL,14877,average,NA,NA,NA,NA,NA,NA,NA,NA,NA,NA,NA,NA,NA,NA,NA,NA,NA,NA,NA,NA,NA,NA,NA,NA,NA,NA,NA,NA,NA,NA,NA,NA,NA,NA,NA,NA,NA,NA,NA,NA,NA,NA,19.8,5.939696961966999,10.8,4.525483399593905,1.55,0.6363961030678927,0,0,0.85,0.21213203435596428,0,0,0,0,Chase,Young,NOS,DE,26,0
DL,14877,robust,NA,NA,NA,NA,NA,NA,NA,NA,NA,NA,NA,NA,NA,NA,NA,NA,NA,NA,NA,NA,NA,NA,NA,NA,NA,NA,NA,NA,NA,NA,NA,NA,NA,NA,NA,NA,NA,NA,NA,NA,NA,NA,19.8,6.22692,10.8,4.74432,1.55,0.6671699999999999,0,0,0.85,0.22239000000000003,0,0,0,0,Chase,Young,NOS,DE,26,0
DL,14877,weighted,NA,NA,NA,NA,NA,NA,NA,NA,NA,NA,NA,NA,NA,NA,NA,NA,NA,NA,NA,NA,NA,NA,NA,NA,NA,NA,NA,NA,NA,NA,NA,NA,NA,NA,NA,NA,NA,NA,NA,NA,NA,NA,19.92901023890785,5.939696961966999,10.898293515358363,4.525483399593904,1.5638225255972698,0.6363961030678926,0,0,0.8546075085324231,0.21213203435596428,0,0,0,0,Chase,Young,NOS,DE,26,0
DL,15863,average,NA,NA,NA,NA,NA,NA,NA,NA,NA,NA,NA,NA,NA,NA,NA,NA,NA,NA,NA,NA,NA,NA,NA,NA,NA,NA,NA,NA,NA,NA,NA,NA,NA,NA,NA,NA,NA,NA,NA,NA,NA,NA,18.3,3.818376618407357,18.9,1.272792206135786,0.5,0.7071067811865476,0,0,0,0,0,0,0,0,Travis,Jones,BAL,DT,26,-2
DL,15863,robust,NA,NA,NA,NA,NA,NA,NA,NA,NA,NA,NA,NA,NA,NA,NA,NA,NA,NA,NA,NA,NA,NA,NA,NA,NA,NA,NA,NA,NA,NA,NA,NA,NA,NA,NA,NA,NA,NA,NA,NA,NA,NA,18.3,4.00302,18.9,1.3343400000000005,0.5,0.7413,0,0,0,0,0,0,0,0,Travis,Jones,BAL,DT,26,-2
DL,15863,weighted,NA,NA,NA,NA,NA,NA,NA,NA,NA,NA,NA,NA,NA,NA,NA,NA,NA,NA,NA,NA,NA,NA,NA,NA,NA,NA,NA,NA,NA,NA,NA,NA,NA,NA,NA,NA,NA,NA,NA,NA,NA,NA,18.382935153583617,3.8183766184073566,18.872354948805462,1.272792206135786,0.515358361774744,0.7071067811865475,0,0,0,0,0,0,0,0,Travis,Jones,BAL,DT,26,-2
DL,12739,average,NA,NA,NA,NA,NA,NA,NA,NA,NA,NA,NA,NA,NA,NA,NA,NA,NA,NA,NA,NA,NA,NA,NA,NA,NA,NA,NA,NA,NA,NA,NA,NA,NA,NA,NA,NA,NA,NA,NA,NA,NA,NA,18.5,6.363961030678928,15.75,6.010407640085654,1.15,0.21213203435596428,0,0,0.5,0.7071067811865476,0.5,0.7071067811865476,0,0,Kenny,Clark,DAL,DT,30,4
DL,12739,robust,NA,NA,NA,NA,NA,NA,NA,NA,NA,NA,NA,NA,NA,NA,NA,NA,NA,NA,NA,NA,NA,NA,NA,NA,NA,NA,NA,NA,NA,NA,NA,NA,NA,NA,NA,NA,NA,NA,NA,NA,NA,NA,18.5,6.6716999999999995,15.75,6.30105,1.15,0.22239000000000003,0,0,0.5,0.7413,0.5,0.7413,0,0,Kenny,Clark,DAL,DT,30,4
DL,12739,weighted,NA,NA,NA,NA,NA,NA,NA,NA,NA,NA,NA,NA,NA,NA,NA,NA,NA,NA,NA,NA,NA,NA,NA,NA,NA,NA,NA,NA,NA,NA,NA,NA,NA,NA,NA,NA,NA,NA,NA,NA,NA,NA,18.638225255972696,6.363961030678928,15.880546075085324,6.0104076400856545,1.1453924914675768,0.21213203435596428,0,0,0.515358361774744,0.7071067811865475,0.515358361774744,0.7071067811865475,0,0,Kenny,Clark,DAL,DT,30,4
DL,17121,average,NA,NA,NA,NA,NA,NA,NA,NA,NA,NA,NA,NA,NA,NA,NA,NA,NA,NA,NA,NA,NA,NA,NA,NA,NA,NA,NA,NA,NA,NA,NA,NA,NA,NA,NA,NA,NA,NA,NA,NA,NA,NA,18.2,2.545584412271572,12.3,2.4041630560342617,1.7,1.8384776310850235,0,0,0.5,0.7071067811865476,0,0,0,0,Mason,Graham,CLE,DT,22,-5
DL,17121,robust,NA,NA,NA,NA,NA,NA,NA,NA,NA,NA,NA,NA,NA,NA,NA,NA,NA,NA,NA,NA,NA,NA,NA,NA,NA,NA,NA,NA,NA,NA,NA,NA,NA,NA,NA,NA,NA,NA,NA,NA,NA,NA,18.2,2.668680000000001,12.3,2.52042,1.7,1.9273799999999996,0,0,0.5,0.7413,0,0,0,0,Mason,Graham,CLE,DT,22,-5
DL,17121,weighted,NA,NA,NA,NA,NA,NA,NA,NA,NA,NA,NA,NA,NA,NA,NA,NA,NA,NA,NA,NA,NA,NA,NA,NA,NA,NA,NA,NA,NA,NA,NA,NA,NA,NA,NA,NA,NA,NA,NA,NA,NA,NA,18.25529010238908,2.545584412271572,12.35221843003413,2.4041630560342617,1.7399317406143342,1.8384776310850235,0,0,0.515358361774744,0.7071067811865475,0,0,0,0,Mason,Graham,CLE,DT,22,-5
DL,13201,average,NA,NA,NA,NA,NA,NA,NA,NA,NA,NA,NA,NA,NA,NA,NA,NA,NA,NA,NA,NA,NA,NA,NA,NA,NA,NA,NA,NA,NA,NA,NA,NA,NA,NA,NA,NA,NA,NA,NA,NA,NA,NA,16.25,8.131727983645296,12.65,4.737615433949868,1,1.4142135623730951,0,0,1.15,0.21213203435596428,0.65,0.9192388155425119,1.3,0,Derek,Barnett,HOU,DE,29,3
DL,13201,robust,NA,NA,NA,NA,NA,NA,NA,NA,NA,NA,NA,NA,NA,NA,NA,NA,NA,NA,NA,NA,NA,NA,NA,NA,NA,NA,NA,NA,NA,NA,NA,NA,NA,NA,NA,NA,NA,NA,NA,NA,NA,NA,16.25,8.524949999999999,12.65,4.966709999999999,1,1.4826,0,0,1.15,0.22239000000000003,0.65,0.9636899999999999,1.3,0,Derek,Barnett,HOU,DE,29,3
DL,13201,weighted,NA,NA,NA,NA,NA,NA,NA,NA,NA,NA,NA,NA,NA,NA,NA,NA,NA,NA,NA,NA,NA,NA,NA,NA,NA,NA,NA,NA,NA,NA,NA,NA,NA,NA,NA,NA,NA,NA,NA,NA,NA,NA,16.426621160409557,8.131727983645296,12.752901023890786,4.737615433949868,1.030716723549488,1.414213562373095,0,0,1.1453924914675768,0.21213203435596428,0.6300341296928328,0.9192388155425117,1.3,0,Derek,Barnett,HOU,DE,29,3
DL,17137,average,NA,NA,NA,NA,NA,NA,NA,NA,NA,NA,NA,NA,NA,NA,NA,NA,NA,NA,NA,NA,NA,NA,NA,NA,NA,NA,NA,NA,NA,NA,NA,NA,NA,NA,NA,NA,NA,NA,NA,NA,NA,NA,17.2,2.545584412271571,13.85,0.21213203435596475,0.8,0.28284271247461906,0,0,0,0,0,0,0,0,Derrick,Harmon,PIT,DT,22,-5
DL,17137,robust,NA,NA,NA,NA,NA,NA,NA,NA,NA,NA,NA,NA,NA,NA,NA,NA,NA,NA,NA,NA,NA,NA,NA,NA,NA,NA,NA,NA,NA,NA,NA,NA,NA,NA,NA,NA,NA,NA,NA,NA,NA,NA,17.2,2.6686799999999997,13.85,0.2223900000000005,0.8,0.29652,0,0,0,0,0,0,0,0,Derrick,Harmon,PIT,DT,22,-5
DL,17137,weighted,NA,NA,NA,NA,NA,NA,NA,NA,NA,NA,NA,NA,NA,NA,NA,NA,NA,NA,NA,NA,NA,NA,NA,NA,NA,NA,NA,NA,NA,NA,NA,NA,NA,NA,NA,NA,NA,NA,NA,NA,NA,NA,17.25529010238908,2.5455844122715705,13.854607508532425,0.21213203435596475,0.8061433447098976,0.28284271247461906,0,0,0,0,0,0,0,0,Derrick,Harmon,PIT,DT,22,-5
DL,12764,average,NA,NA,NA,NA,NA,NA,NA,NA,NA,NA,NA,NA,NA,NA,NA,NA,NA,NA,NA,NA,NA,NA,NA,NA,NA,NA,NA,NA,NA,NA,NA,NA,NA,NA,NA,NA,NA,NA,NA,NA,NA,NA,16.6,9.05096679918781,17.1,6.929646455628166,1.15,1.2020815280171309,0,0,0,0,0.5,0.7071067811865476,0,0,Javon,Hargrave,MIN,DT,32,4
DL,12764,robust,NA,NA,NA,NA,NA,NA,NA,NA,NA,NA,NA,NA,NA,NA,NA,NA,NA,NA,NA,NA,NA,NA,NA,NA,NA,NA,NA,NA,NA,NA,NA,NA,NA,NA,NA,NA,NA,NA,NA,NA,NA,NA,16.6,9.48864,17.1,7.26474,1.15,1.2602099999999998,0,0,0,0,0.5,0.7413,0,0,Javon,Hargrave,MIN,DT,32,4
DL,12764,weighted,NA,NA,NA,NA,NA,NA,NA,NA,NA,NA,NA,NA,NA,NA,NA,NA,NA,NA,NA,NA,NA,NA,NA,NA,NA,NA,NA,NA,NA,NA,NA,NA,NA,NA,NA,NA,NA,NA,NA,NA,NA,NA,16.796587030716722,9.05096679918781,17.25051194539249,6.929646455628166,1.176109215017065,1.2020815280171306,0,0,0,0,0.515358361774744,0.7071067811865475,0,0,Javon,Hargrave,MIN,DT,32,4
DL,13260,average,NA,NA,NA,NA,NA,NA,NA,NA,NA,NA,NA,NA,NA,NA,NA,NA,NA,NA,NA,NA,NA,NA,NA,NA,NA,NA,NA,NA,NA,NA,NA,NA,NA,NA,NA,NA,NA,NA,NA,NA,NA,NA,16.6,7.636753236814714,16.6,9.05096679918781,0.5,0.7071067811865476,0,0,0.5,0.7071067811865476,0,0,0,0,Dalvin,Tomlinson,ARI,DT,31,3
DL,13260,robust,NA,NA,NA,NA,NA,NA,NA,NA,NA,NA,NA,NA,NA,NA,NA,NA,NA,NA,NA,NA,NA,NA,NA,NA,NA,NA,NA,NA,NA,NA,NA,NA,NA,NA,NA,NA,NA,NA,NA,NA,NA,NA,16.6,8.00604,16.6,9.48864,0.5,0.7413,0,0,0.5,0.7413,0,0,0,0,Dalvin,Tomlinson,ARI,DT,31,3
DL,13260,weighted,NA,NA,NA,NA,NA,NA,NA,NA,NA,NA,NA,NA,NA,NA,NA,NA,NA,NA,NA,NA,NA,NA,NA,NA,NA,NA,NA,NA,NA,NA,NA,NA,NA,NA,NA,NA,NA,NA,NA,NA,NA,NA,16.765870307167237,7.636753236814713,16.796587030716722,9.05096679918781,0.515358361774744,0.7071067811865475,0,0,0.515358361774744,0.7071067811865475,0,0,0,0,Dalvin,Tomlinson,ARI,DT,31,3
DL,17112,average,NA,NA,NA,NA,NA,NA,NA,NA,NA,NA,NA,NA,NA,NA,NA,NA,NA,NA,NA,NA,NA,NA,NA,NA,NA,NA,NA,NA,NA,NA,NA,NA,NA,NA,NA,NA,NA,NA,NA,NA,NA,NA,13.3,6.646803743153547,16.55,4.879036790187178,0.5,0.7071067811865476,0,0,0.5,0.7071067811865476,0.5,0.7071067811865476,0,0,Abdul,Carter,NYG,DE,21,-5
DL,17112,robust,NA,NA,NA,NA,NA,NA,NA,NA,NA,NA,NA,NA,NA,NA,NA,NA,NA,NA,NA,NA,NA,NA,NA,NA,NA,NA,NA,NA,NA,NA,NA,NA,NA,NA,NA,NA,NA,NA,NA,NA,NA,NA,13.3,6.96822,16.55,5.11497,0.5,0.7413,0,0,0.5,0.7413,0.5,0.7413,0,0,Abdul,Carter,NYG,DE,21,-5
DL,17112,weighted,NA,NA,NA,NA,NA,NA,NA,NA,NA,NA,NA,NA,NA,NA,NA,NA,NA,NA,NA,NA,NA,NA,NA,NA,NA,NA,NA,NA,NA,NA,NA,NA,NA,NA,NA,NA,NA,NA,NA,NA,NA,NA,13.444368600682592,6.646803743153547,16.655972696245737,4.879036790187178,0.515358361774744,0.7071067811865475,0,0,0.515358361774744,0.7071067811865475,0.515358361774744,0.7071067811865475,0,0,Abdul,Carter,NYG,DE,21,-5
DL,17122,average,NA,NA,NA,NA,NA,NA,NA,NA,NA,NA,NA,NA,NA,NA,NA,NA,NA,NA,NA,NA,NA,NA,NA,NA,NA,NA,NA,NA,NA,NA,NA,NA,NA,NA,NA,NA,NA,NA,NA,NA,NA,NA,13.7,11.737972567696689,12.95,1.4849242404917495,0.5,0.7071067811865476,0,0,0.5,0.7071067811865476,0,0,0,0,Jalon,Walker,ATL,DE,21,-5
DL,17122,robust,NA,NA,NA,NA,NA,NA,NA,NA,NA,NA,NA,NA,NA,NA,NA,NA,NA,NA,NA,NA,NA,NA,NA,NA,NA,NA,NA,NA,NA,NA,NA,NA,NA,NA,NA,NA,NA,NA,NA,NA,NA,NA,13.7,12.30558,12.95,1.5567299999999997,0.5,0.7413,0,0,0.5,0.7413,0,0,0,0,Jalon,Walker,ATL,DE,21,-5
DL,17122,weighted,NA,NA,NA,NA,NA,NA,NA,NA,NA,NA,NA,NA,NA,NA,NA,NA,NA,NA,NA,NA,NA,NA,NA,NA,NA,NA,NA,NA,NA,NA,NA,NA,NA,NA,NA,NA,NA,NA,NA,NA,NA,NA,13.954948805460752,11.737972567696687,12.982252559726962,1.4849242404917495,0.515358361774744,0.7071067811865475,0,0,0.515358361774744,0.7071067811865475,0,0,0,0,Jalon,Walker,ATL,DE,21,-5
DL,16273,average,NA,NA,NA,NA,NA,NA,NA,NA,NA,NA,NA,NA,NA,NA,NA,NA,NA,NA,NA,NA,NA,NA,NA,NA,NA,NA,NA,NA,NA,NA,NA,NA,NA,NA,NA,NA,NA,NA,NA,NA,NA,NA,17.75,21.5667568261897,13.25,12.374368670764582,0.65,0.4949747468305833,0,0,0.5,0.7071067811865476,0,0,0.3,0,Byron,Young,PHI,DT,25,-3
DL,16273,robust,NA,NA,NA,NA,NA,NA,NA,NA,NA,NA,NA,NA,NA,NA,NA,NA,NA,NA,NA,NA,NA,NA,NA,NA,NA,NA,NA,NA,NA,NA,NA,NA,NA,NA,NA,NA,NA,NA,NA,NA,NA,NA,17.75,22.60965,13.25,12.97275,0.65,0.51891,0,0,0.5,0.7413,0,0,0.3,0,Byron,Young,PHI,DT,25,-3
DL,16273,weighted,NA,NA,NA,NA,NA,NA,NA,NA,NA,NA,NA,NA,NA,NA,NA,NA,NA,NA,NA,NA,NA,NA,NA,NA,NA,NA,NA,NA,NA,NA,NA,NA,NA,NA,NA,NA,NA,NA,NA,NA,NA,NA,18.218430034129693,21.5667568261897,13.518771331058021,12.37436867076458,0.6607508532423209,0.4949747468305833,0,0,0.515358361774744,0.7071067811865475,0,0,0.3,0,Byron,Young,PHI,DT,25,-3
LB,14893,average,NA,NA,NA,NA,NA,NA,NA,NA,NA,NA,NA,NA,NA,NA,NA,NA,NA,NA,NA,NA,NA,NA,NA,NA,NA,NA,NA,NA,NA,NA,NA,NA,NA,NA,NA,NA,NA,NA,NA,NA,NA,NA,88.85,0.21213203435596223,60.6,2.2627416997969543,5.55,3.6062445840513924,2.35,1.9091883092036785,4.45,2.050609665440988,2.55,2.192031021678297,0,0,Zack,Baun,PHI,LB,29,0
LB,14893,robust,NA,NA,NA,NA,NA,NA,NA,NA,NA,NA,NA,NA,NA,NA,NA,NA,NA,NA,NA,NA,NA,NA,NA,NA,NA,NA,NA,NA,NA,NA,NA,NA,NA,NA,NA,NA,NA,NA,NA,NA,NA,NA,88.85,0.22238999999999787,60.6,2.372160000000002,5.55,3.7806299999999995,2.35,2.00151,4.45,2.14977,2.55,2.29803,0,0,Zack,Baun,PHI,LB,29,0
LB,14893,weighted,NA,NA,NA,NA,NA,NA,NA,NA,NA,NA,NA,NA,NA,NA,NA,NA,NA,NA,NA,NA,NA,NA,NA,NA,NA,NA,NA,NA,NA,NA,NA,NA,NA,NA,NA,NA,NA,NA,NA,NA,NA,NA,88.85460750853242,0.21213203435596223,60.55085324232082,2.262741699796954,5.471672354948805,3.606244584051392,2.308532423208191,1.9091883092036783,4.405460750853242,2.050609665440988,2.5023890784982936,2.192031021678297,0,0,Zack,Baun,PHI,LB,29,0
LB,13837,average,NA,NA,NA,NA,NA,NA,NA,NA,NA,NA,NA,NA,NA,NA,NA,NA,NA,NA,NA,NA,NA,NA,NA,NA,NA,NA,NA,NA,NA,NA,NA,NA,NA,NA,NA,NA,NA,NA,NA,NA,NA,NA,90.15,2.616295090390228,70,0,5.9,0.14142135623730964,1.15,0.21213203435596428,3.25,0.3535533905932738,0,0,0,0,Zaire,Franklin,IND,LB,29,2
LB,13837,robust,NA,NA,NA,NA,NA,NA,NA,NA,NA,NA,NA,NA,NA,NA,NA,NA,NA,NA,NA,NA,NA,NA,NA,NA,NA,NA,NA,NA,NA,NA,NA,NA,NA,NA,NA,NA,NA,NA,NA,NA,NA,NA,90.15,2.7428100000000017,70,0,5.9,0.14826000000000011,1.15,0.22239000000000003,3.25,0.37065,0,0,0,0,Zaire,Franklin,IND,LB,29,2
LB,13837,weighted,NA,NA,NA,NA,NA,NA,NA,NA,NA,NA,NA,NA,NA,NA,NA,NA,NA,NA,NA,NA,NA,NA,NA,NA,NA,NA,NA,NA,NA,NA,NA,NA,NA,NA,NA,NA,NA,NA,NA,NA,NA,NA,90.20682593856655,2.616295090390228,70,0,5.903071672354948,0.14142135623730961,1.1453924914675768,0.21213203435596428,3.242320819112628,0.35355339059327373,0,0,0,0,Zaire,Franklin,IND,LB,29,2
LB,13987,average,NA,NA,NA,NA,NA,NA,NA,NA,NA,NA,NA,NA,NA,NA,NA,NA,NA,NA,NA,NA,NA,NA,NA,NA,NA,NA,NA,NA,NA,NA,NA,NA,NA,NA,NA,NA,NA,NA,NA,NA,NA,NA,84.9,0.14142135623731153,69.15,4.454772721475248,6.35,1.9091883092036785,1.35,0.49497474683058323,0.5,0.7071067811865476,0,0,0,0,Robert,Spillane,NEP,LB,30,2
LB,13987,robust,NA,NA,NA,NA,NA,NA,NA,NA,NA,NA,NA,NA,NA,NA,NA,NA,NA,NA,NA,NA,NA,NA,NA,NA,NA,NA,NA,NA,NA,NA,NA,NA,NA,NA,NA,NA,NA,NA,NA,NA,NA,NA,84.9,0.1482600000000021,69.15,4.670189999999998,6.35,2.00151,1.35,0.51891,0.5,0.7413,0,0,0,0,Robert,Spillane,NEP,LB,30,2
LB,13987,weighted,NA,NA,NA,NA,NA,NA,NA,NA,NA,NA,NA,NA,NA,NA,NA,NA,NA,NA,NA,NA,NA,NA,NA,NA,NA,NA,NA,NA,NA,NA,NA,NA,NA,NA,NA,NA,NA,NA,NA,NA,NA,NA,84.90307167235494,0.1414213562373115,69.05324232081911,4.454772721475248,6.308532423208191,1.9091883092036783,1.3392491467576793,0.4949747468305832,0.515358361774744,0.7071067811865475,0,0,0,0,Robert,Spillane,NEP,LB,30,2
LB,13813,average,NA,NA,NA,NA,NA,NA,NA,NA,NA,NA,NA,NA,NA,NA,NA,NA,NA,NA,NA,NA,NA,NA,NA,NA,NA,NA,NA,NA,NA,NA,NA,NA,NA,NA,NA,NA,NA,NA,NA,NA,NA,NA,84.5,6.363961030678928,56.7,2.4041630560342604,6.3,0.4242640687119283,0.9,0.14142135623730948,0.85,0.21213203435596428,0.25,0.3535533905932738,0.2,0,Foyesade,Oluokun,JAC,LB,30,2
LB,13813,robust,NA,NA,NA,NA,NA,NA,NA,NA,NA,NA,NA,NA,NA,NA,NA,NA,NA,NA,NA,NA,NA,NA,NA,NA,NA,NA,NA,NA,NA,NA,NA,NA,NA,NA,NA,NA,NA,NA,NA,NA,NA,NA,84.5,6.6716999999999995,56.7,2.5204199999999988,6.3,0.44477999999999973,0.9,0.14825999999999995,0.85,0.22239000000000003,0.25,0.37065,0.2,0,Foyesade,Oluokun,JAC,LB,30,2
LB,13813,weighted,NA,NA,NA,NA,NA,NA,NA,NA,NA,NA,NA,NA,NA,NA,NA,NA,NA,NA,NA,NA,NA,NA,NA,NA,NA,NA,NA,NA,NA,NA,NA,NA,NA,NA,NA,NA,NA,NA,NA,NA,NA,NA,84.3617747440273,6.363961030678928,56.64778156996587,2.4041630560342604,6.290784982935153,0.42426406871192823,0.9030716723549489,0.14142135623730945,0.8546075085324231,0.21213203435596428,0.24232081911262798,0.35355339059327373,0.2,0,Foyesade,Oluokun,JAC,LB,30,2
LB,13696,average,NA,NA,NA,NA,NA,NA,NA,NA,NA,NA,NA,NA,NA,NA,NA,NA,NA,NA,NA,NA,NA,NA,NA,NA,NA,NA,NA,NA,NA,NA,NA,NA,NA,NA,NA,NA,NA,NA,NA,NA,NA,NA,81.55,2.0506096654409918,75.1,1.5556349186104066,4.55,0.636396103067893,1,0,1.05,0.07071067811865482,0.3,0.4242640687119285,0,0,Roquan,Smith,BAL,LB,28,2
LB,13696,robust,NA,NA,NA,NA,NA,NA,NA,NA,NA,NA,NA,NA,NA,NA,NA,NA,NA,NA,NA,NA,NA,NA,NA,NA,NA,NA,NA,NA,NA,NA,NA,NA,NA,NA,NA,NA,NA,NA,NA,NA,NA,NA,81.55,2.149770000000004,75.1,1.630860000000002,4.55,0.6671700000000003,1,0,1.05,0.07413000000000006,0.3,0.44477999999999995,0,0,Roquan,Smith,BAL,LB,28,2
LB,13696,weighted,NA,NA,NA,NA,NA,NA,NA,NA,NA,NA,NA,NA,NA,NA,NA,NA,NA,NA,NA,NA,NA,NA,NA,NA,NA,NA,NA,NA,NA,NA,NA,NA,NA,NA,NA,NA,NA,NA,NA,NA,NA,NA,81.59453924914675,2.0506096654409918,75.06621160409556,1.5556349186104066,4.56382252559727,0.636396103067893,1,0,1.0484641638225258,0.07071067811865481,0.29078498293515354,0.42426406871192845,0,0,Roquan,Smith,BAL,LB,28,2
LB,13743,average,NA,NA,NA,NA,NA,NA,NA,NA,NA,NA,NA,NA,NA,NA,NA,NA,NA,NA,NA,NA,NA,NA,NA,NA,NA,NA,NA,NA,NA,NA,NA,NA,NA,NA,NA,NA,NA,NA,NA,NA,NA,NA,80.6,0.565685424949236,55.15,3.0405591591021524,7.7,0.4242640687119283,2,0,2.85,0.21213203435596414,0.5,0.7071067811865476,0.5,0,Fred,Warner,SFO,LB,29,2
LB,13743,robust,NA,NA,NA,NA,NA,NA,NA,NA,NA,NA,NA,NA,NA,NA,NA,NA,NA,NA,NA,NA,NA,NA,NA,NA,NA,NA,NA,NA,NA,NA,NA,NA,NA,NA,NA,NA,NA,NA,NA,NA,NA,NA,80.6,0.5930399999999979,55.15,3.187589999999998,7.7,0.44477999999999973,2,0,2.85,0.22238999999999987,0.5,0.7413,0.5,0,Fred,Warner,SFO,LB,29,2
LB,13743,weighted,NA,NA,NA,NA,NA,NA,NA,NA,NA,NA,NA,NA,NA,NA,NA,NA,NA,NA,NA,NA,NA,NA,NA,NA,NA,NA,NA,NA,NA,NA,NA,NA,NA,NA,NA,NA,NA,NA,NA,NA,NA,NA,80.61228668941979,0.565685424949236,55.08395904436861,3.0405591591021524,7.709215017064847,0.42426406871192823,2,0,2.8546075085324234,0.21213203435596412,0.515358361774744,0.7071067811865475,0.5,0,Fred,Warner,SFO,LB,29,2
LB,15404,average,NA,NA,NA,NA,NA,NA,NA,NA,NA,NA,NA,NA,NA,NA,NA,NA,NA,NA,NA,NA,NA,NA,NA,NA,NA,NA,NA,NA,NA,NA,NA,NA,NA,NA,NA,NA,NA,NA,NA,NA,NA,NA,82,2.8284271247461903,65.55,3.6062445840513884,4.3,0.9899494936611665,1.1,0.14142135623730948,1.2,0.28284271247461895,0,0,0,0,Ernest,Jones,SEA,LB,26,-1
LB,15404,robust,NA,NA,NA,NA,NA,NA,NA,NA,NA,NA,NA,NA,NA,NA,NA,NA,NA,NA,NA,NA,NA,NA,NA,NA,NA,NA,NA,NA,NA,NA,NA,NA,NA,NA,NA,NA,NA,NA,NA,NA,NA,NA,82,2.9652,65.55,3.7806299999999955,4.3,1.03782,1.1,0.14825999999999995,1.2,0.2965199999999999,0,0,0,0,Ernest,Jones,SEA,LB,26,-1
LB,15404,weighted,NA,NA,NA,NA,NA,NA,NA,NA,NA,NA,NA,NA,NA,NA,NA,NA,NA,NA,NA,NA,NA,NA,NA,NA,NA,NA,NA,NA,NA,NA,NA,NA,NA,NA,NA,NA,NA,NA,NA,NA,NA,NA,82.06143344709898,2.82842712474619,65.47167235494881,3.6062445840513884,4.321501706484642,0.9899494936611664,1.0969283276450512,0.14142135623730948,1.1938566552901024,0.28284271247461895,0,0,0,0,Ernest,Jones,SEA,LB,26,-1
LB,14218,average,NA,NA,NA,NA,NA,NA,NA,NA,NA,NA,NA,NA,NA,NA,NA,NA,NA,NA,NA,NA,NA,NA,NA,NA,NA,NA,NA,NA,NA,NA,NA,NA,NA,NA,NA,NA,NA,NA,NA,NA,NA,NA,75.5,2.1213203435596424,49,18.384776310850235,5.65,0.9192388155425116,0.95,0.07071067811865474,2.9,0.14142135623730964,0.85,0.21213203435596428,0,0,Bobby,Okereke,NYG,LB,29,1
LB,14218,robust,NA,NA,NA,NA,NA,NA,NA,NA,NA,NA,NA,NA,NA,NA,NA,NA,NA,NA,NA,NA,NA,NA,NA,NA,NA,NA,NA,NA,NA,NA,NA,NA,NA,NA,NA,NA,NA,NA,NA,NA,NA,NA,75.5,2.2239,49,19.273799999999998,5.65,0.9636899999999998,0.95,0.07412999999999997,2.9,0.14826000000000011,0.85,0.22239000000000003,0,0,Bobby,Okereke,NYG,LB,29,1
LB,14218,weighted,NA,NA,NA,NA,NA,NA,NA,NA,NA,NA,NA,NA,NA,NA,NA,NA,NA,NA,NA,NA,NA,NA,NA,NA,NA,NA,NA,NA,NA,NA,NA,NA,NA,NA,NA,NA,NA,NA,NA,NA,NA,NA,75.45392491467577,2.1213203435596424,48.600682593856654,18.384776310850235,5.630034129692833,0.9192388155425116,0.9515358361774744,0.07071067811865474,2.903071672354949,0.14142135623730961,0.8546075085324231,0.21213203435596428,0,0,Bobby,Okereke,NYG,LB,29,1
LB,14322,average,NA,NA,NA,NA,NA,NA,NA,NA,NA,NA,NA,NA,NA,NA,NA,NA,NA,NA,NA,NA,NA,NA,NA,NA,NA,NA,NA,NA,NA,NA,NA,NA,NA,NA,NA,NA,NA,NA,NA,NA,NA,NA,82,1.4142135623730951,52.45,7.848885271170679,4.55,0.7778174593052021,1.5,0.7071067811865476,1,0,1,0,0,0,T.J.,Edwards,CHI,LB,29,1
LB,14322,robust,NA,NA,NA,NA,NA,NA,NA,NA,NA,NA,NA,NA,NA,NA,NA,NA,NA,NA,NA,NA,NA,NA,NA,NA,NA,NA,NA,NA,NA,NA,NA,NA,NA,NA,NA,NA,NA,NA,NA,NA,NA,NA,82,1.4826,52.45,8.228430000000001,4.55,0.8154299999999997,1.5,0.7413,1,0,1,0,0,0,T.J.,Edwards,CHI,LB,29,1
LB,14322,weighted,NA,NA,NA,NA,NA,NA,NA,NA,NA,NA,NA,NA,NA,NA,NA,NA,NA,NA,NA,NA,NA,NA,NA,NA,NA,NA,NA,NA,NA,NA,NA,NA,NA,NA,NA,NA,NA,NA,NA,NA,NA,NA,82.03071672354947,1.414213562373095,52.62047781569966,7.848885271170678,4.533105802047781,0.777817459305202,1.4846416382252559,0.7071067811865475,1,0,1,0,0,0,T.J.,Edwards,CHI,LB,29,1
LB,14303,average,NA,NA,NA,NA,NA,NA,NA,NA,NA,NA,NA,NA,NA,NA,NA,NA,NA,NA,NA,NA,NA,NA,NA,NA,NA,NA,NA,NA,NA,NA,NA,NA,NA,NA,NA,NA,NA,NA,NA,NA,NA,NA,80.6,0.565685424949236,54.2,1.6970562748477132,2.7,0.9899494936611665,0.95,0.07071067811865474,0.9,0.14142135623730948,0.25,0.3535533905932738,0,0,Kaden,Elliss,ATL,LB,30,1
LB,14303,robust,NA,NA,NA,NA,NA,NA,NA,NA,NA,NA,NA,NA,NA,NA,NA,NA,NA,NA,NA,NA,NA,NA,NA,NA,NA,NA,NA,NA,NA,NA,NA,NA,NA,NA,NA,NA,NA,NA,NA,NA,NA,NA,80.6,0.5930399999999979,54.2,1.779119999999999,2.7,1.03782,0.95,0.07412999999999997,0.9,0.14825999999999995,0.25,0.37065,0,0,Kaden,Elliss,ATL,LB,30,1
LB,14303,weighted,NA,NA,NA,NA,NA,NA,NA,NA,NA,NA,NA,NA,NA,NA,NA,NA,NA,NA,NA,NA,NA,NA,NA,NA,NA,NA,NA,NA,NA,NA,NA,NA,NA,NA,NA,NA,NA,NA,NA,NA,NA,NA,80.61228668941979,0.565685424949236,54.16313993174061,1.697056274847713,2.6784982935153585,0.9899494936611664,0.9515358361774744,0.07071067811865474,0.9030716723549489,0.14142135623730945,0.24232081911262798,0.35355339059327373,0,0,Kaden,Elliss,ATL,LB,30,1
LB,16280,average,NA,NA,NA,NA,NA,NA,NA,NA,NA,NA,NA,NA,NA,NA,NA,NA,NA,NA,NA,NA,NA,NA,NA,NA,NA,NA,NA,NA,NA,NA,NA,NA,NA,NA,NA,NA,NA,NA,NA,NA,NA,NA,82,4.242640687119285,58.95,2.899137802864846,7.15,0.21213203435596414,0.65,0.9192388155425119,0.5,0.7071067811865476,0,0,0,0,Daiyan,Henley,LAC,LB,26,-3
LB,16280,robust,NA,NA,NA,NA,NA,NA,NA,NA,NA,NA,NA,NA,NA,NA,NA,NA,NA,NA,NA,NA,NA,NA,NA,NA,NA,NA,NA,NA,NA,NA,NA,NA,NA,NA,NA,NA,NA,NA,NA,NA,NA,NA,82,4.4478,58.95,3.039330000000001,7.15,0.22238999999999987,0.65,0.9636899999999999,0.5,0.7413,0,0,0,0,Daiyan,Henley,LAC,LB,26,-3
LB,16280,weighted,NA,NA,NA,NA,NA,NA,NA,NA,NA,NA,NA,NA,NA,NA,NA,NA,NA,NA,NA,NA,NA,NA,NA,NA,NA,NA,NA,NA,NA,NA,NA,NA,NA,NA,NA,NA,NA,NA,NA,NA,NA,NA,82.09215017064847,4.242640687119285,59.01296928327645,2.899137802864846,7.145392491467577,0.21213203435596412,0.6300341296928328,0.9192388155425117,0.515358361774744,0.7071067811865475,0,0,0,0,Daiyan,Henley,LAC,LB,26,-3
LB,15428,average,NA,NA,NA,NA,NA,NA,NA,NA,NA,NA,NA,NA,NA,NA,NA,NA,NA,NA,NA,NA,NA,NA,NA,NA,NA,NA,NA,NA,NA,NA,NA,NA,NA,NA,NA,NA,NA,NA,NA,NA,NA,NA,87,2.8284271247461903,57.45,0.7778174593052033,2.35,0.4949747468305834,0,0,0,0,0,0,0,0,Jamien,Sherwood,NYJ,LB,25,-1
LB,15428,robust,NA,NA,NA,NA,NA,NA,NA,NA,NA,NA,NA,NA,NA,NA,NA,NA,NA,NA,NA,NA,NA,NA,NA,NA,NA,NA,NA,NA,NA,NA,NA,NA,NA,NA,NA,NA,NA,NA,NA,NA,NA,NA,87,2.9652,57.45,0.815430000000001,2.35,0.5189100000000001,0,0,0,0,0,0,0,0,Jamien,Sherwood,NYJ,LB,25,-1
LB,15428,weighted,NA,NA,NA,NA,NA,NA,NA,NA,NA,NA,NA,NA,NA,NA,NA,NA,NA,NA,NA,NA,NA,NA,NA,NA,NA,NA,NA,NA,NA,NA,NA,NA,NA,NA,NA,NA,NA,NA,NA,NA,NA,NA,87.06143344709898,2.82842712474619,57.466894197952215,0.7778174593052033,2.3392491467576795,0.4949747468305834,0,0,0,0,0,0,0,0,Jamien,Sherwood,NYJ,LB,25,-1
LB,14892,average,NA,NA,NA,NA,NA,NA,NA,NA,NA,NA,NA,NA,NA,NA,NA,NA,NA,NA,NA,NA,NA,NA,NA,NA,NA,NA,NA,NA,NA,NA,NA,NA,NA,NA,NA,NA,NA,NA,NA,NA,NA,NA,81.8,5.374011537017757,53.4,0.848528137423859,3.85,0.21213203435596414,0,0,0.5,0.7071067811865476,0.5,0.7071067811865476,0,0,Jordyn,Brooks,MIA,LB,28,0
LB,14892,robust,NA,NA,NA,NA,NA,NA,NA,NA,NA,NA,NA,NA,NA,NA,NA,NA,NA,NA,NA,NA,NA,NA,NA,NA,NA,NA,NA,NA,NA,NA,NA,NA,NA,NA,NA,NA,NA,NA,NA,NA,NA,NA,81.8,5.633879999999995,53.4,0.889560000000002,3.85,0.22238999999999987,0,0,0.5,0.7413,0.5,0.7413,0,0,Jordyn,Brooks,MIA,LB,28,0
LB,14892,weighted,NA,NA,NA,NA,NA,NA,NA,NA,NA,NA,NA,NA,NA,NA,NA,NA,NA,NA,NA,NA,NA,NA,NA,NA,NA,NA,NA,NA,NA,NA,NA,NA,NA,NA,NA,NA,NA,NA,NA,NA,NA,NA,81.68327645051195,5.374011537017757,53.41843003412969,0.848528137423859,3.8546075085324234,0.21213203435596412,0,0,0.515358361774744,0.7071067811865475,0.515358361774744,0.7071067811865475,0,0,Jordyn,Brooks,MIA,LB,28,0
LB,15355,average,NA,NA,NA,NA,NA,NA,NA,NA,NA,NA,NA,NA,NA,NA,NA,NA,NA,NA,NA,NA,NA,NA,NA,NA,NA,NA,NA,NA,NA,NA,NA,NA,NA,NA,NA,NA,NA,NA,NA,NA,NA,NA,80.5,3.5355339059327378,39.6,5.091168824543144,5.55,2.192031021678297,0.9,0.14142135623730948,0.95,0.07071067811865474,0.95,0.07071067811865474,0,0,Nick,Bolton,KCC,LB,25,-1
LB,15355,robust,NA,NA,NA,NA,NA,NA,NA,NA,NA,NA,NA,NA,NA,NA,NA,NA,NA,NA,NA,NA,NA,NA,NA,NA,NA,NA,NA,NA,NA,NA,NA,NA,NA,NA,NA,NA,NA,NA,NA,NA,NA,NA,80.5,3.7064999999999997,39.6,5.337360000000002,5.55,2.29803,0.9,0.14825999999999995,0.95,0.07412999999999997,0.95,0.07412999999999997,0,0,Nick,Bolton,KCC,LB,25,-1
LB,15355,weighted,NA,NA,NA,NA,NA,NA,NA,NA,NA,NA,NA,NA,NA,NA,NA,NA,NA,NA,NA,NA,NA,NA,NA,NA,NA,NA,NA,NA,NA,NA,NA,NA,NA,NA,NA,NA,NA,NA,NA,NA,NA,NA,80.42320819112628,3.5355339059327373,39.48941979522184,5.091168824543144,5.502389078498292,2.192031021678297,0.9030716723549489,0.14142135623730945,0.9515358361774744,0.07071067811865474,0.9515358361774744,0.07071067811865474,0,0,Nick,Bolton,KCC,LB,25,-1
LB,14590,average,NA,NA,NA,NA,NA,NA,NA,NA,NA,NA,NA,NA,NA,NA,NA,NA,NA,NA,NA,NA,NA,NA,NA,NA,NA,NA,NA,NA,NA,NA,NA,NA,NA,NA,NA,NA,NA,NA,NA,NA,NA,NA,78,1.4142135623730951,62.8,7.353910524340093,3.5,0.7071067811865476,0,0,2,1.4142135623730951,0.5,0.7071067811865476,0,0,Azeez,Al-Shaair,HOU,LB,28,1
LB,14590,robust,NA,NA,NA,NA,NA,NA,NA,NA,NA,NA,NA,NA,NA,NA,NA,NA,NA,NA,NA,NA,NA,NA,NA,NA,NA,NA,NA,NA,NA,NA,NA,NA,NA,NA,NA,NA,NA,NA,NA,NA,NA,NA,78,1.4826,62.8,7.709519999999999,3.5,0.7413,0,0,2,1.4826,0.5,0.7413,0,0,Azeez,Al-Shaair,HOU,LB,28,1
LB,14590,weighted,NA,NA,NA,NA,NA,NA,NA,NA,NA,NA,NA,NA,NA,NA,NA,NA,NA,NA,NA,NA,NA,NA,NA,NA,NA,NA,NA,NA,NA,NA,NA,NA,NA,NA,NA,NA,NA,NA,NA,NA,NA,NA,77.96928327645051,1.414213562373095,62.95972696245734,7.353910524340093,3.5153583617747435,0.7071067811865475,0,0,1.969283276450512,1.414213562373095,0.515358361774744,0.7071067811865475,0,0,Azeez,Al-Shaair,HOU,LB,28,1
LB,10768,average,NA,NA,NA,NA,NA,NA,NA,NA,NA,NA,NA,NA,NA,NA,NA,NA,NA,NA,NA,NA,NA,NA,NA,NA,NA,NA,NA,NA,NA,NA,NA,NA,NA,NA,NA,NA,NA,NA,NA,NA,NA,NA,78.2,1.131370849898472,46.55,0.7778174593052033,5.3,0.4242640687119283,0.8,0.28284271247461906,2,0,0.95,0.07071067811865474,0,0,Lavonte,David,TBB,LB,35,8
LB,10768,robust,NA,NA,NA,NA,NA,NA,NA,NA,NA,NA,NA,NA,NA,NA,NA,NA,NA,NA,NA,NA,NA,NA,NA,NA,NA,NA,NA,NA,NA,NA,NA,NA,NA,NA,NA,NA,NA,NA,NA,NA,NA,NA,78.2,1.1860799999999958,46.55,0.815430000000001,5.3,0.44477999999999973,0.8,0.29652,2,0,0.95,0.07412999999999997,0,0,Lavonte,David,TBB,LB,35,8
LB,10768,weighted,NA,NA,NA,NA,NA,NA,NA,NA,NA,NA,NA,NA,NA,NA,NA,NA,NA,NA,NA,NA,NA,NA,NA,NA,NA,NA,NA,NA,NA,NA,NA,NA,NA,NA,NA,NA,NA,NA,NA,NA,NA,NA,78.22457337883961,1.131370849898472,46.533105802047785,0.7778174593052033,5.290784982935153,0.42426406871192823,0.8061433447098976,0.28284271247461906,2,0,0.9515358361774744,0.07071067811865474,0,0,Lavonte,David,TBB,LB,35,8
LB,10816,average,NA,NA,NA,NA,NA,NA,NA,NA,NA,NA,NA,NA,NA,NA,NA,NA,NA,NA,NA,NA,NA,NA,NA,NA,NA,NA,NA,NA,NA,NA,NA,NA,NA,NA,NA,NA,NA,NA,NA,NA,NA,NA,67,8.48528137423857,56.7,8.061017305526642,5.55,0.7778174593052021,0.4,0.5656854249492381,0.75,0.3535533905932738,0.25,0.3535533905932738,0,0,Demario,Davis,NOS,LB,36,8
LB,10816,robust,NA,NA,NA,NA,NA,NA,NA,NA,NA,NA,NA,NA,NA,NA,NA,NA,NA,NA,NA,NA,NA,NA,NA,NA,NA,NA,NA,NA,NA,NA,NA,NA,NA,NA,NA,NA,NA,NA,NA,NA,NA,NA,67,8.8956,56.7,8.450819999999998,5.55,0.8154299999999997,0.4,0.59304,0.75,0.37065,0.25,0.37065,0,0,Demario,Davis,NOS,LB,36,8
LB,10816,weighted,NA,NA,NA,NA,NA,NA,NA,NA,NA,NA,NA,NA,NA,NA,NA,NA,NA,NA,NA,NA,NA,NA,NA,NA,NA,NA,NA,NA,NA,NA,NA,NA,NA,NA,NA,NA,NA,NA,NA,NA,NA,NA,66.81569965870307,8.48528137423857,56.52491467576792,8.061017305526642,5.533105802047782,0.777817459305202,0.38771331058020475,0.565685424949238,0.757679180887372,0.35355339059327373,0.24232081911262798,0.35355339059327373,0,0,Demario,Davis,NOS,LB,36,8
LB,14221,average,NA,NA,NA,NA,NA,NA,NA,NA,NA,NA,NA,NA,NA,NA,NA,NA,NA,NA,NA,NA,NA,NA,NA,NA,NA,NA,NA,NA,NA,NA,NA,NA,NA,NA,NA,NA,NA,NA,NA,NA,NA,NA,78.15,1.6263455967290572,44.3,1.8384776310850246,5.4,0.8485281374238571,0,0,3.3,0.42426406871192857,1.45,2.0506096654409878,0,0,Quincy,Williams,NYJ,LB,29,1
LB,14221,robust,NA,NA,NA,NA,NA,NA,NA,NA,NA,NA,NA,NA,NA,NA,NA,NA,NA,NA,NA,NA,NA,NA,NA,NA,NA,NA,NA,NA,NA,NA,NA,NA,NA,NA,NA,NA,NA,NA,NA,NA,NA,NA,78.15,1.7049899999999978,44.3,1.927380000000001,5.4,0.8895600000000001,0,0,3.3,0.44478000000000006,1.45,2.1497699999999997,0,0,Quincy,Williams,NYJ,LB,29,1
LB,14221,weighted,NA,NA,NA,NA,NA,NA,NA,NA,NA,NA,NA,NA,NA,NA,NA,NA,NA,NA,NA,NA,NA,NA,NA,NA,NA,NA,NA,NA,NA,NA,NA,NA,NA,NA,NA,NA,NA,NA,NA,NA,NA,NA,78.11467576791809,1.6263455967290572,44.26006825938567,1.8384776310850246,5.418430034129692,0.8485281374238571,0,0,3.2907849829351536,0.42426406871192857,1.4054607508532422,2.0506096654409878,0,0,Quincy,Williams,NYJ,LB,29,1
LB,14472,average,NA,NA,NA,NA,NA,NA,NA,NA,NA,NA,NA,NA,NA,NA,NA,NA,NA,NA,NA,NA,NA,NA,NA,NA,NA,NA,NA,NA,NA,NA,NA,NA,NA,NA,NA,NA,NA,NA,NA,NA,NA,NA,71,1.4142135623730951,53.1,6.929646455628164,5.3,3.2526911934581184,2.4,1.979898987322333,0.7,0.4242640687119285,0.2,0.28284271247461906,0,0,Tyrel,Dodson,MIA,LB,27,1
LB,14472,robust,NA,NA,NA,NA,NA,NA,NA,NA,NA,NA,NA,NA,NA,NA,NA,NA,NA,NA,NA,NA,NA,NA,NA,NA,NA,NA,NA,NA,NA,NA,NA,NA,NA,NA,NA,NA,NA,NA,NA,NA,NA,NA,71,1.4826,53.1,7.264739999999997,5.3,3.4099799999999996,2.4,2.07564,0.7,0.44477999999999995,0.2,0.29652,0,0,Tyrel,Dodson,MIA,LB,27,1
LB,14472,weighted,NA,NA,NA,NA,NA,NA,NA,NA,NA,NA,NA,NA,NA,NA,NA,NA,NA,NA,NA,NA,NA,NA,NA,NA,NA,NA,NA,NA,NA,NA,NA,NA,NA,NA,NA,NA,NA,NA,NA,NA,NA,NA,70.96928327645051,1.414213562373095,53.25051194539249,6.929646455628164,5.2293515358361775,3.252691193458118,2.356996587030717,1.9798989873223327,0.7092150170648464,0.42426406871192845,0.19385665529010238,0.282842712474619,0,0,Tyrel,Dodson,MIA,LB,27,1
LB,14896,average,NA,NA,NA,NA,NA,NA,NA,NA,NA,NA,NA,NA,NA,NA,NA,NA,NA,NA,NA,NA,NA,NA,NA,NA,NA,NA,NA,NA,NA,NA,NA,NA,NA,NA,NA,NA,NA,NA,NA,NA,NA,NA,68.85,1.2020815280171329,59.35,4.737615433949871,6.35,0.4949747468305834,0.7,0.4242640687119285,2.2,0.28284271247461895,1.05,0.07071067811865482,0,0,Patrick,Queen,PIT,LB,26,0
LB,14896,robust,NA,NA,NA,NA,NA,NA,NA,NA,NA,NA,NA,NA,NA,NA,NA,NA,NA,NA,NA,NA,NA,NA,NA,NA,NA,NA,NA,NA,NA,NA,NA,NA,NA,NA,NA,NA,NA,NA,NA,NA,NA,NA,68.85,1.260210000000002,59.35,4.966710000000002,6.35,0.5189100000000001,0.7,0.44477999999999995,2.2,0.2965199999999999,1.05,0.07413000000000006,0,0,Patrick,Queen,PIT,LB,26,0
LB,14896,weighted,NA,NA,NA,NA,NA,NA,NA,NA,NA,NA,NA,NA,NA,NA,NA,NA,NA,NA,NA,NA,NA,NA,NA,NA,NA,NA,NA,NA,NA,NA,NA,NA,NA,NA,NA,NA,NA,NA,NA,NA,NA,NA,68.82389078498294,1.2020815280171329,59.24709897610922,4.737615433949871,6.339249146757679,0.4949747468305834,0.7092150170648464,0.42426406871192845,2.1938566552901024,0.28284271247461895,1.0484641638225258,0.07071067811865481,0,0,Patrick,Queen,PIT,LB,26,0
LB,10775,average,NA,NA,NA,NA,NA,NA,NA,NA,NA,NA,NA,NA,NA,NA,NA,NA,NA,NA,NA,NA,NA,NA,NA,NA,NA,NA,NA,NA,NA,NA,NA,NA,NA,NA,NA,NA,NA,NA,NA,NA,NA,NA,80.15,4.030508652763323,60.75,0.3535533905932738,2.8,0.28284271247461895,0,0,0.75,0.3535533905932738,0.75,0.3535533905932738,0,0,Bobby,Wagner,WAS,LB,35,8
LB,10775,robust,NA,NA,NA,NA,NA,NA,NA,NA,NA,NA,NA,NA,NA,NA,NA,NA,NA,NA,NA,NA,NA,NA,NA,NA,NA,NA,NA,NA,NA,NA,NA,NA,NA,NA,NA,NA,NA,NA,NA,NA,NA,NA,80.15,4.225410000000002,60.75,0.37065,2.8,0.2965199999999999,0,0,0.75,0.37065,0.75,0.37065,0,0,Bobby,Wagner,WAS,LB,35,8
LB,10775,weighted,NA,NA,NA,NA,NA,NA,NA,NA,NA,NA,NA,NA,NA,NA,NA,NA,NA,NA,NA,NA,NA,NA,NA,NA,NA,NA,NA,NA,NA,NA,NA,NA,NA,NA,NA,NA,NA,NA,NA,NA,NA,NA,80.23754266211604,4.030508652763323,60.75767918088737,0.35355339059327373,2.8061433447098976,0.28284271247461895,0,0,0.757679180887372,0.35355339059327373,0.757679180887372,0.35355339059327373,0,0,Bobby,Wagner,WAS,LB,35,8
LB,14251,average,NA,NA,NA,NA,NA,NA,NA,NA,NA,NA,NA,NA,NA,NA,NA,NA,NA,NA,NA,NA,NA,NA,NA,NA,NA,NA,NA,NA,NA,NA,NA,NA,NA,NA,NA,NA,NA,NA,NA,NA,NA,NA,67,1.4142135623730951,53.85,4.030508652763323,4.9,0.14142135623730964,0,0,0.5,0.7071067811865476,0.5,0.7071067811865476,0,0,Blake,Cashman,MIN,LB,29,1
LB,14251,robust,NA,NA,NA,NA,NA,NA,NA,NA,NA,NA,NA,NA,NA,NA,NA,NA,NA,NA,NA,NA,NA,NA,NA,NA,NA,NA,NA,NA,NA,NA,NA,NA,NA,NA,NA,NA,NA,NA,NA,NA,NA,NA,67,1.4826,53.85,4.225410000000002,4.9,0.14826000000000011,0,0,0.5,0.7413,0.5,0.7413,0,0,Blake,Cashman,MIN,LB,29,1
LB,14251,weighted,NA,NA,NA,NA,NA,NA,NA,NA,NA,NA,NA,NA,NA,NA,NA,NA,NA,NA,NA,NA,NA,NA,NA,NA,NA,NA,NA,NA,NA,NA,NA,NA,NA,NA,NA,NA,NA,NA,NA,NA,NA,NA,66.96928327645051,1.414213562373095,53.76245733788396,4.030508652763323,4.903071672354948,0.14142135623730961,0,0,0.515358361774744,0.7071067811865475,0.515358361774744,0.7071067811865475,0,0,Blake,Cashman,MIN,LB,29,1
LB,14412,average,NA,NA,NA,NA,NA,NA,NA,NA,NA,NA,NA,NA,NA,NA,NA,NA,NA,NA,NA,NA,NA,NA,NA,NA,NA,NA,NA,NA,NA,NA,NA,NA,NA,NA,NA,NA,NA,NA,NA,NA,NA,NA,76.9,10.040916292848976,58.15,8.273149339882607,3.5,2.1213203435596424,0.85,1.2020815280171306,0.8,0.28284271247461906,0.3,0.4242640687119285,0.3,0,Alex,Singleton,DEN,LB,32,5
LB,14412,robust,NA,NA,NA,NA,NA,NA,NA,NA,NA,NA,NA,NA,NA,NA,NA,NA,NA,NA,NA,NA,NA,NA,NA,NA,NA,NA,NA,NA,NA,NA,NA,NA,NA,NA,NA,NA,NA,NA,NA,NA,NA,NA,76.9,10.526460000000002,58.15,8.673210000000001,3.5,2.2239,0.85,1.2602099999999998,0.8,0.29652,0.3,0.44477999999999995,0.3,0,Alex,Singleton,DEN,LB,32,5
LB,14412,weighted,NA,NA,NA,NA,NA,NA,NA,NA,NA,NA,NA,NA,NA,NA,NA,NA,NA,NA,NA,NA,NA,NA,NA,NA,NA,NA,NA,NA,NA,NA,NA,NA,NA,NA,NA,NA,NA,NA,NA,NA,NA,NA,77.11808873720136,10.040916292848976,58.3296928327645,8.273149339882607,3.4539249146757682,2.1213203435596424,0.8238907849829351,1.2020815280171306,0.8061433447098976,0.28284271247461906,0.29078498293515354,0.42426406871192845,0.3,0,Alex,Singleton,DEN,LB,32,5
LB,16239,average,NA,NA,NA,NA,NA,NA,NA,NA,NA,NA,NA,NA,NA,NA,NA,NA,NA,NA,NA,NA,NA,NA,NA,NA,NA,NA,NA,NA,NA,NA,NA,NA,NA,NA,NA,NA,NA,NA,NA,NA,NA,NA,70.5,0.7071067811865476,58.1,0.14142135623731153,3.65,0.9192388155425116,0,0,0.75,0.3535533905932738,0,0,0,0,Jack,Campbell,DET,LB,25,-3
LB,16239,robust,NA,NA,NA,NA,NA,NA,NA,NA,NA,NA,NA,NA,NA,NA,NA,NA,NA,NA,NA,NA,NA,NA,NA,NA,NA,NA,NA,NA,NA,NA,NA,NA,NA,NA,NA,NA,NA,NA,NA,NA,NA,NA,70.5,0.7413,58.1,0.1482600000000021,3.65,0.9636899999999998,0,0,0.75,0.37065,0,0,0,0,Jack,Campbell,DET,LB,25,-3
LB,16239,weighted,NA,NA,NA,NA,NA,NA,NA,NA,NA,NA,NA,NA,NA,NA,NA,NA,NA,NA,NA,NA,NA,NA,NA,NA,NA,NA,NA,NA,NA,NA,NA,NA,NA,NA,NA,NA,NA,NA,NA,NA,NA,NA,70.48464163822527,0.7071067811865475,58.096928327645045,0.1414213562373115,3.6300341296928327,0.9192388155425116,0,0,0.757679180887372,0.35355339059327373,0,0,0,0,Jack,Campbell,DET,LB,25,-3
LB,14928,average,NA,NA,NA,NA,NA,NA,NA,NA,NA,NA,NA,NA,NA,NA,NA,NA,NA,NA,NA,NA,NA,NA,NA,NA,NA,NA,NA,NA,NA,NA,NA,NA,NA,NA,NA,NA,NA,NA,NA,NA,NA,NA,73,9.899494936611665,53.75,0.3535533905932738,5.05,0.0707106781186545,1.9,0.14142135623730948,1.7,0.9899494936611665,1.05,0.07071067811865482,0,0,Logan,Wilson,CIN,LB,29,0
LB,14928,robust,NA,NA,NA,NA,NA,NA,NA,NA,NA,NA,NA,NA,NA,NA,NA,NA,NA,NA,NA,NA,NA,NA,NA,NA,NA,NA,NA,NA,NA,NA,NA,NA,NA,NA,NA,NA,NA,NA,NA,NA,NA,NA,73,10.3782,53.75,0.37065,5.05,0.07412999999999974,1.9,0.14825999999999995,1.7,1.03782,1.05,0.07413000000000006,0,0,Logan,Wilson,CIN,LB,29,0
LB,14928,weighted,NA,NA,NA,NA,NA,NA,NA,NA,NA,NA,NA,NA,NA,NA,NA,NA,NA,NA,NA,NA,NA,NA,NA,NA,NA,NA,NA,NA,NA,NA,NA,NA,NA,NA,NA,NA,NA,NA,NA,NA,NA,NA,73.21501706484642,9.899494936611665,53.75767918088737,0.35355339059327373,5.048464163822525,0.0707106781186545,1.9030716723549488,0.14142135623730948,1.678498293515358,0.9899494936611664,1.0484641638225258,0.07071067811865481,0,0,Logan,Wilson,CIN,LB,29,0
LB,13952,average,NA,NA,NA,NA,NA,NA,NA,NA,NA,NA,NA,NA,NA,NA,NA,NA,NA,NA,NA,NA,NA,NA,NA,NA,NA,NA,NA,NA,NA,NA,NA,NA,NA,NA,NA,NA,NA,NA,NA,NA,NA,NA,57.5,3.5355339059327378,49.65,3.7476659402887,6,0,1,0,1.2,0.28284271247461895,1.2,0.28284271247461895,0,0,Frankie,Luvu,WAS,LB,29,2
LB,13952,robust,NA,NA,NA,NA,NA,NA,NA,NA,NA,NA,NA,NA,NA,NA,NA,NA,NA,NA,NA,NA,NA,NA,NA,NA,NA,NA,NA,NA,NA,NA,NA,NA,NA,NA,NA,NA,NA,NA,NA,NA,NA,NA,57.5,3.7064999999999997,49.65,3.9288899999999978,6,0,1,0,1.2,0.2965199999999999,1.2,0.2965199999999999,0,0,Frankie,Luvu,WAS,LB,29,2
LB,13952,weighted,NA,NA,NA,NA,NA,NA,NA,NA,NA,NA,NA,NA,NA,NA,NA,NA,NA,NA,NA,NA,NA,NA,NA,NA,NA,NA,NA,NA,NA,NA,NA,NA,NA,NA,NA,NA,NA,NA,NA,NA,NA,NA,57.42320819112628,3.5355339059327373,49.56860068259385,3.7476659402887,6,0,1,0,1.1938566552901024,0.28284271247461895,1.1938566552901024,0.28284271247461895,0,0,Frankie,Luvu,WAS,LB,29,2
LB,14217,average,NA,NA,NA,NA,NA,NA,NA,NA,NA,NA,NA,NA,NA,NA,NA,NA,NA,NA,NA,NA,NA,NA,NA,NA,NA,NA,NA,NA,NA,NA,NA,NA,NA,NA,NA,NA,NA,NA,NA,NA,NA,NA,65.5,0.7071067811865476,50.9,1.2727922061357835,4.75,1.0606601717798212,1.55,0.7778174593052023,0.5,0.7071067811865476,0.8,0.28284271247461906,0.6,0,Cody,Barton,TEN,LB,29,1
LB,14217,robust,NA,NA,NA,NA,NA,NA,NA,NA,NA,NA,NA,NA,NA,NA,NA,NA,NA,NA,NA,NA,NA,NA,NA,NA,NA,NA,NA,NA,NA,NA,NA,NA,NA,NA,NA,NA,NA,NA,NA,NA,NA,NA,65.5,0.7413,50.9,1.3343399999999979,4.75,1.11195,1.55,0.81543,0.5,0.7413,0.8,0.29652,0.6,0,Cody,Barton,TEN,LB,29,1
LB,14217,weighted,NA,NA,NA,NA,NA,NA,NA,NA,NA,NA,NA,NA,NA,NA,NA,NA,NA,NA,NA,NA,NA,NA,NA,NA,NA,NA,NA,NA,NA,NA,NA,NA,NA,NA,NA,NA,NA,NA,NA,NA,NA,NA,65.51535836177474,0.7071067811865475,50.872354948805466,1.2727922061357835,4.7269624573378834,1.0606601717798212,1.5331058020477815,0.7778174593052023,0.48464163822525597,0.7071067811865475,0.8061433447098976,0.28284271247461906,0.6,0,Cody,Barton,TEN,LB,29,1
LB,13268,average,NA,NA,NA,NA,NA,NA,NA,NA,NA,NA,NA,NA,NA,NA,NA,NA,NA,NA,NA,NA,NA,NA,NA,NA,NA,NA,NA,NA,NA,NA,NA,NA,NA,NA,NA,NA,NA,NA,NA,NA,NA,NA,79,2.8284271247461903,43.1,14.00071426749364,5.8,0.2828427124746193,0,0,0.5,0.7071067811865476,0,0,0,0,Alex,Anzalone,DET,LB,31,3
LB,13268,robust,NA,NA,NA,NA,NA,NA,NA,NA,NA,NA,NA,NA,NA,NA,NA,NA,NA,NA,NA,NA,NA,NA,NA,NA,NA,NA,NA,NA,NA,NA,NA,NA,NA,NA,NA,NA,NA,NA,NA,NA,NA,NA,79,2.9652,43.1,14.677739999999996,5.8,0.29652000000000023,0,0,0.5,0.7413,0,0,0,0,Alex,Anzalone,DET,LB,31,3
LB,13268,weighted,NA,NA,NA,NA,NA,NA,NA,NA,NA,NA,NA,NA,NA,NA,NA,NA,NA,NA,NA,NA,NA,NA,NA,NA,NA,NA,NA,NA,NA,NA,NA,NA,NA,NA,NA,NA,NA,NA,NA,NA,NA,NA,79.06143344709898,2.82842712474619,43.40409556313994,14.000714267493638,5.806143344709898,0.28284271247461923,0,0,0.515358361774744,0.7071067811865475,0,0,0,0,Alex,Anzalone,DET,LB,31,3
LB,14210,average,NA,NA,NA,NA,NA,NA,NA,NA,NA,NA,NA,NA,NA,NA,NA,NA,NA,NA,NA,NA,NA,NA,NA,NA,NA,NA,NA,NA,NA,NA,NA,NA,NA,NA,NA,NA,NA,NA,NA,NA,NA,NA,48.1,24.183051916579927,32.2,21.496046148071045,3.3,1.8384776310850233,1.2,0.28284271247461895,1.05,0.07071067811865482,0.8,0.28284271247461906,0,0,Germaine,Pratt,IND,LB,29,1
LB,14210,robust,NA,NA,NA,NA,NA,NA,NA,NA,NA,NA,NA,NA,NA,NA,NA,NA,NA,NA,NA,NA,NA,NA,NA,NA,NA,NA,NA,NA,NA,NA,NA,NA,NA,NA,NA,NA,NA,NA,NA,NA,NA,NA,48.1,25.35246,32.2,22.535519999999998,3.3,1.9273799999999996,1.2,0.2965199999999999,1.05,0.07413000000000006,0.8,0.29652,0,0,Germaine,Pratt,IND,LB,29,1
LB,14210,weighted,NA,NA,NA,NA,NA,NA,NA,NA,NA,NA,NA,NA,NA,NA,NA,NA,NA,NA,NA,NA,NA,NA,NA,NA,NA,NA,NA,NA,NA,NA,NA,NA,NA,NA,NA,NA,NA,NA,NA,NA,NA,NA,47.57474402730375,24.183051916579927,31.733105802047778,21.49604614807104,3.260068259385665,1.8384776310850233,1.1938566552901024,0.28284271247461895,1.0484641638225258,0.07071067811865481,0.8061433447098976,0.28284271247461906,0,0,Germaine,Pratt,IND,LB,29,1
LB,15076,average,NA,NA,NA,NA,NA,NA,NA,NA,NA,NA,NA,NA,NA,NA,NA,NA,NA,NA,NA,NA,NA,NA,NA,NA,NA,NA,NA,NA,NA,NA,NA,NA,NA,NA,NA,NA,NA,NA,NA,NA,NA,NA,61.35,0.4949747468305853,53.2,4.525483399593903,3.6,0.8485281374238571,0.4,0.5656854249492381,0.15,0.21213203435596426,0.15,0.21213203435596426,0,0,Christian,Rozeboom,CAR,LB,28,0
LB,15076,robust,NA,NA,NA,NA,NA,NA,NA,NA,NA,NA,NA,NA,NA,NA,NA,NA,NA,NA,NA,NA,NA,NA,NA,NA,NA,NA,NA,NA,NA,NA,NA,NA,NA,NA,NA,NA,NA,NA,NA,NA,NA,NA,61.35,0.5189100000000021,53.2,4.744319999999998,3.6,0.8895600000000001,0.4,0.59304,0.15,0.22238999999999998,0.15,0.22238999999999998,0,0,Christian,Rozeboom,CAR,LB,28,0
LB,15076,weighted,NA,NA,NA,NA,NA,NA,NA,NA,NA,NA,NA,NA,NA,NA,NA,NA,NA,NA,NA,NA,NA,NA,NA,NA,NA,NA,NA,NA,NA,NA,NA,NA,NA,NA,NA,NA,NA,NA,NA,NA,NA,NA,61.33924914675769,0.4949747468305853,53.10170648464163,4.525483399593903,3.581569965870307,0.8485281374238571,0.38771331058020475,0.565685424949238,0.14539249146757677,0.21213203435596423,0.14539249146757677,0.21213203435596423,0,0,Christian,Rozeboom,CAR,LB,28,0
LB,16383,average,NA,NA,NA,NA,NA,NA,NA,NA,NA,NA,NA,NA,NA,NA,NA,NA,NA,NA,NA,NA,NA,NA,NA,NA,NA,NA,NA,NA,NA,NA,NA,NA,NA,NA,NA,NA,NA,NA,NA,NA,NA,NA,60.5,9.192388155425117,45.85,3.0405591591021524,2.45,0.6363961030678927,1.2,0.28284271247461895,0.8,0.28284271247461906,0.3,0.4242640687119285,0.6,0,Ivan,Pace,MIN,LB,25,-3
LB,16383,robust,NA,NA,NA,NA,NA,NA,NA,NA,NA,NA,NA,NA,NA,NA,NA,NA,NA,NA,NA,NA,NA,NA,NA,NA,NA,NA,NA,NA,NA,NA,NA,NA,NA,NA,NA,NA,NA,NA,NA,NA,NA,NA,60.5,9.636899999999999,45.85,3.187589999999998,2.45,0.6671699999999999,1.2,0.2965199999999999,0.8,0.29652,0.3,0.44477999999999995,0.6,0,Ivan,Pace,MIN,LB,25,-3
LB,16383,weighted,NA,NA,NA,NA,NA,NA,NA,NA,NA,NA,NA,NA,NA,NA,NA,NA,NA,NA,NA,NA,NA,NA,NA,NA,NA,NA,NA,NA,NA,NA,NA,NA,NA,NA,NA,NA,NA,NA,NA,NA,NA,NA,60.30034129692833,9.192388155425117,45.916040955631395,3.0405591591021524,2.4361774744027307,0.6363961030678926,1.1938566552901024,0.28284271247461895,0.8061433447098976,0.28284271247461906,0.29078498293515354,0.42426406871192845,0.6,0,Ivan,Pace,MIN,LB,25,-3
LB,16696,average,NA,NA,NA,NA,NA,NA,NA,NA,NA,NA,NA,NA,NA,NA,NA,NA,NA,NA,NA,NA,NA,NA,NA,NA,NA,NA,NA,NA,NA,NA,NA,NA,NA,NA,NA,NA,NA,NA,NA,NA,NA,NA,70.5,10.606601717798213,48.4,1.979898987322331,3.7,1.8384776310850237,0.7,0.4242640687119285,1,0,0.5,0.7071067811865476,0,0,Edgerrin,Cooper,GBP,LB,24,-4
LB,16696,robust,NA,NA,NA,NA,NA,NA,NA,NA,NA,NA,NA,NA,NA,NA,NA,NA,NA,NA,NA,NA,NA,NA,NA,NA,NA,NA,NA,NA,NA,NA,NA,NA,NA,NA,NA,NA,NA,NA,NA,NA,NA,NA,70.5,11.119499999999999,48.4,2.0756399999999977,3.7,1.9273799999999999,0.7,0.44477999999999995,1,0,0.5,0.7413,0,0,Edgerrin,Cooper,GBP,LB,24,-4
LB,16696,weighted,NA,NA,NA,NA,NA,NA,NA,NA,NA,NA,NA,NA,NA,NA,NA,NA,NA,NA,NA,NA,NA,NA,NA,NA,NA,NA,NA,NA,NA,NA,NA,NA,NA,NA,NA,NA,NA,NA,NA,NA,NA,NA,70.73037542662117,10.606601717798211,48.356996587030714,1.979898987322331,3.739931740614334,1.8384776310850235,0.7092150170648464,0.42426406871192845,1,0,0.515358361774744,0.7071067811865475,0,0,Edgerrin,Cooper,GBP,LB,24,-4
LB,16013,average,NA,NA,NA,NA,NA,NA,NA,NA,NA,NA,NA,NA,NA,NA,NA,NA,NA,NA,NA,NA,NA,NA,NA,NA,NA,NA,NA,NA,NA,NA,NA,NA,NA,NA,NA,NA,NA,NA,NA,NA,NA,NA,64.5,4.949747468305833,46.15,7.283199846221438,3.5,0.7071067811865476,0.75,0.3535533905932738,1.5,0.7071067811865476,0,0,0,0,Nate,Landman,LAR,LB,27,-2
LB,16013,robust,NA,NA,NA,NA,NA,NA,NA,NA,NA,NA,NA,NA,NA,NA,NA,NA,NA,NA,NA,NA,NA,NA,NA,NA,NA,NA,NA,NA,NA,NA,NA,NA,NA,NA,NA,NA,NA,NA,NA,NA,NA,NA,64.5,5.1891,46.15,7.6353899999999975,3.5,0.7413,0.75,0.37065,1.5,0.7413,0,0,0,0,Nate,Landman,LAR,LB,27,-2
LB,16013,weighted,NA,NA,NA,NA,NA,NA,NA,NA,NA,NA,NA,NA,NA,NA,NA,NA,NA,NA,NA,NA,NA,NA,NA,NA,NA,NA,NA,NA,NA,NA,NA,NA,NA,NA,NA,NA,NA,NA,NA,NA,NA,NA,64.60750853242321,4.949747468305833,45.99180887372014,7.283199846221438,3.484641638225256,0.7071067811865475,0.757679180887372,0.35355339059327373,1.515358361774744,0.7071067811865475,0,0,0,0,Nate,Landman,LAR,LB,27,-2
LB,17147,average,NA,NA,NA,NA,NA,NA,NA,NA,NA,NA,NA,NA,NA,NA,NA,NA,NA,NA,NA,NA,NA,NA,NA,NA,NA,NA,NA,NA,NA,NA,NA,NA,NA,NA,NA,NA,NA,NA,NA,NA,NA,NA,68.4,6.5053823869162395,39.1,5.515432893255069,3.85,2.616295090390226,0.5,0.7071067811865476,0.15,0.21213203435596426,0.15,0.21213203435596426,0,0,Carson,Schwesinger,CLE,LB,22,-5
LB,17147,robust,NA,NA,NA,NA,NA,NA,NA,NA,NA,NA,NA,NA,NA,NA,NA,NA,NA,NA,NA,NA,NA,NA,NA,NA,NA,NA,NA,NA,NA,NA,NA,NA,NA,NA,NA,NA,NA,NA,NA,NA,NA,NA,68.4,6.819960000000002,39.1,5.782139999999997,3.85,2.74281,0.5,0.7413,0.15,0.22238999999999998,0.15,0.22238999999999998,0,0,Carson,Schwesinger,CLE,LB,22,-5
LB,17147,weighted,NA,NA,NA,NA,NA,NA,NA,NA,NA,NA,NA,NA,NA,NA,NA,NA,NA,NA,NA,NA,NA,NA,NA,NA,NA,NA,NA,NA,NA,NA,NA,NA,NA,NA,NA,NA,NA,NA,NA,NA,NA,NA,68.54129692832765,6.505382386916239,39.219795221843,5.515432893255069,3.7931740614334473,2.616295090390226,0.48464163822525597,0.7071067811865475,0.14539249146757677,0.21213203435596423,0.14539249146757677,0.21213203435596423,0,0,Carson,Schwesinger,CLE,LB,22,-5
LB,15846,average,NA,NA,NA,NA,NA,NA,NA,NA,NA,NA,NA,NA,NA,NA,NA,NA,NA,NA,NA,NA,NA,NA,NA,NA,NA,NA,NA,NA,NA,NA,NA,NA,NA,NA,NA,NA,NA,NA,NA,NA,NA,NA,66.85,0.21213203435596223,44.35,5.161879502661795,2.95,1.4849242404917498,0,0,0.6,0.565685424949238,0,0,0,0,Quay,Walker,GBP,LB,25,-2
LB,15846,robust,NA,NA,NA,NA,NA,NA,NA,NA,NA,NA,NA,NA,NA,NA,NA,NA,NA,NA,NA,NA,NA,NA,NA,NA,NA,NA,NA,NA,NA,NA,NA,NA,NA,NA,NA,NA,NA,NA,NA,NA,NA,NA,66.85,0.22238999999999787,44.35,5.411489999999998,2.95,1.55673,0,0,0.6,0.59304,0,0,0,0,Quay,Walker,GBP,LB,25,-2
LB,15846,weighted,NA,NA,NA,NA,NA,NA,NA,NA,NA,NA,NA,NA,NA,NA,NA,NA,NA,NA,NA,NA,NA,NA,NA,NA,NA,NA,NA,NA,NA,NA,NA,NA,NA,NA,NA,NA,NA,NA,NA,NA,NA,NA,66.85460750853242,0.21213203435596223,44.462116040955635,5.161879502661795,2.9822525597269625,1.4849242404917498,0,0,0.6122866894197952,0.565685424949238,0,0,0,0,Quay,Walker,GBP,LB,25,-2
LB,15822,average,NA,NA,NA,NA,NA,NA,NA,NA,NA,NA,NA,NA,NA,NA,NA,NA,NA,NA,NA,NA,NA,NA,NA,NA,NA,NA,NA,NA,NA,NA,NA,NA,NA,NA,NA,NA,NA,NA,NA,NA,NA,NA,65.35,10.818733752154175,48.8,7.353910524340093,5.35,0.9192388155425116,1.35,0.9192388155425119,0.7,0.4242640687119285,0.2,0.28284271247461906,0,0,Devin,Lloyd,JAC,LB,27,-2
LB,15822,robust,NA,NA,NA,NA,NA,NA,NA,NA,NA,NA,NA,NA,NA,NA,NA,NA,NA,NA,NA,NA,NA,NA,NA,NA,NA,NA,NA,NA,NA,NA,NA,NA,NA,NA,NA,NA,NA,NA,NA,NA,NA,NA,65.35,11.341889999999998,48.8,7.709519999999999,5.35,0.9636899999999998,1.35,0.9636899999999999,0.7,0.44477999999999995,0.2,0.29652,0,0,Devin,Lloyd,JAC,LB,27,-2
LB,15822,weighted,NA,NA,NA,NA,NA,NA,NA,NA,NA,NA,NA,NA,NA,NA,NA,NA,NA,NA,NA,NA,NA,NA,NA,NA,NA,NA,NA,NA,NA,NA,NA,NA,NA,NA,NA,NA,NA,NA,NA,NA,NA,NA,65.58498293515359,10.818733752154175,48.95972696245734,7.353910524340093,5.369965870307167,0.9192388155425116,1.3699658703071673,0.9192388155425117,0.7092150170648464,0.42426406871192845,0.19385665529010238,0.282842712474619,0,0,Devin,Lloyd,JAC,LB,27,-2
LB,13697,average,NA,NA,NA,NA,NA,NA,NA,NA,NA,NA,NA,NA,NA,NA,NA,NA,NA,NA,NA,NA,NA,NA,NA,NA,NA,NA,NA,NA,NA,NA,NA,NA,NA,NA,NA,NA,NA,NA,NA,NA,NA,NA,58.7,8.9095454429505,44.8,3.1112698372208083,7.25,0.3535533905932738,1.5,0.7071067811865476,0.9,0.14142135623730948,0.7,0.4242640687119285,0.4,0,Tremaine,Edmunds,CHI,LB,27,2
LB,13697,robust,NA,NA,NA,NA,NA,NA,NA,NA,NA,NA,NA,NA,NA,NA,NA,NA,NA,NA,NA,NA,NA,NA,NA,NA,NA,NA,NA,NA,NA,NA,NA,NA,NA,NA,NA,NA,NA,NA,NA,NA,NA,NA,58.7,9.34038,44.8,3.2617199999999986,7.25,0.37065,1.5,0.7413,0.9,0.14825999999999995,0.7,0.44477999999999995,0.4,0,Tremaine,Edmunds,CHI,LB,27,2
LB,13697,weighted,NA,NA,NA,NA,NA,NA,NA,NA,NA,NA,NA,NA,NA,NA,NA,NA,NA,NA,NA,NA,NA,NA,NA,NA,NA,NA,NA,NA,NA,NA,NA,NA,NA,NA,NA,NA,NA,NA,NA,NA,NA,NA,58.89351535836178,8.909545442950499,44.86757679180888,3.111269837220808,7.242320819112628,0.35355339059327373,1.4846416382252559,0.7071067811865475,0.9030716723549489,0.14142135623730945,0.7092150170648464,0.42426406871192845,0.4,0,Tremaine,Edmunds,CHI,LB,27,2
LB,16236,average,NA,NA,NA,NA,NA,NA,NA,NA,NA,NA,NA,NA,NA,NA,NA,NA,NA,NA,NA,NA,NA,NA,NA,NA,NA,NA,NA,NA,NA,NA,NA,NA,NA,NA,NA,NA,NA,NA,NA,NA,NA,NA,56.9,10.040916292848976,54.05,4.313351365237941,2.5,0.7071067811865476,0.9,0.14142135623730948,0.5,0.7071067811865476,0,0,0,0,Henry,To'oTo'o,HOU,LB,24,-3
LB,16236,robust,NA,NA,NA,NA,NA,NA,NA,NA,NA,NA,NA,NA,NA,NA,NA,NA,NA,NA,NA,NA,NA,NA,NA,NA,NA,NA,NA,NA,NA,NA,NA,NA,NA,NA,NA,NA,NA,NA,NA,NA,NA,NA,56.9,10.526460000000002,54.05,4.521930000000001,2.5,0.7413,0.9,0.14825999999999995,0.5,0.7413,0,0,0,0,Henry,To'oTo'o,HOU,LB,24,-3
LB,16236,weighted,NA,NA,NA,NA,NA,NA,NA,NA,NA,NA,NA,NA,NA,NA,NA,NA,NA,NA,NA,NA,NA,NA,NA,NA,NA,NA,NA,NA,NA,NA,NA,NA,NA,NA,NA,NA,NA,NA,NA,NA,NA,NA,57.11808873720136,10.040916292848976,53.956313993174064,4.31335136523794,2.484641638225256,0.7071067811865475,0.9030716723549489,0.14142135623730945,0.48464163822525597,0.7071067811865475,0,0,0,0,Henry,To'oTo'o,HOU,LB,24,-3
LB,14169,average,NA,NA,NA,NA,NA,NA,NA,NA,NA,NA,NA,NA,NA,NA,NA,NA,NA,NA,NA,NA,NA,NA,NA,NA,NA,NA,NA,NA,NA,NA,NA,NA,NA,NA,NA,NA,NA,NA,NA,NA,NA,NA,51.6,2.2627416997969543,34.75,10.960155108391486,3.95,0.07071067811865482,0.9,0.14142135623730948,0.7,0.4242640687119285,0.7,0.4242640687119285,0,0,Mack,Wilson,ARI,LB,27,1
LB,14169,robust,NA,NA,NA,NA,NA,NA,NA,NA,NA,NA,NA,NA,NA,NA,NA,NA,NA,NA,NA,NA,NA,NA,NA,NA,NA,NA,NA,NA,NA,NA,NA,NA,NA,NA,NA,NA,NA,NA,NA,NA,NA,NA,51.6,2.372160000000002,34.75,11.49015,3.95,0.07413000000000006,0.9,0.14825999999999995,0.7,0.44477999999999995,0.7,0.44477999999999995,0,0,Mack,Wilson,ARI,LB,27,1
LB,14169,weighted,NA,NA,NA,NA,NA,NA,NA,NA,NA,NA,NA,NA,NA,NA,NA,NA,NA,NA,NA,NA,NA,NA,NA,NA,NA,NA,NA,NA,NA,NA,NA,NA,NA,NA,NA,NA,NA,NA,NA,NA,NA,NA,51.55085324232082,2.262741699796954,34.51194539249146,10.960155108391486,3.9515358361774746,0.07071067811865481,0.9030716723549489,0.14142135623730945,0.7092150170648464,0.42426406871192845,0.7092150170648464,0.42426406871192845,0,0,Mack,Wilson,ARI,LB,27,1
LB,15869,average,NA,NA,NA,NA,NA,NA,NA,NA,NA,NA,NA,NA,NA,NA,NA,NA,NA,NA,NA,NA,NA,NA,NA,NA,NA,NA,NA,NA,NA,NA,NA,NA,NA,NA,NA,NA,NA,NA,NA,NA,NA,NA,64.35,17.88980156401965,51.35,7.9903066274079855,3.3,0.9899494936611665,1.65,0.49497474683058323,0.95,0.07071067811865474,0.45,0.6363961030678927,0,0,Terrel,Bernard,BUF,LB,26,-2
LB,15869,robust,NA,NA,NA,NA,NA,NA,NA,NA,NA,NA,NA,NA,NA,NA,NA,NA,NA,NA,NA,NA,NA,NA,NA,NA,NA,NA,NA,NA,NA,NA,NA,NA,NA,NA,NA,NA,NA,NA,NA,NA,NA,NA,64.35,18.754889999999996,51.35,8.376689999999998,3.3,1.03782,1.65,0.51891,0.95,0.07412999999999997,0.45,0.6671699999999999,0,0,Terrel,Bernard,BUF,LB,26,-2
LB,15869,weighted,NA,NA,NA,NA,NA,NA,NA,NA,NA,NA,NA,NA,NA,NA,NA,NA,NA,NA,NA,NA,NA,NA,NA,NA,NA,NA,NA,NA,NA,NA,NA,NA,NA,NA,NA,NA,NA,NA,NA,NA,NA,NA,64.73856655290102,17.88980156401965,51.523549488054606,7.990306627407985,3.3215017064846415,0.9899494936611664,1.6607508532423207,0.4949747468305832,0.9515358361774744,0.07071067811865474,0.4361774744027304,0.6363961030678927,0,0,Terrel,Bernard,BUF,LB,26,-2
LB,15890,average,NA,NA,NA,NA,NA,NA,NA,NA,NA,NA,NA,NA,NA,NA,NA,NA,NA,NA,NA,NA,NA,NA,NA,NA,NA,NA,NA,NA,NA,NA,NA,NA,NA,NA,NA,NA,NA,NA,NA,NA,NA,NA,58.6,4.808326112068521,43.15,2.616295090390228,2.3,0.42426406871192857,0.2,0.28284271247461906,0.7,0.4242640687119285,0.7,0.4242640687119285,0,0,Micah,McFadden,NYG,LB,25,-2
LB,15890,robust,NA,NA,NA,NA,NA,NA,NA,NA,NA,NA,NA,NA,NA,NA,NA,NA,NA,NA,NA,NA,NA,NA,NA,NA,NA,NA,NA,NA,NA,NA,NA,NA,NA,NA,NA,NA,NA,NA,NA,NA,NA,NA,58.6,5.0408399999999975,43.15,2.7428100000000017,2.3,0.44478000000000006,0.2,0.29652,0.7,0.44477999999999995,0.7,0.44477999999999995,0,0,Micah,McFadden,NYG,LB,25,-2
LB,15890,weighted,NA,NA,NA,NA,NA,NA,NA,NA,NA,NA,NA,NA,NA,NA,NA,NA,NA,NA,NA,NA,NA,NA,NA,NA,NA,NA,NA,NA,NA,NA,NA,NA,NA,NA,NA,NA,NA,NA,NA,NA,NA,NA,58.70443686006827,4.808326112068521,43.20682593856655,2.616295090390228,2.2907849829351536,0.42426406871192857,0.19385665529010238,0.282842712474619,0.7092150170648464,0.42426406871192845,0.7092150170648464,0.42426406871192845,0,0,Micah,McFadden,NYG,LB,25,-2
LB,16870,average,NA,NA,NA,NA,NA,NA,NA,NA,NA,NA,NA,NA,NA,NA,NA,NA,NA,NA,NA,NA,NA,NA,NA,NA,NA,NA,NA,NA,NA,NA,NA,NA,NA,NA,NA,NA,NA,NA,NA,NA,NA,NA,53.05,0.07071067811865576,30.4,16.122034611053284,2.4,0.5656854249492379,0,0,1.35,0.49497474683058323,0.5,0.7071067811865476,0,0,Omar,Speights,LAR,LB,24,-4
LB,16870,robust,NA,NA,NA,NA,NA,NA,NA,NA,NA,NA,NA,NA,NA,NA,NA,NA,NA,NA,NA,NA,NA,NA,NA,NA,NA,NA,NA,NA,NA,NA,NA,NA,NA,NA,NA,NA,NA,NA,NA,NA,NA,NA,53.05,0.07413000000000106,30.4,16.901639999999997,2.4,0.5930399999999998,0,0,1.35,0.51891,0.5,0.7413,0,0,Omar,Speights,LAR,LB,24,-4
LB,16870,weighted,NA,NA,NA,NA,NA,NA,NA,NA,NA,NA,NA,NA,NA,NA,NA,NA,NA,NA,NA,NA,NA,NA,NA,NA,NA,NA,NA,NA,NA,NA,NA,NA,NA,NA,NA,NA,NA,NA,NA,NA,NA,NA,53.04846416382252,0.07071067811865575,30.049829351535834,16.122034611053284,2.387713310580205,0.5656854249492379,0,0,1.3392491467576793,0.4949747468305832,0.515358361774744,0.7071067811865475,0,0,Omar,Speights,LAR,LB,24,-4
LB,16722,average,NA,NA,NA,NA,NA,NA,NA,NA,NA,NA,NA,NA,NA,NA,NA,NA,NA,NA,NA,NA,NA,NA,NA,NA,NA,NA,NA,NA,NA,NA,NA,NA,NA,NA,NA,NA,NA,NA,NA,NA,NA,NA,59.1,15.414927829866734,53.75,3.181980515339464,2.25,1.0606601717798212,0,0,0.2,0.28284271247461906,0.2,0.28284271247461906,0,0,Tyrice,Knight,SEA,LB,25,-4
LB,16722,robust,NA,NA,NA,NA,NA,NA,NA,NA,NA,NA,NA,NA,NA,NA,NA,NA,NA,NA,NA,NA,NA,NA,NA,NA,NA,NA,NA,NA,NA,NA,NA,NA,NA,NA,NA,NA,NA,NA,NA,NA,NA,NA,59.1,16.160339999999998,53.75,3.3358499999999998,2.25,1.11195,0,0,0.2,0.29652,0.2,0.29652,0,0,Tyrice,Knight,SEA,LB,25,-4
LB,16722,weighted,NA,NA,NA,NA,NA,NA,NA,NA,NA,NA,NA,NA,NA,NA,NA,NA,NA,NA,NA,NA,NA,NA,NA,NA,NA,NA,NA,NA,NA,NA,NA,NA,NA,NA,NA,NA,NA,NA,NA,NA,NA,NA,59.43481228668943,15.414927829866734,53.81911262798634,3.181980515339464,2.273037542662116,1.0606601717798212,0,0,0.19385665529010238,0.282842712474619,0.19385665529010238,0.282842712474619,0,0,Tyrice,Knight,SEA,LB,25,-4
LB,15821,average,NA,NA,NA,NA,NA,NA,NA,NA,NA,NA,NA,NA,NA,NA,NA,NA,NA,NA,NA,NA,NA,NA,NA,NA,NA,NA,NA,NA,NA,NA,NA,NA,NA,NA,NA,NA,NA,NA,NA,NA,NA,NA,48.65,2.333452377915605,30.7,10.889444430272832,1.85,1.2020815280171309,0.9,0.14142135623730948,1.25,0.3535533905932738,1,0,0,0,Nakobe,Dean,PHI,LB,25,-2
LB,15821,robust,NA,NA,NA,NA,NA,NA,NA,NA,NA,NA,NA,NA,NA,NA,NA,NA,NA,NA,NA,NA,NA,NA,NA,NA,NA,NA,NA,NA,NA,NA,NA,NA,NA,NA,NA,NA,NA,NA,NA,NA,NA,NA,48.65,2.4462899999999976,30.7,11.416019999999998,1.85,1.26021,0.9,0.14825999999999995,1.25,0.37065,1,0,0,0,Nakobe,Dean,PHI,LB,25,-2
LB,15821,weighted,NA,NA,NA,NA,NA,NA,NA,NA,NA,NA,NA,NA,NA,NA,NA,NA,NA,NA,NA,NA,NA,NA,NA,NA,NA,NA,NA,NA,NA,NA,NA,NA,NA,NA,NA,NA,NA,NA,NA,NA,NA,NA,48.59931740614334,2.333452377915605,30.46348122866894,10.88944443027283,1.823890784982935,1.2020815280171309,0.9030716723549489,0.14142135623730945,1.242320819112628,0.35355339059327373,1,0,0,0,Nakobe,Dean,PHI,LB,25,-2
LB,12831,average,NA,NA,NA,NA,NA,NA,NA,NA,NA,NA,NA,NA,NA,NA,NA,NA,NA,NA,NA,NA,NA,NA,NA,NA,NA,NA,NA,NA,NA,NA,NA,NA,NA,NA,NA,NA,NA,NA,NA,NA,NA,NA,55.45,7.848885271170679,37.55,6.434671708797584,1.85,1.2020815280171309,0.3,0.4242640687119285,0.75,0.3535533905932738,0,0,0,0,Elandon,Roberts,LVR,LB,31,4
LB,12831,robust,NA,NA,NA,NA,NA,NA,NA,NA,NA,NA,NA,NA,NA,NA,NA,NA,NA,NA,NA,NA,NA,NA,NA,NA,NA,NA,NA,NA,NA,NA,NA,NA,NA,NA,NA,NA,NA,NA,NA,NA,NA,NA,55.45,8.228430000000001,37.55,6.745830000000001,1.85,1.26021,0.3,0.44477999999999995,0.75,0.37065,0,0,0,0,Elandon,Roberts,LVR,LB,31,4
LB,12831,weighted,NA,NA,NA,NA,NA,NA,NA,NA,NA,NA,NA,NA,NA,NA,NA,NA,NA,NA,NA,NA,NA,NA,NA,NA,NA,NA,NA,NA,NA,NA,NA,NA,NA,NA,NA,NA,NA,NA,NA,NA,NA,NA,55.62047781569965,7.848885271170678,37.41023890784982,6.434671708797583,1.823890784982935,1.2020815280171309,0.29078498293515354,0.42426406871192845,0.757679180887372,0.35355339059327373,0,0,0,0,Elandon,Roberts,LVR,LB,31,4
LB,15387,average,NA,NA,NA,NA,NA,NA,NA,NA,NA,NA,NA,NA,NA,NA,NA,NA,NA,NA,NA,NA,NA,NA,NA,NA,NA,NA,NA,NA,NA,NA,NA,NA,NA,NA,NA,NA,NA,NA,NA,NA,NA,NA,57.4,0.848528137423859,36.3,5.23259018078045,1.4,0.5656854249492381,0.2,0.28284271247461906,0,0,0.5,0.7071067811865476,0,0,Pete,Werner,NOS,LB,26,-1
LB,15387,robust,NA,NA,NA,NA,NA,NA,NA,NA,NA,NA,NA,NA,NA,NA,NA,NA,NA,NA,NA,NA,NA,NA,NA,NA,NA,NA,NA,NA,NA,NA,NA,NA,NA,NA,NA,NA,NA,NA,NA,NA,NA,NA,57.4,0.889560000000002,36.3,5.485619999999999,1.4,0.59304,0.2,0.29652,0,0,0.5,0.7413,0,0,Pete,Werner,NOS,LB,26,-1
LB,15387,weighted,NA,NA,NA,NA,NA,NA,NA,NA,NA,NA,NA,NA,NA,NA,NA,NA,NA,NA,NA,NA,NA,NA,NA,NA,NA,NA,NA,NA,NA,NA,NA,NA,NA,NA,NA,NA,NA,NA,NA,NA,NA,NA,57.41843003412969,0.848528137423859,36.413651877133105,5.23259018078045,1.3877133105802046,0.565685424949238,0.19385665529010238,0.282842712474619,0,0,0.515358361774744,0.7071067811865475,0,0,Pete,Werner,NOS,LB,26,-1
LB,15681,average,NA,NA,NA,NA,NA,NA,NA,NA,NA,NA,NA,NA,NA,NA,NA,NA,NA,NA,NA,NA,NA,NA,NA,NA,NA,NA,NA,NA,NA,NA,NA,NA,NA,NA,NA,NA,NA,NA,NA,NA,NA,NA,46.7,0.9899494936611655,31.9,11.172287142747448,3.25,1.7677669529663689,0.3,0.4242640687119285,0.1,0.14142135623730953,0.5,0.7071067811865476,0,0,Christian,Elliss,NEP,LB,26,-1
LB,15681,robust,NA,NA,NA,NA,NA,NA,NA,NA,NA,NA,NA,NA,NA,NA,NA,NA,NA,NA,NA,NA,NA,NA,NA,NA,NA,NA,NA,NA,NA,NA,NA,NA,NA,NA,NA,NA,NA,NA,NA,NA,NA,NA,46.7,1.0378199999999989,31.9,11.712539999999997,3.25,1.8532499999999998,0.3,0.44477999999999995,0.1,0.14826,0.5,0.7413,0,0,Christian,Elliss,NEP,LB,26,-1
LB,15681,weighted,NA,NA,NA,NA,NA,NA,NA,NA,NA,NA,NA,NA,NA,NA,NA,NA,NA,NA,NA,NA,NA,NA,NA,NA,NA,NA,NA,NA,NA,NA,NA,NA,NA,NA,NA,NA,NA,NA,NA,NA,NA,NA,46.67849829351536,0.9899494936611655,31.65733788395904,11.172287142747448,3.2116040955631395,1.7677669529663687,0.29078498293515354,0.42426406871192845,0.09692832764505119,0.1414213562373095,0.515358361774744,0.7071067811865475,0,0,Christian,Elliss,NEP,LB,26,-1
LB,17125,average,NA,NA,NA,NA,NA,NA,NA,NA,NA,NA,NA,NA,NA,NA,NA,NA,NA,NA,NA,NA,NA,NA,NA,NA,NA,NA,NA,NA,NA,NA,NA,NA,NA,NA,NA,NA,NA,NA,NA,NA,NA,NA,49.5,7.7781745930520225,49.7,10.323759005323595,2.65,0.9192388155425116,0.15,0.21213203435596426,1.2,0.28284271247461895,0,0,0,0,Demetrius,Knight,CIN,LB,25,-5
LB,17125,robust,NA,NA,NA,NA,NA,NA,NA,NA,NA,NA,NA,NA,NA,NA,NA,NA,NA,NA,NA,NA,NA,NA,NA,NA,NA,NA,NA,NA,NA,NA,NA,NA,NA,NA,NA,NA,NA,NA,NA,NA,NA,NA,49.5,8.1543,49.7,10.822980000000001,2.65,0.9636899999999998,0.15,0.22238999999999998,1.2,0.2965199999999999,0,0,0,0,Demetrius,Knight,CIN,LB,25,-5
LB,17125,weighted,NA,NA,NA,NA,NA,NA,NA,NA,NA,NA,NA,NA,NA,NA,NA,NA,NA,NA,NA,NA,NA,NA,NA,NA,NA,NA,NA,NA,NA,NA,NA,NA,NA,NA,NA,NA,NA,NA,NA,NA,NA,NA,49.66894197952218,7.7781745930520225,49.92423208191126,10.323759005323593,2.6300341296928327,0.9192388155425116,0.14539249146757677,0.21213203435596423,1.1938566552901024,0.28284271247461895,0,0,0,0,Demetrius,Knight,CIN,LB,25,-5
LB,16284,average,NA,NA,NA,NA,NA,NA,NA,NA,NA,NA,NA,NA,NA,NA,NA,NA,NA,NA,NA,NA,NA,NA,NA,NA,NA,NA,NA,NA,NA,NA,NA,NA,NA,NA,NA,NA,NA,NA,NA,NA,NA,NA,40.35,10.394469683442251,35.6,5.091168824543144,0.5,0.7071067811865476,0,0,0.35,0.49497474683058323,0.35,0.49497474683058323,0,0,Dorian,Williams,BUF,LB,24,-3
LB,16284,robust,NA,NA,NA,NA,NA,NA,NA,NA,NA,NA,NA,NA,NA,NA,NA,NA,NA,NA,NA,NA,NA,NA,NA,NA,NA,NA,NA,NA,NA,NA,NA,NA,NA,NA,NA,NA,NA,NA,NA,NA,NA,NA,40.35,10.897110000000001,35.6,5.337360000000002,0.5,0.7413,0,0,0.35,0.51891,0.35,0.51891,0,0,Dorian,Williams,BUF,LB,24,-3
LB,16284,weighted,NA,NA,NA,NA,NA,NA,NA,NA,NA,NA,NA,NA,NA,NA,NA,NA,NA,NA,NA,NA,NA,NA,NA,NA,NA,NA,NA,NA,NA,NA,NA,NA,NA,NA,NA,NA,NA,NA,NA,NA,NA,NA,40.12423208191126,10.39446968344225,35.48941979522184,5.091168824543144,0.515358361774744,0.7071067811865475,0,0,0.33924914675767914,0.4949747468305832,0.33924914675767914,0.4949747468305832,0,0,Dorian,Williams,BUF,LB,24,-3
LB,14257,average,NA,NA,NA,NA,NA,NA,NA,NA,NA,NA,NA,NA,NA,NA,NA,NA,NA,NA,NA,NA,NA,NA,NA,NA,NA,NA,NA,NA,NA,NA,NA,NA,NA,NA,NA,NA,NA,NA,NA,NA,NA,NA,41.2,8.768124086713188,26.65,6.576093065034892,2.15,1.6263455967290592,0.3,0.4242640687119285,0,0,0,0,0,0,E.J.,Speed,HOU,LB,30,1
LB,14257,robust,NA,NA,NA,NA,NA,NA,NA,NA,NA,NA,NA,NA,NA,NA,NA,NA,NA,NA,NA,NA,NA,NA,NA,NA,NA,NA,NA,NA,NA,NA,NA,NA,NA,NA,NA,NA,NA,NA,NA,NA,NA,NA,41.2,9.19212,26.65,6.89409,2.15,1.7049899999999998,0.3,0.44477999999999995,0,0,0,0,0,0,E.J.,Speed,HOU,LB,30,1
LB,14257,weighted,NA,NA,NA,NA,NA,NA,NA,NA,NA,NA,NA,NA,NA,NA,NA,NA,NA,NA,NA,NA,NA,NA,NA,NA,NA,NA,NA,NA,NA,NA,NA,NA,NA,NA,NA,NA,NA,NA,NA,NA,NA,NA,41.00955631399317,8.768124086713188,26.50716723549488,6.576093065034891,2.1146757679180888,1.626345596729059,0.29078498293515354,0.42426406871192845,0,0,0,0,0,0,E.J.,Speed,HOU,LB,30,1
LB,15396,average,NA,NA,NA,NA,NA,NA,NA,NA,NA,NA,NA,NA,NA,NA,NA,NA,NA,NA,NA,NA,NA,NA,NA,NA,NA,NA,NA,NA,NA,NA,NA,NA,NA,NA,NA,NA,NA,NA,NA,NA,NA,NA,50.9,5.798275605729692,31,4.242640687119285,2.4,0.5656854249492379,0.5,0.7071067811865476,0.5,0.7071067811865476,0,0,0,0,Divine,Deablo,ATL,LB,27,-1
LB,15396,robust,NA,NA,NA,NA,NA,NA,NA,NA,NA,NA,NA,NA,NA,NA,NA,NA,NA,NA,NA,NA,NA,NA,NA,NA,NA,NA,NA,NA,NA,NA,NA,NA,NA,NA,NA,NA,NA,NA,NA,NA,NA,NA,50.9,6.078660000000002,31,4.4478,2.4,0.5930399999999998,0.5,0.7413,0.5,0.7413,0,0,0,0,Divine,Deablo,ATL,LB,27,-1
LB,15396,weighted,NA,NA,NA,NA,NA,NA,NA,NA,NA,NA,NA,NA,NA,NA,NA,NA,NA,NA,NA,NA,NA,NA,NA,NA,NA,NA,NA,NA,NA,NA,NA,NA,NA,NA,NA,NA,NA,NA,NA,NA,NA,NA,51.025938566552895,5.798275605729692,30.907849829351534,4.242640687119285,2.387713310580205,0.5656854249492379,0.515358361774744,0.7071067811865475,0.515358361774744,0.7071067811865475,0,0,0,0,Divine,Deablo,ATL,LB,27,-1
LB,14235,average,NA,NA,NA,NA,NA,NA,NA,NA,NA,NA,NA,NA,NA,NA,NA,NA,NA,NA,NA,NA,NA,NA,NA,NA,NA,NA,NA,NA,NA,NA,NA,NA,NA,NA,NA,NA,NA,NA,NA,NA,NA,NA,48.85,5.868986283848343,33.15,1.6263455967290572,1.15,0.21213203435596428,0,0,0.95,0.07071067811865474,0.95,0.07071067811865474,0,0,Drue,Tranquill,KCC,LB,30,1
LB,14235,robust,NA,NA,NA,NA,NA,NA,NA,NA,NA,NA,NA,NA,NA,NA,NA,NA,NA,NA,NA,NA,NA,NA,NA,NA,NA,NA,NA,NA,NA,NA,NA,NA,NA,NA,NA,NA,NA,NA,NA,NA,NA,NA,48.85,6.152789999999998,33.15,1.7049899999999978,1.15,0.22239000000000003,0,0,0.95,0.07412999999999997,0.95,0.07412999999999997,0,0,Drue,Tranquill,KCC,LB,30,1
LB,14235,weighted,NA,NA,NA,NA,NA,NA,NA,NA,NA,NA,NA,NA,NA,NA,NA,NA,NA,NA,NA,NA,NA,NA,NA,NA,NA,NA,NA,NA,NA,NA,NA,NA,NA,NA,NA,NA,NA,NA,NA,NA,NA,NA,48.97747440273038,5.868986283848342,33.114675767918094,1.6263455967290572,1.1453924914675768,0.21213203435596428,0,0,0.9515358361774744,0.07071067811865474,0.9515358361774744,0.07071067811865474,0,0,Drue,Tranquill,KCC,LB,30,1
LB,16716,average,NA,NA,NA,NA,NA,NA,NA,NA,NA,NA,NA,NA,NA,NA,NA,NA,NA,NA,NA,NA,NA,NA,NA,NA,NA,NA,NA,NA,NA,NA,NA,NA,NA,NA,NA,NA,NA,NA,NA,NA,NA,NA,52.3,9.475230867899736,33.45,7.848885271170679,2.15,0.21213203435596414,1.05,0.07071067811865482,1,0,1,0,1,0,Payton,Wilson,PIT,LB,25,-4
LB,16716,robust,NA,NA,NA,NA,NA,NA,NA,NA,NA,NA,NA,NA,NA,NA,NA,NA,NA,NA,NA,NA,NA,NA,NA,NA,NA,NA,NA,NA,NA,NA,NA,NA,NA,NA,NA,NA,NA,NA,NA,NA,NA,NA,52.3,9.933419999999998,33.45,8.228430000000001,2.15,0.22238999999999987,1.05,0.07413000000000006,1,0,1,0,1,0,Payton,Wilson,PIT,LB,25,-4
LB,16716,weighted,NA,NA,NA,NA,NA,NA,NA,NA,NA,NA,NA,NA,NA,NA,NA,NA,NA,NA,NA,NA,NA,NA,NA,NA,NA,NA,NA,NA,NA,NA,NA,NA,NA,NA,NA,NA,NA,NA,NA,NA,NA,NA,52.50580204778157,9.475230867899736,33.62047781569966,7.848885271170678,2.1453924914675766,0.21213203435596412,1.0484641638225258,0.07071067811865481,1,0,1,0,1,0,Payton,Wilson,PIT,LB,25,-4
LB,16707,average,NA,NA,NA,NA,NA,NA,NA,NA,NA,NA,NA,NA,NA,NA,NA,NA,NA,NA,NA,NA,NA,NA,NA,NA,NA,NA,NA,NA,NA,NA,NA,NA,NA,NA,NA,NA,NA,NA,NA,NA,NA,NA,37.05,2.899137802864846,24.05,8.555992052357226,1.55,0.7778174593052023,0,0,2.15,1.6263455967290592,0.5,0.7071067811865476,0,0,Marist,Liufau,DAL,LB,24,-4
LB,16707,robust,NA,NA,NA,NA,NA,NA,NA,NA,NA,NA,NA,NA,NA,NA,NA,NA,NA,NA,NA,NA,NA,NA,NA,NA,NA,NA,NA,NA,NA,NA,NA,NA,NA,NA,NA,NA,NA,NA,NA,NA,NA,NA,37.05,3.039330000000001,24.05,8.96973,1.55,0.81543,0,0,2.15,1.7049899999999998,0.5,0.7413,0,0,Marist,Liufau,DAL,LB,24,-4
LB,16707,weighted,NA,NA,NA,NA,NA,NA,NA,NA,NA,NA,NA,NA,NA,NA,NA,NA,NA,NA,NA,NA,NA,NA,NA,NA,NA,NA,NA,NA,NA,NA,NA,NA,NA,NA,NA,NA,NA,NA,NA,NA,NA,NA,36.98703071672355,2.899137802864846,23.864163822525597,8.555992052357226,1.5331058020477815,0.7778174593052023,0,0,2.1146757679180888,1.626345596729059,0.48464163822525597,0.7071067811865475,0,0,Marist,Liufau,DAL,LB,24,-4
LB,16704,average,NA,NA,NA,NA,NA,NA,NA,NA,NA,NA,NA,NA,NA,NA,NA,NA,NA,NA,NA,NA,NA,NA,NA,NA,NA,NA,NA,NA,NA,NA,NA,NA,NA,NA,NA,NA,NA,NA,NA,NA,NA,NA,50.75,17.324116139070416,42.85,11.525840533340721,2.2,0.28284271247461895,0,0,1.25,0.3535533905932738,0.35,0.49497474683058323,0,0,Trevin,Wallace,CAR,LB,22,-4
LB,16704,robust,NA,NA,NA,NA,NA,NA,NA,NA,NA,NA,NA,NA,NA,NA,NA,NA,NA,NA,NA,NA,NA,NA,NA,NA,NA,NA,NA,NA,NA,NA,NA,NA,NA,NA,NA,NA,NA,NA,NA,NA,NA,NA,50.75,18.161849999999998,42.85,12.083189999999997,2.2,0.2965199999999999,0,0,1.25,0.37065,0.35,0.51891,0,0,Trevin,Wallace,CAR,LB,22,-4
LB,16704,weighted,NA,NA,NA,NA,NA,NA,NA,NA,NA,NA,NA,NA,NA,NA,NA,NA,NA,NA,NA,NA,NA,NA,NA,NA,NA,NA,NA,NA,NA,NA,NA,NA,NA,NA,NA,NA,NA,NA,NA,NA,NA,NA,51.12627986348123,17.324116139070412,43.10034129692833,11.525840533340721,2.1938566552901024,0.28284271247461895,0,0,1.242320819112628,0.35355339059327373,0.33924914675767914,0.4949747468305832,0,0,Trevin,Wallace,CAR,LB,22,-4
LB,14943,average,NA,NA,NA,NA,NA,NA,NA,NA,NA,NA,NA,NA,NA,NA,NA,NA,NA,NA,NA,NA,NA,NA,NA,NA,NA,NA,NA,NA,NA,NA,NA,NA,NA,NA,NA,NA,NA,NA,NA,NA,NA,NA,40.05,7.00035713374682,30.85,8.273149339882607,3.75,1.0606601717798212,0.9,0.14142135623730948,1.05,0.07071067811865482,0,0,0,0,Akeem,Davis-Gaither,ARI,LB,28,0
LB,14943,robust,NA,NA,NA,NA,NA,NA,NA,NA,NA,NA,NA,NA,NA,NA,NA,NA,NA,NA,NA,NA,NA,NA,NA,NA,NA,NA,NA,NA,NA,NA,NA,NA,NA,NA,NA,NA,NA,NA,NA,NA,NA,NA,40.05,7.338869999999998,30.85,8.673210000000001,3.75,1.11195,0.9,0.14825999999999995,1.05,0.07413000000000006,0,0,0,0,Akeem,Davis-Gaither,ARI,LB,28,0
LB,14943,weighted,NA,NA,NA,NA,NA,NA,NA,NA,NA,NA,NA,NA,NA,NA,NA,NA,NA,NA,NA,NA,NA,NA,NA,NA,NA,NA,NA,NA,NA,NA,NA,NA,NA,NA,NA,NA,NA,NA,NA,NA,NA,NA,40.202047781569966,7.000357133746819,30.670307167235496,8.273149339882607,3.726962457337884,1.0606601717798212,0.9030716723549489,0.14142135623730945,1.0484641638225258,0.07071067811865481,0,0,0,0,Akeem,Davis-Gaither,ARI,LB,28,0
LB,16234,average,NA,NA,NA,NA,NA,NA,NA,NA,NA,NA,NA,NA,NA,NA,NA,NA,NA,NA,NA,NA,NA,NA,NA,NA,NA,NA,NA,NA,NA,NA,NA,NA,NA,NA,NA,NA,NA,NA,NA,NA,NA,NA,43.45,9.263098833543774,35.95,5.727564927611036,2.75,0.3535533905932738,0,0,0.2,0.28284271247461906,0.2,0.28284271247461906,0,0,Trenton,Simpson,BAL,LB,24,-3
LB,16234,robust,NA,NA,NA,NA,NA,NA,NA,NA,NA,NA,NA,NA,NA,NA,NA,NA,NA,NA,NA,NA,NA,NA,NA,NA,NA,NA,NA,NA,NA,NA,NA,NA,NA,NA,NA,NA,NA,NA,NA,NA,NA,NA,43.45,9.711030000000001,35.95,6.004530000000001,2.75,0.37065,0,0,0.2,0.29652,0.2,0.29652,0,0,Trenton,Simpson,BAL,LB,24,-3
LB,16234,weighted,NA,NA,NA,NA,NA,NA,NA,NA,NA,NA,NA,NA,NA,NA,NA,NA,NA,NA,NA,NA,NA,NA,NA,NA,NA,NA,NA,NA,NA,NA,NA,NA,NA,NA,NA,NA,NA,NA,NA,NA,NA,NA,43.65119453924915,9.263098833543772,36.07440273037543,5.727564927611036,2.757679180887372,0.35355339059327373,0,0,0.19385665529010238,0.282842712474619,0.19385665529010238,0.282842712474619,0,0,Trenton,Simpson,BAL,LB,24,-3
LB,15473,average,NA,NA,NA,NA,NA,NA,NA,NA,NA,NA,NA,NA,NA,NA,NA,NA,NA,NA,NA,NA,NA,NA,NA,NA,NA,NA,NA,NA,NA,NA,NA,NA,NA,NA,NA,NA,NA,NA,NA,NA,NA,NA,40.65,8.980256121069155,40.7,0.9899494936611655,2.05,0.07071067811865482,0.1,0.14142135623730953,0.15,0.21213203435596426,0.1,0.14142135623730953,0,0,Isaiah,McDuffie,GBP,LB,26,-1
LB,15473,robust,NA,NA,NA,NA,NA,NA,NA,NA,NA,NA,NA,NA,NA,NA,NA,NA,NA,NA,NA,NA,NA,NA,NA,NA,NA,NA,NA,NA,NA,NA,NA,NA,NA,NA,NA,NA,NA,NA,NA,NA,NA,NA,40.65,9.414510000000002,40.7,1.0378199999999989,2.05,0.07413000000000006,0.1,0.14826,0.15,0.22238999999999998,0.1,0.14826,0,0,Isaiah,McDuffie,GBP,LB,26,-1
LB,15473,weighted,NA,NA,NA,NA,NA,NA,NA,NA,NA,NA,NA,NA,NA,NA,NA,NA,NA,NA,NA,NA,NA,NA,NA,NA,NA,NA,NA,NA,NA,NA,NA,NA,NA,NA,NA,NA,NA,NA,NA,NA,NA,NA,40.84505119453925,8.980256121069155,40.67849829351536,0.9899494936611655,2.0484641638225254,0.07071067811865481,0.09692832764505119,0.1414213562373095,0.14539249146757677,0.21213203435596423,0.09692832764505119,0.1414213562373095,0,0,Isaiah,McDuffie,GBP,LB,26,-1
LB,15975,average,NA,NA,NA,NA,NA,NA,NA,NA,NA,NA,NA,NA,NA,NA,NA,NA,NA,NA,NA,NA,NA,NA,NA,NA,NA,NA,NA,NA,NA,NA,NA,NA,NA,NA,NA,NA,NA,NA,NA,NA,NA,NA,55.25,29.34493141924172,30.9,1.272792206135786,2.45,0.6363961030678927,0.4,0.5656854249492381,0.25,0.3535533905932738,0.25,0.3535533905932738,0.3,0,Jack,Sanborn,DAL,LB,25,-2
LB,15975,robust,NA,NA,NA,NA,NA,NA,NA,NA,NA,NA,NA,NA,NA,NA,NA,NA,NA,NA,NA,NA,NA,NA,NA,NA,NA,NA,NA,NA,NA,NA,NA,NA,NA,NA,NA,NA,NA,NA,NA,NA,NA,NA,55.25,30.763949999999998,30.9,1.3343400000000005,2.45,0.6671699999999999,0.4,0.59304,0.25,0.37065,0.25,0.37065,0.3,0,Jack,Sanborn,DAL,LB,25,-2
LB,15975,weighted,NA,NA,NA,NA,NA,NA,NA,NA,NA,NA,NA,NA,NA,NA,NA,NA,NA,NA,NA,NA,NA,NA,NA,NA,NA,NA,NA,NA,NA,NA,NA,NA,NA,NA,NA,NA,NA,NA,NA,NA,NA,NA,55.88737201365188,29.34493141924172,30.872354948805462,1.272792206135786,2.4361774744027307,0.6363961030678926,0.38771331058020475,0.565685424949238,0.24232081911262798,0.35355339059327373,0.24232081911262798,0.35355339059327373,0.3,0,Jack,Sanborn,DAL,LB,25,-2
LB,14889,average,NA,NA,NA,NA,NA,NA,NA,NA,NA,NA,NA,NA,NA,NA,NA,NA,NA,NA,NA,NA,NA,NA,NA,NA,NA,NA,NA,NA,NA,NA,NA,NA,NA,NA,NA,NA,NA,NA,NA,NA,NA,NA,42.55,7.707463914933367,27.5,4.949747468305833,1.45,0.7778174593052023,0.55,0.6363961030678927,0.9,0.14142135623730948,0.25,0.3535533905932738,0,0,Kenneth,Murray,DAL,LB,27,0
LB,14889,robust,NA,NA,NA,NA,NA,NA,NA,NA,NA,NA,NA,NA,NA,NA,NA,NA,NA,NA,NA,NA,NA,NA,NA,NA,NA,NA,NA,NA,NA,NA,NA,NA,NA,NA,NA,NA,NA,NA,NA,NA,NA,NA,42.55,8.080169999999999,27.5,5.1891,1.45,0.81543,0.55,0.6671699999999999,0.9,0.14825999999999995,0.25,0.37065,0,0,Kenneth,Murray,DAL,LB,27,0
LB,14889,weighted,NA,NA,NA,NA,NA,NA,NA,NA,NA,NA,NA,NA,NA,NA,NA,NA,NA,NA,NA,NA,NA,NA,NA,NA,NA,NA,NA,NA,NA,NA,NA,NA,NA,NA,NA,NA,NA,NA,NA,NA,NA,NA,42.717406143344704,7.707463914933367,27.607508532423203,4.949747468305833,1.4668941979522183,0.7778174593052022,0.5638225255972696,0.6363961030678927,0.9030716723549489,0.14142135623730945,0.24232081911262798,0.35355339059327373,0,0,Kenneth,Murray,DAL,LB,27,0
LB,15831,average,NA,NA,NA,NA,NA,NA,NA,NA,NA,NA,NA,NA,NA,NA,NA,NA,NA,NA,NA,NA,NA,NA,NA,NA,NA,NA,NA,NA,NA,NA,NA,NA,NA,NA,NA,NA,NA,NA,NA,NA,NA,NA,37.7,4.666904755831214,20.85,1.6263455967290599,2.15,0.21213203435596414,0.5,0.7071067811865476,2.25,0.3535533905932738,0,0,0,0,Leo,Chenal,KCC,LB,25,-2
LB,15831,robust,NA,NA,NA,NA,NA,NA,NA,NA,NA,NA,NA,NA,NA,NA,NA,NA,NA,NA,NA,NA,NA,NA,NA,NA,NA,NA,NA,NA,NA,NA,NA,NA,NA,NA,NA,NA,NA,NA,NA,NA,NA,NA,37.7,4.892580000000001,20.85,1.7049900000000004,2.15,0.22238999999999987,0.5,0.7413,2.25,0.37065,0,0,0,0,Leo,Chenal,KCC,LB,25,-2
LB,15831,weighted,NA,NA,NA,NA,NA,NA,NA,NA,NA,NA,NA,NA,NA,NA,NA,NA,NA,NA,NA,NA,NA,NA,NA,NA,NA,NA,NA,NA,NA,NA,NA,NA,NA,NA,NA,NA,NA,NA,NA,NA,NA,NA,37.80136518771331,4.666904755831214,20.88532423208191,1.6263455967290597,2.1453924914675766,0.21213203435596412,0.515358361774744,0.7071067811865475,2.2423208191126283,0.35355339059327373,0,0,0,0,Leo,Chenal,KCC,LB,25,-2
LB,14200,average,NA,NA,NA,NA,NA,NA,NA,NA,NA,NA,NA,NA,NA,NA,NA,NA,NA,NA,NA,NA,NA,NA,NA,NA,NA,NA,NA,NA,NA,NA,NA,NA,NA,NA,NA,NA,NA,NA,NA,NA,NA,NA,32.15,11.101576464628796,23.8,1.1313708498984771,1.2,0.28284271247461895,0.05,0.07071067811865477,0,0,0,0,0,0,Jahlani,Tavai,NEP,LB,29,1
LB,14200,robust,NA,NA,NA,NA,NA,NA,NA,NA,NA,NA,NA,NA,NA,NA,NA,NA,NA,NA,NA,NA,NA,NA,NA,NA,NA,NA,NA,NA,NA,NA,NA,NA,NA,NA,NA,NA,NA,NA,NA,NA,NA,NA,32.15,11.638409999999999,23.8,1.186080000000001,1.2,0.2965199999999999,0.05,0.07413,0,0,0,0,0,0,Jahlani,Tavai,NEP,LB,29,1
LB,14200,weighted,NA,NA,NA,NA,NA,NA,NA,NA,NA,NA,NA,NA,NA,NA,NA,NA,NA,NA,NA,NA,NA,NA,NA,NA,NA,NA,NA,NA,NA,NA,NA,NA,NA,NA,NA,NA,NA,NA,NA,NA,NA,NA,32.391126279863485,11.101576464628796,23.77542662116041,1.131370849898477,1.1938566552901024,0.28284271247461895,0.048464163822525594,0.07071067811865475,0,0,0,0,0,0,Jahlani,Tavai,NEP,LB,29,1
LB,13307,average,NA,NA,NA,NA,NA,NA,NA,NA,NA,NA,NA,NA,NA,NA,NA,NA,NA,NA,NA,NA,NA,NA,NA,NA,NA,NA,NA,NA,NA,NA,NA,NA,NA,NA,NA,NA,NA,NA,NA,NA,NA,NA,26.5,12.020815280171307,19.25,1.0606601717798212,1,1.4142135623730951,0.5,0.7071067811865476,0.5,0.7071067811865476,0,0,0,0,Matt,Milano,BUF,LB,31,3
LB,13307,robust,NA,NA,NA,NA,NA,NA,NA,NA,NA,NA,NA,NA,NA,NA,NA,NA,NA,NA,NA,NA,NA,NA,NA,NA,NA,NA,NA,NA,NA,NA,NA,NA,NA,NA,NA,NA,NA,NA,NA,NA,NA,NA,26.5,12.6021,19.25,1.11195,1,1.4826,0.5,0.7413,0.5,0.7413,0,0,0,0,Matt,Milano,BUF,LB,31,3
LB,13307,weighted,NA,NA,NA,NA,NA,NA,NA,NA,NA,NA,NA,NA,NA,NA,NA,NA,NA,NA,NA,NA,NA,NA,NA,NA,NA,NA,NA,NA,NA,NA,NA,NA,NA,NA,NA,NA,NA,NA,NA,NA,NA,NA,26.761092150170647,12.020815280171309,19.273037542662117,1.0606601717798212,1.030716723549488,1.414213562373095,0.515358361774744,0.7071067811865475,0.515358361774744,0.7071067811865475,0,0,0,0,Matt,Milano,BUF,LB,31,3
LB,13706,average,NA,NA,NA,NA,NA,NA,NA,NA,NA,NA,NA,NA,NA,NA,NA,NA,NA,NA,NA,NA,NA,NA,NA,NA,NA,NA,NA,NA,NA,NA,NA,NA,NA,NA,NA,NA,NA,NA,NA,NA,NA,NA,36.55,27.506453788156698,23.2,9.616652224137047,3.1,1.2727922061357855,0.5,0.7071067811865476,0.5,0.7071067811865476,0.5,0.7071067811865476,0,0,Jerome,Baker,CLE,LB,29,2
LB,13706,robust,NA,NA,NA,NA,NA,NA,NA,NA,NA,NA,NA,NA,NA,NA,NA,NA,NA,NA,NA,NA,NA,NA,NA,NA,NA,NA,NA,NA,NA,NA,NA,NA,NA,NA,NA,NA,NA,NA,NA,NA,NA,NA,36.55,28.83657,23.2,10.08168,3.1,1.3343399999999999,0.5,0.7413,0.5,0.7413,0.5,0.7413,0,0,Jerome,Baker,CLE,LB,29,2
LB,13706,weighted,NA,NA,NA,NA,NA,NA,NA,NA,NA,NA,NA,NA,NA,NA,NA,NA,NA,NA,NA,NA,NA,NA,NA,NA,NA,NA,NA,NA,NA,NA,NA,NA,NA,NA,NA,NA,NA,NA,NA,NA,NA,NA,37.147440273037546,27.506453788156694,23.408873720136523,9.616652224137047,3.1276450511945395,1.2727922061357853,0.515358361774744,0.7071067811865475,0.515358361774744,0.7071067811865475,0.515358361774744,0.7071067811865475,0,0,Jerome,Baker,CLE,LB,29,2
LB,15858,average,NA,NA,NA,NA,NA,NA,NA,NA,NA,NA,NA,NA,NA,NA,NA,NA,NA,NA,NA,NA,NA,NA,NA,NA,NA,NA,NA,NA,NA,NA,NA,NA,NA,NA,NA,NA,NA,NA,NA,NA,NA,NA,28.6,11.879393923933998,17.3,3.818376618407357,1.1,1.2727922061357855,0.1,0.14142135623730953,0.5,0.7071067811865476,0,0,0.2,0,Troy,Andersen,ATL,LB,26,-2
LB,15858,robust,NA,NA,NA,NA,NA,NA,NA,NA,NA,NA,NA,NA,NA,NA,NA,NA,NA,NA,NA,NA,NA,NA,NA,NA,NA,NA,NA,NA,NA,NA,NA,NA,NA,NA,NA,NA,NA,NA,NA,NA,NA,NA,28.6,12.45384,17.3,4.00302,1.1,1.3343399999999999,0.1,0.14826,0.5,0.7413,0,0,0.2,0,Troy,Andersen,ATL,LB,26,-2
LB,15858,weighted,NA,NA,NA,NA,NA,NA,NA,NA,NA,NA,NA,NA,NA,NA,NA,NA,NA,NA,NA,NA,NA,NA,NA,NA,NA,NA,NA,NA,NA,NA,NA,NA,NA,NA,NA,NA,NA,NA,NA,NA,NA,NA,28.8580204778157,11.879393923933998,17.382935153583617,3.8183766184073566,1.1276450511945393,1.2727922061357855,0.09692832764505119,0.1414213562373095,0.515358361774744,0.7071067811865475,0,0,0.2,0,Troy,Andersen,ATL,LB,26,-2
LB,16283,average,NA,NA,NA,NA,NA,NA,NA,NA,NA,NA,NA,NA,NA,NA,NA,NA,NA,NA,NA,NA,NA,NA,NA,NA,NA,NA,NA,NA,NA,NA,NA,NA,NA,NA,NA,NA,NA,NA,NA,NA,NA,NA,27.3,13.717871555019022,13.15,5.444722215136416,1.5,0.7071067811865476,0,0,0.6,0.565685424949238,0,0,0,0,DeMarvion,Overshown,DAL,LB,25,-3
LB,16283,robust,NA,NA,NA,NA,NA,NA,NA,NA,NA,NA,NA,NA,NA,NA,NA,NA,NA,NA,NA,NA,NA,NA,NA,NA,NA,NA,NA,NA,NA,NA,NA,NA,NA,NA,NA,NA,NA,NA,NA,NA,NA,NA,27.3,14.381219999999999,13.15,5.708009999999999,1.5,0.7413,0,0,0.6,0.59304,0,0,0,0,DeMarvion,Overshown,DAL,LB,25,-3
LB,16283,weighted,NA,NA,NA,NA,NA,NA,NA,NA,NA,NA,NA,NA,NA,NA,NA,NA,NA,NA,NA,NA,NA,NA,NA,NA,NA,NA,NA,NA,NA,NA,NA,NA,NA,NA,NA,NA,NA,NA,NA,NA,NA,NA,27.597952218430034,13.71787155501902,13.26825938566553,5.444722215136415,1.515358361774744,0.7071067811865475,0,0,0.6122866894197952,0.565685424949238,0,0,0,0,DeMarvion,Overshown,DAL,LB,25,-3
LB,14247,average,NA,NA,NA,NA,NA,NA,NA,NA,NA,NA,NA,NA,NA,NA,NA,NA,NA,NA,NA,NA,NA,NA,NA,NA,NA,NA,NA,NA,NA,NA,NA,NA,NA,NA,NA,NA,NA,NA,NA,NA,NA,NA,47.5,45.96194077712559,32.55,23.26381310103741,1.9,1.5556349186104046,0.5,0.7071067811865476,0.5,0.7071067811865476,0.5,0.7071067811865476,0,0,Dre,Greenlaw,DEN,LB,28,1
LB,14247,robust,NA,NA,NA,NA,NA,NA,NA,NA,NA,NA,NA,NA,NA,NA,NA,NA,NA,NA,NA,NA,NA,NA,NA,NA,NA,NA,NA,NA,NA,NA,NA,NA,NA,NA,NA,NA,NA,NA,NA,NA,NA,NA,47.5,48.1845,32.55,24.388769999999997,1.9,1.63086,0.5,0.7413,0.5,0.7413,0.5,0.7413,0,0,Dre,Greenlaw,DEN,LB,28,1
LB,14247,weighted,NA,NA,NA,NA,NA,NA,NA,NA,NA,NA,NA,NA,NA,NA,NA,NA,NA,NA,NA,NA,NA,NA,NA,NA,NA,NA,NA,NA,NA,NA,NA,NA,NA,NA,NA,NA,NA,NA,NA,NA,NA,NA,48.49829351535837,45.96194077712559,33.05529010238908,23.26381310103741,1.9337883959044369,1.5556349186104044,0.515358361774744,0.7071067811865475,0.515358361774744,0.7071067811865475,0.515358361774744,0.7071067811865475,0,0,Dre,Greenlaw,DEN,LB,28,1
LB,16667,average,NA,NA,NA,NA,NA,NA,NA,NA,NA,NA,NA,NA,NA,NA,NA,NA,NA,NA,NA,NA,NA,NA,NA,NA,NA,NA,NA,NA,NA,NA,NA,NA,NA,NA,NA,NA,NA,NA,NA,NA,NA,NA,36.25,29.34493141924172,22.25,10.960155108391486,1.5,2.1213203435596424,0,0,0.5,0.7071067811865476,0,0,0,0,Cedric,Gray,TEN,LB,23,-4
LB,16667,robust,NA,NA,NA,NA,NA,NA,NA,NA,NA,NA,NA,NA,NA,NA,NA,NA,NA,NA,NA,NA,NA,NA,NA,NA,NA,NA,NA,NA,NA,NA,NA,NA,NA,NA,NA,NA,NA,NA,NA,NA,NA,NA,36.25,30.763949999999998,22.25,11.49015,1.5,2.2239,0,0,0.5,0.7413,0,0,0,0,Cedric,Gray,TEN,LB,23,-4
LB,16667,weighted,NA,NA,NA,NA,NA,NA,NA,NA,NA,NA,NA,NA,NA,NA,NA,NA,NA,NA,NA,NA,NA,NA,NA,NA,NA,NA,NA,NA,NA,NA,NA,NA,NA,NA,NA,NA,NA,NA,NA,NA,NA,NA,36.88737201365188,29.34493141924172,22.488054607508534,10.960155108391486,1.546075085324232,2.1213203435596424,0,0,0.515358361774744,0.7071067811865475,0,0,0,0,Cedric,Gray,TEN,LB,23,-4
LB,16665,average,NA,NA,NA,NA,NA,NA,NA,NA,NA,NA,NA,NA,NA,NA,NA,NA,NA,NA,NA,NA,NA,NA,NA,NA,NA,NA,NA,NA,NA,NA,NA,NA,NA,NA,NA,NA,NA,NA,NA,NA,NA,NA,33.7,24.465894629054546,16.2,8.202438661763951,1.7,0.42426406871192857,0,0,0.5,0.7071067811865476,0,0,0,0,Junior,Colson,LAC,LB,23,-4
LB,16665,robust,NA,NA,NA,NA,NA,NA,NA,NA,NA,NA,NA,NA,NA,NA,NA,NA,NA,NA,NA,NA,NA,NA,NA,NA,NA,NA,NA,NA,NA,NA,NA,NA,NA,NA,NA,NA,NA,NA,NA,NA,NA,NA,33.7,25.648979999999998,16.2,8.599079999999999,1.7,0.44478000000000006,0,0,0.5,0.7413,0,0,0,0,Junior,Colson,LAC,LB,23,-4
LB,16665,weighted,NA,NA,NA,NA,NA,NA,NA,NA,NA,NA,NA,NA,NA,NA,NA,NA,NA,NA,NA,NA,NA,NA,NA,NA,NA,NA,NA,NA,NA,NA,NA,NA,NA,NA,NA,NA,NA,NA,NA,NA,NA,NA,34.231399317406144,24.465894629054546,16.37815699658703,8.202438661763951,1.7092150170648461,0.42426406871192857,0,0,0.515358361774744,0.7071067811865475,0,0,0,0,Junior,Colson,LAC,LB,23,-4
LB,17123,average,NA,NA,NA,NA,NA,NA,NA,NA,NA,NA,NA,NA,NA,NA,NA,NA,NA,NA,NA,NA,NA,NA,NA,NA,NA,NA,NA,NA,NA,NA,NA,NA,NA,NA,NA,NA,NA,NA,NA,NA,NA,NA,25.6,18.950461735799475,17.25,10.960155108391486,0.95,0.07071067811865474,0,0,0.85,0.21213203435596428,0,0,0,0,Jihaad,Campbell,PHI,LB,21,-5
LB,17123,robust,NA,NA,NA,NA,NA,NA,NA,NA,NA,NA,NA,NA,NA,NA,NA,NA,NA,NA,NA,NA,NA,NA,NA,NA,NA,NA,NA,NA,NA,NA,NA,NA,NA,NA,NA,NA,NA,NA,NA,NA,NA,NA,25.6,19.86684,17.25,11.49015,0.95,0.07412999999999997,0,0,0.85,0.22239000000000003,0,0,0,0,Jihaad,Campbell,PHI,LB,21,-5
LB,17123,weighted,NA,NA,NA,NA,NA,NA,NA,NA,NA,NA,NA,NA,NA,NA,NA,NA,NA,NA,NA,NA,NA,NA,NA,NA,NA,NA,NA,NA,NA,NA,NA,NA,NA,NA,NA,NA,NA,NA,NA,NA,NA,NA,26.01160409556314,18.950461735799472,17.48805460750853,10.960155108391486,0.9515358361774744,0.07071067811865474,0,0,0.8546075085324231,0.21213203435596428,0,0,0,0,Jihaad,Campbell,PHI,LB,21,-5
LB,14168,average,NA,NA,NA,NA,NA,NA,NA,NA,NA,NA,NA,NA,NA,NA,NA,NA,NA,NA,NA,NA,NA,NA,NA,NA,NA,NA,NA,NA,NA,NA,NA,NA,NA,NA,NA,NA,NA,NA,NA,NA,NA,NA,38,31.11269837220809,19.7,21.637467504308354,1,1.4142135623730951,0,0,0.5,0.7071067811865476,0,0,0,0,Devin,White,LVR,LB,27,1
LB,14168,robust,NA,NA,NA,NA,NA,NA,NA,NA,NA,NA,NA,NA,NA,NA,NA,NA,NA,NA,NA,NA,NA,NA,NA,NA,NA,NA,NA,NA,NA,NA,NA,NA,NA,NA,NA,NA,NA,NA,NA,NA,NA,NA,38,32.6172,19.7,22.68378,1,1.4826,0,0,0.5,0.7413,0,0,0,0,Devin,White,LVR,LB,27,1
LB,14168,weighted,NA,NA,NA,NA,NA,NA,NA,NA,NA,NA,NA,NA,NA,NA,NA,NA,NA,NA,NA,NA,NA,NA,NA,NA,NA,NA,NA,NA,NA,NA,NA,NA,NA,NA,NA,NA,NA,NA,NA,NA,NA,NA,38.675767918088745,31.11269837220809,20.16996587030717,21.63746750430835,1.030716723549488,1.414213562373095,0,0,0.515358361774744,0.7071067811865475,0,0,0,0,Devin,White,LVR,LB,27,1
LB,17178,average,NA,NA,NA,NA,NA,NA,NA,NA,NA,NA,NA,NA,NA,NA,NA,NA,NA,NA,NA,NA,NA,NA,NA,NA,NA,NA,NA,NA,NA,NA,NA,NA,NA,NA,NA,NA,NA,NA,NA,NA,NA,NA,16.65,11.808683245815343,14.75,4.596194077712559,1.6,0.5656854249492381,0,0,0,0,0,0,0,0,Cody,Simon,ARI,LB,23,-5
LB,17178,robust,NA,NA,NA,NA,NA,NA,NA,NA,NA,NA,NA,NA,NA,NA,NA,NA,NA,NA,NA,NA,NA,NA,NA,NA,NA,NA,NA,NA,NA,NA,NA,NA,NA,NA,NA,NA,NA,NA,NA,NA,NA,NA,16.65,12.37971,14.75,4.8184499999999995,1.6,0.59304,0,0,0,0,0,0,0,0,Cody,Simon,ARI,LB,23,-5
LB,17178,weighted,NA,NA,NA,NA,NA,NA,NA,NA,NA,NA,NA,NA,NA,NA,NA,NA,NA,NA,NA,NA,NA,NA,NA,NA,NA,NA,NA,NA,NA,NA,NA,NA,NA,NA,NA,NA,NA,NA,NA,NA,NA,NA,16.906484641638226,11.808683245815342,14.849829351535837,4.596194077712559,1.6122866894197951,0.5656854249492381,0,0,0,0,0,0,0,0,Cody,Simon,ARI,LB,23,-5
LB,16738,average,NA,NA,NA,NA,NA,NA,NA,NA,NA,NA,NA,NA,NA,NA,NA,NA,NA,NA,NA,NA,NA,NA,NA,NA,NA,NA,NA,NA,NA,NA,NA,NA,NA,NA,NA,NA,NA,NA,NA,NA,NA,NA,37.35,43.34564568673537,21.45,26.233661582020915,1.5,2.1213203435596424,0,0,0.5,0.7071067811865476,0,0,0.6,0,Jaylon,Carlies,IND,LB,24,-4
LB,16738,robust,NA,NA,NA,NA,NA,NA,NA,NA,NA,NA,NA,NA,NA,NA,NA,NA,NA,NA,NA,NA,NA,NA,NA,NA,NA,NA,NA,NA,NA,NA,NA,NA,NA,NA,NA,NA,NA,NA,NA,NA,NA,NA,37.35,45.441689999999994,21.45,27.50223,1.5,2.2239,0,0,0.5,0.7413,0,0,0.6,0,Jaylon,Carlies,IND,LB,24,-4
LB,16738,weighted,NA,NA,NA,NA,NA,NA,NA,NA,NA,NA,NA,NA,NA,NA,NA,NA,NA,NA,NA,NA,NA,NA,NA,NA,NA,NA,NA,NA,NA,NA,NA,NA,NA,NA,NA,NA,NA,NA,NA,NA,NA,NA,38.2914675767918,43.34564568673537,22.019795221843005,26.233661582020915,1.546075085324232,2.1213203435596424,0,0,0.515358361774744,0.7071067811865475,0,0,0.6,0,Jaylon,Carlies,IND,LB,24,-4
LB,16009,average,NA,NA,NA,NA,NA,NA,NA,NA,NA,NA,NA,NA,NA,NA,NA,NA,NA,NA,NA,NA,NA,NA,NA,NA,NA,NA,NA,NA,NA,NA,NA,NA,NA,NA,NA,NA,NA,NA,NA,NA,NA,NA,27.65,35.85031380615796,14.5,17.67766952966369,1,1.4142135623730951,0,0,0.5,0.7071067811865476,0,0,0,0,Jack,Gibbens,NEP,LB,27,-2
LB,16009,robust,NA,NA,NA,NA,NA,NA,NA,NA,NA,NA,NA,NA,NA,NA,NA,NA,NA,NA,NA,NA,NA,NA,NA,NA,NA,NA,NA,NA,NA,NA,NA,NA,NA,NA,NA,NA,NA,NA,NA,NA,NA,NA,27.65,37.58391,14.5,18.5325,1,1.4826,0,0,0.5,0.7413,0,0,0,0,Jack,Gibbens,NEP,LB,27,-2
LB,16009,weighted,NA,NA,NA,NA,NA,NA,NA,NA,NA,NA,NA,NA,NA,NA,NA,NA,NA,NA,NA,NA,NA,NA,NA,NA,NA,NA,NA,NA,NA,NA,NA,NA,NA,NA,NA,NA,NA,NA,NA,NA,NA,NA,28.42866894197952,35.850313806157956,14.8839590443686,17.67766952966369,1.030716723549488,1.414213562373095,0,0,0.515358361774744,0.7071067811865475,0,0,0,0,Jack,Gibbens,NEP,LB,27,-2
DB,13251,average,NA,NA,NA,NA,NA,NA,NA,NA,NA,NA,NA,NA,NA,NA,NA,NA,NA,NA,NA,NA,NA,NA,NA,NA,NA,NA,NA,NA,NA,NA,NA,NA,NA,NA,NA,NA,NA,NA,NA,NA,NA,NA,90.7,3.8183766184073606,55.75,9.545941546018392,3.55,0.7778174593052021,0.6,0.565685424949238,1.05,0.07071067811865482,0,0,0,0,Budda,Baker,ARI,S,29,3
DB,13251,robust,NA,NA,NA,NA,NA,NA,NA,NA,NA,NA,NA,NA,NA,NA,NA,NA,NA,NA,NA,NA,NA,NA,NA,NA,NA,NA,NA,NA,NA,NA,NA,NA,NA,NA,NA,NA,NA,NA,NA,NA,NA,NA,90.7,4.003020000000004,55.75,10.00755,3.55,0.8154299999999997,0.6,0.59304,1.05,0.07413000000000006,0,0,0,0,Budda,Baker,ARI,S,29,3
DB,13251,weighted,NA,NA,NA,NA,NA,NA,NA,NA,NA,NA,NA,NA,NA,NA,NA,NA,NA,NA,NA,NA,NA,NA,NA,NA,NA,NA,NA,NA,NA,NA,NA,NA,NA,NA,NA,NA,NA,NA,NA,NA,NA,NA,90.6170648464164,3.8183766184073606,55.542662116040965,9.54594154601839,3.5331058020477815,0.777817459305202,0.6122866894197952,0.565685424949238,1.0484641638225258,0.07071067811865481,0,0,0,0,Budda,Baker,ARI,S,29,3
DB,16244,average,NA,NA,NA,NA,NA,NA,NA,NA,NA,NA,NA,NA,NA,NA,NA,NA,NA,NA,NA,NA,NA,NA,NA,NA,NA,NA,NA,NA,NA,NA,NA,NA,NA,NA,NA,NA,NA,NA,NA,NA,NA,NA,82.3,6.081118318204305,31.75,1.7677669529663689,14.1,1.272792206135786,3.8,1.1313708498984758,1.55,0.7778174593052023,0.5,0.7071067811865476,0,0,Brian,Branch,DET,S,24,-3
DB,16244,robust,NA,NA,NA,NA,NA,NA,NA,NA,NA,NA,NA,NA,NA,NA,NA,NA,NA,NA,NA,NA,NA,NA,NA,NA,NA,NA,NA,NA,NA,NA,NA,NA,NA,NA,NA,NA,NA,NA,NA,NA,NA,NA,82.3,6.375179999999996,31.75,1.8532499999999998,14.1,1.3343400000000005,3.8,1.1860799999999996,1.55,0.81543,0.5,0.7413,0,0,Brian,Branch,DET,S,24,-3
DB,16244,weighted,NA,NA,NA,NA,NA,NA,NA,NA,NA,NA,NA,NA,NA,NA,NA,NA,NA,NA,NA,NA,NA,NA,NA,NA,NA,NA,NA,NA,NA,NA,NA,NA,NA,NA,NA,NA,NA,NA,NA,NA,NA,NA,82.1679180887372,6.081118318204305,31.78839590443686,1.7677669529663687,14.127645051194541,1.272792206135786,3.7754266211604093,1.1313708498984758,1.5331058020477815,0.7778174593052023,0.515358361774744,0.7071067811865475,0,0,Brian,Branch,DET,S,24,-3
DB,12752,average,NA,NA,NA,NA,NA,NA,NA,NA,NA,NA,NA,NA,NA,NA,NA,NA,NA,NA,NA,NA,NA,NA,NA,NA,NA,NA,NA,NA,NA,NA,NA,NA,NA,NA,NA,NA,NA,NA,NA,NA,NA,NA,79,11.313708498984761,45.8,5.374011537017762,7.1,1.5556349186104041,1.7,0.42426406871192857,0.95,0.07071067811865474,0.95,0.07071067811865474,0,0,Kevin,Byard,CHI,S,32,4
DB,12752,robust,NA,NA,NA,NA,NA,NA,NA,NA,NA,NA,NA,NA,NA,NA,NA,NA,NA,NA,NA,NA,NA,NA,NA,NA,NA,NA,NA,NA,NA,NA,NA,NA,NA,NA,NA,NA,NA,NA,NA,NA,NA,NA,79,11.8608,45.8,5.6338800000000004,7.1,1.6308599999999993,1.7,0.44478000000000006,0.95,0.07412999999999997,0.95,0.07412999999999997,0,0,Kevin,Byard,CHI,S,32,4
DB,12752,weighted,NA,NA,NA,NA,NA,NA,NA,NA,NA,NA,NA,NA,NA,NA,NA,NA,NA,NA,NA,NA,NA,NA,NA,NA,NA,NA,NA,NA,NA,NA,NA,NA,NA,NA,NA,NA,NA,NA,NA,NA,NA,NA,78.7542662116041,11.31370849898476,45.68327645051195,5.374011537017762,7.066211604095563,1.555634918610404,1.7092150170648461,0.42426406871192857,0.9515358361774744,0.07071067811865474,0.9515358361774744,0.07071067811865474,0,0,Kevin,Byard,CHI,S,32,4
DB,14909,average,NA,NA,NA,NA,NA,NA,NA,NA,NA,NA,NA,NA,NA,NA,NA,NA,NA,NA,NA,NA,NA,NA,NA,NA,NA,NA,NA,NA,NA,NA,NA,NA,NA,NA,NA,NA,NA,NA,NA,NA,NA,NA,76,8.48528137423857,40.05,2.899137802864846,8,0,2,0,2.7,0.42426406871192857,1.55,0.6363961030678927,0,0,Antoine,Winfield,TBB,S,27,0
DB,14909,robust,NA,NA,NA,NA,NA,NA,NA,NA,NA,NA,NA,NA,NA,NA,NA,NA,NA,NA,NA,NA,NA,NA,NA,NA,NA,NA,NA,NA,NA,NA,NA,NA,NA,NA,NA,NA,NA,NA,NA,NA,NA,NA,76,8.8956,40.05,3.039330000000001,8,0,2,0,2.7,0.44478000000000006,1.55,0.6671699999999999,0,0,Antoine,Winfield,TBB,S,27,0
DB,14909,weighted,NA,NA,NA,NA,NA,NA,NA,NA,NA,NA,NA,NA,NA,NA,NA,NA,NA,NA,NA,NA,NA,NA,NA,NA,NA,NA,NA,NA,NA,NA,NA,NA,NA,NA,NA,NA,NA,NA,NA,NA,NA,NA,75.81569965870307,8.48528137423857,39.987030716723545,2.899137802864846,8,0,2,0,2.709215017064846,0.42426406871192857,1.5638225255972698,0.6363961030678926,0,0,Antoine,Winfield,TBB,S,27,0
DB,15872,average,NA,NA,NA,NA,NA,NA,NA,NA,NA,NA,NA,NA,NA,NA,NA,NA,NA,NA,NA,NA,NA,NA,NA,NA,NA,NA,NA,NA,NA,NA,NA,NA,NA,NA,NA,NA,NA,NA,NA,NA,NA,NA,63.5,21.920310216782973,27.4,9.050966799187806,8.15,5.868986283848345,3.3,1.8384776310850233,1.95,0.07071067811865482,0.5,0.7071067811865476,1.3,0,Coby,Bryant,SEA,S,26,-2
DB,15872,robust,NA,NA,NA,NA,NA,NA,NA,NA,NA,NA,NA,NA,NA,NA,NA,NA,NA,NA,NA,NA,NA,NA,NA,NA,NA,NA,NA,NA,NA,NA,NA,NA,NA,NA,NA,NA,NA,NA,NA,NA,NA,NA,63.5,22.9803,27.4,9.488639999999997,8.15,6.15279,3.3,1.9273799999999996,1.95,0.07413000000000006,0.5,0.7413,1.3,0,Coby,Bryant,SEA,S,26,-2
DB,15872,weighted,NA,NA,NA,NA,NA,NA,NA,NA,NA,NA,NA,NA,NA,NA,NA,NA,NA,NA,NA,NA,NA,NA,NA,NA,NA,NA,NA,NA,NA,NA,NA,NA,NA,NA,NA,NA,NA,NA,NA,NA,NA,NA,63.02389078498293,21.920310216782973,27.203412969283274,9.050966799187806,8.022525597269626,5.868986283848345,3.260068259385665,1.8384776310850233,1.9515358361774744,0.07071067811865481,0.515358361774744,0.7071067811865475,1.3,0,Coby,Bryant,SEA,S,26,-2
DB,13737,average,NA,NA,NA,NA,NA,NA,NA,NA,NA,NA,NA,NA,NA,NA,NA,NA,NA,NA,NA,NA,NA,NA,NA,NA,NA,NA,NA,NA,NA,NA,NA,NA,NA,NA,NA,NA,NA,NA,NA,NA,NA,NA,73.2,4.5254833995939086,41.3,0.9899494936611655,9.75,0.3535533905932738,4,0,2.6,0.8485281374238571,0.8,0.28284271247461906,1.4,0,Jessie,Bates,ATL,S,28,2
DB,13737,robust,NA,NA,NA,NA,NA,NA,NA,NA,NA,NA,NA,NA,NA,NA,NA,NA,NA,NA,NA,NA,NA,NA,NA,NA,NA,NA,NA,NA,NA,NA,NA,NA,NA,NA,NA,NA,NA,NA,NA,NA,NA,NA,73.2,4.744320000000004,41.3,1.0378199999999989,9.75,0.37065,4,0,2.6,0.8895600000000001,0.8,0.29652,1.4,0,Jessie,Bates,ATL,S,28,2
DB,13737,weighted,NA,NA,NA,NA,NA,NA,NA,NA,NA,NA,NA,NA,NA,NA,NA,NA,NA,NA,NA,NA,NA,NA,NA,NA,NA,NA,NA,NA,NA,NA,NA,NA,NA,NA,NA,NA,NA,NA,NA,NA,NA,NA,73.10170648464164,4.525483399593908,41.32150170648464,0.9899494936611655,9.757679180887372,0.35355339059327373,4,0,2.5815699658703073,0.8485281374238571,0.8061433447098976,0.28284271247461906,1.4,0,Jessie,Bates,ATL,S,28,2
DB,14910,average,NA,NA,NA,NA,NA,NA,NA,NA,NA,NA,NA,NA,NA,NA,NA,NA,NA,NA,NA,NA,NA,NA,NA,NA,NA,NA,NA,NA,NA,NA,NA,NA,NA,NA,NA,NA,NA,NA,NA,NA,NA,NA,76.5,14.849242404917497,33.5,10.606601717798213,6.15,0.21213203435596414,1.75,0.3535533905932738,0.9,0.14142135623730948,0.85,0.21213203435596428,0,0,Brandon,Jones,DEN,S,27,0
DB,14910,robust,NA,NA,NA,NA,NA,NA,NA,NA,NA,NA,NA,NA,NA,NA,NA,NA,NA,NA,NA,NA,NA,NA,NA,NA,NA,NA,NA,NA,NA,NA,NA,NA,NA,NA,NA,NA,NA,NA,NA,NA,NA,NA,76.5,15.5673,33.5,11.119499999999999,6.15,0.22238999999999987,1.75,0.37065,0.9,0.14825999999999995,0.85,0.22239000000000003,0,0,Brandon,Jones,DEN,S,27,0
DB,14910,weighted,NA,NA,NA,NA,NA,NA,NA,NA,NA,NA,NA,NA,NA,NA,NA,NA,NA,NA,NA,NA,NA,NA,NA,NA,NA,NA,NA,NA,NA,NA,NA,NA,NA,NA,NA,NA,NA,NA,NA,NA,NA,NA,76.17747440273038,14.849242404917497,33.26962457337884,10.606601717798213,6.145392491467576,0.21213203435596412,1.7576791808873717,0.35355339059327373,0.9030716723549489,0.14142135623730945,0.8546075085324231,0.21213203435596428,0,0,Brandon,Jones,DEN,S,27,0
DB,14179,average,NA,NA,NA,NA,NA,NA,NA,NA,NA,NA,NA,NA,NA,NA,NA,NA,NA,NA,NA,NA,NA,NA,NA,NA,NA,NA,NA,NA,NA,NA,NA,NA,NA,NA,NA,NA,NA,NA,NA,NA,NA,NA,78.5,2.1213203435596424,33.8,3.1112698372208083,12.35,1.9091883092036779,3.25,0.3535533905932738,2.15,0.21213203435596414,1,0,0,0,Julian,Love,SEA,S,27,1
DB,14179,robust,NA,NA,NA,NA,NA,NA,NA,NA,NA,NA,NA,NA,NA,NA,NA,NA,NA,NA,NA,NA,NA,NA,NA,NA,NA,NA,NA,NA,NA,NA,NA,NA,NA,NA,NA,NA,NA,NA,NA,NA,NA,NA,78.5,2.2239,33.8,3.2617199999999986,12.35,2.0015099999999992,3.25,0.37065,2.15,0.22238999999999987,1,0,0,0,Julian,Love,SEA,S,27,1
DB,14179,weighted,NA,NA,NA,NA,NA,NA,NA,NA,NA,NA,NA,NA,NA,NA,NA,NA,NA,NA,NA,NA,NA,NA,NA,NA,NA,NA,NA,NA,NA,NA,NA,NA,NA,NA,NA,NA,NA,NA,NA,NA,NA,NA,78.54607508532423,2.1213203435596424,33.86757679180887,3.111269837220808,12.308532423208192,1.9091883092036777,3.242320819112628,0.35355339059327373,2.1453924914675766,0.21213203435596412,1,0,0,0,Julian,Love,SEA,S,27,1
DB,15834,average,NA,NA,NA,NA,NA,NA,NA,NA,NA,NA,NA,NA,NA,NA,NA,NA,NA,NA,NA,NA,NA,NA,NA,NA,NA,NA,NA,NA,NA,NA,NA,NA,NA,NA,NA,NA,NA,NA,NA,NA,NA,NA,79.5,2.1213203435596424,29.75,3.8890872965260113,10.7,0.9899494936611668,2.35,0.4949747468305834,1.05,0.07071067811865482,0.25,0.3535533905932738,0.5,0,Kyle,Hamilton,BAL,S,24,-2
DB,15834,robust,NA,NA,NA,NA,NA,NA,NA,NA,NA,NA,NA,NA,NA,NA,NA,NA,NA,NA,NA,NA,NA,NA,NA,NA,NA,NA,NA,NA,NA,NA,NA,NA,NA,NA,NA,NA,NA,NA,NA,NA,NA,NA,79.5,2.2239,29.75,4.07715,10.7,1.0378200000000002,2.35,0.5189100000000001,1.05,0.07413000000000006,0.25,0.37065,0.5,0,Kyle,Hamilton,BAL,S,24,-2
DB,15834,weighted,NA,NA,NA,NA,NA,NA,NA,NA,NA,NA,NA,NA,NA,NA,NA,NA,NA,NA,NA,NA,NA,NA,NA,NA,NA,NA,NA,NA,NA,NA,NA,NA,NA,NA,NA,NA,NA,NA,NA,NA,NA,NA,79.45392491467578,2.1213203435596424,29.66552901023891,3.8890872965260113,10.678498293515359,0.9899494936611668,2.3392491467576795,0.4949747468305834,1.0484641638225258,0.07071067811865481,0.24232081911262798,0.35355339059327373,0.5,0,Kyle,Hamilton,BAL,S,24,-2
DB,15365,average,NA,NA,NA,NA,NA,NA,NA,NA,NA,NA,NA,NA,NA,NA,NA,NA,NA,NA,NA,NA,NA,NA,NA,NA,NA,NA,NA,NA,NA,NA,NA,NA,NA,NA,NA,NA,NA,NA,NA,NA,NA,NA,69,7.0710678118654755,40,9.899494936611665,9.95,1.3435028842544405,2.2,0.28284271247461895,0,0,0.5,0.7071067811865476,0,0,Trevon,Moehrig,CAR,S,26,-1
DB,15365,robust,NA,NA,NA,NA,NA,NA,NA,NA,NA,NA,NA,NA,NA,NA,NA,NA,NA,NA,NA,NA,NA,NA,NA,NA,NA,NA,NA,NA,NA,NA,NA,NA,NA,NA,NA,NA,NA,NA,NA,NA,NA,NA,69,7.412999999999999,40,10.3782,9.95,1.4084700000000001,2.2,0.2965199999999999,0,0,0.5,0.7413,0,0,Trevon,Moehrig,CAR,S,26,-1
DB,15365,weighted,NA,NA,NA,NA,NA,NA,NA,NA,NA,NA,NA,NA,NA,NA,NA,NA,NA,NA,NA,NA,NA,NA,NA,NA,NA,NA,NA,NA,NA,NA,NA,NA,NA,NA,NA,NA,NA,NA,NA,NA,NA,NA,68.84641638225256,7.071067811865475,39.784982935153586,9.899494936611664,9.920819112627985,1.3435028842544405,2.1938566552901024,0.28284271247461895,0,0,0.515358361774744,0.7071067811865475,0,0,Trevon,Moehrig,CAR,S,26,-1
DB,15839,average,NA,NA,NA,NA,NA,NA,NA,NA,NA,NA,NA,NA,NA,NA,NA,NA,NA,NA,NA,NA,NA,NA,NA,NA,NA,NA,NA,NA,NA,NA,NA,NA,NA,NA,NA,NA,NA,NA,NA,NA,NA,NA,70.3,0.42426406871192446,44.95,4.171930009000629,4.85,1.2020815280171309,3.5,2.1213203435596424,0.85,0.21213203435596428,0.1,0.14142135623730953,0,0,Nick,Cross,IND,S,24,-2
DB,15839,robust,NA,NA,NA,NA,NA,NA,NA,NA,NA,NA,NA,NA,NA,NA,NA,NA,NA,NA,NA,NA,NA,NA,NA,NA,NA,NA,NA,NA,NA,NA,NA,NA,NA,NA,NA,NA,NA,NA,NA,NA,NA,NA,70.3,0.44477999999999573,44.95,4.373669999999999,4.85,1.26021,3.5,2.2239,0.85,0.22239000000000003,0.1,0.14826,0,0,Nick,Cross,IND,S,24,-2
DB,15839,weighted,NA,NA,NA,NA,NA,NA,NA,NA,NA,NA,NA,NA,NA,NA,NA,NA,NA,NA,NA,NA,NA,NA,NA,NA,NA,NA,NA,NA,NA,NA,NA,NA,NA,NA,NA,NA,NA,NA,NA,NA,NA,NA,70.29078498293515,0.42426406871192446,44.85938566552901,4.171930009000629,4.823890784982935,1.2020815280171309,3.4539249146757682,2.1213203435596424,0.8546075085324231,0.21213203435596428,0.09692832764505119,0.1414213562373095,0,0,Nick,Cross,IND,S,24,-2
DB,14213,average,NA,NA,NA,NA,NA,NA,NA,NA,NA,NA,NA,NA,NA,NA,NA,NA,NA,NA,NA,NA,NA,NA,NA,NA,NA,NA,NA,NA,NA,NA,NA,NA,NA,NA,NA,NA,NA,NA,NA,NA,NA,NA,63,21.213203435596427,21.2,3.1112698372208083,9.45,9.121677477306463,1.5,0.7071067811865476,0.9,1.2727922061357855,0.3,0.4242640687119285,0,0,Will,Harris,WAS,S,30,1
DB,14213,robust,NA,NA,NA,NA,NA,NA,NA,NA,NA,NA,NA,NA,NA,NA,NA,NA,NA,NA,NA,NA,NA,NA,NA,NA,NA,NA,NA,NA,NA,NA,NA,NA,NA,NA,NA,NA,NA,NA,NA,NA,NA,NA,63,22.238999999999997,21.2,3.2617199999999986,9.45,9.56277,1.5,0.7413,0.9,1.3343399999999999,0.3,0.44477999999999995,0,0,Will,Harris,WAS,S,30,1
DB,14213,weighted,NA,NA,NA,NA,NA,NA,NA,NA,NA,NA,NA,NA,NA,NA,NA,NA,NA,NA,NA,NA,NA,NA,NA,NA,NA,NA,NA,NA,NA,NA,NA,NA,NA,NA,NA,NA,NA,NA,NA,NA,NA,NA,62.539249146757676,21.213203435596423,21.132423208191124,3.111269837220808,9.251877133105802,9.121677477306463,1.4846416382252559,0.7071067811865475,0.8723549488054608,1.2727922061357855,0.29078498293515354,0.42426406871192845,0,0,Will,Harris,WAS,S,30,1
DB,15871,average,NA,NA,NA,NA,NA,NA,NA,NA,NA,NA,NA,NA,NA,NA,NA,NA,NA,NA,NA,NA,NA,NA,NA,NA,NA,NA,NA,NA,NA,NA,NA,NA,NA,NA,NA,NA,NA,NA,NA,NA,NA,NA,68.8,8.202438661763948,24,2.8284271247461903,11.45,0.636396103067893,6,0,0.65,0.4949747468305833,0,0,1,0,Kerby,Joseph,DET,S,25,-2
DB,15871,robust,NA,NA,NA,NA,NA,NA,NA,NA,NA,NA,NA,NA,NA,NA,NA,NA,NA,NA,NA,NA,NA,NA,NA,NA,NA,NA,NA,NA,NA,NA,NA,NA,NA,NA,NA,NA,NA,NA,NA,NA,NA,NA,68.8,8.599079999999995,24,2.9652,11.45,0.6671700000000003,6,0,0.65,0.51891,0,0,1,0,Kerby,Joseph,DET,S,25,-2
DB,15871,weighted,NA,NA,NA,NA,NA,NA,NA,NA,NA,NA,NA,NA,NA,NA,NA,NA,NA,NA,NA,NA,NA,NA,NA,NA,NA,NA,NA,NA,NA,NA,NA,NA,NA,NA,NA,NA,NA,NA,NA,NA,NA,NA,68.62184300341296,8.202438661763948,23.938566552901023,2.82842712474619,11.436177474402731,0.636396103067893,6,0,0.6607508532423209,0.4949747468305833,0,0,1,0,Kerby,Joseph,DET,S,25,-2
DB,14927,average,NA,NA,NA,NA,NA,NA,NA,NA,NA,NA,NA,NA,NA,NA,NA,NA,NA,NA,NA,NA,NA,NA,NA,NA,NA,NA,NA,NA,NA,NA,NA,NA,NA,NA,NA,NA,NA,NA,NA,NA,NA,NA,74,0,36.6,3.676955262170049,6.5,2.1213203435596424,1.3,0.42426406871192857,0.9,1.2727922061357855,0.75,0.3535533905932738,0,0,Jeremy,Chinn,LVR,S,27,0
DB,14927,robust,NA,NA,NA,NA,NA,NA,NA,NA,NA,NA,NA,NA,NA,NA,NA,NA,NA,NA,NA,NA,NA,NA,NA,NA,NA,NA,NA,NA,NA,NA,NA,NA,NA,NA,NA,NA,NA,NA,NA,NA,NA,NA,74,0,36.6,3.854760000000002,6.5,2.2239,1.3,0.44478000000000006,0.9,1.3343399999999999,0.75,0.37065,0,0,Jeremy,Chinn,LVR,S,27,0
DB,14927,weighted,NA,NA,NA,NA,NA,NA,NA,NA,NA,NA,NA,NA,NA,NA,NA,NA,NA,NA,NA,NA,NA,NA,NA,NA,NA,NA,NA,NA,NA,NA,NA,NA,NA,NA,NA,NA,NA,NA,NA,NA,NA,NA,74,0,36.52013651877133,3.676955262170049,6.453924914675769,2.1213203435596424,1.2907849829351536,0.42426406871192857,0.8723549488054608,1.2727922061357855,0.757679180887372,0.35355339059327373,0,0,Jeremy,Chinn,LVR,S,27,0
DB,13714,average,NA,NA,NA,NA,NA,NA,NA,NA,NA,NA,NA,NA,NA,NA,NA,NA,NA,NA,NA,NA,NA,NA,NA,NA,NA,NA,NA,NA,NA,NA,NA,NA,NA,NA,NA,NA,NA,NA,NA,NA,NA,NA,74,1.4142135623730951,38.3,2.4041630560342604,7.2,0.2828427124746193,1.2,0.28284271247461895,0.5,0.7071067811865476,0.5,0.7071067811865476,0,0,Derwin,James,LAC,S,29,2
DB,13714,robust,NA,NA,NA,NA,NA,NA,NA,NA,NA,NA,NA,NA,NA,NA,NA,NA,NA,NA,NA,NA,NA,NA,NA,NA,NA,NA,NA,NA,NA,NA,NA,NA,NA,NA,NA,NA,NA,NA,NA,NA,NA,NA,74,1.4826,38.3,2.5204199999999988,7.2,0.29652000000000023,1.2,0.2965199999999999,0.5,0.7413,0.5,0.7413,0,0,Derwin,James,LAC,S,29,2
DB,13714,weighted,NA,NA,NA,NA,NA,NA,NA,NA,NA,NA,NA,NA,NA,NA,NA,NA,NA,NA,NA,NA,NA,NA,NA,NA,NA,NA,NA,NA,NA,NA,NA,NA,NA,NA,NA,NA,NA,NA,NA,NA,NA,NA,73.96928327645051,1.414213562373095,38.35221843003413,2.4041630560342604,7.193856655290103,0.28284271247461923,1.1938566552901024,0.28284271247461895,0.515358361774744,0.7071067811865475,0.515358361774744,0.7071067811865475,0,0,Derwin,James,LAC,S,29,2
DB,15835,average,NA,NA,NA,NA,NA,NA,NA,NA,NA,NA,NA,NA,NA,NA,NA,NA,NA,NA,NA,NA,NA,NA,NA,NA,NA,NA,NA,NA,NA,NA,NA,NA,NA,NA,NA,NA,NA,NA,NA,NA,NA,NA,68.3,4.66690475583121,39.25,2.4748737341529163,5.85,2.616295090390226,1.55,0.7778174593052023,1.75,1.0606601717798212,1.05,0.07071067811865482,0,0,Jaquan,Brisker,CHI,S,26,-2
DB,15835,robust,NA,NA,NA,NA,NA,NA,NA,NA,NA,NA,NA,NA,NA,NA,NA,NA,NA,NA,NA,NA,NA,NA,NA,NA,NA,NA,NA,NA,NA,NA,NA,NA,NA,NA,NA,NA,NA,NA,NA,NA,NA,NA,68.3,4.892579999999995,39.25,2.59455,5.85,2.74281,1.55,0.81543,1.75,1.11195,1.05,0.07413000000000006,0,0,Jaquan,Brisker,CHI,S,26,-2
DB,15835,weighted,NA,NA,NA,NA,NA,NA,NA,NA,NA,NA,NA,NA,NA,NA,NA,NA,NA,NA,NA,NA,NA,NA,NA,NA,NA,NA,NA,NA,NA,NA,NA,NA,NA,NA,NA,NA,NA,NA,NA,NA,NA,NA,68.19863481228668,4.66690475583121,39.3037542662116,2.4748737341529163,5.793174061433447,2.616295090390226,1.5331058020477815,0.7778174593052023,1.7269624573378841,1.0606601717798212,1.0484641638225258,0.07071067811865481,0,0,Jaquan,Brisker,CHI,S,26,-2
DB,12772,average,NA,NA,NA,NA,NA,NA,NA,NA,NA,NA,NA,NA,NA,NA,NA,NA,NA,NA,NA,NA,NA,NA,NA,NA,NA,NA,NA,NA,NA,NA,NA,NA,NA,NA,NA,NA,NA,NA,NA,NA,NA,NA,61.3,18.80904037956216,32,8.48528137423857,7.9,5.515432893255071,0.75,0.3535533905932738,0,0,0,0,0,0,Eric,Murray,JAC,S,31,4
DB,12772,robust,NA,NA,NA,NA,NA,NA,NA,NA,NA,NA,NA,NA,NA,NA,NA,NA,NA,NA,NA,NA,NA,NA,NA,NA,NA,NA,NA,NA,NA,NA,NA,NA,NA,NA,NA,NA,NA,NA,NA,NA,NA,NA,61.3,19.718579999999996,32,8.8956,7.9,5.78214,0.75,0.37065,0,0,0,0,0,0,Eric,Murray,JAC,S,31,4
DB,12772,weighted,NA,NA,NA,NA,NA,NA,NA,NA,NA,NA,NA,NA,NA,NA,NA,NA,NA,NA,NA,NA,NA,NA,NA,NA,NA,NA,NA,NA,NA,NA,NA,NA,NA,NA,NA,NA,NA,NA,NA,NA,NA,NA,60.891467576791804,18.80904037956216,31.81569965870307,8.48528137423857,7.780204778156997,5.5154328932550705,0.757679180887372,0.35355339059327373,0,0,0,0,0,0,Eric,Murray,JAC,S,31,4
DB,15418,average,NA,NA,NA,NA,NA,NA,NA,NA,NA,NA,NA,NA,NA,NA,NA,NA,NA,NA,NA,NA,NA,NA,NA,NA,NA,NA,NA,NA,NA,NA,NA,NA,NA,NA,NA,NA,NA,NA,NA,NA,NA,NA,67,4.242640687119285,41.35,4.737615433949871,9.35,0.49497474683058273,3.1,1.5556349186104046,0.7,0.4242640687119285,0.7,0.4242640687119285,0.4,0,Camryn,Bynum,IND,S,27,-1
DB,15418,robust,NA,NA,NA,NA,NA,NA,NA,NA,NA,NA,NA,NA,NA,NA,NA,NA,NA,NA,NA,NA,NA,NA,NA,NA,NA,NA,NA,NA,NA,NA,NA,NA,NA,NA,NA,NA,NA,NA,NA,NA,NA,NA,67,4.4478,41.35,4.966710000000002,9.35,0.5189099999999994,3.1,1.63086,0.7,0.44477999999999995,0.7,0.44477999999999995,0.4,0,Camryn,Bynum,IND,S,27,-1
DB,15418,weighted,NA,NA,NA,NA,NA,NA,NA,NA,NA,NA,NA,NA,NA,NA,NA,NA,NA,NA,NA,NA,NA,NA,NA,NA,NA,NA,NA,NA,NA,NA,NA,NA,NA,NA,NA,NA,NA,NA,NA,NA,NA,NA,67.09215017064847,4.242640687119285,41.247098976109214,4.737615433949871,9.339249146757679,0.49497474683058273,3.066211604095563,1.5556349186104046,0.7092150170648464,0.42426406871192845,0.7092150170648464,0.42426406871192845,0.4,0,Camryn,Bynum,IND,S,27,-1
DB,13806,average,NA,NA,NA,NA,NA,NA,NA,NA,NA,NA,NA,NA,NA,NA,NA,NA,NA,NA,NA,NA,NA,NA,NA,NA,NA,NA,NA,NA,NA,NA,NA,NA,NA,NA,NA,NA,NA,NA,NA,NA,NA,NA,72.9,6.929646455628164,33.1,2.687005768508881,6.05,0.0707106781186545,1.15,0.21213203435596428,1.9,0.14142135623730948,1.35,0.49497474683058323,0,0,DeShon,Elliott,PIT,S,28,2
DB,13806,robust,NA,NA,NA,NA,NA,NA,NA,NA,NA,NA,NA,NA,NA,NA,NA,NA,NA,NA,NA,NA,NA,NA,NA,NA,NA,NA,NA,NA,NA,NA,NA,NA,NA,NA,NA,NA,NA,NA,NA,NA,NA,NA,72.9,7.264739999999997,33.1,2.8169400000000002,6.05,0.07412999999999974,1.15,0.22239000000000003,1.9,0.14825999999999995,1.35,0.51891,0,0,DeShon,Elliott,PIT,S,28,2
DB,13806,weighted,NA,NA,NA,NA,NA,NA,NA,NA,NA,NA,NA,NA,NA,NA,NA,NA,NA,NA,NA,NA,NA,NA,NA,NA,NA,NA,NA,NA,NA,NA,NA,NA,NA,NA,NA,NA,NA,NA,NA,NA,NA,NA,72.7494880546075,6.929646455628164,33.15836177474402,2.687005768508881,6.048464163822525,0.0707106781186545,1.1453924914675768,0.21213203435596428,1.9030716723549488,0.14142135623730948,1.3392491467576793,0.4949747468305832,0,0,DeShon,Elliott,PIT,S,28,2
DB,16281,average,NA,NA,NA,NA,NA,NA,NA,NA,NA,NA,NA,NA,NA,NA,NA,NA,NA,NA,NA,NA,NA,NA,NA,NA,NA,NA,NA,NA,NA,NA,NA,NA,NA,NA,NA,NA,NA,NA,NA,NA,NA,NA,60.3,18.80904037956216,29.05,4.313351365237941,7.9,4.101219330881976,1.45,0.6363961030678927,0,0,0,0,0,0,Ji'Ayir,Brown,SFO,S,25,-3
DB,16281,robust,NA,NA,NA,NA,NA,NA,NA,NA,NA,NA,NA,NA,NA,NA,NA,NA,NA,NA,NA,NA,NA,NA,NA,NA,NA,NA,NA,NA,NA,NA,NA,NA,NA,NA,NA,NA,NA,NA,NA,NA,NA,NA,60.3,19.718579999999996,29.05,4.521930000000001,7.9,4.29954,1.45,0.6671699999999999,0,0,0,0,0,0,Ji'Ayir,Brown,SFO,S,25,-3
DB,16281,weighted,NA,NA,NA,NA,NA,NA,NA,NA,NA,NA,NA,NA,NA,NA,NA,NA,NA,NA,NA,NA,NA,NA,NA,NA,NA,NA,NA,NA,NA,NA,NA,NA,NA,NA,NA,NA,NA,NA,NA,NA,NA,NA,59.891467576791804,18.80904037956216,28.95631399317406,4.313351365237941,7.810921501706486,4.101219330881976,1.4361774744027302,0.6363961030678926,0,0,0,0,0,0,Ji'Ayir,Brown,SFO,S,25,-3
DB,16018,average,NA,NA,NA,NA,NA,NA,NA,NA,NA,NA,NA,NA,NA,NA,NA,NA,NA,NA,NA,NA,NA,NA,NA,NA,NA,NA,NA,NA,NA,NA,NA,NA,NA,NA,NA,NA,NA,NA,NA,NA,NA,NA,64.5,2.1213203435596424,32.45,0.7778174593052033,9.15,1.6263455967290599,4.65,2.3334523779156067,0.4,0.5656854249492381,0.9,0.14142135623730948,1.8,0,Reed,Blankenship,PHI,S,26,-2
DB,16018,robust,NA,NA,NA,NA,NA,NA,NA,NA,NA,NA,NA,NA,NA,NA,NA,NA,NA,NA,NA,NA,NA,NA,NA,NA,NA,NA,NA,NA,NA,NA,NA,NA,NA,NA,NA,NA,NA,NA,NA,NA,NA,NA,64.5,2.2239,32.45,0.815430000000001,9.15,1.7049900000000004,4.65,2.44629,0.4,0.59304,0.9,0.14825999999999995,1.8,0,Reed,Blankenship,PHI,S,26,-2
DB,16018,weighted,NA,NA,NA,NA,NA,NA,NA,NA,NA,NA,NA,NA,NA,NA,NA,NA,NA,NA,NA,NA,NA,NA,NA,NA,NA,NA,NA,NA,NA,NA,NA,NA,NA,NA,NA,NA,NA,NA,NA,NA,NA,NA,64.54607508532423,2.1213203435596424,32.466894197952215,0.7778174593052033,9.114675767918088,1.6263455967290597,4.599317406143345,2.3334523779156067,0.38771331058020475,0.565685424949238,0.9030716723549489,0.14142135623730945,1.8,0,Reed,Blankenship,PHI,S,26,-2
DB,14907,average,NA,NA,NA,NA,NA,NA,NA,NA,NA,NA,NA,NA,NA,NA,NA,NA,NA,NA,NA,NA,NA,NA,NA,NA,NA,NA,NA,NA,NA,NA,NA,NA,NA,NA,NA,NA,NA,NA,NA,NA,NA,NA,74,5.656854249492381,39.55,0.6363961030678917,3.25,1.0606601717798212,1.3,0.9899494936611666,0.6,0.565685424949238,0,0,0.5,0,Grant,Delpit,CLE,S,27,0
DB,14907,robust,NA,NA,NA,NA,NA,NA,NA,NA,NA,NA,NA,NA,NA,NA,NA,NA,NA,NA,NA,NA,NA,NA,NA,NA,NA,NA,NA,NA,NA,NA,NA,NA,NA,NA,NA,NA,NA,NA,NA,NA,NA,NA,74,5.9304,39.55,0.6671699999999989,3.25,1.11195,1.3,1.03782,0.6,0.59304,0,0,0.5,0,Grant,Delpit,CLE,S,27,0
DB,14907,weighted,NA,NA,NA,NA,NA,NA,NA,NA,NA,NA,NA,NA,NA,NA,NA,NA,NA,NA,NA,NA,NA,NA,NA,NA,NA,NA,NA,NA,NA,NA,NA,NA,NA,NA,NA,NA,NA,NA,NA,NA,NA,NA,73.87713310580206,5.65685424949238,39.563822525597274,0.6363961030678917,3.273037542662116,1.0606601717798212,1.3215017064846417,0.9899494936611666,0.6122866894197952,0.565685424949238,0,0,0.5,0,Grant,Delpit,CLE,S,27,0
DB,16014,average,NA,NA,NA,NA,NA,NA,NA,NA,NA,NA,NA,NA,NA,NA,NA,NA,NA,NA,NA,NA,NA,NA,NA,NA,NA,NA,NA,NA,NA,NA,NA,NA,NA,NA,NA,NA,NA,NA,NA,NA,NA,NA,48.5,19.091883092036785,34,9.899494936611665,7.15,4.45477272147525,2.35,1.9091883092036785,0.15,0.21213203435596426,0.15,0.21213203435596426,0,0,Tony,Adams,NYJ,S,26,-2
DB,16014,robust,NA,NA,NA,NA,NA,NA,NA,NA,NA,NA,NA,NA,NA,NA,NA,NA,NA,NA,NA,NA,NA,NA,NA,NA,NA,NA,NA,NA,NA,NA,NA,NA,NA,NA,NA,NA,NA,NA,NA,NA,NA,NA,48.5,20.0151,34,10.3782,7.15,4.67019,2.35,2.00151,0.15,0.22238999999999998,0.15,0.22238999999999998,0,0,Tony,Adams,NYJ,S,26,-2
DB,16014,weighted,NA,NA,NA,NA,NA,NA,NA,NA,NA,NA,NA,NA,NA,NA,NA,NA,NA,NA,NA,NA,NA,NA,NA,NA,NA,NA,NA,NA,NA,NA,NA,NA,NA,NA,NA,NA,NA,NA,NA,NA,NA,NA,48.08532423208191,19.09188309203678,33.784982935153586,9.899494936611664,7.053242320819113,4.4547727214752495,2.308532423208191,1.9091883092036783,0.14539249146757677,0.21213203435596423,0.14539249146757677,0.21213203435596423,0,0,Tony,Adams,NYJ,S,26,-2
DB,13325,average,NA,NA,NA,NA,NA,NA,NA,NA,NA,NA,NA,NA,NA,NA,NA,NA,NA,NA,NA,NA,NA,NA,NA,NA,NA,NA,NA,NA,NA,NA,NA,NA,NA,NA,NA,NA,NA,NA,NA,NA,NA,NA,68.5,2.1213203435596424,41.05,1.4849242404917509,5.6,0.5656854249492379,2.05,0.07071067811865482,0.45,0.6363961030678927,0,0,0,0,Xavier,Woods,TEN,S,30,3
DB,13325,robust,NA,NA,NA,NA,NA,NA,NA,NA,NA,NA,NA,NA,NA,NA,NA,NA,NA,NA,NA,NA,NA,NA,NA,NA,NA,NA,NA,NA,NA,NA,NA,NA,NA,NA,NA,NA,NA,NA,NA,NA,NA,NA,68.5,2.2239,41.05,1.556730000000001,5.6,0.5930399999999998,2.05,0.07413000000000006,0.45,0.6671699999999999,0,0,0,0,Xavier,Woods,TEN,S,30,3
DB,13325,weighted,NA,NA,NA,NA,NA,NA,NA,NA,NA,NA,NA,NA,NA,NA,NA,NA,NA,NA,NA,NA,NA,NA,NA,NA,NA,NA,NA,NA,NA,NA,NA,NA,NA,NA,NA,NA,NA,NA,NA,NA,NA,NA,68.45392491467577,2.1213203435596424,41.01774744027304,1.4849242404917506,5.612286689419795,0.5656854249492379,2.0484641638225254,0.07071067811865481,0.4361774744027304,0.6363961030678927,0,0,0,0,Xavier,Woods,TEN,S,30,3
DB,14921,average,NA,NA,NA,NA,NA,NA,NA,NA,NA,NA,NA,NA,NA,NA,NA,NA,NA,NA,NA,NA,NA,NA,NA,NA,NA,NA,NA,NA,NA,NA,NA,NA,NA,NA,NA,NA,NA,NA,NA,NA,NA,NA,62.5,13.435028842544403,31.45,2.050609665440987,5.65,2.3334523779156067,1.1,0.14142135623730948,1,0,0,0,0,0,Kyle,Dugger,NEP,S,29,0
DB,14921,robust,NA,NA,NA,NA,NA,NA,NA,NA,NA,NA,NA,NA,NA,NA,NA,NA,NA,NA,NA,NA,NA,NA,NA,NA,NA,NA,NA,NA,NA,NA,NA,NA,NA,NA,NA,NA,NA,NA,NA,NA,NA,NA,62.5,14.0847,31.45,2.149769999999999,5.65,2.44629,1.1,0.14825999999999995,1,0,0,0,0,0,Kyle,Dugger,NEP,S,29,0
DB,14921,weighted,NA,NA,NA,NA,NA,NA,NA,NA,NA,NA,NA,NA,NA,NA,NA,NA,NA,NA,NA,NA,NA,NA,NA,NA,NA,NA,NA,NA,NA,NA,NA,NA,NA,NA,NA,NA,NA,NA,NA,NA,NA,NA,62.20819112627986,13.435028842544401,31.40546075085324,2.050609665440987,5.599317406143345,2.3334523779156067,1.0969283276450512,0.14142135623730948,1,0,0,0,0,0,Kyle,Dugger,NEP,S,29,0
DB,16245,average,NA,NA,NA,NA,NA,NA,NA,NA,NA,NA,NA,NA,NA,NA,NA,NA,NA,NA,NA,NA,NA,NA,NA,NA,NA,NA,NA,NA,NA,NA,NA,NA,NA,NA,NA,NA,NA,NA,NA,NA,NA,NA,68.75,1.7677669529663689,31.65,4.737615433949868,6.65,3.7476659402887025,2.55,0.7778174593052023,0.15,0.21213203435596426,0.15,0.21213203435596426,0.7,0,Jordan,Battle,CIN,S,25,-3
DB,16245,robust,NA,NA,NA,NA,NA,NA,NA,NA,NA,NA,NA,NA,NA,NA,NA,NA,NA,NA,NA,NA,NA,NA,NA,NA,NA,NA,NA,NA,NA,NA,NA,NA,NA,NA,NA,NA,NA,NA,NA,NA,NA,NA,68.75,1.8532499999999998,31.65,4.966709999999999,6.65,3.9288900000000004,2.55,0.81543,0.15,0.22238999999999998,0.15,0.22238999999999998,0.7,0,Jordan,Battle,CIN,S,25,-3
DB,16245,weighted,NA,NA,NA,NA,NA,NA,NA,NA,NA,NA,NA,NA,NA,NA,NA,NA,NA,NA,NA,NA,NA,NA,NA,NA,NA,NA,NA,NA,NA,NA,NA,NA,NA,NA,NA,NA,NA,NA,NA,NA,NA,NA,68.78839590443687,1.7677669529663687,31.752901023890786,4.737615433949868,6.568600682593857,3.7476659402887025,2.5331058020477815,0.7778174593052023,0.14539249146757677,0.21213203435596423,0.14539249146757677,0.21213203435596423,0.7,0,Jordan,Battle,CIN,S,25,-3
DB,14518,average,NA,NA,NA,NA,NA,NA,NA,NA,NA,NA,NA,NA,NA,NA,NA,NA,NA,NA,NA,NA,NA,NA,NA,NA,NA,NA,NA,NA,NA,NA,NA,NA,NA,NA,NA,NA,NA,NA,NA,NA,NA,NA,64.55,6.434671708797579,34.1,1.5556349186104066,3.8,2.545584412271571,0.6,0.848528137423857,0.25,0.3535533905932738,0.75,0.3535533905932738,0,0,Jalen,Thompson,ARI,S,27,1
DB,14518,robust,NA,NA,NA,NA,NA,NA,NA,NA,NA,NA,NA,NA,NA,NA,NA,NA,NA,NA,NA,NA,NA,NA,NA,NA,NA,NA,NA,NA,NA,NA,NA,NA,NA,NA,NA,NA,NA,NA,NA,NA,NA,NA,64.55,6.745829999999995,34.1,1.630860000000002,3.8,2.6686799999999997,0.6,0.8895599999999999,0.25,0.37065,0.75,0.37065,0,0,Jalen,Thompson,ARI,S,27,1
DB,14518,weighted,NA,NA,NA,NA,NA,NA,NA,NA,NA,NA,NA,NA,NA,NA,NA,NA,NA,NA,NA,NA,NA,NA,NA,NA,NA,NA,NA,NA,NA,NA,NA,NA,NA,NA,NA,NA,NA,NA,NA,NA,NA,NA,64.41023890784983,6.434671708797578,34.06621160409557,1.5556349186104066,3.7447098976109214,2.5455844122715705,0.5815699658703071,0.8485281374238569,0.24232081911262798,0.35355339059327373,0.757679180887372,0.35355339059327373,0,0,Jalen,Thompson,ARI,S,27,1
DB,14995,average,NA,NA,NA,NA,NA,NA,NA,NA,NA,NA,NA,NA,NA,NA,NA,NA,NA,NA,NA,NA,NA,NA,NA,NA,NA,NA,NA,NA,NA,NA,NA,NA,NA,NA,NA,NA,NA,NA,NA,NA,NA,NA,54.25,14.495689014324224,31.1,4.384062043356597,5.3,3.2526911934581184,1.9,1.2727922061357855,0.4,0.5656854249492381,0,0,0,0,Josh,Metellus,MIN,S,27,0
DB,14995,robust,NA,NA,NA,NA,NA,NA,NA,NA,NA,NA,NA,NA,NA,NA,NA,NA,NA,NA,NA,NA,NA,NA,NA,NA,NA,NA,NA,NA,NA,NA,NA,NA,NA,NA,NA,NA,NA,NA,NA,NA,NA,NA,54.25,15.19665,31.1,4.596060000000002,5.3,3.4099799999999996,1.9,1.3343399999999999,0.4,0.59304,0,0,0,0,Josh,Metellus,MIN,S,27,0
DB,14995,weighted,NA,NA,NA,NA,NA,NA,NA,NA,NA,NA,NA,NA,NA,NA,NA,NA,NA,NA,NA,NA,NA,NA,NA,NA,NA,NA,NA,NA,NA,NA,NA,NA,NA,NA,NA,NA,NA,NA,NA,NA,NA,NA,53.93515358361775,14.495689014324224,31.004778156996583,4.384062043356597,5.2293515358361775,3.252691193458118,1.8723549488054607,1.2727922061357853,0.38771331058020475,0.565685424949238,0,0,0,0,Josh,Metellus,MIN,S,27,0
DB,13713,average,NA,NA,NA,NA,NA,NA,NA,NA,NA,NA,NA,NA,NA,NA,NA,NA,NA,NA,NA,NA,NA,NA,NA,NA,NA,NA,NA,NA,NA,NA,NA,NA,NA,NA,NA,NA,NA,NA,NA,NA,NA,NA,58.55,5.020458146424488,34.75,9.545941546018392,6.4,1.979898987322333,1.6,0.5656854249492381,1.1,0.14142135623730948,0.15,0.21213203435596426,0,0,Minkah,Fitzpatrick,MIA,S,29,2
DB,13713,robust,NA,NA,NA,NA,NA,NA,NA,NA,NA,NA,NA,NA,NA,NA,NA,NA,NA,NA,NA,NA,NA,NA,NA,NA,NA,NA,NA,NA,NA,NA,NA,NA,NA,NA,NA,NA,NA,NA,NA,NA,NA,NA,58.55,5.263230000000001,34.75,10.00755,6.4,2.07564,1.6,0.59304,1.1,0.14825999999999995,0.15,0.22238999999999998,0,0,Minkah,Fitzpatrick,MIA,S,29,2
DB,13713,weighted,NA,NA,NA,NA,NA,NA,NA,NA,NA,NA,NA,NA,NA,NA,NA,NA,NA,NA,NA,NA,NA,NA,NA,NA,NA,NA,NA,NA,NA,NA,NA,NA,NA,NA,NA,NA,NA,NA,NA,NA,NA,NA,58.44095563139931,5.020458146424488,34.54266211604095,9.545941546018392,6.356996587030717,1.9798989873223327,1.6122866894197951,0.5656854249492381,1.0969283276450512,0.14142135623730948,0.14539249146757677,0.21213203435596423,0,0,Minkah,Fitzpatrick,MIA,S,29,2
DB,16708,average,NA,NA,NA,NA,NA,NA,NA,NA,NA,NA,NA,NA,NA,NA,NA,NA,NA,NA,NA,NA,NA,NA,NA,NA,NA,NA,NA,NA,NA,NA,NA,NA,NA,NA,NA,NA,NA,NA,NA,NA,NA,NA,55.6,7.919595949289334,22.6,5.091168824543142,10.85,2.616295090390225,2.15,0.21213203435596414,1.4,0.5656854249492381,0.25,0.3535533905932738,0,0,Tykee,Smith,TBB,S,24,-4
DB,16708,robust,NA,NA,NA,NA,NA,NA,NA,NA,NA,NA,NA,NA,NA,NA,NA,NA,NA,NA,NA,NA,NA,NA,NA,NA,NA,NA,NA,NA,NA,NA,NA,NA,NA,NA,NA,NA,NA,NA,NA,NA,NA,NA,55.6,8.302560000000001,22.6,5.337359999999999,10.85,2.7428099999999995,2.15,0.22238999999999987,1.4,0.59304,0.25,0.37065,0,0,Tykee,Smith,TBB,S,24,-4
DB,16708,weighted,NA,NA,NA,NA,NA,NA,NA,NA,NA,NA,NA,NA,NA,NA,NA,NA,NA,NA,NA,NA,NA,NA,NA,NA,NA,NA,NA,NA,NA,NA,NA,NA,NA,NA,NA,NA,NA,NA,NA,NA,NA,NA,55.42798634812287,7.919595949289334,22.489419795221842,5.091168824543141,10.793174061433447,2.616295090390225,2.1453924914675766,0.21213203435596412,1.3877133105802046,0.565685424949238,0.24232081911262798,0.35355339059327373,0,0,Tykee,Smith,TBB,S,24,-4
DB,16267,average,NA,NA,NA,NA,NA,NA,NA,NA,NA,NA,NA,NA,NA,NA,NA,NA,NA,NA,NA,NA,NA,NA,NA,NA,NA,NA,NA,NA,NA,NA,NA,NA,NA,NA,NA,NA,NA,NA,NA,NA,NA,NA,56.65,2.333452377915605,25.6,2.2627416997969516,13.4,0.5656854249492386,3.1,0.14142135623730964,1.5,0.7071067811865476,0.1,0.14142135623730953,0.6,0,Tyrique,Stevenson,CHI,CB,25,-3
DB,16267,robust,NA,NA,NA,NA,NA,NA,NA,NA,NA,NA,NA,NA,NA,NA,NA,NA,NA,NA,NA,NA,NA,NA,NA,NA,NA,NA,NA,NA,NA,NA,NA,NA,NA,NA,NA,NA,NA,NA,NA,NA,NA,NA,56.65,2.4462899999999976,25.6,2.372159999999999,13.4,0.5930400000000005,3.1,0.14826000000000011,1.5,0.7413,0.1,0.14826,0.6,0,Tyrique,Stevenson,CHI,CB,25,-3
DB,16267,weighted,NA,NA,NA,NA,NA,NA,NA,NA,NA,NA,NA,NA,NA,NA,NA,NA,NA,NA,NA,NA,NA,NA,NA,NA,NA,NA,NA,NA,NA,NA,NA,NA,NA,NA,NA,NA,NA,NA,NA,NA,NA,NA,56.599317406143335,2.333452377915605,25.55085324232082,2.2627416997969516,13.387713310580207,0.5656854249492385,3.096928327645051,0.14142135623730961,1.4846416382252559,0.7071067811865475,0.09692832764505119,0.1414213562373095,0.6,0,Tyrique,Stevenson,CHI,CB,25,-3
DB,16705,average,NA,NA,NA,NA,NA,NA,NA,NA,NA,NA,NA,NA,NA,NA,NA,NA,NA,NA,NA,NA,NA,NA,NA,NA,NA,NA,NA,NA,NA,NA,NA,NA,NA,NA,NA,NA,NA,NA,NA,NA,NA,NA,57.6,0.565685424949236,25.65,3.323401871576773,12.45,2.050609665440988,4.9,1.2727922061357855,0,0,0.5,0.7071067811865476,0.7,0,Calen,Bullock,HOU,S,22,-4
DB,16705,robust,NA,NA,NA,NA,NA,NA,NA,NA,NA,NA,NA,NA,NA,NA,NA,NA,NA,NA,NA,NA,NA,NA,NA,NA,NA,NA,NA,NA,NA,NA,NA,NA,NA,NA,NA,NA,NA,NA,NA,NA,NA,NA,57.6,0.5930399999999979,25.65,3.4841099999999994,12.45,2.14977,4.9,1.3343399999999999,0,0,0.5,0.7413,0.7,0,Calen,Bullock,HOU,S,22,-4
DB,16705,weighted,NA,NA,NA,NA,NA,NA,NA,NA,NA,NA,NA,NA,NA,NA,NA,NA,NA,NA,NA,NA,NA,NA,NA,NA,NA,NA,NA,NA,NA,NA,NA,NA,NA,NA,NA,NA,NA,NA,NA,NA,NA,NA,57.61228668941979,0.565685424949236,25.722184300341297,3.323401871576773,12.405460750853242,2.050609665440988,4.872354948805461,1.2727922061357853,0,0,0.515358361774744,0.7071067811865475,0.7,0,Calen,Bullock,HOU,S,22,-4
DB,15469,average,NA,NA,NA,NA,NA,NA,NA,NA,NA,NA,NA,NA,NA,NA,NA,NA,NA,NA,NA,NA,NA,NA,NA,NA,NA,NA,NA,NA,NA,NA,NA,NA,NA,NA,NA,NA,NA,NA,NA,NA,NA,NA,53.6,12.16223663640862,31.1,5.798275605729692,4.75,1.0606601717798212,1.5,0.7071067811865476,1,0,0.5,0.7071067811865476,0,0,Damar,Hamlin,BUF,S,27,-1
DB,15469,robust,NA,NA,NA,NA,NA,NA,NA,NA,NA,NA,NA,NA,NA,NA,NA,NA,NA,NA,NA,NA,NA,NA,NA,NA,NA,NA,NA,NA,NA,NA,NA,NA,NA,NA,NA,NA,NA,NA,NA,NA,NA,NA,53.6,12.75036,31.1,6.078660000000002,4.75,1.11195,1.5,0.7413,1,0,0.5,0.7413,0,0,Damar,Hamlin,BUF,S,27,-1
DB,15469,weighted,NA,NA,NA,NA,NA,NA,NA,NA,NA,NA,NA,NA,NA,NA,NA,NA,NA,NA,NA,NA,NA,NA,NA,NA,NA,NA,NA,NA,NA,NA,NA,NA,NA,NA,NA,NA,NA,NA,NA,NA,NA,NA,53.335836177474405,12.162236636408618,30.9740614334471,5.798275605729692,4.7269624573378834,1.0606601717798212,1.4846416382252559,0.7071067811865475,1,0,0.48464163822525597,0.7071067811865475,0,0,Damar,Hamlin,BUF,S,27,-1
DB,16679,average,NA,NA,NA,NA,NA,NA,NA,NA,NA,NA,NA,NA,NA,NA,NA,NA,NA,NA,NA,NA,NA,NA,NA,NA,NA,NA,NA,NA,NA,NA,NA,NA,NA,NA,NA,NA,NA,NA,NA,NA,NA,NA,64.4,5.091168824543144,45.95,1.4849242404917509,2.7,0.9899494936611665,0.95,0.07071067811865474,0.8,0.28284271247461906,0.8,0.28284271247461906,0,0,Tyler,Nubin,NYG,S,24,-4
DB,16679,robust,NA,NA,NA,NA,NA,NA,NA,NA,NA,NA,NA,NA,NA,NA,NA,NA,NA,NA,NA,NA,NA,NA,NA,NA,NA,NA,NA,NA,NA,NA,NA,NA,NA,NA,NA,NA,NA,NA,NA,NA,NA,NA,64.4,5.337360000000002,45.95,1.556730000000001,2.7,1.03782,0.95,0.07412999999999997,0.8,0.29652,0.8,0.29652,0,0,Tyler,Nubin,NYG,S,24,-4
DB,16679,weighted,NA,NA,NA,NA,NA,NA,NA,NA,NA,NA,NA,NA,NA,NA,NA,NA,NA,NA,NA,NA,NA,NA,NA,NA,NA,NA,NA,NA,NA,NA,NA,NA,NA,NA,NA,NA,NA,NA,NA,NA,NA,NA,64.51058020477815,5.091168824543144,45.982252559726966,1.4849242404917506,2.6784982935153585,0.9899494936611664,0.9515358361774744,0.07071067811865474,0.8061433447098976,0.28284271247461906,0.8061433447098976,0.28284271247461906,0,0,Tyler,Nubin,NYG,S,24,-4
DB,16719,average,NA,NA,NA,NA,NA,NA,NA,NA,NA,NA,NA,NA,NA,NA,NA,NA,NA,NA,NA,NA,NA,NA,NA,NA,NA,NA,NA,NA,NA,NA,NA,NA,NA,NA,NA,NA,NA,NA,NA,NA,NA,NA,55.3,4.666904755831214,28,1.4142135623730951,6.3,1.8384776310850233,3.05,1.4849242404917495,0.95,0.07071067811865474,0.1,0.14142135623730953,0.2,0,Evan,Williams,GBP,S,24,-4
DB,16719,robust,NA,NA,NA,NA,NA,NA,NA,NA,NA,NA,NA,NA,NA,NA,NA,NA,NA,NA,NA,NA,NA,NA,NA,NA,NA,NA,NA,NA,NA,NA,NA,NA,NA,NA,NA,NA,NA,NA,NA,NA,NA,NA,55.3,4.892580000000001,28,1.4826,6.3,1.9273799999999996,3.05,1.5567299999999997,0.95,0.07412999999999997,0.1,0.14826,0.2,0,Evan,Williams,GBP,S,24,-4
DB,16719,weighted,NA,NA,NA,NA,NA,NA,NA,NA,NA,NA,NA,NA,NA,NA,NA,NA,NA,NA,NA,NA,NA,NA,NA,NA,NA,NA,NA,NA,NA,NA,NA,NA,NA,NA,NA,NA,NA,NA,NA,NA,NA,NA,55.198634812286684,4.666904755831214,28.030716723549485,1.414213562373095,6.260068259385666,1.8384776310850233,3.017747440273037,1.4849242404917493,0.9515358361774744,0.07071067811865474,0.09692832764505119,0.1414213562373095,0.2,0,Evan,Williams,GBP,S,24,-4
DB,16698,average,NA,NA,NA,NA,NA,NA,NA,NA,NA,NA,NA,NA,NA,NA,NA,NA,NA,NA,NA,NA,NA,NA,NA,NA,NA,NA,NA,NA,NA,NA,NA,NA,NA,NA,NA,NA,NA,NA,NA,NA,NA,NA,58.25,8.131727983645296,28.5,2.1213203435596424,13.95,0.0707106781186545,2.9,1.2727922061357855,1,0,0.9,0.14142135623730948,0,0,Mike,Sainristil,WAS,CB,25,-4
DB,16698,robust,NA,NA,NA,NA,NA,NA,NA,NA,NA,NA,NA,NA,NA,NA,NA,NA,NA,NA,NA,NA,NA,NA,NA,NA,NA,NA,NA,NA,NA,NA,NA,NA,NA,NA,NA,NA,NA,NA,NA,NA,NA,NA,58.25,8.524949999999999,28.5,2.2239,13.95,0.07412999999999974,2.9,1.3343399999999999,1,0,0.9,0.14825999999999995,0,0,Mike,Sainristil,WAS,CB,25,-4
DB,16698,weighted,NA,NA,NA,NA,NA,NA,NA,NA,NA,NA,NA,NA,NA,NA,NA,NA,NA,NA,NA,NA,NA,NA,NA,NA,NA,NA,NA,NA,NA,NA,NA,NA,NA,NA,NA,NA,NA,NA,NA,NA,NA,NA,58.42662116040956,8.131727983645296,28.546075085324237,2.1213203435596424,13.951535836177474,0.0707106781186545,2.8723549488054605,1.2727922061357853,1,0,0.9030716723549489,0.14142135623730945,0,0,Mike,Sainristil,WAS,CB,25,-4
DB,16102,average,NA,NA,NA,NA,NA,NA,NA,NA,NA,NA,NA,NA,NA,NA,NA,NA,NA,NA,NA,NA,NA,NA,NA,NA,NA,NA,NA,NA,NA,NA,NA,NA,NA,NA,NA,NA,NA,NA,NA,NA,NA,NA,57.4,4.808326112068521,30.45,0.6363961030678917,5.6,2.2627416997969525,0.85,0.21213203435596428,1.65,0.9192388155425116,0.15,0.21213203435596426,0,0,Isaiah,Pola-Mao,LVR,S,26,-2
DB,16102,robust,NA,NA,NA,NA,NA,NA,NA,NA,NA,NA,NA,NA,NA,NA,NA,NA,NA,NA,NA,NA,NA,NA,NA,NA,NA,NA,NA,NA,NA,NA,NA,NA,NA,NA,NA,NA,NA,NA,NA,NA,NA,NA,57.4,5.0408399999999975,30.45,0.6671699999999989,5.6,2.37216,0.85,0.22239000000000003,1.65,0.9636899999999998,0.15,0.22238999999999998,0,0,Isaiah,Pola-Mao,LVR,S,26,-2
DB,16102,weighted,NA,NA,NA,NA,NA,NA,NA,NA,NA,NA,NA,NA,NA,NA,NA,NA,NA,NA,NA,NA,NA,NA,NA,NA,NA,NA,NA,NA,NA,NA,NA,NA,NA,NA,NA,NA,NA,NA,NA,NA,NA,NA,57.29556313993174,4.808326112068521,30.436177474402733,0.6363961030678917,5.550853242320819,2.262741699796952,0.8546075085324231,0.21213203435596428,1.6300341296928325,0.9192388155425116,0.14539249146757677,0.21213203435596423,0,0,Isaiah,Pola-Mao,LVR,S,26,-2
DB,16241,average,NA,NA,NA,NA,NA,NA,NA,NA,NA,NA,NA,NA,NA,NA,NA,NA,NA,NA,NA,NA,NA,NA,NA,NA,NA,NA,NA,NA,NA,NA,NA,NA,NA,NA,NA,NA,NA,NA,NA,NA,NA,NA,60.95,1.3435028842544392,27.7,0.4242640687119295,10.5,2.1213203435596424,0.5,0.7071067811865476,1.05,0.07071067811865482,0,0,0,0,Devon,Witherspoon,SEA,CB,25,-3
DB,16241,robust,NA,NA,NA,NA,NA,NA,NA,NA,NA,NA,NA,NA,NA,NA,NA,NA,NA,NA,NA,NA,NA,NA,NA,NA,NA,NA,NA,NA,NA,NA,NA,NA,NA,NA,NA,NA,NA,NA,NA,NA,NA,NA,60.95,1.4084699999999988,27.7,0.444780000000001,10.5,2.2239,0.5,0.7413,1.05,0.07413000000000006,0,0,0,0,Devon,Witherspoon,SEA,CB,25,-3
DB,16241,weighted,NA,NA,NA,NA,NA,NA,NA,NA,NA,NA,NA,NA,NA,NA,NA,NA,NA,NA,NA,NA,NA,NA,NA,NA,NA,NA,NA,NA,NA,NA,NA,NA,NA,NA,NA,NA,NA,NA,NA,NA,NA,NA,60.920819112627996,1.3435028842544392,27.70921501706485,0.4242640687119295,10.546075085324233,2.1213203435596424,0.515358361774744,0.7071067811865475,1.0484641638225258,0.07071067811865481,0,0,0,0,Devon,Witherspoon,SEA,CB,25,-3
DB,15856,average,NA,NA,NA,NA,NA,NA,NA,NA,NA,NA,NA,NA,NA,NA,NA,NA,NA,NA,NA,NA,NA,NA,NA,NA,NA,NA,NA,NA,NA,NA,NA,NA,NA,NA,NA,NA,NA,NA,NA,NA,NA,NA,58.15,5.444722215136418,23.9,0.141421356237309,13.95,0.0707106781186545,1.85,0.21213203435596428,1,0,0,0,0,0,Alontae,Taylor,NOS,CB,27,-2
DB,15856,robust,NA,NA,NA,NA,NA,NA,NA,NA,NA,NA,NA,NA,NA,NA,NA,NA,NA,NA,NA,NA,NA,NA,NA,NA,NA,NA,NA,NA,NA,NA,NA,NA,NA,NA,NA,NA,NA,NA,NA,NA,NA,NA,58.15,5.708010000000002,23.9,0.14825999999999948,13.95,0.07412999999999974,1.85,0.22239000000000003,1,0,0,0,0,0,Alontae,Taylor,NOS,CB,27,-2
DB,15856,weighted,NA,NA,NA,NA,NA,NA,NA,NA,NA,NA,NA,NA,NA,NA,NA,NA,NA,NA,NA,NA,NA,NA,NA,NA,NA,NA,NA,NA,NA,NA,NA,NA,NA,NA,NA,NA,NA,NA,NA,NA,NA,NA,58.26825938566552,5.444722215136418,23.903071672354947,0.141421356237309,13.951535836177474,0.0707106781186545,1.8546075085324234,0.21213203435596428,1,0,0,0,0,0,Alontae,Taylor,NOS,CB,27,-2
DB,13470,average,NA,NA,NA,NA,NA,NA,NA,NA,NA,NA,NA,NA,NA,NA,NA,NA,NA,NA,NA,NA,NA,NA,NA,NA,NA,NA,NA,NA,NA,NA,NA,NA,NA,NA,NA,NA,NA,NA,NA,NA,NA,NA,57.85,2.616295090390228,24.35,0.49497474683058273,6.7,0.9899494936611668,3.15,0.21213203435596414,0,0,0,0,1.1,0,Kenny,Moore,IND,CB,30,3
DB,13470,robust,NA,NA,NA,NA,NA,NA,NA,NA,NA,NA,NA,NA,NA,NA,NA,NA,NA,NA,NA,NA,NA,NA,NA,NA,NA,NA,NA,NA,NA,NA,NA,NA,NA,NA,NA,NA,NA,NA,NA,NA,NA,NA,57.85,2.7428100000000017,24.35,0.5189099999999994,6.7,1.0378200000000002,3.15,0.22238999999999987,0,0,0,0,1.1,0,Kenny,Moore,IND,CB,30,3
DB,13470,weighted,NA,NA,NA,NA,NA,NA,NA,NA,NA,NA,NA,NA,NA,NA,NA,NA,NA,NA,NA,NA,NA,NA,NA,NA,NA,NA,NA,NA,NA,NA,NA,NA,NA,NA,NA,NA,NA,NA,NA,NA,NA,NA,57.79317406143345,2.616295090390228,24.339249146757677,0.49497474683058273,6.678498293515358,0.9899494936611668,3.1453924914675766,0.21213203435596412,0,0,0,0,1.1,0,Kenny,Moore,IND,CB,30,3
DB,15895,average,NA,NA,NA,NA,NA,NA,NA,NA,NA,NA,NA,NA,NA,NA,NA,NA,NA,NA,NA,NA,NA,NA,NA,NA,NA,NA,NA,NA,NA,NA,NA,NA,NA,NA,NA,NA,NA,NA,NA,NA,NA,NA,54.25,0.3535533905932738,23.4,1.9798989873223336,14.55,0.7778174593052021,0.9,0.14142135623730948,0.5,0.7071067811865476,0.9,0.14142135623730948,0,0,Zyon,McCollum,TBB,CB,26,-2
DB,15895,robust,NA,NA,NA,NA,NA,NA,NA,NA,NA,NA,NA,NA,NA,NA,NA,NA,NA,NA,NA,NA,NA,NA,NA,NA,NA,NA,NA,NA,NA,NA,NA,NA,NA,NA,NA,NA,NA,NA,NA,NA,NA,NA,54.25,0.37065,23.4,2.0756400000000004,14.55,0.8154299999999997,0.9,0.14825999999999995,0.5,0.7413,0.9,0.14825999999999995,0,0,Zyon,McCollum,TBB,CB,26,-2
DB,15895,weighted,NA,NA,NA,NA,NA,NA,NA,NA,NA,NA,NA,NA,NA,NA,NA,NA,NA,NA,NA,NA,NA,NA,NA,NA,NA,NA,NA,NA,NA,NA,NA,NA,NA,NA,NA,NA,NA,NA,NA,NA,NA,NA,54.24232081911263,0.35355339059327373,23.356996587030718,1.9798989873223336,14.53310580204778,0.777817459305202,0.9030716723549489,0.14142135623730945,0.48464163822525597,0.7071067811865475,0.9030716723549489,0.14142135623730945,0,0,Zyon,McCollum,TBB,CB,26,-2
DB,14908,average,NA,NA,NA,NA,NA,NA,NA,NA,NA,NA,NA,NA,NA,NA,NA,NA,NA,NA,NA,NA,NA,NA,NA,NA,NA,NA,NA,NA,NA,NA,NA,NA,NA,NA,NA,NA,NA,NA,NA,NA,NA,NA,59.75,6.010407640085654,31,1.4142135623730951,8.6,3.394112549695428,4.45,0.7778174593052023,0.5,0.7071067811865476,0.5,0.7071067811865476,0,0,Xavier,McKinney,GBP,S,26,0
DB,14908,robust,NA,NA,NA,NA,NA,NA,NA,NA,NA,NA,NA,NA,NA,NA,NA,NA,NA,NA,NA,NA,NA,NA,NA,NA,NA,NA,NA,NA,NA,NA,NA,NA,NA,NA,NA,NA,NA,NA,NA,NA,NA,NA,59.75,6.30105,31,1.4826,8.6,3.5582399999999996,4.45,0.81543,0.5,0.7413,0.5,0.7413,0,0,Xavier,McKinney,GBP,S,26,0
DB,14908,weighted,NA,NA,NA,NA,NA,NA,NA,NA,NA,NA,NA,NA,NA,NA,NA,NA,NA,NA,NA,NA,NA,NA,NA,NA,NA,NA,NA,NA,NA,NA,NA,NA,NA,NA,NA,NA,NA,NA,NA,NA,NA,NA,59.88054607508532,6.010407640085654,31.030716723549485,1.414213562373095,8.67372013651877,3.3941125496954276,4.466894197952219,0.7778174593052023,0.515358361774744,0.7071067811865475,0.515358361774744,0.7071067811865475,0,0,Xavier,McKinney,GBP,S,26,0
DB,14182,average,NA,NA,NA,NA,NA,NA,NA,NA,NA,NA,NA,NA,NA,NA,NA,NA,NA,NA,NA,NA,NA,NA,NA,NA,NA,NA,NA,NA,NA,NA,NA,NA,NA,NA,NA,NA,NA,NA,NA,NA,NA,NA,49.65,10.818733752154175,22.95,0.07071067811865576,6.75,0.3535533905932738,3.2,0.28284271247461895,1.85,0.21213203435596428,0,0,0,0,Amani,Hooker,TEN,S,27,1
DB,14182,robust,NA,NA,NA,NA,NA,NA,NA,NA,NA,NA,NA,NA,NA,NA,NA,NA,NA,NA,NA,NA,NA,NA,NA,NA,NA,NA,NA,NA,NA,NA,NA,NA,NA,NA,NA,NA,NA,NA,NA,NA,NA,NA,49.65,11.341889999999998,22.95,0.07413000000000106,6.75,0.37065,3.2,0.2965199999999999,1.85,0.22239000000000003,0,0,0,0,Amani,Hooker,TEN,S,27,1
DB,14182,weighted,NA,NA,NA,NA,NA,NA,NA,NA,NA,NA,NA,NA,NA,NA,NA,NA,NA,NA,NA,NA,NA,NA,NA,NA,NA,NA,NA,NA,NA,NA,NA,NA,NA,NA,NA,NA,NA,NA,NA,NA,NA,NA,49.41501706484642,10.818733752154175,22.951535836177474,0.07071067811865575,6.757679180887372,0.35355339059327373,3.1938566552901024,0.28284271247461895,1.8546075085324234,0.21213203435596428,0,0,0,0,Amani,Hooker,TEN,S,27,1
DB,15923,average,NA,NA,NA,NA,NA,NA,NA,NA,NA,NA,NA,NA,NA,NA,NA,NA,NA,NA,NA,NA,NA,NA,NA,NA,NA,NA,NA,NA,NA,NA,NA,NA,NA,NA,NA,NA,NA,NA,NA,NA,NA,NA,66,7.0710678118654755,31.85,4.45477272147525,5.95,1.3435028842544405,0.1,0.14142135623730953,0.5,0.7071067811865476,0,0,0,0,Quentin,Lake,LAR,S,26,-2
DB,15923,robust,NA,NA,NA,NA,NA,NA,NA,NA,NA,NA,NA,NA,NA,NA,NA,NA,NA,NA,NA,NA,NA,NA,NA,NA,NA,NA,NA,NA,NA,NA,NA,NA,NA,NA,NA,NA,NA,NA,NA,NA,NA,NA,66,7.412999999999999,31.85,4.67019,5.95,1.4084700000000001,0.1,0.14826,0.5,0.7413,0,0,0,0,Quentin,Lake,LAR,S,26,-2
DB,15923,weighted,NA,NA,NA,NA,NA,NA,NA,NA,NA,NA,NA,NA,NA,NA,NA,NA,NA,NA,NA,NA,NA,NA,NA,NA,NA,NA,NA,NA,NA,NA,NA,NA,NA,NA,NA,NA,NA,NA,NA,NA,NA,NA,66.15358361774744,7.071067811865475,31.946757679180884,4.4547727214752495,5.920819112627987,1.3435028842544405,0.09692832764505119,0.1414213562373095,0.515358361774744,0.7071067811865475,0,0,0,0,Quentin,Lake,LAR,S,26,-2
DB,15860,average,NA,NA,NA,NA,NA,NA,NA,NA,NA,NA,NA,NA,NA,NA,NA,NA,NA,NA,NA,NA,NA,NA,NA,NA,NA,NA,NA,NA,NA,NA,NA,NA,NA,NA,NA,NA,NA,NA,NA,NA,NA,NA,56.15,3.0405591591021524,19.75,7.424621202458749,6.05,2.899137802864845,3.1,1.5556349186104046,0,0,0,0,0,0,Bryan,Cook,KCC,S,26,-2
DB,15860,robust,NA,NA,NA,NA,NA,NA,NA,NA,NA,NA,NA,NA,NA,NA,NA,NA,NA,NA,NA,NA,NA,NA,NA,NA,NA,NA,NA,NA,NA,NA,NA,NA,NA,NA,NA,NA,NA,NA,NA,NA,NA,NA,56.15,3.187589999999998,19.75,7.78365,6.05,3.0393299999999996,3.1,1.63086,0,0,0,0,0,0,Bryan,Cook,KCC,S,26,-2
DB,15860,weighted,NA,NA,NA,NA,NA,NA,NA,NA,NA,NA,NA,NA,NA,NA,NA,NA,NA,NA,NA,NA,NA,NA,NA,NA,NA,NA,NA,NA,NA,NA,NA,NA,NA,NA,NA,NA,NA,NA,NA,NA,NA,NA,56.083959044368605,3.0405591591021524,19.911262798634812,7.424621202458749,5.98703071672355,2.8991378028648445,3.066211604095563,1.5556349186104046,0,0,0,0,0,0,Bryan,Cook,KCC,S,26,-2
DB,15452,average,NA,NA,NA,NA,NA,NA,NA,NA,NA,NA,NA,NA,NA,NA,NA,NA,NA,NA,NA,NA,NA,NA,NA,NA,NA,NA,NA,NA,NA,NA,NA,NA,NA,NA,NA,NA,NA,NA,NA,NA,NA,NA,54.75,3.8890872965260113,26.05,0.07071067811865576,5.8,1.1313708498984758,1.95,0.07071067811865482,0.65,0.4949747468305833,0.15,0.21213203435596426,0.8,0,Talanoa,Hufanga,DEN,S,25,-1
DB,15452,robust,NA,NA,NA,NA,NA,NA,NA,NA,NA,NA,NA,NA,NA,NA,NA,NA,NA,NA,NA,NA,NA,NA,NA,NA,NA,NA,NA,NA,NA,NA,NA,NA,NA,NA,NA,NA,NA,NA,NA,NA,NA,NA,54.75,4.07715,26.05,0.07413000000000106,5.8,1.1860799999999996,1.95,0.07413000000000006,0.65,0.51891,0.15,0.22238999999999998,0.8,0,Talanoa,Hufanga,DEN,S,25,-1
DB,15452,weighted,NA,NA,NA,NA,NA,NA,NA,NA,NA,NA,NA,NA,NA,NA,NA,NA,NA,NA,NA,NA,NA,NA,NA,NA,NA,NA,NA,NA,NA,NA,NA,NA,NA,NA,NA,NA,NA,NA,NA,NA,NA,NA,54.665529010238906,3.889087296526011,26.048464163822523,0.07071067811865575,5.775426621160409,1.1313708498984756,1.9515358361774744,0.07071067811865481,0.6607508532423209,0.4949747468305833,0.14539249146757677,0.21213203435596423,0.8,0,Talanoa,Hufanga,DEN,S,25,-1
DB,14252,average,NA,NA,NA,NA,NA,NA,NA,NA,NA,NA,NA,NA,NA,NA,NA,NA,NA,NA,NA,NA,NA,NA,NA,NA,NA,NA,NA,NA,NA,NA,NA,NA,NA,NA,NA,NA,NA,NA,NA,NA,NA,NA,54.55,0.7778174593052033,17.15,0.21213203435596475,14,1.4142135623730951,1.25,0.3535533905932738,0,0,0,0,0,0,Michael,Jackson,CAR,CB,28,1
DB,14252,robust,NA,NA,NA,NA,NA,NA,NA,NA,NA,NA,NA,NA,NA,NA,NA,NA,NA,NA,NA,NA,NA,NA,NA,NA,NA,NA,NA,NA,NA,NA,NA,NA,NA,NA,NA,NA,NA,NA,NA,NA,NA,NA,54.55,0.815430000000001,17.15,0.2223900000000005,14,1.4826,1.25,0.37065,0,0,0,0,0,0,Michael,Jackson,CAR,CB,28,1
DB,14252,weighted,NA,NA,NA,NA,NA,NA,NA,NA,NA,NA,NA,NA,NA,NA,NA,NA,NA,NA,NA,NA,NA,NA,NA,NA,NA,NA,NA,NA,NA,NA,NA,NA,NA,NA,NA,NA,NA,NA,NA,NA,NA,NA,54.533105802047785,0.7778174593052033,17.14539249146758,0.21213203435596475,13.969283276450513,1.414213562373095,1.242320819112628,0.35355339059327373,0,0,0,0,0,0,Michael,Jackson,CAR,CB,28,1
DB,14669,average,NA,NA,NA,NA,NA,NA,NA,NA,NA,NA,NA,NA,NA,NA,NA,NA,NA,NA,NA,NA,NA,NA,NA,NA,NA,NA,NA,NA,NA,NA,NA,NA,NA,NA,NA,NA,NA,NA,NA,NA,NA,NA,58.8,1.6970562748477132,24.6,0.8485281374238566,5.85,0.21213203435596414,0.6,0.565685424949238,1.9,1.2727922061357855,0.2,0.28284271247461906,0,0,Keisean,Nixon,GBP,CB,28,1
DB,14669,robust,NA,NA,NA,NA,NA,NA,NA,NA,NA,NA,NA,NA,NA,NA,NA,NA,NA,NA,NA,NA,NA,NA,NA,NA,NA,NA,NA,NA,NA,NA,NA,NA,NA,NA,NA,NA,NA,NA,NA,NA,NA,NA,58.8,1.779119999999999,24.6,0.8895599999999995,5.85,0.22238999999999987,0.6,0.59304,1.9,1.3343399999999999,0.2,0.29652,0,0,Keisean,Nixon,GBP,CB,28,1
DB,14669,weighted,NA,NA,NA,NA,NA,NA,NA,NA,NA,NA,NA,NA,NA,NA,NA,NA,NA,NA,NA,NA,NA,NA,NA,NA,NA,NA,NA,NA,NA,NA,NA,NA,NA,NA,NA,NA,NA,NA,NA,NA,NA,NA,58.83686006825939,1.697056274847713,24.581569965870305,0.8485281374238565,5.854607508532423,0.21213203435596412,0.6122866894197952,0.565685424949238,1.8723549488054607,1.2727922061357853,0.19385665529010238,0.282842712474619,0,0,Keisean,Nixon,GBP,CB,28,1
DB,14283,average,NA,NA,NA,NA,NA,NA,NA,NA,NA,NA,NA,NA,NA,NA,NA,NA,NA,NA,NA,NA,NA,NA,NA,NA,NA,NA,NA,NA,NA,NA,NA,NA,NA,NA,NA,NA,NA,NA,NA,NA,NA,NA,53.25,5.303300858899107,34.55,0.7778174593052033,3.7,0.9899494936611668,1.05,0.07071067811865482,1.55,0.7778174593052023,1.05,0.07071067811865482,0.2,0,Donovan,Wilson,DAL,S,30,1
DB,14283,robust,NA,NA,NA,NA,NA,NA,NA,NA,NA,NA,NA,NA,NA,NA,NA,NA,NA,NA,NA,NA,NA,NA,NA,NA,NA,NA,NA,NA,NA,NA,NA,NA,NA,NA,NA,NA,NA,NA,NA,NA,NA,NA,53.25,5.559749999999999,34.55,0.815430000000001,3.7,1.0378200000000002,1.05,0.07413000000000006,1.55,0.81543,1.05,0.07413000000000006,0.2,0,Donovan,Wilson,DAL,S,30,1
DB,14283,weighted,NA,NA,NA,NA,NA,NA,NA,NA,NA,NA,NA,NA,NA,NA,NA,NA,NA,NA,NA,NA,NA,NA,NA,NA,NA,NA,NA,NA,NA,NA,NA,NA,NA,NA,NA,NA,NA,NA,NA,NA,NA,NA,53.36518771331058,5.303300858899106,34.53310580204778,0.7778174593052033,3.678498293515358,0.9899494936611668,1.0484641638225258,0.07071067811865481,1.5331058020477815,0.7778174593052023,1.0484641638225258,0.07071067811865481,0.2,0,Donovan,Wilson,DAL,S,30,1
DB,15859,average,NA,NA,NA,NA,NA,NA,NA,NA,NA,NA,NA,NA,NA,NA,NA,NA,NA,NA,NA,NA,NA,NA,NA,NA,NA,NA,NA,NA,NA,NA,NA,NA,NA,NA,NA,NA,NA,NA,NA,NA,NA,NA,51.75,2.4748737341529163,15,0,14.35,1.9091883092036779,2.45,0.7778174593052023,0.5,0.7071067811865476,0,0,0.7,0,Cam,Taylor-Britt,CIN,CB,26,-2
DB,15859,robust,NA,NA,NA,NA,NA,NA,NA,NA,NA,NA,NA,NA,NA,NA,NA,NA,NA,NA,NA,NA,NA,NA,NA,NA,NA,NA,NA,NA,NA,NA,NA,NA,NA,NA,NA,NA,NA,NA,NA,NA,NA,NA,51.75,2.59455,15,0,14.35,2.0015099999999992,2.45,0.81543,0.5,0.7413,0,0,0.7,0,Cam,Taylor-Britt,CIN,CB,26,-2
DB,15859,weighted,NA,NA,NA,NA,NA,NA,NA,NA,NA,NA,NA,NA,NA,NA,NA,NA,NA,NA,NA,NA,NA,NA,NA,NA,NA,NA,NA,NA,NA,NA,NA,NA,NA,NA,NA,NA,NA,NA,NA,NA,NA,NA,51.696245733788395,2.4748737341529163,15,0,14.30853242320819,1.9091883092036774,2.466894197952218,0.7778174593052023,0.515358361774744,0.7071067811865475,0,0,0.7,0,Cam,Taylor-Britt,CIN,CB,26,-2
DB,15448,average,NA,NA,NA,NA,NA,NA,NA,NA,NA,NA,NA,NA,NA,NA,NA,NA,NA,NA,NA,NA,NA,NA,NA,NA,NA,NA,NA,NA,NA,NA,NA,NA,NA,NA,NA,NA,NA,NA,NA,NA,NA,NA,54.3,1.8384776310850246,33.35,4.737615433949871,3.75,1.0606601717798212,0.7,0.4242640687119285,0,0,0,0,0,0,Jason,Pinnock,SFO,S,26,-1
DB,15448,robust,NA,NA,NA,NA,NA,NA,NA,NA,NA,NA,NA,NA,NA,NA,NA,NA,NA,NA,NA,NA,NA,NA,NA,NA,NA,NA,NA,NA,NA,NA,NA,NA,NA,NA,NA,NA,NA,NA,NA,NA,NA,NA,54.3,1.927380000000001,33.35,4.966710000000002,3.75,1.11195,0.7,0.44477999999999995,0,0,0,0,0,0,Jason,Pinnock,SFO,S,26,-1
DB,15448,weighted,NA,NA,NA,NA,NA,NA,NA,NA,NA,NA,NA,NA,NA,NA,NA,NA,NA,NA,NA,NA,NA,NA,NA,NA,NA,NA,NA,NA,NA,NA,NA,NA,NA,NA,NA,NA,NA,NA,NA,NA,NA,NA,54.26006825938567,1.8384776310850246,33.24709897610922,4.737615433949871,3.726962457337884,1.0606601717798212,0.7092150170648464,0.42426406871192845,0,0,0,0,0,0,Jason,Pinnock,SFO,S,26,-1
DB,15366,average,NA,NA,NA,NA,NA,NA,NA,NA,NA,NA,NA,NA,NA,NA,NA,NA,NA,NA,NA,NA,NA,NA,NA,NA,NA,NA,NA,NA,NA,NA,NA,NA,NA,NA,NA,NA,NA,NA,NA,NA,NA,NA,58.4,2.2627416997969543,22.3,3.2526911934581197,5.15,1.6263455967290592,0.85,0.21213203435596428,1.65,0.49497474683058323,0.8,0.28284271247461906,0,0,Jevon,Holland,NYG,S,25,-1
DB,15366,robust,NA,NA,NA,NA,NA,NA,NA,NA,NA,NA,NA,NA,NA,NA,NA,NA,NA,NA,NA,NA,NA,NA,NA,NA,NA,NA,NA,NA,NA,NA,NA,NA,NA,NA,NA,NA,NA,NA,NA,NA,NA,NA,58.4,2.372160000000002,22.3,3.409980000000001,5.15,1.7049899999999998,0.85,0.22239000000000003,1.65,0.51891,0.8,0.29652,0,0,Jevon,Holland,NYG,S,25,-1
DB,15366,weighted,NA,NA,NA,NA,NA,NA,NA,NA,NA,NA,NA,NA,NA,NA,NA,NA,NA,NA,NA,NA,NA,NA,NA,NA,NA,NA,NA,NA,NA,NA,NA,NA,NA,NA,NA,NA,NA,NA,NA,NA,NA,NA,58.44914675767918,2.262741699796954,22.229351535836177,3.2526911934581193,5.114675767918088,1.626345596729059,0.8546075085324231,0.21213203435596428,1.6607508532423207,0.4949747468305832,0.8061433447098976,0.28284271247461906,0,0,Jevon,Holland,NYG,S,25,-1
DB,15003,average,NA,NA,NA,NA,NA,NA,NA,NA,NA,NA,NA,NA,NA,NA,NA,NA,NA,NA,NA,NA,NA,NA,NA,NA,NA,NA,NA,NA,NA,NA,NA,NA,NA,NA,NA,NA,NA,NA,NA,NA,NA,NA,49.25,2.4748737341529163,31.85,2.616295090390228,6.2,0.2828427124746193,4.1,0.14142135623730964,0,0,0,0,1.1,0,Geno,Stone,CIN,S,26,0
DB,15003,robust,NA,NA,NA,NA,NA,NA,NA,NA,NA,NA,NA,NA,NA,NA,NA,NA,NA,NA,NA,NA,NA,NA,NA,NA,NA,NA,NA,NA,NA,NA,NA,NA,NA,NA,NA,NA,NA,NA,NA,NA,NA,NA,49.25,2.59455,31.85,2.7428100000000017,6.2,0.29652000000000023,4.1,0.14826000000000011,0,0,0,0,1.1,0,Geno,Stone,CIN,S,26,0
DB,15003,weighted,NA,NA,NA,NA,NA,NA,NA,NA,NA,NA,NA,NA,NA,NA,NA,NA,NA,NA,NA,NA,NA,NA,NA,NA,NA,NA,NA,NA,NA,NA,NA,NA,NA,NA,NA,NA,NA,NA,NA,NA,NA,NA,49.3037542662116,2.4748737341529163,31.79317406143345,2.616295090390228,6.193856655290102,0.28284271247461923,4.096928327645051,0.14142135623730961,0,0,0,0,1.1,0,Geno,Stone,CIN,S,26,0
DB,17131,average,NA,NA,NA,NA,NA,NA,NA,NA,NA,NA,NA,NA,NA,NA,NA,NA,NA,NA,NA,NA,NA,NA,NA,NA,NA,NA,NA,NA,NA,NA,NA,NA,NA,NA,NA,NA,NA,NA,NA,NA,NA,NA,51.8,2.545584412271572,19.25,1.7677669529663689,6.6,3.6769552621700465,1.25,0.3535533905932738,1.15,1.6263455967290592,0.2,0.28284271247461906,0.8,0,Xavier,Watts,ATL,S,24,-5
DB,17131,robust,NA,NA,NA,NA,NA,NA,NA,NA,NA,NA,NA,NA,NA,NA,NA,NA,NA,NA,NA,NA,NA,NA,NA,NA,NA,NA,NA,NA,NA,NA,NA,NA,NA,NA,NA,NA,NA,NA,NA,NA,NA,NA,51.8,2.668680000000001,19.25,1.8532499999999998,6.6,3.8547599999999993,1.25,0.37065,1.15,1.7049899999999998,0.2,0.29652,0.8,0,Xavier,Watts,ATL,S,24,-5
DB,17131,weighted,NA,NA,NA,NA,NA,NA,NA,NA,NA,NA,NA,NA,NA,NA,NA,NA,NA,NA,NA,NA,NA,NA,NA,NA,NA,NA,NA,NA,NA,NA,NA,NA,NA,NA,NA,NA,NA,NA,NA,NA,NA,NA,51.744709897610925,2.545584412271572,19.21160409556314,1.7677669529663687,6.52013651877133,3.6769552621700465,1.242320819112628,0.35355339059327373,1.1146757679180885,1.626345596729059,0.19385665529010238,0.282842712474619,0.8,0,Xavier,Watts,ATL,S,24,-5
DB,14180,average,NA,NA,NA,NA,NA,NA,NA,NA,NA,NA,NA,NA,NA,NA,NA,NA,NA,NA,NA,NA,NA,NA,NA,NA,NA,NA,NA,NA,NA,NA,NA,NA,NA,NA,NA,NA,NA,NA,NA,NA,NA,NA,53.7,3.2526911934581197,16.2,1.6970562748477132,11.6,1.9798989873223336,3.9,0.14142135623730964,0.75,0.3535533905932738,0,0,0,0,Byron,Murphy,MIN,CB,27,1
DB,14180,robust,NA,NA,NA,NA,NA,NA,NA,NA,NA,NA,NA,NA,NA,NA,NA,NA,NA,NA,NA,NA,NA,NA,NA,NA,NA,NA,NA,NA,NA,NA,NA,NA,NA,NA,NA,NA,NA,NA,NA,NA,NA,NA,53.7,3.409980000000001,16.2,1.779119999999999,11.6,2.0756400000000004,3.9,0.14826000000000011,0.75,0.37065,0,0,0,0,Byron,Murphy,MIN,CB,27,1
DB,14180,weighted,NA,NA,NA,NA,NA,NA,NA,NA,NA,NA,NA,NA,NA,NA,NA,NA,NA,NA,NA,NA,NA,NA,NA,NA,NA,NA,NA,NA,NA,NA,NA,NA,NA,NA,NA,NA,NA,NA,NA,NA,NA,NA,53.77064846416383,3.2526911934581193,16.163139931740613,1.697056274847713,11.643003412969282,1.9798989873223336,3.903071672354949,0.14142135623730961,0.757679180887372,0.35355339059327373,0,0,0,0,Byron,Murphy,MIN,CB,27,1
DB,15832,average,NA,NA,NA,NA,NA,NA,NA,NA,NA,NA,NA,NA,NA,NA,NA,NA,NA,NA,NA,NA,NA,NA,NA,NA,NA,NA,NA,NA,NA,NA,NA,NA,NA,NA,NA,NA,NA,NA,NA,NA,NA,NA,39.45,2.1920310216782983,13.45,2.050609665440988,18.3,1.8384776310850246,4.7,2.4041630560342617,0.3,0.4242640687119285,0,0,0,0,Derek,Stingley Jr.,HOU,CB,24,-2
DB,15832,robust,NA,NA,NA,NA,NA,NA,NA,NA,NA,NA,NA,NA,NA,NA,NA,NA,NA,NA,NA,NA,NA,NA,NA,NA,NA,NA,NA,NA,NA,NA,NA,NA,NA,NA,NA,NA,NA,NA,NA,NA,NA,NA,39.45,2.298030000000001,13.45,2.14977,18.3,1.927380000000001,4.7,2.52042,0.3,0.44477999999999995,0,0,0,0,Derek,Stingley Jr.,HOU,CB,24,-2
DB,15832,weighted,NA,NA,NA,NA,NA,NA,NA,NA,NA,NA,NA,NA,NA,NA,NA,NA,NA,NA,NA,NA,NA,NA,NA,NA,NA,NA,NA,NA,NA,NA,NA,NA,NA,NA,NA,NA,NA,NA,NA,NA,NA,NA,39.4976109215017,2.1920310216782983,13.40546075085324,2.050609665440988,18.260068259385665,1.8384776310850246,4.64778156996587,2.4041630560342617,0.29078498293515354,0.42426406871192845,0,0,0,0,Derek,Stingley Jr.,HOU,CB,24,-2
DB,16672,average,NA,NA,NA,NA,NA,NA,NA,NA,NA,NA,NA,NA,NA,NA,NA,NA,NA,NA,NA,NA,NA,NA,NA,NA,NA,NA,NA,NA,NA,NA,NA,NA,NA,NA,NA,NA,NA,NA,NA,NA,NA,NA,48.7,4.666904755831214,19.1,2.969848480983499,12.85,1.2020815280171302,3.45,0.6363961030678927,0,0,0,0,0,0,Kamari,Lassiter,HOU,CB,22,-4
DB,16672,robust,NA,NA,NA,NA,NA,NA,NA,NA,NA,NA,NA,NA,NA,NA,NA,NA,NA,NA,NA,NA,NA,NA,NA,NA,NA,NA,NA,NA,NA,NA,NA,NA,NA,NA,NA,NA,NA,NA,NA,NA,NA,NA,48.7,4.892580000000001,19.1,3.1134599999999995,12.85,1.2602099999999994,3.45,0.6671699999999999,0,0,0,0,0,0,Kamari,Lassiter,HOU,CB,22,-4
DB,16672,weighted,NA,NA,NA,NA,NA,NA,NA,NA,NA,NA,NA,NA,NA,NA,NA,NA,NA,NA,NA,NA,NA,NA,NA,NA,NA,NA,NA,NA,NA,NA,NA,NA,NA,NA,NA,NA,NA,NA,NA,NA,NA,NA,48.801365187713316,4.666904755831214,19.03549488054607,2.9698484809834986,12.823890784982934,1.2020815280171302,3.4361774744027302,0.6363961030678926,0,0,0,0,0,0,Kamari,Lassiter,HOU,CB,22,-4
DB,14186,average,NA,NA,NA,NA,NA,NA,NA,NA,NA,NA,NA,NA,NA,NA,NA,NA,NA,NA,NA,NA,NA,NA,NA,NA,NA,NA,NA,NA,NA,NA,NA,NA,NA,NA,NA,NA,NA,NA,NA,NA,NA,NA,49.85,1.6263455967290572,29.55,4.879036790187177,5.75,1.0606601717798212,2,1.4142135623730951,1.05,0.07071067811865482,0.2,0.28284271247461906,0,0,Taylor,Rapp,BUF,S,28,1
DB,14186,robust,NA,NA,NA,NA,NA,NA,NA,NA,NA,NA,NA,NA,NA,NA,NA,NA,NA,NA,NA,NA,NA,NA,NA,NA,NA,NA,NA,NA,NA,NA,NA,NA,NA,NA,NA,NA,NA,NA,NA,NA,NA,NA,49.85,1.7049899999999978,29.55,5.114969999999999,5.75,1.11195,2,1.4826,1.05,0.07413000000000006,0.2,0.29652,0,0,Taylor,Rapp,BUF,S,28,1
DB,14186,weighted,NA,NA,NA,NA,NA,NA,NA,NA,NA,NA,NA,NA,NA,NA,NA,NA,NA,NA,NA,NA,NA,NA,NA,NA,NA,NA,NA,NA,NA,NA,NA,NA,NA,NA,NA,NA,NA,NA,NA,NA,NA,NA,49.885324232081906,1.6263455967290572,29.655972696245733,4.879036790187177,5.726962457337884,1.0606601717798212,1.969283276450512,1.414213562373095,1.0484641638225258,0.07071067811865481,0.19385665529010238,0.282842712474619,0,0,Taylor,Rapp,BUF,S,28,1
DB,16700,average,NA,NA,NA,NA,NA,NA,NA,NA,NA,NA,NA,NA,NA,NA,NA,NA,NA,NA,NA,NA,NA,NA,NA,NA,NA,NA,NA,NA,NA,NA,NA,NA,NA,NA,NA,NA,NA,NA,NA,NA,NA,NA,42.3,17.39482681718907,23.4,4.8083261120685235,3.3,1.8384776310850233,1.2,0.28284271247461895,0.5,0.7071067811865476,0,0,0.8,0,Cole,Bishop,BUF,S,23,-4
DB,16700,robust,NA,NA,NA,NA,NA,NA,NA,NA,NA,NA,NA,NA,NA,NA,NA,NA,NA,NA,NA,NA,NA,NA,NA,NA,NA,NA,NA,NA,NA,NA,NA,NA,NA,NA,NA,NA,NA,NA,NA,NA,NA,NA,42.3,18.23598,23.4,5.04084,3.3,1.9273799999999996,1.2,0.2965199999999999,0.5,0.7413,0,0,0.8,0,Cole,Bishop,BUF,S,23,-4
DB,16700,weighted,NA,NA,NA,NA,NA,NA,NA,NA,NA,NA,NA,NA,NA,NA,NA,NA,NA,NA,NA,NA,NA,NA,NA,NA,NA,NA,NA,NA,NA,NA,NA,NA,NA,NA,NA,NA,NA,NA,NA,NA,NA,NA,41.9221843003413,17.39482681718907,23.29556313993174,4.8083261120685235,3.260068259385665,1.8384776310850233,1.1938566552901024,0.28284271247461895,0.515358361774744,0.7071067811865475,0,0,0.8,0,Cole,Bishop,BUF,S,23,-4
DB,11348,average,NA,NA,NA,NA,NA,NA,NA,NA,NA,NA,NA,NA,NA,NA,NA,NA,NA,NA,NA,NA,NA,NA,NA,NA,NA,NA,NA,NA,NA,NA,NA,NA,NA,NA,NA,NA,NA,NA,NA,NA,NA,NA,45.4,10.4651803615609,15.35,6.151828996322963,12.5,0.7071067811865476,1.2,1.131370849898476,0.5,0.7071067811865476,0.5,0.7071067811865476,0,0,Darius,Slay,PIT,CB,34,7
DB,11348,robust,NA,NA,NA,NA,NA,NA,NA,NA,NA,NA,NA,NA,NA,NA,NA,NA,NA,NA,NA,NA,NA,NA,NA,NA,NA,NA,NA,NA,NA,NA,NA,NA,NA,NA,NA,NA,NA,NA,NA,NA,NA,NA,45.4,10.971239999999998,15.35,6.449309999999999,12.5,0.7413,1.2,1.18608,0.5,0.7413,0.5,0.7413,0,0,Darius,Slay,PIT,CB,34,7
DB,11348,weighted,NA,NA,NA,NA,NA,NA,NA,NA,NA,NA,NA,NA,NA,NA,NA,NA,NA,NA,NA,NA,NA,NA,NA,NA,NA,NA,NA,NA,NA,NA,NA,NA,NA,NA,NA,NA,NA,NA,NA,NA,NA,NA,45.17269624573378,10.4651803615609,15.216382252559725,6.151828996322963,12.515358361774744,0.7071067811865475,1.2245733788395905,1.131370849898476,0.515358361774744,0.7071067811865475,0.515358361774744,0.7071067811865475,0,0,Darius,Slay,PIT,CB,34,7
DB,16271,average,NA,NA,NA,NA,NA,NA,NA,NA,NA,NA,NA,NA,NA,NA,NA,NA,NA,NA,NA,NA,NA,NA,NA,NA,NA,NA,NA,NA,NA,NA,NA,NA,NA,NA,NA,NA,NA,NA,NA,NA,NA,NA,41.7,9.475230867899736,15.8,1.1313708498984771,7.85,5.444722215136416,2,1.4142135623730951,0.65,0.4949747468305833,0.15,0.21213203435596426,0.7,0,Sydney,Brown,PHI,S,25,-3
DB,16271,robust,NA,NA,NA,NA,NA,NA,NA,NA,NA,NA,NA,NA,NA,NA,NA,NA,NA,NA,NA,NA,NA,NA,NA,NA,NA,NA,NA,NA,NA,NA,NA,NA,NA,NA,NA,NA,NA,NA,NA,NA,NA,NA,41.7,9.933419999999998,15.8,1.186080000000001,7.85,5.708009999999999,2,1.4826,0.65,0.51891,0.15,0.22238999999999998,0.7,0,Sydney,Brown,PHI,S,25,-3
DB,16271,weighted,NA,NA,NA,NA,NA,NA,NA,NA,NA,NA,NA,NA,NA,NA,NA,NA,NA,NA,NA,NA,NA,NA,NA,NA,NA,NA,NA,NA,NA,NA,NA,NA,NA,NA,NA,NA,NA,NA,NA,NA,NA,NA,41.49419795221843,9.475230867899736,15.775426621160412,1.131370849898477,7.73174061433447,5.444722215136415,1.969283276450512,1.414213562373095,0.6607508532423209,0.4949747468305833,0.14539249146757677,0.21213203435596423,0.7,0,Sydney,Brown,PHI,S,25,-3
DB,13717,average,NA,NA,NA,NA,NA,NA,NA,NA,NA,NA,NA,NA,NA,NA,NA,NA,NA,NA,NA,NA,NA,NA,NA,NA,NA,NA,NA,NA,NA,NA,NA,NA,NA,NA,NA,NA,NA,NA,NA,NA,NA,NA,58.55,7.707463914933367,20.35,5.161879502661797,8.55,0.7778174593052021,2,0,0,0,0,0,0,0,Justin,Reid,NOS,S,28,2
DB,13717,robust,NA,NA,NA,NA,NA,NA,NA,NA,NA,NA,NA,NA,NA,NA,NA,NA,NA,NA,NA,NA,NA,NA,NA,NA,NA,NA,NA,NA,NA,NA,NA,NA,NA,NA,NA,NA,NA,NA,NA,NA,NA,NA,58.55,8.080169999999999,20.35,5.411490000000001,8.55,0.8154299999999997,2,0,0,0,0,0,0,0,Justin,Reid,NOS,S,28,2
DB,13717,weighted,NA,NA,NA,NA,NA,NA,NA,NA,NA,NA,NA,NA,NA,NA,NA,NA,NA,NA,NA,NA,NA,NA,NA,NA,NA,NA,NA,NA,NA,NA,NA,NA,NA,NA,NA,NA,NA,NA,NA,NA,NA,NA,58.71740614334471,7.707463914933367,20.462116040955628,5.161879502661797,8.53310580204778,0.777817459305202,2,0,0,0,0,0,0,0,Justin,Reid,NOS,S,28,2
DB,13223,average,NA,NA,NA,NA,NA,NA,NA,NA,NA,NA,NA,NA,NA,NA,NA,NA,NA,NA,NA,NA,NA,NA,NA,NA,NA,NA,NA,NA,NA,NA,NA,NA,NA,NA,NA,NA,NA,NA,NA,NA,NA,NA,46.15,2.616295090390228,17.55,2.1920310216782983,12.5,0.7071067811865476,3.1,0.14142135623730964,1.45,0.6363961030678927,0,0,0.6,0,Marlon,Humphrey,BAL,CB,29,3
DB,13223,robust,NA,NA,NA,NA,NA,NA,NA,NA,NA,NA,NA,NA,NA,NA,NA,NA,NA,NA,NA,NA,NA,NA,NA,NA,NA,NA,NA,NA,NA,NA,NA,NA,NA,NA,NA,NA,NA,NA,NA,NA,NA,NA,46.15,2.7428100000000017,17.55,2.298030000000001,12.5,0.7413,3.1,0.14826000000000011,1.45,0.6671699999999999,0,0,0.6,0,Marlon,Humphrey,BAL,CB,29,3
DB,13223,weighted,NA,NA,NA,NA,NA,NA,NA,NA,NA,NA,NA,NA,NA,NA,NA,NA,NA,NA,NA,NA,NA,NA,NA,NA,NA,NA,NA,NA,NA,NA,NA,NA,NA,NA,NA,NA,NA,NA,NA,NA,NA,NA,46.20682593856655,2.616295090390228,17.502389078498293,2.1920310216782983,12.515358361774744,0.7071067811865475,3.096928327645051,0.14142135623730961,1.4361774744027302,0.6363961030678926,0,0,0.6,0,Marlon,Humphrey,BAL,CB,29,3
DB,17132,average,NA,NA,NA,NA,NA,NA,NA,NA,NA,NA,NA,NA,NA,NA,NA,NA,NA,NA,NA,NA,NA,NA,NA,NA,NA,NA,NA,NA,NA,NA,NA,NA,NA,NA,NA,NA,NA,NA,NA,NA,NA,NA,49.35,1.9091883092036803,22.15,6.858935777509511,7.7,2.4041630560342617,1.75,1.0606601717798212,0.5,0.7071067811865476,0,0,0.7,0,Malaki,Starks,BAL,S,22,-5
DB,17132,robust,NA,NA,NA,NA,NA,NA,NA,NA,NA,NA,NA,NA,NA,NA,NA,NA,NA,NA,NA,NA,NA,NA,NA,NA,NA,NA,NA,NA,NA,NA,NA,NA,NA,NA,NA,NA,NA,NA,NA,NA,NA,NA,49.35,2.001510000000002,22.15,7.1906099999999995,7.7,2.52042,1.75,1.11195,0.5,0.7413,0,0,0.7,0,Malaki,Starks,BAL,S,22,-5
DB,17132,weighted,NA,NA,NA,NA,NA,NA,NA,NA,NA,NA,NA,NA,NA,NA,NA,NA,NA,NA,NA,NA,NA,NA,NA,NA,NA,NA,NA,NA,NA,NA,NA,NA,NA,NA,NA,NA,NA,NA,NA,NA,NA,NA,49.308532423208185,1.9091883092036803,22.29897610921502,6.85893577750951,7.647781569965871,2.4041630560342617,1.7269624573378841,1.0606601717798212,0.515358361774744,0.7071067811865475,0,0,0.7,0,Malaki,Starks,BAL,S,22,-5
DB,13228,average,NA,NA,NA,NA,NA,NA,NA,NA,NA,NA,NA,NA,NA,NA,NA,NA,NA,NA,NA,NA,NA,NA,NA,NA,NA,NA,NA,NA,NA,NA,NA,NA,NA,NA,NA,NA,NA,NA,NA,NA,NA,NA,47.15,1.6263455967290572,29.45,3.464823227814082,4.65,0.9192388155425116,2.15,0.21213203435596414,0,0,0,0,0.2,0,Malik,Hooker,DAL,S,29,3
DB,13228,robust,NA,NA,NA,NA,NA,NA,NA,NA,NA,NA,NA,NA,NA,NA,NA,NA,NA,NA,NA,NA,NA,NA,NA,NA,NA,NA,NA,NA,NA,NA,NA,NA,NA,NA,NA,NA,NA,NA,NA,NA,NA,NA,47.15,1.7049899999999978,29.45,3.6323699999999985,4.65,0.9636899999999998,2.15,0.22238999999999987,0,0,0,0,0.2,0,Malik,Hooker,DAL,S,29,3
DB,13228,weighted,NA,NA,NA,NA,NA,NA,NA,NA,NA,NA,NA,NA,NA,NA,NA,NA,NA,NA,NA,NA,NA,NA,NA,NA,NA,NA,NA,NA,NA,NA,NA,NA,NA,NA,NA,NA,NA,NA,NA,NA,NA,NA,47.11467576791809,1.6263455967290572,29.374744027303755,3.464823227814082,4.630034129692833,0.9192388155425116,2.1453924914675766,0.21213203435596412,0,0,0,0,0.2,0,Malik,Hooker,DAL,S,29,3
DB,15380,average,NA,NA,NA,NA,NA,NA,NA,NA,NA,NA,NA,NA,NA,NA,NA,NA,NA,NA,NA,NA,NA,NA,NA,NA,NA,NA,NA,NA,NA,NA,NA,NA,NA,NA,NA,NA,NA,NA,NA,NA,NA,NA,49.1,5.798275605729692,18.95,5.586143571373724,9.55,2.050609665440988,0.15,0.21213203435596426,0.1,0.14142135623730953,0,0,0.2,0,Tyson,Campbell,CLE,CB,25,-1
DB,15380,robust,NA,NA,NA,NA,NA,NA,NA,NA,NA,NA,NA,NA,NA,NA,NA,NA,NA,NA,NA,NA,NA,NA,NA,NA,NA,NA,NA,NA,NA,NA,NA,NA,NA,NA,NA,NA,NA,NA,NA,NA,NA,NA,49.1,6.078660000000002,18.95,5.8562699999999985,9.55,2.14977,0.15,0.22238999999999998,0.1,0.14826,0,0,0.2,0,Tyson,Campbell,CLE,CB,25,-1
DB,15380,weighted,NA,NA,NA,NA,NA,NA,NA,NA,NA,NA,NA,NA,NA,NA,NA,NA,NA,NA,NA,NA,NA,NA,NA,NA,NA,NA,NA,NA,NA,NA,NA,NA,NA,NA,NA,NA,NA,NA,NA,NA,NA,NA,48.9740614334471,5.798275605729691,18.828668941979522,5.586143571373724,9.594539249146758,2.050609665440988,0.14539249146757677,0.21213203435596423,0.09692832764505119,0.1414213562373095,0,0,0.2,0,Tyson,Campbell,CLE,CB,25,-1
DB,16736,average,NA,NA,NA,NA,NA,NA,NA,NA,NA,NA,NA,NA,NA,NA,NA,NA,NA,NA,NA,NA,NA,NA,NA,NA,NA,NA,NA,NA,NA,NA,NA,NA,NA,NA,NA,NA,NA,NA,NA,NA,NA,NA,46.85,4.030508652763323,32.8,2.545584412271572,6.5,0.7071067811865476,1.1,1.2727922061357855,0.5,0.7071067811865476,0,0,0,0,Jarvis,Brownlee,NYJ,CB,24,-4
DB,16736,robust,NA,NA,NA,NA,NA,NA,NA,NA,NA,NA,NA,NA,NA,NA,NA,NA,NA,NA,NA,NA,NA,NA,NA,NA,NA,NA,NA,NA,NA,NA,NA,NA,NA,NA,NA,NA,NA,NA,NA,NA,NA,NA,46.85,4.225410000000002,32.8,2.668680000000001,6.5,0.7413,1.1,1.3343399999999999,0.5,0.7413,0,0,0,0,Jarvis,Brownlee,NYJ,CB,24,-4
DB,16736,weighted,NA,NA,NA,NA,NA,NA,NA,NA,NA,NA,NA,NA,NA,NA,NA,NA,NA,NA,NA,NA,NA,NA,NA,NA,NA,NA,NA,NA,NA,NA,NA,NA,NA,NA,NA,NA,NA,NA,NA,NA,NA,NA,46.76245733788396,4.030508652763323,32.744709897610925,2.545584412271572,6.5153583617747435,0.7071067811865475,1.1276450511945393,1.2727922061357855,0.515358361774744,0.7071067811865475,0,0,0,0,Jarvis,Brownlee,NYJ,CB,24,-4
DB,13764,average,NA,NA,NA,NA,NA,NA,NA,NA,NA,NA,NA,NA,NA,NA,NA,NA,NA,NA,NA,NA,NA,NA,NA,NA,NA,NA,NA,NA,NA,NA,NA,NA,NA,NA,NA,NA,NA,NA,NA,NA,NA,NA,57.25,10.960155108391486,25.35,2.333452377915607,6.5,0.7071067811865476,1.6,0.5656854249492381,1.3,0.9899494936611666,0.8,0.28284271247461906,0.6,0,Taron,Johnson,BUF,CB,29,2
DB,13764,robust,NA,NA,NA,NA,NA,NA,NA,NA,NA,NA,NA,NA,NA,NA,NA,NA,NA,NA,NA,NA,NA,NA,NA,NA,NA,NA,NA,NA,NA,NA,NA,NA,NA,NA,NA,NA,NA,NA,NA,NA,NA,NA,57.25,11.49015,25.35,2.4462900000000003,6.5,0.7413,1.6,0.59304,1.3,1.03782,0.8,0.29652,0.6,0,Taron,Johnson,BUF,CB,29,2
DB,13764,weighted,NA,NA,NA,NA,NA,NA,NA,NA,NA,NA,NA,NA,NA,NA,NA,NA,NA,NA,NA,NA,NA,NA,NA,NA,NA,NA,NA,NA,NA,NA,NA,NA,NA,NA,NA,NA,NA,NA,NA,NA,NA,NA,57.48805460750853,10.960155108391486,25.400682593856654,2.333452377915607,6.5153583617747435,0.7071067811865475,1.6122866894197951,0.5656854249492381,1.3215017064846417,0.9899494936611666,0.8061433447098976,0.28284271247461906,0.6,0,Taron,Johnson,BUF,CB,29,2
DB,16671,average,NA,NA,NA,NA,NA,NA,NA,NA,NA,NA,NA,NA,NA,NA,NA,NA,NA,NA,NA,NA,NA,NA,NA,NA,NA,NA,NA,NA,NA,NA,NA,NA,NA,NA,NA,NA,NA,NA,NA,NA,NA,NA,54.25,0.3535533905932738,14.55,0.636396103067893,10,1.4142135623730951,1,1.4142135623730951,0.1,0.14142135623730953,0.1,0.14142135623730953,0,0,Terrion,Arnold,DET,CB,22,-4
DB,16671,robust,NA,NA,NA,NA,NA,NA,NA,NA,NA,NA,NA,NA,NA,NA,NA,NA,NA,NA,NA,NA,NA,NA,NA,NA,NA,NA,NA,NA,NA,NA,NA,NA,NA,NA,NA,NA,NA,NA,NA,NA,NA,NA,54.25,0.37065,14.55,0.6671700000000003,10,1.4826,1,1.4826,0.1,0.14826,0.1,0.14826,0,0,Terrion,Arnold,DET,CB,22,-4
DB,16671,weighted,NA,NA,NA,NA,NA,NA,NA,NA,NA,NA,NA,NA,NA,NA,NA,NA,NA,NA,NA,NA,NA,NA,NA,NA,NA,NA,NA,NA,NA,NA,NA,NA,NA,NA,NA,NA,NA,NA,NA,NA,NA,NA,54.24232081911263,0.35355339059327373,14.56382252559727,0.636396103067893,10.030716723549489,1.414213562373095,1.030716723549488,1.414213562373095,0.09692832764505119,0.1414213562373095,0.09692832764505119,0.1414213562373095,0,0,Terrion,Arnold,DET,CB,22,-4
DB,14982,average,NA,NA,NA,NA,NA,NA,NA,NA,NA,NA,NA,NA,NA,NA,NA,NA,NA,NA,NA,NA,NA,NA,NA,NA,NA,NA,NA,NA,NA,NA,NA,NA,NA,NA,NA,NA,NA,NA,NA,NA,NA,NA,41.75,2.4748737341529163,19.15,3.040559159102155,7.4,0.5656854249492379,2.8,1.1313708498984762,0.8,0.28284271247461906,0.5,0.7071067811865476,0.6,0,Alohi,Gilman,BAL,S,28,0
DB,14982,robust,NA,NA,NA,NA,NA,NA,NA,NA,NA,NA,NA,NA,NA,NA,NA,NA,NA,NA,NA,NA,NA,NA,NA,NA,NA,NA,NA,NA,NA,NA,NA,NA,NA,NA,NA,NA,NA,NA,NA,NA,NA,NA,41.75,2.59455,19.15,3.18759,7.4,0.5930399999999998,2.8,1.18608,0.8,0.29652,0.5,0.7413,0.6,0,Alohi,Gilman,BAL,S,28,0
DB,14982,weighted,NA,NA,NA,NA,NA,NA,NA,NA,NA,NA,NA,NA,NA,NA,NA,NA,NA,NA,NA,NA,NA,NA,NA,NA,NA,NA,NA,NA,NA,NA,NA,NA,NA,NA,NA,NA,NA,NA,NA,NA,NA,NA,41.696245733788395,2.4748737341529163,19.0839590443686,3.0405591591021546,7.387713310580206,0.5656854249492379,2.7754266211604093,1.131370849898476,0.8061433447098976,0.28284271247461906,0.515358361774744,0.7071067811865475,0.6,0,Alohi,Gilman,BAL,S,28,0
DB,15001,average,NA,NA,NA,NA,NA,NA,NA,NA,NA,NA,NA,NA,NA,NA,NA,NA,NA,NA,NA,NA,NA,NA,NA,NA,NA,NA,NA,NA,NA,NA,NA,NA,NA,NA,NA,NA,NA,NA,NA,NA,NA,NA,55.35,15.061374439273461,31.2,5.374011537017762,7.15,1.6263455967290599,0.6,0.565685424949238,1.15,0.21213203435596428,0.4,0.5656854249492381,0.5,0,Kamren,Curl,LAR,S,26,0
DB,15001,robust,NA,NA,NA,NA,NA,NA,NA,NA,NA,NA,NA,NA,NA,NA,NA,NA,NA,NA,NA,NA,NA,NA,NA,NA,NA,NA,NA,NA,NA,NA,NA,NA,NA,NA,NA,NA,NA,NA,NA,NA,NA,NA,55.35,15.789689999999997,31.2,5.6338800000000004,7.15,1.7049900000000004,0.6,0.59304,1.15,0.22239000000000003,0.4,0.59304,0.5,0,Kamren,Curl,LAR,S,26,0
DB,15001,weighted,NA,NA,NA,NA,NA,NA,NA,NA,NA,NA,NA,NA,NA,NA,NA,NA,NA,NA,NA,NA,NA,NA,NA,NA,NA,NA,NA,NA,NA,NA,NA,NA,NA,NA,NA,NA,NA,NA,NA,NA,NA,NA,55.67713310580204,15.06137443927346,31.316723549488053,5.374011537017762,7.114675767918089,1.6263455967290597,0.6122866894197952,0.565685424949238,1.1453924914675768,0.21213203435596428,0.38771331058020475,0.565685424949238,0.5,0,Kamren,Curl,LAR,S,26,0
DB,14224,average,NA,NA,NA,NA,NA,NA,NA,NA,NA,NA,NA,NA,NA,NA,NA,NA,NA,NA,NA,NA,NA,NA,NA,NA,NA,NA,NA,NA,NA,NA,NA,NA,NA,NA,NA,NA,NA,NA,NA,NA,NA,NA,42,7.0710678118654755,20,0,10.4,1.9798989873223336,3.95,1.3435028842544405,0.9,0.14142135623730948,0,0,0.9,0,Chauncey,Gardner-Johnson,BAL,S,28,1
DB,14224,robust,NA,NA,NA,NA,NA,NA,NA,NA,NA,NA,NA,NA,NA,NA,NA,NA,NA,NA,NA,NA,NA,NA,NA,NA,NA,NA,NA,NA,NA,NA,NA,NA,NA,NA,NA,NA,NA,NA,NA,NA,NA,NA,42,7.412999999999999,20,0,10.4,2.0756400000000004,3.95,1.4084700000000001,0.9,0.14825999999999995,0,0,0.9,0,Chauncey,Gardner-Johnson,BAL,S,28,1
DB,14224,weighted,NA,NA,NA,NA,NA,NA,NA,NA,NA,NA,NA,NA,NA,NA,NA,NA,NA,NA,NA,NA,NA,NA,NA,NA,NA,NA,NA,NA,NA,NA,NA,NA,NA,NA,NA,NA,NA,NA,NA,NA,NA,NA,42.15358361774744,7.071067811865475,20,0,10.356996587030718,1.9798989873223336,3.9208191126279868,1.3435028842544405,0.9030716723549489,0.14142135623730945,0,0,0.9,0,Chauncey,Gardner-Johnson,BAL,S,28,1
DB,15445,average,NA,NA,NA,NA,NA,NA,NA,NA,NA,NA,NA,NA,NA,NA,NA,NA,NA,NA,NA,NA,NA,NA,NA,NA,NA,NA,NA,NA,NA,NA,NA,NA,NA,NA,NA,NA,NA,NA,NA,NA,NA,NA,49.4,7.919595949289334,30.3,4.666904755831214,7.05,1.3435028842544405,1.4,0.848528137423857,1,0,0,0,0.9,0,Deommodore,Lenoir,SFO,CB,26,-1
DB,15445,robust,NA,NA,NA,NA,NA,NA,NA,NA,NA,NA,NA,NA,NA,NA,NA,NA,NA,NA,NA,NA,NA,NA,NA,NA,NA,NA,NA,NA,NA,NA,NA,NA,NA,NA,NA,NA,NA,NA,NA,NA,NA,NA,49.4,8.302560000000001,30.3,4.892580000000001,7.05,1.4084700000000001,1.4,0.8895599999999999,1,0,0,0,0.9,0,Deommodore,Lenoir,SFO,CB,26,-1
DB,15445,weighted,NA,NA,NA,NA,NA,NA,NA,NA,NA,NA,NA,NA,NA,NA,NA,NA,NA,NA,NA,NA,NA,NA,NA,NA,NA,NA,NA,NA,NA,NA,NA,NA,NA,NA,NA,NA,NA,NA,NA,NA,NA,NA,49.572013651877135,7.919595949289334,30.198634812286688,4.666904755831214,7.079180887372013,1.3435028842544405,1.4184300341296927,0.8485281374238569,1,0,0,0,0.9,0,Deommodore,Lenoir,SFO,CB,26,-1
DB,16690,average,NA,NA,NA,NA,NA,NA,NA,NA,NA,NA,NA,NA,NA,NA,NA,NA,NA,NA,NA,NA,NA,NA,NA,NA,NA,NA,NA,NA,NA,NA,NA,NA,NA,NA,NA,NA,NA,NA,NA,NA,NA,NA,41,1.4142135623730951,12.65,3.7476659402887025,12.5,0.7071067811865476,2.4,0.5656854249492379,0.4,0.5656854249492381,0.4,0.5656854249492381,0,0,Quinyon,Mitchell,PHI,CB,24,-4
DB,16690,robust,NA,NA,NA,NA,NA,NA,NA,NA,NA,NA,NA,NA,NA,NA,NA,NA,NA,NA,NA,NA,NA,NA,NA,NA,NA,NA,NA,NA,NA,NA,NA,NA,NA,NA,NA,NA,NA,NA,NA,NA,NA,NA,41,1.4826,12.65,3.9288900000000004,12.5,0.7413,2.4,0.5930399999999998,0.4,0.59304,0.4,0.59304,0,0,Quinyon,Mitchell,PHI,CB,24,-4
DB,16690,weighted,NA,NA,NA,NA,NA,NA,NA,NA,NA,NA,NA,NA,NA,NA,NA,NA,NA,NA,NA,NA,NA,NA,NA,NA,NA,NA,NA,NA,NA,NA,NA,NA,NA,NA,NA,NA,NA,NA,NA,NA,NA,NA,40.96928327645051,1.414213562373095,12.568600682593857,3.7476659402887025,12.515358361774744,0.7071067811865475,2.387713310580205,0.5656854249492379,0.38771331058020475,0.565685424949238,0.38771331058020475,0.565685424949238,0,0,Quinyon,Mitchell,PHI,CB,24,-4
DB,16675,average,NA,NA,NA,NA,NA,NA,NA,NA,NA,NA,NA,NA,NA,NA,NA,NA,NA,NA,NA,NA,NA,NA,NA,NA,NA,NA,NA,NA,NA,NA,NA,NA,NA,NA,NA,NA,NA,NA,NA,NA,NA,NA,46,1.4142135623730951,17.15,1.6263455967290599,9.45,2.050609665440988,1,0,0.85,0.21213203435596428,0.85,0.21213203435596428,0.7,0,Cooper,DeJean,PHI,CB,22,-4
DB,16675,robust,NA,NA,NA,NA,NA,NA,NA,NA,NA,NA,NA,NA,NA,NA,NA,NA,NA,NA,NA,NA,NA,NA,NA,NA,NA,NA,NA,NA,NA,NA,NA,NA,NA,NA,NA,NA,NA,NA,NA,NA,NA,NA,46,1.4826,17.15,1.7049900000000004,9.45,2.14977,1,0,0.85,0.22239000000000003,0.85,0.22239000000000003,0.7,0,Cooper,DeJean,PHI,CB,22,-4
DB,16675,weighted,NA,NA,NA,NA,NA,NA,NA,NA,NA,NA,NA,NA,NA,NA,NA,NA,NA,NA,NA,NA,NA,NA,NA,NA,NA,NA,NA,NA,NA,NA,NA,NA,NA,NA,NA,NA,NA,NA,NA,NA,NA,NA,46.03071672354948,1.414213562373095,17.11467576791809,1.6263455967290597,9.405460750853242,2.050609665440988,1,0,0.8546075085324231,0.21213203435596428,0.8546075085324231,0.21213203435596428,0.7,0,Cooper,DeJean,PHI,CB,22,-4
DB,15850,average,NA,NA,NA,NA,NA,NA,NA,NA,NA,NA,NA,NA,NA,NA,NA,NA,NA,NA,NA,NA,NA,NA,NA,NA,NA,NA,NA,NA,NA,NA,NA,NA,NA,NA,NA,NA,NA,NA,NA,NA,NA,NA,57.6,17.536248173426376,24.55,2.1920310216782983,7.3,0.4242640687119283,1.4,0.848528137423857,0.45,0.6363961030678927,0.5,0.7071067811865476,0,0,Jalen,Pitre,HOU,S,26,-2
DB,15850,robust,NA,NA,NA,NA,NA,NA,NA,NA,NA,NA,NA,NA,NA,NA,NA,NA,NA,NA,NA,NA,NA,NA,NA,NA,NA,NA,NA,NA,NA,NA,NA,NA,NA,NA,NA,NA,NA,NA,NA,NA,NA,NA,57.6,18.38424,24.55,2.298030000000001,7.3,0.44477999999999973,1.4,0.8895599999999999,0.45,0.6671699999999999,0.5,0.7413,0,0,Jalen,Pitre,HOU,S,26,-2
DB,15850,weighted,NA,NA,NA,NA,NA,NA,NA,NA,NA,NA,NA,NA,NA,NA,NA,NA,NA,NA,NA,NA,NA,NA,NA,NA,NA,NA,NA,NA,NA,NA,NA,NA,NA,NA,NA,NA,NA,NA,NA,NA,NA,NA,57.98088737201365,17.536248173426376,24.502389078498293,2.1920310216782983,7.290784982935153,0.42426406871192823,1.4184300341296927,0.8485281374238569,0.4361774744027304,0.6363961030678927,0.515358361774744,0.7071067811865475,0,0,Jalen,Pitre,HOU,S,26,-2
DB,13227,average,NA,NA,NA,NA,NA,NA,NA,NA,NA,NA,NA,NA,NA,NA,NA,NA,NA,NA,NA,NA,NA,NA,NA,NA,NA,NA,NA,NA,NA,NA,NA,NA,NA,NA,NA,NA,NA,NA,NA,NA,NA,NA,40.75,0.3535533905932738,22.65,7.990306627407987,8.4,0.5656854249492386,0.65,0.4949747468305833,0.35,0.49497474683058323,0.35,0.49497474683058323,0,0,Jourdan,Lewis,JAC,CB,30,3
DB,13227,robust,NA,NA,NA,NA,NA,NA,NA,NA,NA,NA,NA,NA,NA,NA,NA,NA,NA,NA,NA,NA,NA,NA,NA,NA,NA,NA,NA,NA,NA,NA,NA,NA,NA,NA,NA,NA,NA,NA,NA,NA,NA,NA,40.75,0.37065,22.65,8.37669,8.4,0.5930400000000005,0.65,0.51891,0.35,0.51891,0.35,0.51891,0,0,Jourdan,Lewis,JAC,CB,30,3
DB,13227,weighted,NA,NA,NA,NA,NA,NA,NA,NA,NA,NA,NA,NA,NA,NA,NA,NA,NA,NA,NA,NA,NA,NA,NA,NA,NA,NA,NA,NA,NA,NA,NA,NA,NA,NA,NA,NA,NA,NA,NA,NA,NA,NA,40.75767918088737,0.35355339059327373,22.47645051194539,7.990306627407988,8.387713310580207,0.5656854249492385,0.6607508532423209,0.4949747468305833,0.33924914675767914,0.4949747468305832,0.33924914675767914,0.4949747468305832,0,0,Jourdan,Lewis,JAC,CB,30,3
DB,15845,average,NA,NA,NA,NA,NA,NA,NA,NA,NA,NA,NA,NA,NA,NA,NA,NA,NA,NA,NA,NA,NA,NA,NA,NA,NA,NA,NA,NA,NA,NA,NA,NA,NA,NA,NA,NA,NA,NA,NA,NA,NA,NA,47,5.656854249492381,14,0,12.25,0.3535533905932738,1.7,0.42426406871192857,0.9,0.14142135623730948,0.25,0.3535533905932738,0,0,Trent,McDuffie,KCC,CB,25,-2
DB,15845,robust,NA,NA,NA,NA,NA,NA,NA,NA,NA,NA,NA,NA,NA,NA,NA,NA,NA,NA,NA,NA,NA,NA,NA,NA,NA,NA,NA,NA,NA,NA,NA,NA,NA,NA,NA,NA,NA,NA,NA,NA,NA,NA,47,5.9304,14,0,12.25,0.37065,1.7,0.44478000000000006,0.9,0.14825999999999995,0.25,0.37065,0,0,Trent,McDuffie,KCC,CB,25,-2
DB,15845,weighted,NA,NA,NA,NA,NA,NA,NA,NA,NA,NA,NA,NA,NA,NA,NA,NA,NA,NA,NA,NA,NA,NA,NA,NA,NA,NA,NA,NA,NA,NA,NA,NA,NA,NA,NA,NA,NA,NA,NA,NA,NA,NA,47.12286689419795,5.65685424949238,13.999999999999998,2.5133339004686026e-15,12.242320819112628,0.35355339059327373,1.7092150170648461,0.42426406871192857,0.9030716723549489,0.14142135623730945,0.24232081911262798,0.35355339059327373,0,0,Trent,McDuffie,KCC,CB,25,-2
DB,15361,average,NA,NA,NA,NA,NA,NA,NA,NA,NA,NA,NA,NA,NA,NA,NA,NA,NA,NA,NA,NA,NA,NA,NA,NA,NA,NA,NA,NA,NA,NA,NA,NA,NA,NA,NA,NA,NA,NA,NA,NA,NA,NA,47.6,6.222539674441617,20.05,1.4849242404917509,11.25,1.0606601717798212,1.25,1.0606601717798212,0,0,0,0,0,0,Jaycee,Horn,CAR,CB,26,-1
DB,15361,robust,NA,NA,NA,NA,NA,NA,NA,NA,NA,NA,NA,NA,NA,NA,NA,NA,NA,NA,NA,NA,NA,NA,NA,NA,NA,NA,NA,NA,NA,NA,NA,NA,NA,NA,NA,NA,NA,NA,NA,NA,NA,NA,47.6,6.523439999999997,20.05,1.556730000000001,11.25,1.11195,1.25,1.11195,0,0,0,0,0,0,Jaycee,Horn,CAR,CB,26,-1
DB,15361,weighted,NA,NA,NA,NA,NA,NA,NA,NA,NA,NA,NA,NA,NA,NA,NA,NA,NA,NA,NA,NA,NA,NA,NA,NA,NA,NA,NA,NA,NA,NA,NA,NA,NA,NA,NA,NA,NA,NA,NA,NA,NA,NA,47.73515358361775,6.222539674441616,20.017747440273038,1.4849242404917506,11.273037542662117,1.0606601717798212,1.273037542662116,1.0606601717798212,0,0,0,0,0,0,Jaycee,Horn,CAR,CB,26,-1
DB,15364,average,NA,NA,NA,NA,NA,NA,NA,NA,NA,NA,NA,NA,NA,NA,NA,NA,NA,NA,NA,NA,NA,NA,NA,NA,NA,NA,NA,NA,NA,NA,NA,NA,NA,NA,NA,NA,NA,NA,NA,NA,NA,NA,48.4,2.2627416997969543,22.5,0.7071067811865476,6.45,0.636396103067893,1.75,1.7677669529663689,0.75,0.3535533905932738,0,0,0,0,Andre,Cisco,NYJ,S,25,-1
DB,15364,robust,NA,NA,NA,NA,NA,NA,NA,NA,NA,NA,NA,NA,NA,NA,NA,NA,NA,NA,NA,NA,NA,NA,NA,NA,NA,NA,NA,NA,NA,NA,NA,NA,NA,NA,NA,NA,NA,NA,NA,NA,NA,NA,48.4,2.372160000000002,22.5,0.7413,6.45,0.6671700000000003,1.75,1.8532499999999998,0.75,0.37065,0,0,0,0,Andre,Cisco,NYJ,S,25,-1
DB,15364,weighted,NA,NA,NA,NA,NA,NA,NA,NA,NA,NA,NA,NA,NA,NA,NA,NA,NA,NA,NA,NA,NA,NA,NA,NA,NA,NA,NA,NA,NA,NA,NA,NA,NA,NA,NA,NA,NA,NA,NA,NA,NA,NA,48.44914675767918,2.262741699796954,22.515358361774744,0.7071067811865475,6.43617747440273,0.636396103067893,1.7883959044368598,1.7677669529663687,0.757679180887372,0.35355339059327373,0,0,0,0,Andre,Cisco,NYJ,S,25,-1
DB,15852,average,NA,NA,NA,NA,NA,NA,NA,NA,NA,NA,NA,NA,NA,NA,NA,NA,NA,NA,NA,NA,NA,NA,NA,NA,NA,NA,NA,NA,NA,NA,NA,NA,NA,NA,NA,NA,NA,NA,NA,NA,NA,NA,46.2,0.282842712474618,22.35,2.333452377915607,5.85,0.21213203435596414,1.4,0.848528137423857,0.95,0.07071067811865474,0.95,0.07071067811865474,0,0,Kyler,Gordon,CHI,CB,26,-2
DB,15852,robust,NA,NA,NA,NA,NA,NA,NA,NA,NA,NA,NA,NA,NA,NA,NA,NA,NA,NA,NA,NA,NA,NA,NA,NA,NA,NA,NA,NA,NA,NA,NA,NA,NA,NA,NA,NA,NA,NA,NA,NA,NA,NA,46.2,0.29651999999999895,22.35,2.4462900000000003,5.85,0.22238999999999987,1.4,0.8895599999999999,0.95,0.07412999999999997,0.95,0.07412999999999997,0,0,Kyler,Gordon,CHI,CB,26,-2
DB,15852,weighted,NA,NA,NA,NA,NA,NA,NA,NA,NA,NA,NA,NA,NA,NA,NA,NA,NA,NA,NA,NA,NA,NA,NA,NA,NA,NA,NA,NA,NA,NA,NA,NA,NA,NA,NA,NA,NA,NA,NA,NA,NA,NA,46.1938566552901,0.282842712474618,22.400682593856654,2.333452377915607,5.854607508532423,0.21213203435596412,1.4184300341296927,0.8485281374238569,0.9515358361774744,0.07071067811865474,0.9515358361774744,0.07071067811865474,0,0,Kyler,Gordon,CHI,CB,26,-2
DB,15913,average,NA,NA,NA,NA,NA,NA,NA,NA,NA,NA,NA,NA,NA,NA,NA,NA,NA,NA,NA,NA,NA,NA,NA,NA,NA,NA,NA,NA,NA,NA,NA,NA,NA,NA,NA,NA,NA,NA,NA,NA,NA,NA,43.6,4.808326112068521,13.65,0.9192388155425123,9.75,0.3535533905932738,2.1,0.14142135623730964,1.6,0.8485281374238571,1,0,0.2,0,Christian,Benford,BUF,CB,25,-2
DB,15913,robust,NA,NA,NA,NA,NA,NA,NA,NA,NA,NA,NA,NA,NA,NA,NA,NA,NA,NA,NA,NA,NA,NA,NA,NA,NA,NA,NA,NA,NA,NA,NA,NA,NA,NA,NA,NA,NA,NA,NA,NA,NA,NA,43.6,5.0408399999999975,13.65,0.9636900000000005,9.75,0.37065,2.1,0.14826000000000011,1.6,0.8895600000000001,1,0,0.2,0,Christian,Benford,BUF,CB,25,-2
DB,15913,weighted,NA,NA,NA,NA,NA,NA,NA,NA,NA,NA,NA,NA,NA,NA,NA,NA,NA,NA,NA,NA,NA,NA,NA,NA,NA,NA,NA,NA,NA,NA,NA,NA,NA,NA,NA,NA,NA,NA,NA,NA,NA,NA,43.704436860068256,4.808326112068521,13.630034129692833,0.9192388155425123,9.757679180887372,0.35355339059327373,2.0969283276450517,0.14142135623730961,1.5815699658703073,0.8485281374238571,1,0,0.2,0,Christian,Benford,BUF,CB,25,-2
DB,14903,average,NA,NA,NA,NA,NA,NA,NA,NA,NA,NA,NA,NA,NA,NA,NA,NA,NA,NA,NA,NA,NA,NA,NA,NA,NA,NA,NA,NA,NA,NA,NA,NA,NA,NA,NA,NA,NA,NA,NA,NA,NA,NA,43.9,2.9698484809835017,12.35,4.737615433949868,13.8,3.111269837220809,2.1,1.2727922061357855,0.7,0.4242640687119285,0,0,0,0,Trevon,Diggs,DAL,CB,27,0
DB,14903,robust,NA,NA,NA,NA,NA,NA,NA,NA,NA,NA,NA,NA,NA,NA,NA,NA,NA,NA,NA,NA,NA,NA,NA,NA,NA,NA,NA,NA,NA,NA,NA,NA,NA,NA,NA,NA,NA,NA,NA,NA,NA,NA,43.9,3.113460000000002,12.35,4.966709999999999,13.8,3.26172,2.1,1.3343399999999999,0.7,0.44477999999999995,0,0,0,0,Trevon,Diggs,DAL,CB,27,0
DB,14903,weighted,NA,NA,NA,NA,NA,NA,NA,NA,NA,NA,NA,NA,NA,NA,NA,NA,NA,NA,NA,NA,NA,NA,NA,NA,NA,NA,NA,NA,NA,NA,NA,NA,NA,NA,NA,NA,NA,NA,NA,NA,NA,NA,43.964505119453925,2.9698484809835013,12.247098976109214,4.737615433949868,13.867576791808874,3.111269837220809,2.127645051194539,1.2727922061357855,0.7092150170648464,0.42426406871192845,0,0,0,0,Trevon,Diggs,DAL,CB,27,0
DB,15362,average,NA,NA,NA,NA,NA,NA,NA,NA,NA,NA,NA,NA,NA,NA,NA,NA,NA,NA,NA,NA,NA,NA,NA,NA,NA,NA,NA,NA,NA,NA,NA,NA,NA,NA,NA,NA,NA,NA,NA,NA,NA,NA,42.15,4.454772721475248,11.7,0.4242640687119283,10.15,2.616295090390225,2.4,0.848528137423857,0.95,0.07071067811865474,0.45,0.6363961030678927,0.2,0,Patrick,Surtain II,DEN,CB,25,-1
DB,15362,robust,NA,NA,NA,NA,NA,NA,NA,NA,NA,NA,NA,NA,NA,NA,NA,NA,NA,NA,NA,NA,NA,NA,NA,NA,NA,NA,NA,NA,NA,NA,NA,NA,NA,NA,NA,NA,NA,NA,NA,NA,NA,NA,42.15,4.670189999999998,11.7,0.44477999999999973,10.15,2.7428099999999995,2.4,0.8895599999999999,0.95,0.07412999999999997,0.45,0.6671699999999999,0.2,0,Patrick,Surtain II,DEN,CB,25,-1
DB,15362,weighted,NA,NA,NA,NA,NA,NA,NA,NA,NA,NA,NA,NA,NA,NA,NA,NA,NA,NA,NA,NA,NA,NA,NA,NA,NA,NA,NA,NA,NA,NA,NA,NA,NA,NA,NA,NA,NA,NA,NA,NA,NA,NA,42.053242320819116,4.454772721475248,11.709215017064846,0.42426406871192823,10.206825938566553,2.616295090390225,2.4184300341296927,0.8485281374238569,0.9515358361774744,0.07071067811865474,0.4361774744027304,0.6363961030678927,0.2,0,Patrick,Surtain II,DEN,CB,25,-1
DB,15904,average,NA,NA,NA,NA,NA,NA,NA,NA,NA,NA,NA,NA,NA,NA,NA,NA,NA,NA,NA,NA,NA,NA,NA,NA,NA,NA,NA,NA,NA,NA,NA,NA,NA,NA,NA,NA,NA,NA,NA,NA,NA,NA,42.45,0.6363961030678917,18.2,3.1112698372208083,8.7,1.8384776310850233,2.8,1.697056274847714,0.2,0.28284271247461906,0.2,0.28284271247461906,0,0,DaRon,Bland,DAL,CB,26,-2
DB,15904,robust,NA,NA,NA,NA,NA,NA,NA,NA,NA,NA,NA,NA,NA,NA,NA,NA,NA,NA,NA,NA,NA,NA,NA,NA,NA,NA,NA,NA,NA,NA,NA,NA,NA,NA,NA,NA,NA,NA,NA,NA,NA,NA,42.45,0.6671699999999989,18.2,3.2617199999999986,8.7,1.9273799999999996,2.8,1.7791199999999998,0.2,0.29652,0.2,0.29652,0,0,DaRon,Bland,DAL,CB,26,-2
DB,15904,weighted,NA,NA,NA,NA,NA,NA,NA,NA,NA,NA,NA,NA,NA,NA,NA,NA,NA,NA,NA,NA,NA,NA,NA,NA,NA,NA,NA,NA,NA,NA,NA,NA,NA,NA,NA,NA,NA,NA,NA,NA,NA,NA,42.436177474402726,0.6363961030678917,18.132423208191124,3.111269837220808,8.739931740614335,1.8384776310850233,2.8368600682593854,1.6970562748477138,0.19385665529010238,0.282842712474619,0.19385665529010238,0.282842712474619,0,0,DaRon,Bland,DAL,CB,26,-2
DB,14924,average,NA,NA,NA,NA,NA,NA,NA,NA,NA,NA,NA,NA,NA,NA,NA,NA,NA,NA,NA,NA,NA,NA,NA,NA,NA,NA,NA,NA,NA,NA,NA,NA,NA,NA,NA,NA,NA,NA,NA,NA,NA,NA,39.85,4.030508652763323,9.45,2.050609665440988,10.3,0.9899494936611668,2.85,0.21213203435596414,1,0,0,0,0.3,0,Jaylon,Johnson,CHI,CB,26,0
DB,14924,robust,NA,NA,NA,NA,NA,NA,NA,NA,NA,NA,NA,NA,NA,NA,NA,NA,NA,NA,NA,NA,NA,NA,NA,NA,NA,NA,NA,NA,NA,NA,NA,NA,NA,NA,NA,NA,NA,NA,NA,NA,NA,NA,39.85,4.225410000000002,9.45,2.14977,10.3,1.0378200000000002,2.85,0.22238999999999987,1,0,0,0,0.3,0,Jaylon,Johnson,CHI,CB,26,0
DB,14924,weighted,NA,NA,NA,NA,NA,NA,NA,NA,NA,NA,NA,NA,NA,NA,NA,NA,NA,NA,NA,NA,NA,NA,NA,NA,NA,NA,NA,NA,NA,NA,NA,NA,NA,NA,NA,NA,NA,NA,NA,NA,NA,NA,39.76245733788396,4.030508652763323,9.405460750853242,2.050609665440988,10.321501706484641,0.9899494936611668,2.8546075085324234,0.21213203435596412,1,0,0,0,0.3,0,Jaylon,Johnson,CHI,CB,26,0
DB,13731,average,NA,NA,NA,NA,NA,NA,NA,NA,NA,NA,NA,NA,NA,NA,NA,NA,NA,NA,NA,NA,NA,NA,NA,NA,NA,NA,NA,NA,NA,NA,NA,NA,NA,NA,NA,NA,NA,NA,NA,NA,NA,NA,49,1.4142135623730951,16,2.8284271247461903,6.7,0.4242640687119283,0.5,0.7071067811865476,0,0,0,0,0,0,Mike,Hughes,ATL,CB,28,2
DB,13731,robust,NA,NA,NA,NA,NA,NA,NA,NA,NA,NA,NA,NA,NA,NA,NA,NA,NA,NA,NA,NA,NA,NA,NA,NA,NA,NA,NA,NA,NA,NA,NA,NA,NA,NA,NA,NA,NA,NA,NA,NA,NA,NA,49,1.4826,16,2.9652,6.7,0.44477999999999973,0.5,0.7413,0,0,0,0,0,0,Mike,Hughes,ATL,CB,28,2
DB,13731,weighted,NA,NA,NA,NA,NA,NA,NA,NA,NA,NA,NA,NA,NA,NA,NA,NA,NA,NA,NA,NA,NA,NA,NA,NA,NA,NA,NA,NA,NA,NA,NA,NA,NA,NA,NA,NA,NA,NA,NA,NA,NA,NA,49.03071672354949,1.414213562373095,15.938566552901024,2.82842712474619,6.709215017064846,0.42426406871192823,0.515358361774744,0.7071067811865475,0,0,0,0,0,0,Mike,Hughes,ATL,CB,28,2
DB,16673,average,NA,NA,NA,NA,NA,NA,NA,NA,NA,NA,NA,NA,NA,NA,NA,NA,NA,NA,NA,NA,NA,NA,NA,NA,NA,NA,NA,NA,NA,NA,NA,NA,NA,NA,NA,NA,NA,NA,NA,NA,NA,NA,37.7,0.4242640687119295,12,2.8284271247461903,12.45,0.636396103067893,2.75,0.3535533905932738,0.4,0.5656854249492381,0,0,1.6,0,Nate,Wiggins,BAL,CB,22,-4
DB,16673,robust,NA,NA,NA,NA,NA,NA,NA,NA,NA,NA,NA,NA,NA,NA,NA,NA,NA,NA,NA,NA,NA,NA,NA,NA,NA,NA,NA,NA,NA,NA,NA,NA,NA,NA,NA,NA,NA,NA,NA,NA,NA,NA,37.7,0.444780000000001,12,2.9652,12.45,0.6671700000000003,2.75,0.37065,0.4,0.59304,0,0,1.6,0,Nate,Wiggins,BAL,CB,22,-4
DB,16673,weighted,NA,NA,NA,NA,NA,NA,NA,NA,NA,NA,NA,NA,NA,NA,NA,NA,NA,NA,NA,NA,NA,NA,NA,NA,NA,NA,NA,NA,NA,NA,NA,NA,NA,NA,NA,NA,NA,NA,NA,NA,NA,NA,37.70921501706485,0.4242640687119295,11.938566552901024,2.82842712474619,12.43617747440273,0.636396103067893,2.757679180887372,0.35355339059327373,0.38771331058020475,0.565685424949238,0,0,1.6,0,Nate,Wiggins,BAL,CB,22,-4
DB,14956,average,NA,NA,NA,NA,NA,NA,NA,NA,NA,NA,NA,NA,NA,NA,NA,NA,NA,NA,NA,NA,NA,NA,NA,NA,NA,NA,NA,NA,NA,NA,NA,NA,NA,NA,NA,NA,NA,NA,NA,NA,NA,NA,51,5.656854249492381,19.85,0.21213203435596475,7.65,4.737615433949869,1.25,1.0606601717798212,0,0,0,0,0.3,0,L'Jarius,Sneed,TEN,CB,28,0
DB,14956,robust,NA,NA,NA,NA,NA,NA,NA,NA,NA,NA,NA,NA,NA,NA,NA,NA,NA,NA,NA,NA,NA,NA,NA,NA,NA,NA,NA,NA,NA,NA,NA,NA,NA,NA,NA,NA,NA,NA,NA,NA,NA,NA,51,5.9304,19.85,0.2223900000000005,7.65,4.96671,1.25,1.11195,0,0,0,0,0.3,0,L'Jarius,Sneed,TEN,CB,28,0
DB,14956,weighted,NA,NA,NA,NA,NA,NA,NA,NA,NA,NA,NA,NA,NA,NA,NA,NA,NA,NA,NA,NA,NA,NA,NA,NA,NA,NA,NA,NA,NA,NA,NA,NA,NA,NA,NA,NA,NA,NA,NA,NA,NA,NA,51.122866894197955,5.65685424949238,19.85460750853242,0.21213203435596475,7.752901023890785,4.737615433949868,1.273037542662116,1.0606601717798212,0,0,0,0,0.3,0,L'Jarius,Sneed,TEN,CB,28,0
DB,14219,average,NA,NA,NA,NA,NA,NA,NA,NA,NA,NA,NA,NA,NA,NA,NA,NA,NA,NA,NA,NA,NA,NA,NA,NA,NA,NA,NA,NA,NA,NA,NA,NA,NA,NA,NA,NA,NA,NA,NA,NA,NA,NA,42.3,0.9899494936611655,14.8,1.1313708498984758,7.65,0.9192388155425123,1.45,0.7778174593052023,0.5,0.7071067811865476,0.45,0.6363961030678927,0,0,Jamel,Dean,TBB,CB,29,1
DB,14219,robust,NA,NA,NA,NA,NA,NA,NA,NA,NA,NA,NA,NA,NA,NA,NA,NA,NA,NA,NA,NA,NA,NA,NA,NA,NA,NA,NA,NA,NA,NA,NA,NA,NA,NA,NA,NA,NA,NA,NA,NA,NA,NA,42.3,1.0378199999999989,14.8,1.1860799999999996,7.65,0.9636900000000005,1.45,0.81543,0.5,0.7413,0.45,0.6671699999999999,0,0,Jamel,Dean,TBB,CB,29,1
DB,14219,weighted,NA,NA,NA,NA,NA,NA,NA,NA,NA,NA,NA,NA,NA,NA,NA,NA,NA,NA,NA,NA,NA,NA,NA,NA,NA,NA,NA,NA,NA,NA,NA,NA,NA,NA,NA,NA,NA,NA,NA,NA,NA,NA,42.32150170648464,0.9899494936611655,14.775426621160412,1.1313708498984758,7.630034129692833,0.9192388155425123,1.4668941979522183,0.7778174593052022,0.48464163822525597,0.7071067811865475,0.4361774744027304,0.6363961030678927,0,0,Jamel,Dean,TBB,CB,29,1
DB,16729,average,NA,NA,NA,NA,NA,NA,NA,NA,NA,NA,NA,NA,NA,NA,NA,NA,NA,NA,NA,NA,NA,NA,NA,NA,NA,NA,NA,NA,NA,NA,NA,NA,NA,NA,NA,NA,NA,NA,NA,NA,NA,NA,46.05,5.586143571373724,15.85,3.040559159102155,10,2.8284271247461903,2.45,0.7778174593052023,0,0,0,0,0.2,0,Tarheeb,Still,LAC,CB,23,-4
DB,16729,robust,NA,NA,NA,NA,NA,NA,NA,NA,NA,NA,NA,NA,NA,NA,NA,NA,NA,NA,NA,NA,NA,NA,NA,NA,NA,NA,NA,NA,NA,NA,NA,NA,NA,NA,NA,NA,NA,NA,NA,NA,NA,NA,46.05,5.8562699999999985,15.85,3.18759,10,2.9652,2.45,0.81543,0,0,0,0,0.2,0,Tarheeb,Still,LAC,CB,23,-4
DB,16729,weighted,NA,NA,NA,NA,NA,NA,NA,NA,NA,NA,NA,NA,NA,NA,NA,NA,NA,NA,NA,NA,NA,NA,NA,NA,NA,NA,NA,NA,NA,NA,NA,NA,NA,NA,NA,NA,NA,NA,NA,NA,NA,NA,46.17133105802048,5.586143571373724,15.916040955631399,3.0405591591021546,10.061433447098976,2.82842712474619,2.466894197952218,0.7778174593052023,0,0,0,0,0.2,0,Tarheeb,Still,LAC,CB,23,-4
DB,16670,average,NA,NA,NA,NA,NA,NA,NA,NA,NA,NA,NA,NA,NA,NA,NA,NA,NA,NA,NA,NA,NA,NA,NA,NA,NA,NA,NA,NA,NA,NA,NA,NA,NA,NA,NA,NA,NA,NA,NA,NA,NA,NA,41.4,1.979898987322331,15,2.8284271247461903,9.1,1.272792206135786,0.75,0.3535533905932738,0,0,0,0,0,0,Kool-Aid,McKinstry,NOS,CB,23,-4
DB,16670,robust,NA,NA,NA,NA,NA,NA,NA,NA,NA,NA,NA,NA,NA,NA,NA,NA,NA,NA,NA,NA,NA,NA,NA,NA,NA,NA,NA,NA,NA,NA,NA,NA,NA,NA,NA,NA,NA,NA,NA,NA,NA,NA,41.4,2.0756399999999977,15,2.9652,9.1,1.3343400000000005,0.75,0.37065,0,0,0,0,0,0,Kool-Aid,McKinstry,NOS,CB,23,-4
DB,16670,weighted,NA,NA,NA,NA,NA,NA,NA,NA,NA,NA,NA,NA,NA,NA,NA,NA,NA,NA,NA,NA,NA,NA,NA,NA,NA,NA,NA,NA,NA,NA,NA,NA,NA,NA,NA,NA,NA,NA,NA,NA,NA,NA,41.356996587030714,1.979898987322331,14.938566552901024,2.82842712474619,9.12764505119454,1.272792206135786,0.757679180887372,0.35355339059327373,0,0,0,0,0,0,Kool-Aid,McKinstry,NOS,CB,23,-4
DB,14918,average,NA,NA,NA,NA,NA,NA,NA,NA,NA,NA,NA,NA,NA,NA,NA,NA,NA,NA,NA,NA,NA,NA,NA,NA,NA,NA,NA,NA,NA,NA,NA,NA,NA,NA,NA,NA,NA,NA,NA,NA,NA,NA,46.9,7.2124891681027865,14.8,1.1313708498984758,8.35,0.49497474683058273,1.4,0.848528137423857,0,0,0,0,0,0,A.J.,Terrell,ATL,CB,27,0
DB,14918,robust,NA,NA,NA,NA,NA,NA,NA,NA,NA,NA,NA,NA,NA,NA,NA,NA,NA,NA,NA,NA,NA,NA,NA,NA,NA,NA,NA,NA,NA,NA,NA,NA,NA,NA,NA,NA,NA,NA,NA,NA,NA,NA,46.9,7.561260000000002,14.8,1.1860799999999996,8.35,0.5189099999999994,1.4,0.8895599999999999,0,0,0,0,0,0,A.J.,Terrell,ATL,CB,27,0
DB,14918,weighted,NA,NA,NA,NA,NA,NA,NA,NA,NA,NA,NA,NA,NA,NA,NA,NA,NA,NA,NA,NA,NA,NA,NA,NA,NA,NA,NA,NA,NA,NA,NA,NA,NA,NA,NA,NA,NA,NA,NA,NA,NA,NA,47.056655290102384,7.2124891681027865,14.775426621160412,1.1313708498984758,8.339249146757679,0.49497474683058273,1.4184300341296927,0.8485281374238569,0,0,0,0,0,0,A.J.,Terrell,ATL,CB,27,0
DB,16268,average,NA,NA,NA,NA,NA,NA,NA,NA,NA,NA,NA,NA,NA,NA,NA,NA,NA,NA,NA,NA,NA,NA,NA,NA,NA,NA,NA,NA,NA,NA,NA,NA,NA,NA,NA,NA,NA,NA,NA,NA,NA,NA,39.8,1.1313708498984771,10.8,3.111269837220809,10.4,3.3941125496954285,1.05,0.07071067811865482,0,0,0,0,0,0,DJ,Turner,CIN,CB,25,-3
DB,16268,robust,NA,NA,NA,NA,NA,NA,NA,NA,NA,NA,NA,NA,NA,NA,NA,NA,NA,NA,NA,NA,NA,NA,NA,NA,NA,NA,NA,NA,NA,NA,NA,NA,NA,NA,NA,NA,NA,NA,NA,NA,NA,NA,39.8,1.186080000000001,10.8,3.26172,10.4,3.5582400000000005,1.05,0.07413000000000006,0,0,0,0,0,0,DJ,Turner,CIN,CB,25,-3
DB,16268,weighted,NA,NA,NA,NA,NA,NA,NA,NA,NA,NA,NA,NA,NA,NA,NA,NA,NA,NA,NA,NA,NA,NA,NA,NA,NA,NA,NA,NA,NA,NA,NA,NA,NA,NA,NA,NA,NA,NA,NA,NA,NA,NA,39.77542662116041,1.131370849898477,10.867576791808874,3.111269837220809,10.32627986348123,3.3941125496954285,1.0484641638225258,0.07071067811865481,0,0,0,0,0,0,DJ,Turner,CIN,CB,25,-3
DB,13224,average,NA,NA,NA,NA,NA,NA,NA,NA,NA,NA,NA,NA,NA,NA,NA,NA,NA,NA,NA,NA,NA,NA,NA,NA,NA,NA,NA,NA,NA,NA,NA,NA,NA,NA,NA,NA,NA,NA,NA,NA,NA,NA,39.05,1.3435028842544392,15.25,4.596194077712559,8.25,3.181980515339464,0.6,0.565685424949238,0,0,0,0,0,0,Marshon,Lattimore,WAS,CB,29,3
DB,13224,robust,NA,NA,NA,NA,NA,NA,NA,NA,NA,NA,NA,NA,NA,NA,NA,NA,NA,NA,NA,NA,NA,NA,NA,NA,NA,NA,NA,NA,NA,NA,NA,NA,NA,NA,NA,NA,NA,NA,NA,NA,NA,NA,39.05,1.4084699999999988,15.25,4.8184499999999995,8.25,3.3358499999999998,0.6,0.59304,0,0,0,0,0,0,Marshon,Lattimore,WAS,CB,29,3
DB,13224,weighted,NA,NA,NA,NA,NA,NA,NA,NA,NA,NA,NA,NA,NA,NA,NA,NA,NA,NA,NA,NA,NA,NA,NA,NA,NA,NA,NA,NA,NA,NA,NA,NA,NA,NA,NA,NA,NA,NA,NA,NA,NA,NA,39.07918088737201,1.3435028842544392,15.150170648464165,4.596194077712559,8.180887372013652,3.181980515339464,0.6122866894197952,0.565685424949238,0,0,0,0,0,0,Marshon,Lattimore,WAS,CB,29,3
DB,15394,average,NA,NA,NA,NA,NA,NA,NA,NA,NA,NA,NA,NA,NA,NA,NA,NA,NA,NA,NA,NA,NA,NA,NA,NA,NA,NA,NA,NA,NA,NA,NA,NA,NA,NA,NA,NA,NA,NA,NA,NA,NA,NA,46.55,10.535891039679557,15.45,2.050609665440987,10.25,5.303300858899107,2.3,0.9899494936611665,0.5,0.7071067811865476,0,0,0,0,Paulson,Adebo,NYG,CB,26,-1
DB,15394,robust,NA,NA,NA,NA,NA,NA,NA,NA,NA,NA,NA,NA,NA,NA,NA,NA,NA,NA,NA,NA,NA,NA,NA,NA,NA,NA,NA,NA,NA,NA,NA,NA,NA,NA,NA,NA,NA,NA,NA,NA,NA,NA,46.55,11.045369999999998,15.45,2.149769999999999,10.25,5.559749999999999,2.3,1.03782,0.5,0.7413,0,0,0,0,Paulson,Adebo,NYG,CB,26,-1
DB,15394,weighted,NA,NA,NA,NA,NA,NA,NA,NA,NA,NA,NA,NA,NA,NA,NA,NA,NA,NA,NA,NA,NA,NA,NA,NA,NA,NA,NA,NA,NA,NA,NA,NA,NA,NA,NA,NA,NA,NA,NA,NA,NA,NA,46.77883959044369,10.535891039679555,15.405460750853242,2.050609665440987,10.365187713310581,5.303300858899106,2.3215017064846415,0.9899494936611664,0.515358361774744,0.7071067811865475,0,0,0,0,Paulson,Adebo,NYG,CB,26,-1
DB,16263,average,NA,NA,NA,NA,NA,NA,NA,NA,NA,NA,NA,NA,NA,NA,NA,NA,NA,NA,NA,NA,NA,NA,NA,NA,NA,NA,NA,NA,NA,NA,NA,NA,NA,NA,NA,NA,NA,NA,NA,NA,NA,NA,44,11.313708498984761,29.5,7.7781745930520225,3.65,0.4949747468305834,1.9,0.14142135623730948,1.75,0.3535533905932738,0,0,0.7,0,Quan,Martin,WAS,S,25,-3
DB,16263,robust,NA,NA,NA,NA,NA,NA,NA,NA,NA,NA,NA,NA,NA,NA,NA,NA,NA,NA,NA,NA,NA,NA,NA,NA,NA,NA,NA,NA,NA,NA,NA,NA,NA,NA,NA,NA,NA,NA,NA,NA,NA,NA,44,11.8608,29.5,8.1543,3.65,0.5189100000000001,1.9,0.14825999999999995,1.75,0.37065,0,0,0.7,0,Quan,Martin,WAS,S,25,-3
DB,16263,weighted,NA,NA,NA,NA,NA,NA,NA,NA,NA,NA,NA,NA,NA,NA,NA,NA,NA,NA,NA,NA,NA,NA,NA,NA,NA,NA,NA,NA,NA,NA,NA,NA,NA,NA,NA,NA,NA,NA,NA,NA,NA,NA,44.2457337883959,11.31370849898476,29.668941979522184,7.7781745930520225,3.660750853242321,0.4949747468305834,1.9030716723549488,0.14142135623730948,1.7576791808873717,0.35355339059327373,0,0,0.7,0,Quan,Martin,WAS,S,25,-3
DB,16703,average,NA,NA,NA,NA,NA,NA,NA,NA,NA,NA,NA,NA,NA,NA,NA,NA,NA,NA,NA,NA,NA,NA,NA,NA,NA,NA,NA,NA,NA,NA,NA,NA,NA,NA,NA,NA,NA,NA,NA,NA,NA,NA,40.55,0.7778174593052033,19.45,0.7778174593052033,3.25,1.0606601717798212,1,0,1.25,0.3535533905932738,0.1,0.14142135623730953,0,0,Andru,Phillips,NYG,CB,24,-4
DB,16703,robust,NA,NA,NA,NA,NA,NA,NA,NA,NA,NA,NA,NA,NA,NA,NA,NA,NA,NA,NA,NA,NA,NA,NA,NA,NA,NA,NA,NA,NA,NA,NA,NA,NA,NA,NA,NA,NA,NA,NA,NA,NA,NA,40.55,0.815430000000001,19.45,0.815430000000001,3.25,1.11195,1,0,1.25,0.37065,0.1,0.14826,0,0,Andru,Phillips,NYG,CB,24,-4
DB,16703,weighted,NA,NA,NA,NA,NA,NA,NA,NA,NA,NA,NA,NA,NA,NA,NA,NA,NA,NA,NA,NA,NA,NA,NA,NA,NA,NA,NA,NA,NA,NA,NA,NA,NA,NA,NA,NA,NA,NA,NA,NA,NA,NA,40.533105802047785,0.7778174593052033,19.466894197952218,0.7778174593052032,3.273037542662116,1.0606601717798212,1,0,1.242320819112628,0.35355339059327373,0.09692832764505119,0.1414213562373095,0,0,Andru,Phillips,NYG,CB,24,-4
DB,15836,average,NA,NA,NA,NA,NA,NA,NA,NA,NA,NA,NA,NA,NA,NA,NA,NA,NA,NA,NA,NA,NA,NA,NA,NA,NA,NA,NA,NA,NA,NA,NA,NA,NA,NA,NA,NA,NA,NA,NA,NA,NA,NA,46.6,11.879393923933996,25.1,4.101219330881976,5.85,3.040559159102154,1.45,0.7778174593052023,0.35,0.49497474683058323,0.35,0.49497474683058323,0.6,0,Daxton,Hill,CIN,CB,25,-2
DB,15836,robust,NA,NA,NA,NA,NA,NA,NA,NA,NA,NA,NA,NA,NA,NA,NA,NA,NA,NA,NA,NA,NA,NA,NA,NA,NA,NA,NA,NA,NA,NA,NA,NA,NA,NA,NA,NA,NA,NA,NA,NA,NA,NA,46.6,12.453839999999998,25.1,4.29954,5.85,3.1875899999999997,1.45,0.81543,0.35,0.51891,0.35,0.51891,0.6,0,Daxton,Hill,CIN,CB,25,-2
DB,15836,weighted,NA,NA,NA,NA,NA,NA,NA,NA,NA,NA,NA,NA,NA,NA,NA,NA,NA,NA,NA,NA,NA,NA,NA,NA,NA,NA,NA,NA,NA,NA,NA,NA,NA,NA,NA,NA,NA,NA,NA,NA,NA,NA,46.8580204778157,11.879393923933996,25.189078498293515,4.101219330881976,5.9160409556313995,3.040559159102154,1.4668941979522183,0.7778174593052022,0.33924914675767914,0.4949747468305832,0.33924914675767914,0.4949747468305832,0.6,0,Daxton,Hill,CIN,CB,25,-2
DB,13707,average,NA,NA,NA,NA,NA,NA,NA,NA,NA,NA,NA,NA,NA,NA,NA,NA,NA,NA,NA,NA,NA,NA,NA,NA,NA,NA,NA,NA,NA,NA,NA,NA,NA,NA,NA,NA,NA,NA,NA,NA,NA,NA,38.4,0.848528137423859,6.1,0.14142135623730964,13.1,2.687005768508881,2.4,0.848528137423857,0.65,0.4949747468305833,0.65,0.4949747468305833,0,0,Denzel,Ward,CLE,CB,28,2
DB,13707,robust,NA,NA,NA,NA,NA,NA,NA,NA,NA,NA,NA,NA,NA,NA,NA,NA,NA,NA,NA,NA,NA,NA,NA,NA,NA,NA,NA,NA,NA,NA,NA,NA,NA,NA,NA,NA,NA,NA,NA,NA,NA,NA,38.4,0.889560000000002,6.1,0.14826000000000011,13.1,2.8169400000000002,2.4,0.8895599999999999,0.65,0.51891,0.65,0.51891,0,0,Denzel,Ward,CLE,CB,28,2
DB,13707,weighted,NA,NA,NA,NA,NA,NA,NA,NA,NA,NA,NA,NA,NA,NA,NA,NA,NA,NA,NA,NA,NA,NA,NA,NA,NA,NA,NA,NA,NA,NA,NA,NA,NA,NA,NA,NA,NA,NA,NA,NA,NA,NA,38.41843003412969,0.848528137423859,6.096928327645052,0.14142135623730961,13.158361774744028,2.687005768508881,2.4184300341296927,0.8485281374238569,0.6607508532423209,0.4949747468305833,0.6607508532423209,0.4949747468305833,0,0,Denzel,Ward,CLE,CB,28,2
DB,13920,average,NA,NA,NA,NA,NA,NA,NA,NA,NA,NA,NA,NA,NA,NA,NA,NA,NA,NA,NA,NA,NA,NA,NA,NA,NA,NA,NA,NA,NA,NA,NA,NA,NA,NA,NA,NA,NA,NA,NA,NA,NA,NA,43.05,2.7577164466275343,16.3,1.8384776310850246,9.5,6.363961030678928,1.65,1.9091883092036783,0,0,0,0,0,0,Charvarius,Ward,IND,CB,29,2
DB,13920,robust,NA,NA,NA,NA,NA,NA,NA,NA,NA,NA,NA,NA,NA,NA,NA,NA,NA,NA,NA,NA,NA,NA,NA,NA,NA,NA,NA,NA,NA,NA,NA,NA,NA,NA,NA,NA,NA,NA,NA,NA,NA,NA,43.05,2.8910699999999987,16.3,1.927380000000001,9.5,6.6716999999999995,1.65,2.00151,0,0,0,0,0,0,Charvarius,Ward,IND,CB,29,2
DB,13920,weighted,NA,NA,NA,NA,NA,NA,NA,NA,NA,NA,NA,NA,NA,NA,NA,NA,NA,NA,NA,NA,NA,NA,NA,NA,NA,NA,NA,NA,NA,NA,NA,NA,NA,NA,NA,NA,NA,NA,NA,NA,NA,NA,43.1098976109215,2.7577164466275343,16.26006825938567,1.8384776310850246,9.638225255972696,6.363961030678928,1.6914675767918088,1.9091883092036783,0,0,0,0,0,0,Charvarius,Ward,IND,CB,29,2
DB,13959,average,NA,NA,NA,NA,NA,NA,NA,NA,NA,NA,NA,NA,NA,NA,NA,NA,NA,NA,NA,NA,NA,NA,NA,NA,NA,NA,NA,NA,NA,NA,NA,NA,NA,NA,NA,NA,NA,NA,NA,NA,NA,NA,37.7,3.2526911934581197,15.55,5.020458146424488,11,4.242640687119285,1.7,0.42426406871192857,0.5,0.7071067811865476,0,0,0,0,Darious,Williams,LAR,CB,32,2
DB,13959,robust,NA,NA,NA,NA,NA,NA,NA,NA,NA,NA,NA,NA,NA,NA,NA,NA,NA,NA,NA,NA,NA,NA,NA,NA,NA,NA,NA,NA,NA,NA,NA,NA,NA,NA,NA,NA,NA,NA,NA,NA,NA,NA,37.7,3.409980000000001,15.55,5.263230000000001,11,4.4478,1.7,0.44478000000000006,0.5,0.7413,0,0,0,0,Darious,Williams,LAR,CB,32,2
DB,13959,weighted,NA,NA,NA,NA,NA,NA,NA,NA,NA,NA,NA,NA,NA,NA,NA,NA,NA,NA,NA,NA,NA,NA,NA,NA,NA,NA,NA,NA,NA,NA,NA,NA,NA,NA,NA,NA,NA,NA,NA,NA,NA,NA,37.77064846416383,3.2526911934581193,15.44095563139932,5.020458146424488,11.092150170648464,4.242640687119285,1.7092150170648461,0.42426406871192857,0.515358361774744,0.7071067811865475,0,0,0,0,Darious,Williams,LAR,CB,32,2
DB,16240,average,NA,NA,NA,NA,NA,NA,NA,NA,NA,NA,NA,NA,NA,NA,NA,NA,NA,NA,NA,NA,NA,NA,NA,NA,NA,NA,NA,NA,NA,NA,NA,NA,NA,NA,NA,NA,NA,NA,NA,NA,NA,NA,43.3,3.8183766184073558,14.1,1.272792206135786,7.5,2.1213203435596424,1.05,0.07071067811865482,0,0,0,0,0,0,Joey,Porter Jr.,PIT,CB,25,-3
DB,16240,robust,NA,NA,NA,NA,NA,NA,NA,NA,NA,NA,NA,NA,NA,NA,NA,NA,NA,NA,NA,NA,NA,NA,NA,NA,NA,NA,NA,NA,NA,NA,NA,NA,NA,NA,NA,NA,NA,NA,NA,NA,NA,NA,43.3,4.0030199999999985,14.1,1.3343400000000005,7.5,2.2239,1.05,0.07413000000000006,0,0,0,0,0,0,Joey,Porter Jr.,PIT,CB,25,-3
DB,16240,weighted,NA,NA,NA,NA,NA,NA,NA,NA,NA,NA,NA,NA,NA,NA,NA,NA,NA,NA,NA,NA,NA,NA,NA,NA,NA,NA,NA,NA,NA,NA,NA,NA,NA,NA,NA,NA,NA,NA,NA,NA,NA,NA,43.38293515358362,3.8183766184073553,14.127645051194541,1.272792206135786,7.546075085324232,2.1213203435596424,1.0484641638225258,0.07071067811865481,0,0,0,0,0,0,Joey,Porter Jr.,PIT,CB,25,-3
DB,15894,average,NA,NA,NA,NA,NA,NA,NA,NA,NA,NA,NA,NA,NA,NA,NA,NA,NA,NA,NA,NA,NA,NA,NA,NA,NA,NA,NA,NA,NA,NA,NA,NA,NA,NA,NA,NA,NA,NA,NA,NA,NA,NA,35.65,6.151828996322963,11.15,1.2020815280171302,13,0,2.6,0.5656854249492379,0.5,0.7071067811865476,0.5,0.7071067811865476,0,0,Tariq,Woolen,SEA,CB,26,-2
DB,15894,robust,NA,NA,NA,NA,NA,NA,NA,NA,NA,NA,NA,NA,NA,NA,NA,NA,NA,NA,NA,NA,NA,NA,NA,NA,NA,NA,NA,NA,NA,NA,NA,NA,NA,NA,NA,NA,NA,NA,NA,NA,NA,NA,35.65,6.449309999999999,11.15,1.2602099999999994,13,0,2.6,0.5930399999999998,0.5,0.7413,0.5,0.7413,0,0,Tariq,Woolen,SEA,CB,26,-2
DB,15894,weighted,NA,NA,NA,NA,NA,NA,NA,NA,NA,NA,NA,NA,NA,NA,NA,NA,NA,NA,NA,NA,NA,NA,NA,NA,NA,NA,NA,NA,NA,NA,NA,NA,NA,NA,NA,NA,NA,NA,NA,NA,NA,NA,35.783617747440275,6.151828996322963,11.176109215017064,1.2020815280171302,13,0,2.612286689419795,0.5656854249492379,0.48464163822525597,0.7071067811865475,0.515358361774744,0.7071067811865475,0,0,Tariq,Woolen,SEA,CB,26,-2
DB,16889,average,NA,NA,NA,NA,NA,NA,NA,NA,NA,NA,NA,NA,NA,NA,NA,NA,NA,NA,NA,NA,NA,NA,NA,NA,NA,NA,NA,NA,NA,NA,NA,NA,NA,NA,NA,NA,NA,NA,NA,NA,NA,NA,37.9,0.14142135623731153,19.45,2.1920310216782983,5.4,1.979898987322333,0.75,0.3535533905932738,0.5,0.7071067811865476,0,0,0,0,Storm,Duck,MIA,CB,25,-4
DB,16889,robust,NA,NA,NA,NA,NA,NA,NA,NA,NA,NA,NA,NA,NA,NA,NA,NA,NA,NA,NA,NA,NA,NA,NA,NA,NA,NA,NA,NA,NA,NA,NA,NA,NA,NA,NA,NA,NA,NA,NA,NA,NA,NA,37.9,0.1482600000000021,19.45,2.298030000000001,5.4,2.07564,0.75,0.37065,0.5,0.7413,0,0,0,0,Storm,Duck,MIA,CB,25,-4
DB,16889,weighted,NA,NA,NA,NA,NA,NA,NA,NA,NA,NA,NA,NA,NA,NA,NA,NA,NA,NA,NA,NA,NA,NA,NA,NA,NA,NA,NA,NA,NA,NA,NA,NA,NA,NA,NA,NA,NA,NA,NA,NA,NA,NA,37.90307167235495,0.1414213562373115,19.497610921501707,2.1920310216782983,5.356996587030717,1.9798989873223327,0.757679180887372,0.35355339059327373,0.515358361774744,0.7071067811865475,0,0,0,0,Storm,Duck,MIA,CB,25,-4
DB,10783,average,NA,NA,NA,NA,NA,NA,NA,NA,NA,NA,NA,NA,NA,NA,NA,NA,NA,NA,NA,NA,NA,NA,NA,NA,NA,NA,NA,NA,NA,NA,NA,NA,NA,NA,NA,NA,NA,NA,NA,NA,NA,NA,48.95,19.869700551341985,26.35,7.990306627407987,6.35,0.9192388155425116,1.6,0.5656854249492381,0.65,0.4949747468305833,0.65,0.4949747468305833,0,0,Harrison,Smith,MIN,S,36,8
DB,10783,robust,NA,NA,NA,NA,NA,NA,NA,NA,NA,NA,NA,NA,NA,NA,NA,NA,NA,NA,NA,NA,NA,NA,NA,NA,NA,NA,NA,NA,NA,NA,NA,NA,NA,NA,NA,NA,NA,NA,NA,NA,NA,NA,48.95,20.83053,26.35,8.37669,6.35,0.9636899999999998,1.6,0.59304,0.65,0.51891,0.65,0.51891,0,0,Harrison,Smith,MIN,S,36,8
DB,10783,weighted,NA,NA,NA,NA,NA,NA,NA,NA,NA,NA,NA,NA,NA,NA,NA,NA,NA,NA,NA,NA,NA,NA,NA,NA,NA,NA,NA,NA,NA,NA,NA,NA,NA,NA,NA,NA,NA,NA,NA,NA,NA,NA,49.381569965870305,19.869700551341985,26.52354948805461,7.990306627407988,6.369965870307168,0.9192388155425116,1.6122866894197951,0.5656854249492381,0.6607508532423209,0.4949747468305833,0.6607508532423209,0.4949747468305833,0,0,Harrison,Smith,MIN,S,36,8
DB,12711,average,NA,NA,NA,NA,NA,NA,NA,NA,NA,NA,NA,NA,NA,NA,NA,NA,NA,NA,NA,NA,NA,NA,NA,NA,NA,NA,NA,NA,NA,NA,NA,NA,NA,NA,NA,NA,NA,NA,NA,NA,NA,NA,39.55,10.535891039679557,15.8,2.545584412271572,10.55,4.879036790187178,2.3,0.9899494936611665,1.15,0.21213203435596428,0,0,0,0,Jalen,Ramsey,PIT,CB,31,4
DB,12711,robust,NA,NA,NA,NA,NA,NA,NA,NA,NA,NA,NA,NA,NA,NA,NA,NA,NA,NA,NA,NA,NA,NA,NA,NA,NA,NA,NA,NA,NA,NA,NA,NA,NA,NA,NA,NA,NA,NA,NA,NA,NA,NA,39.55,11.045369999999998,15.8,2.668680000000001,10.55,5.11497,2.3,1.03782,1.15,0.22239000000000003,0,0,0,0,Jalen,Ramsey,PIT,CB,31,4
DB,12711,weighted,NA,NA,NA,NA,NA,NA,NA,NA,NA,NA,NA,NA,NA,NA,NA,NA,NA,NA,NA,NA,NA,NA,NA,NA,NA,NA,NA,NA,NA,NA,NA,NA,NA,NA,NA,NA,NA,NA,NA,NA,NA,NA,39.77883959044368,10.535891039679557,15.744709897610923,2.545584412271572,10.655972696245733,4.879036790187178,2.3215017064846415,0.9899494936611664,1.1453924914675768,0.21213203435596428,0,0,0,0,Jalen,Ramsey,PIT,CB,31,4
DB,16255,average,NA,NA,NA,NA,NA,NA,NA,NA,NA,NA,NA,NA,NA,NA,NA,NA,NA,NA,NA,NA,NA,NA,NA,NA,NA,NA,NA,NA,NA,NA,NA,NA,NA,NA,NA,NA,NA,NA,NA,NA,NA,NA,39.2,5.374011537017762,13.6,2.2627416997969516,9.85,1.6263455967290599,1.1,1.2727922061357855,0.3,0.4242640687119285,0,0,0,0,Deonte,Banks,NYG,CB,24,-3
DB,16255,robust,NA,NA,NA,NA,NA,NA,NA,NA,NA,NA,NA,NA,NA,NA,NA,NA,NA,NA,NA,NA,NA,NA,NA,NA,NA,NA,NA,NA,NA,NA,NA,NA,NA,NA,NA,NA,NA,NA,NA,NA,NA,NA,39.2,5.6338800000000004,13.6,2.372159999999999,9.85,1.7049900000000004,1.1,1.3343399999999999,0.3,0.44477999999999995,0,0,0,0,Deonte,Banks,NYG,CB,24,-3
DB,16255,weighted,NA,NA,NA,NA,NA,NA,NA,NA,NA,NA,NA,NA,NA,NA,NA,NA,NA,NA,NA,NA,NA,NA,NA,NA,NA,NA,NA,NA,NA,NA,NA,NA,NA,NA,NA,NA,NA,NA,NA,NA,NA,NA,39.31672354948806,5.374011537017762,13.55085324232082,2.2627416997969516,9.885324232081912,1.6263455967290597,1.1276450511945393,1.2727922061357855,0.29078498293515354,0.42426406871192845,0,0,0,0,Deonte,Banks,NYG,CB,24,-3
DB,14197,average,NA,NA,NA,NA,NA,NA,NA,NA,NA,NA,NA,NA,NA,NA,NA,NA,NA,NA,NA,NA,NA,NA,NA,NA,NA,NA,NA,NA,NA,NA,NA,NA,NA,NA,NA,NA,NA,NA,NA,NA,NA,NA,42.05,4.171930009000629,12.75,3.181980515339464,5.1,1.5556349186104046,1,0,0,0,0,0,0,0,Darnell,Savage,WAS,S,28,1
DB,14197,robust,NA,NA,NA,NA,NA,NA,NA,NA,NA,NA,NA,NA,NA,NA,NA,NA,NA,NA,NA,NA,NA,NA,NA,NA,NA,NA,NA,NA,NA,NA,NA,NA,NA,NA,NA,NA,NA,NA,NA,NA,NA,NA,42.05,4.373669999999999,12.75,3.3358499999999998,5.1,1.63086,1,0,0,0,0,0,0,0,Darnell,Savage,WAS,S,28,1
DB,14197,weighted,NA,NA,NA,NA,NA,NA,NA,NA,NA,NA,NA,NA,NA,NA,NA,NA,NA,NA,NA,NA,NA,NA,NA,NA,NA,NA,NA,NA,NA,NA,NA,NA,NA,NA,NA,NA,NA,NA,NA,NA,NA,NA,42.140614334470996,4.171930009000629,12.81911262798635,3.181980515339464,5.066211604095563,1.5556349186104046,1,0,0,0,0,0,0,0,Darnell,Savage,WAS,S,28,1
DB,15833,average,NA,NA,NA,NA,NA,NA,NA,NA,NA,NA,NA,NA,NA,NA,NA,NA,NA,NA,NA,NA,NA,NA,NA,NA,NA,NA,NA,NA,NA,NA,NA,NA,NA,NA,NA,NA,NA,NA,NA,NA,NA,NA,37.1,4.101219330881974,13.65,1.9091883092036779,12.9,4.384062043356594,1.4,0.848528137423857,0,0,0.5,0.7071067811865476,0,0,Sauce,Gardner,NYJ,CB,25,-2
DB,15833,robust,NA,NA,NA,NA,NA,NA,NA,NA,NA,NA,NA,NA,NA,NA,NA,NA,NA,NA,NA,NA,NA,NA,NA,NA,NA,NA,NA,NA,NA,NA,NA,NA,NA,NA,NA,NA,NA,NA,NA,NA,NA,NA,37.1,4.299539999999998,13.65,2.0015099999999992,12.9,4.59606,1.4,0.8895599999999999,0,0,0.5,0.7413,0,0,Sauce,Gardner,NYJ,CB,25,-2
DB,15833,weighted,NA,NA,NA,NA,NA,NA,NA,NA,NA,NA,NA,NA,NA,NA,NA,NA,NA,NA,NA,NA,NA,NA,NA,NA,NA,NA,NA,NA,NA,NA,NA,NA,NA,NA,NA,NA,NA,NA,NA,NA,NA,NA,37.18907849829352,4.101219330881974,13.691467576791808,1.9091883092036777,12.995221843003414,4.384062043356594,1.4184300341296927,0.8485281374238569,0,0,0.515358361774744,0.7071067811865475,0,0,Sauce,Gardner,NYJ,CB,25,-2
DB,13774,average,NA,NA,NA,NA,NA,NA,NA,NA,NA,NA,NA,NA,NA,NA,NA,NA,NA,NA,NA,NA,NA,NA,NA,NA,NA,NA,NA,NA,NA,NA,NA,NA,NA,NA,NA,NA,NA,NA,NA,NA,NA,NA,44.8,14.42497833620557,12.85,3.040559159102155,8.6,1.979898987322333,0.5,0.7071067811865476,0.35,0.49497474683058323,0.15,0.21213203435596426,0,0,D.J.,Reed,DET,CB,29,2
DB,13774,robust,NA,NA,NA,NA,NA,NA,NA,NA,NA,NA,NA,NA,NA,NA,NA,NA,NA,NA,NA,NA,NA,NA,NA,NA,NA,NA,NA,NA,NA,NA,NA,NA,NA,NA,NA,NA,NA,NA,NA,NA,NA,NA,44.8,15.122519999999998,12.85,3.18759,8.6,2.07564,0.5,0.7413,0.35,0.51891,0.15,0.22238999999999998,0,0,D.J.,Reed,DET,CB,29,2
DB,13774,weighted,NA,NA,NA,NA,NA,NA,NA,NA,NA,NA,NA,NA,NA,NA,NA,NA,NA,NA,NA,NA,NA,NA,NA,NA,NA,NA,NA,NA,NA,NA,NA,NA,NA,NA,NA,NA,NA,NA,NA,NA,NA,NA,45.11331058020478,14.424978336205568,12.916040955631399,3.0405591591021546,8.643003412969284,1.9798989873223327,0.515358361774744,0.7071067811865475,0.33924914675767914,0.4949747468305832,0.14539249146757677,0.21213203435596423,0,0,D.J.,Reed,DET,CB,29,2
DB,13710,average,NA,NA,NA,NA,NA,NA,NA,NA,NA,NA,NA,NA,NA,NA,NA,NA,NA,NA,NA,NA,NA,NA,NA,NA,NA,NA,NA,NA,NA,NA,NA,NA,NA,NA,NA,NA,NA,NA,NA,NA,NA,NA,38.2,9.616652224137047,11.7,0.4242640687119283,9.7,0.4242640687119283,1,1.4142135623730951,1.3,0.42426406871192857,0.4,0.5656854249492381,0,0,Carlton,Davis,NEP,CB,29,2
DB,13710,robust,NA,NA,NA,NA,NA,NA,NA,NA,NA,NA,NA,NA,NA,NA,NA,NA,NA,NA,NA,NA,NA,NA,NA,NA,NA,NA,NA,NA,NA,NA,NA,NA,NA,NA,NA,NA,NA,NA,NA,NA,NA,NA,38.2,10.08168,11.7,0.44477999999999973,9.7,0.44477999999999973,1,1.4826,1.3,0.44478000000000006,0.4,0.59304,0,0,Carlton,Davis,NEP,CB,29,2
DB,13710,weighted,NA,NA,NA,NA,NA,NA,NA,NA,NA,NA,NA,NA,NA,NA,NA,NA,NA,NA,NA,NA,NA,NA,NA,NA,NA,NA,NA,NA,NA,NA,NA,NA,NA,NA,NA,NA,NA,NA,NA,NA,NA,NA,38.40887372013651,9.616652224137047,11.709215017064846,0.42426406871192823,9.709215017064848,0.42426406871192823,1.030716723549488,1.414213562373095,1.2907849829351536,0.42426406871192857,0.38771331058020475,0.565685424949238,0,0,Carlton,Davis,NEP,CB,29,2
DB,15377,average,NA,NA,NA,NA,NA,NA,NA,NA,NA,NA,NA,NA,NA,NA,NA,NA,NA,NA,NA,NA,NA,NA,NA,NA,NA,NA,NA,NA,NA,NA,NA,NA,NA,NA,NA,NA,NA,NA,NA,NA,NA,NA,32.2,6.788225099390857,12.8,2.545584412271571,6.25,2.4748737341529163,1.1,0.14142135623730948,0,0,0,0,0,0,Eric,Stokes,LVR,CB,26,-1
DB,15377,robust,NA,NA,NA,NA,NA,NA,NA,NA,NA,NA,NA,NA,NA,NA,NA,NA,NA,NA,NA,NA,NA,NA,NA,NA,NA,NA,NA,NA,NA,NA,NA,NA,NA,NA,NA,NA,NA,NA,NA,NA,NA,NA,32.2,7.116480000000001,12.8,2.6686799999999997,6.25,2.59455,1.1,0.14825999999999995,0,0,0,0,0,0,Eric,Stokes,LVR,CB,26,-1
DB,15377,weighted,NA,NA,NA,NA,NA,NA,NA,NA,NA,NA,NA,NA,NA,NA,NA,NA,NA,NA,NA,NA,NA,NA,NA,NA,NA,NA,NA,NA,NA,NA,NA,NA,NA,NA,NA,NA,NA,NA,NA,NA,NA,NA,32.34744027303754,6.788225099390857,12.744709897610923,2.5455844122715705,6.303754266211604,2.474873734152916,1.0969283276450512,0.14142135623730948,0,0,0,0,0,0,Eric,Stokes,LVR,CB,26,-1
DB,16727,average,NA,NA,NA,NA,NA,NA,NA,NA,NA,NA,NA,NA,NA,NA,NA,NA,NA,NA,NA,NA,NA,NA,NA,NA,NA,NA,NA,NA,NA,NA,NA,NA,NA,NA,NA,NA,NA,NA,NA,NA,NA,NA,34.7,14.56639969244288,17.85,10.11162697096763,5.8,0.2828427124746193,3.45,0.7778174593052023,0,0,0.5,0.7071067811865476,0,0,Jaden,Hicks,KCC,S,23,-4
DB,16727,robust,NA,NA,NA,NA,NA,NA,NA,NA,NA,NA,NA,NA,NA,NA,NA,NA,NA,NA,NA,NA,NA,NA,NA,NA,NA,NA,NA,NA,NA,NA,NA,NA,NA,NA,NA,NA,NA,NA,NA,NA,NA,NA,34.7,15.27078,17.85,10.60059,5.8,0.29652000000000023,3.45,0.81543,0,0,0.5,0.7413,0,0,Jaden,Hicks,KCC,S,23,-4
DB,16727,weighted,NA,NA,NA,NA,NA,NA,NA,NA,NA,NA,NA,NA,NA,NA,NA,NA,NA,NA,NA,NA,NA,NA,NA,NA,NA,NA,NA,NA,NA,NA,NA,NA,NA,NA,NA,NA,NA,NA,NA,NA,NA,NA,35.01638225255972,14.566399692442879,18.06962457337884,10.11162697096763,5.806143344709898,0.28284271247461923,3.4668941979522185,0.7778174593052023,0,0,0.515358361774744,0.7071067811865475,0,0,Jaden,Hicks,KCC,S,23,-4
DB,16695,average,NA,NA,NA,NA,NA,NA,NA,NA,NA,NA,NA,NA,NA,NA,NA,NA,NA,NA,NA,NA,NA,NA,NA,NA,NA,NA,NA,NA,NA,NA,NA,NA,NA,NA,NA,NA,NA,NA,NA,NA,NA,NA,32.25,8.131727983645296,15.25,1.7677669529663689,6.55,0.636396103067893,1,1.4142135623730951,0.15,0.21213203435596426,0,0,0,0,Max,Melton,ARI,CB,23,-4
DB,16695,robust,NA,NA,NA,NA,NA,NA,NA,NA,NA,NA,NA,NA,NA,NA,NA,NA,NA,NA,NA,NA,NA,NA,NA,NA,NA,NA,NA,NA,NA,NA,NA,NA,NA,NA,NA,NA,NA,NA,NA,NA,NA,NA,32.25,8.524949999999999,15.25,1.8532499999999998,6.55,0.6671700000000003,1,1.4826,0.15,0.22238999999999998,0,0,0,0,Max,Melton,ARI,CB,23,-4
DB,16695,weighted,NA,NA,NA,NA,NA,NA,NA,NA,NA,NA,NA,NA,NA,NA,NA,NA,NA,NA,NA,NA,NA,NA,NA,NA,NA,NA,NA,NA,NA,NA,NA,NA,NA,NA,NA,NA,NA,NA,NA,NA,NA,NA,32.42662116040955,8.131727983645296,15.21160409556314,1.7677669529663687,6.56382252559727,0.636396103067893,1.030716723549488,1.414213562373095,0.14539249146757677,0.21213203435596423,0,0,0,0,Max,Melton,ARI,CB,23,-4
DB,16251,average,NA,NA,NA,NA,NA,NA,NA,NA,NA,NA,NA,NA,NA,NA,NA,NA,NA,NA,NA,NA,NA,NA,NA,NA,NA,NA,NA,NA,NA,NA,NA,NA,NA,NA,NA,NA,NA,NA,NA,NA,NA,NA,41.8,18.667619023324853,8.65,1.9091883092036785,9,4.242640687119285,1.35,0.9192388155425119,0,0,0,0,0.6,0,Christian,Gonzalez,NEP,CB,23,-3
DB,16251,robust,NA,NA,NA,NA,NA,NA,NA,NA,NA,NA,NA,NA,NA,NA,NA,NA,NA,NA,NA,NA,NA,NA,NA,NA,NA,NA,NA,NA,NA,NA,NA,NA,NA,NA,NA,NA,NA,NA,NA,NA,NA,NA,41.8,19.57032,8.65,2.00151,9,4.4478,1.35,0.9636899999999999,0,0,0,0,0.6,0,Christian,Gonzalez,NEP,CB,23,-3
DB,16251,weighted,NA,NA,NA,NA,NA,NA,NA,NA,NA,NA,NA,NA,NA,NA,NA,NA,NA,NA,NA,NA,NA,NA,NA,NA,NA,NA,NA,NA,NA,NA,NA,NA,NA,NA,NA,NA,NA,NA,NA,NA,NA,NA,42.20546075085324,18.667619023324853,8.691467576791808,1.9091883092036783,9.092150170648464,4.242640687119285,1.3699658703071673,0.9192388155425117,0,0,0,0,0.6,0,Christian,Gonzalez,NEP,CB,23,-3
DB,15441,average,NA,NA,NA,NA,NA,NA,NA,NA,NA,NA,NA,NA,NA,NA,NA,NA,NA,NA,NA,NA,NA,NA,NA,NA,NA,NA,NA,NA,NA,NA,NA,NA,NA,NA,NA,NA,NA,NA,NA,NA,NA,NA,34.55,23.26381310103741,12.7,3.2526911934581184,4.55,3.4648232278140827,0.75,0.3535533905932738,0.25,0.3535533905932738,0.1,0.14142135623730953,0,0,Nate,Hobbs,GBP,CB,26,-1
DB,15441,robust,NA,NA,NA,NA,NA,NA,NA,NA,NA,NA,NA,NA,NA,NA,NA,NA,NA,NA,NA,NA,NA,NA,NA,NA,NA,NA,NA,NA,NA,NA,NA,NA,NA,NA,NA,NA,NA,NA,NA,NA,NA,NA,34.55,24.388769999999997,12.7,3.4099799999999996,4.55,3.63237,0.75,0.37065,0.25,0.37065,0.1,0.14826,0,0,Nate,Hobbs,GBP,CB,26,-1
DB,15441,weighted,NA,NA,NA,NA,NA,NA,NA,NA,NA,NA,NA,NA,NA,NA,NA,NA,NA,NA,NA,NA,NA,NA,NA,NA,NA,NA,NA,NA,NA,NA,NA,NA,NA,NA,NA,NA,NA,NA,NA,NA,NA,NA,35.05529010238908,23.26381310103741,12.770648464163823,3.252691193458118,4.6252559726962454,3.4648232278140827,0.757679180887372,0.35355339059327373,0.24232081911262798,0.35355339059327373,0.09692832764505119,0.1414213562373095,0,0,Nate,Hobbs,GBP,CB,26,-1
DB,15921,average,NA,NA,NA,NA,NA,NA,NA,NA,NA,NA,NA,NA,NA,NA,NA,NA,NA,NA,NA,NA,NA,NA,NA,NA,NA,NA,NA,NA,NA,NA,NA,NA,NA,NA,NA,NA,NA,NA,NA,NA,NA,NA,30.85,24.25376259469858,14.4,14.990663761154808,6.1,2.6870057685088806,1.4,0.848528137423857,0,0,0,0,0,0,Theo,Jackson,MIN,S,27,-2
DB,15921,robust,NA,NA,NA,NA,NA,NA,NA,NA,NA,NA,NA,NA,NA,NA,NA,NA,NA,NA,NA,NA,NA,NA,NA,NA,NA,NA,NA,NA,NA,NA,NA,NA,NA,NA,NA,NA,NA,NA,NA,NA,NA,NA,30.85,25.426589999999997,14.4,15.715560000000002,6.1,2.8169399999999998,1.4,0.8895599999999999,0,0,0,0,0,0,Theo,Jackson,MIN,S,27,-2
DB,15921,weighted,NA,NA,NA,NA,NA,NA,NA,NA,NA,NA,NA,NA,NA,NA,NA,NA,NA,NA,NA,NA,NA,NA,NA,NA,NA,NA,NA,NA,NA,NA,NA,NA,NA,NA,NA,NA,NA,NA,NA,NA,NA,NA,31.37679180887372,24.25376259469858,14.725597269624572,14.990663761154806,6.158361774744027,2.68700576850888,1.4184300341296927,0.8485281374238569,0,0,0,0,0,0,Theo,Jackson,MIN,S,27,-2
DB,17181,average,NA,NA,NA,NA,NA,NA,NA,NA,NA,NA,NA,NA,NA,NA,NA,NA,NA,NA,NA,NA,NA,NA,NA,NA,NA,NA,NA,NA,NA,NA,NA,NA,NA,NA,NA,NA,NA,NA,NA,NA,NA,NA,21,24.041630560342615,11.55,11.950104602052653,1.55,0.6363961030678927,1,1.4142135623730951,0.5,0.7071067811865476,0,0,0,0,Lathan,Ransom,CAR,S,23,-5
DB,17181,robust,NA,NA,NA,NA,NA,NA,NA,NA,NA,NA,NA,NA,NA,NA,NA,NA,NA,NA,NA,NA,NA,NA,NA,NA,NA,NA,NA,NA,NA,NA,NA,NA,NA,NA,NA,NA,NA,NA,NA,NA,NA,NA,21,25.2042,11.55,12.527969999999998,1.55,0.6671699999999999,1,1.4826,0.5,0.7413,0,0,0,0,Lathan,Ransom,CAR,S,23,-5
DB,17181,weighted,NA,NA,NA,NA,NA,NA,NA,NA,NA,NA,NA,NA,NA,NA,NA,NA,NA,NA,NA,NA,NA,NA,NA,NA,NA,NA,NA,NA,NA,NA,NA,NA,NA,NA,NA,NA,NA,NA,NA,NA,NA,NA,21.522184300341294,24.041630560342618,11.809556313993175,11.950104602052653,1.5638225255972698,0.6363961030678926,1.030716723549488,1.414213562373095,0.515358361774744,0.7071067811865475,0,0,0,0,Lathan,Ransom,CAR,S,23,-5
DB,17186,average,NA,NA,NA,NA,NA,NA,NA,NA,NA,NA,NA,NA,NA,NA,NA,NA,NA,NA,NA,NA,NA,NA,NA,NA,NA,NA,NA,NA,NA,NA,NA,NA,NA,NA,NA,NA,NA,NA,NA,NA,NA,NA,24.15,29.486352775479034,14.2,18.101933598375616,2.5,3.5355339059327378,1,1.4142135623730951,0.5,0.7071067811865476,0.5,0.7071067811865476,0,0,Malachi,Moore,NYJ,S,24,-5
DB,17186,robust,NA,NA,NA,NA,NA,NA,NA,NA,NA,NA,NA,NA,NA,NA,NA,NA,NA,NA,NA,NA,NA,NA,NA,NA,NA,NA,NA,NA,NA,NA,NA,NA,NA,NA,NA,NA,NA,NA,NA,NA,NA,NA,24.15,30.91221,14.2,18.97728,2.5,3.7064999999999997,1,1.4826,0.5,0.7413,0.5,0.7413,0,0,Malachi,Moore,NYJ,S,24,-5
DB,17186,weighted,NA,NA,NA,NA,NA,NA,NA,NA,NA,NA,NA,NA,NA,NA,NA,NA,NA,NA,NA,NA,NA,NA,NA,NA,NA,NA,NA,NA,NA,NA,NA,NA,NA,NA,NA,NA,NA,NA,NA,NA,NA,NA,24.790443686006828,29.48635277547903,14.59317406143345,18.101933598375616,2.5767918088737205,3.5355339059327373,1.030716723549488,1.414213562373095,0.515358361774744,0.7071067811865475,0.515358361774744,0.7071067811865475,0,0,Malachi,Moore,NYJ,S,24,-5
DB,15363,average,NA,NA,NA,NA,NA,NA,NA,NA,NA,NA,NA,NA,NA,NA,NA,NA,NA,NA,NA,NA,NA,NA,NA,NA,NA,NA,NA,NA,NA,NA,NA,NA,NA,NA,NA,NA,NA,NA,NA,NA,NA,NA,18.25,23.68807716974934,11.65,13.22289680818844,2.25,2.4748737341529163,1,1.4142135623730951,0,0,0,0,0,0,Ifeatu,Melifonwu,MIA,S,26,-1
DB,15363,robust,NA,NA,NA,NA,NA,NA,NA,NA,NA,NA,NA,NA,NA,NA,NA,NA,NA,NA,NA,NA,NA,NA,NA,NA,NA,NA,NA,NA,NA,NA,NA,NA,NA,NA,NA,NA,NA,NA,NA,NA,NA,NA,18.25,24.83355,11.65,13.86231,2.25,2.59455,1,1.4826,0,0,0,0,0,0,Ifeatu,Melifonwu,MIA,S,26,-1
DB,15363,weighted,NA,NA,NA,NA,NA,NA,NA,NA,NA,NA,NA,NA,NA,NA,NA,NA,NA,NA,NA,NA,NA,NA,NA,NA,NA,NA,NA,NA,NA,NA,NA,NA,NA,NA,NA,NA,NA,NA,NA,NA,NA,NA,18.764505119453926,23.68807716974934,11.937201365187713,13.22289680818844,2.303754266211604,2.4748737341529163,1.030716723549488,1.414213562373095,0,0,0,0,0,0,Ifeatu,Melifonwu,MIA,S,26,-1
